cluster,,,,40
opt,,,,
planning_horizon,,,,2050
component,carrier,location,bus_carrier,
Generator,biogas,EU,biogas,0.0
Generator,load,AL0 0,AC,0.02428
Generator,load,AL0 0,EV battery,0.02447
Generator,load,AL0 0,H2,0.0
Generator,load,AL0 0,battery,0.02416
Generator,load,AL0 0,home battery,0.0242
Generator,load,AL0 0,low voltage,0.02416
Generator,load,AL0 0,residential rural heat,0.0
Generator,load,AL0 0,residential urban decentral heat,0.0
Generator,load,AL0 0,services rural heat,0.0
Generator,load,AL0 0,services urban decentral heat,0.0
Generator,load,AL0 0,urban central heat,0.0
Generator,load,AT0 0,AC,0.02421
Generator,load,AT0 0,EV battery,0.0248
Generator,load,AT0 0,H2,0.01251
Generator,load,AT0 0,battery,0.02397
Generator,load,AT0 0,home battery,0.02401
Generator,load,AT0 0,low voltage,0.02398
Generator,load,AT0 0,residential rural heat,0.0
Generator,load,AT0 0,residential urban decentral heat,0.0
Generator,load,AT0 0,services rural heat,0.0
Generator,load,AT0 0,services urban decentral heat,0.0
Generator,load,AT0 0,urban central heat,0.0
Generator,load,BA0 0,AC,0.02428
Generator,load,BA0 0,EV battery,0.02454
Generator,load,BA0 0,H2,0.0
Generator,load,BA0 0,battery,0.02416
Generator,load,BA0 0,home battery,0.02415
Generator,load,BA0 0,low voltage,0.02416
Generator,load,BA0 0,residential rural heat,0.0
Generator,load,BA0 0,residential urban decentral heat,0.0
Generator,load,BA0 0,services rural heat,0.0
Generator,load,BA0 0,services urban decentral heat,0.0
Generator,load,BA0 0,urban central heat,0.0
Generator,load,BE0 0,AC,0.02429
Generator,load,BE0 0,EV battery,0.02461
Generator,load,BE0 0,H2,0.01285
Generator,load,BE0 0,battery,0.0242
Generator,load,BE0 0,home battery,0.02418
Generator,load,BE0 0,low voltage,0.02416
Generator,load,BE0 0,residential rural heat,0.0
Generator,load,BE0 0,residential urban decentral heat,0.0
Generator,load,BE0 0,services rural heat,0.0
Generator,load,BE0 0,services urban decentral heat,0.0
Generator,load,BE0 0,urban central heat,0.0
Generator,load,BG0 0,AC,0.02422
Generator,load,BG0 0,EV battery,0.02483
Generator,load,BG0 0,H2,0.0112
Generator,load,BG0 0,battery,0.02404
Generator,load,BG0 0,home battery,0.02404
Generator,load,BG0 0,low voltage,0.02401
Generator,load,BG0 0,residential rural heat,0.0
Generator,load,BG0 0,residential urban decentral heat,0.0
Generator,load,BG0 0,services rural heat,0.0
Generator,load,BG0 0,services urban decentral heat,0.0
Generator,load,BG0 0,urban central heat,0.0
Generator,load,CH0 0,AC,0.0242
Generator,load,CH0 0,EV battery,0.0248
Generator,load,CH0 0,H2,0.01272
Generator,load,CH0 0,battery,0.02398
Generator,load,CH0 0,home battery,0.02396
Generator,load,CH0 0,low voltage,0.02395
Generator,load,CH0 0,residential rural heat,0.0
Generator,load,CH0 0,residential urban decentral heat,0.0
Generator,load,CH0 0,services rural heat,0.0
Generator,load,CH0 0,services urban decentral heat,0.0
Generator,load,CH0 0,urban central heat,0.0
Generator,load,CZ0 0,AC,0.02419
Generator,load,CZ0 0,EV battery,0.02466
Generator,load,CZ0 0,H2,0.01263
Generator,load,CZ0 0,battery,0.02394
Generator,load,CZ0 0,home battery,0.02396
Generator,load,CZ0 0,low voltage,0.02395
Generator,load,CZ0 0,residential rural heat,0.0
Generator,load,CZ0 0,residential urban decentral heat,0.0
Generator,load,CZ0 0,services rural heat,0.0
Generator,load,CZ0 0,services urban decentral heat,0.0
Generator,load,CZ0 0,urban central heat,0.0
Generator,load,DE0 0,AC,0.02424
Generator,load,DE0 0,EV battery,0.02429
Generator,load,DE0 0,H2,0.0
Generator,load,DE0 0,battery,0.02411
Generator,load,DE0 0,home battery,0.0241
Generator,load,DE0 0,low voltage,0.02413
Generator,load,DE0 0,residential rural heat,0.0
Generator,load,DE0 0,residential urban decentral heat,0.0
Generator,load,DE0 0,services rural heat,0.0
Generator,load,DE0 0,services urban decentral heat,0.0
Generator,load,DE0 0,urban central heat,0.0
Generator,load,DE0 1,AC,0.02432
Generator,load,DE0 1,EV battery,0.02436
Generator,load,DE0 1,H2,0.0
Generator,load,DE0 1,battery,0.02409
Generator,load,DE0 1,home battery,0.02411
Generator,load,DE0 1,low voltage,0.02411
Generator,load,DE0 1,residential rural heat,0.0
Generator,load,DE0 1,residential urban decentral heat,0.0
Generator,load,DE0 1,services rural heat,0.0
Generator,load,DE0 1,services urban decentral heat,0.0
Generator,load,DE0 1,urban central heat,0.0
Generator,load,DK0 0,AC,0.02415
Generator,load,DK0 0,EV battery,0.02449
Generator,load,DK0 0,H2,0.0
Generator,load,DK0 0,battery,0.02402
Generator,load,DK0 0,home battery,0.024
Generator,load,DK0 0,low voltage,0.02404
Generator,load,DK0 0,residential rural heat,0.0
Generator,load,DK0 0,residential urban decentral heat,0.0
Generator,load,DK0 0,services rural heat,0.0
Generator,load,DK0 0,services urban decentral heat,0.0
Generator,load,DK0 0,urban central heat,0.0
Generator,load,DK1 0,AC,0.02423
Generator,load,DK1 0,EV battery,0.02442
Generator,load,DK1 0,H2,0.0
Generator,load,DK1 0,battery,0.02412
Generator,load,DK1 0,home battery,0.0241
Generator,load,DK1 0,low voltage,0.02414
Generator,load,DK1 0,residential rural heat,0.0
Generator,load,DK1 0,residential urban decentral heat,0.0
Generator,load,DK1 0,services rural heat,0.0
Generator,load,DK1 0,services urban decentral heat,0.0
Generator,load,DK1 0,urban central heat,0.0
Generator,load,EE0 0,AC,0.02418
Generator,load,EE0 0,EV battery,0.02452
Generator,load,EE0 0,H2,0.01206
Generator,load,EE0 0,battery,0.02402
Generator,load,EE0 0,home battery,0.02402
Generator,load,EE0 0,low voltage,0.02398
Generator,load,EE0 0,residential rural heat,0.0
Generator,load,EE0 0,residential urban decentral heat,0.0
Generator,load,EE0 0,services rural heat,0.0
Generator,load,EE0 0,services urban decentral heat,0.0
Generator,load,EE0 0,urban central heat,0.0
Generator,load,ES0 0,AC,0.02414
Generator,load,ES0 0,EV battery,0.02426
Generator,load,ES0 0,H2,0.0
Generator,load,ES0 0,battery,0.02397
Generator,load,ES0 0,home battery,0.02395
Generator,load,ES0 0,low voltage,0.02399
Generator,load,ES0 0,residential rural heat,0.0
Generator,load,ES0 0,residential urban decentral heat,0.0
Generator,load,ES0 0,services rural heat,0.0
Generator,load,ES0 0,services urban decentral heat,0.0
Generator,load,ES0 0,urban central heat,0.0
Generator,load,ES6 0,AC,0.02421
Generator,load,ES6 0,EV battery,0.02442
Generator,load,ES6 0,H2,0.01194
Generator,load,ES6 0,battery,0.02406
Generator,load,ES6 0,home battery,0.02408
Generator,load,ES6 0,low voltage,0.02401
Generator,load,ES6 0,residential rural heat,0.0
Generator,load,ES6 0,residential urban decentral heat,0.0
Generator,load,ES6 0,services rural heat,0.0
Generator,load,ES6 0,services urban decentral heat,0.0
Generator,load,ES6 0,urban central heat,0.0
Generator,load,EU,biogas,0.0
Generator,load,EU,co2,0.0
Generator,load,EU,co2 sequestered,0.02715
Generator,load,EU,co2 stored,0.0548
Generator,load,EU,none,0.0
Generator,load,EU,solid biomass,0.0
Generator,load,FI1 0,AC,0.0241
Generator,load,FI1 0,EV battery,0.02476
Generator,load,FI1 0,H2,0.01267
Generator,load,FI1 0,battery,0.02393
Generator,load,FI1 0,home battery,0.02391
Generator,load,FI1 0,low voltage,0.02389
Generator,load,FI1 0,residential rural heat,0.0
Generator,load,FI1 0,residential urban decentral heat,0.0
Generator,load,FI1 0,services rural heat,0.0
Generator,load,FI1 0,services urban decentral heat,0.0
Generator,load,FI1 0,urban central heat,0.0
Generator,load,FR0 0,AC,0.02411
Generator,load,FR0 0,EV battery,0.02418
Generator,load,FR0 0,H2,0.0
Generator,load,FR0 0,battery,0.02395
Generator,load,FR0 0,home battery,0.02393
Generator,load,FR0 0,low voltage,0.02397
Generator,load,FR0 0,residential rural heat,0.0
Generator,load,FR0 0,residential urban decentral heat,0.0
Generator,load,FR0 0,services rural heat,0.0
Generator,load,FR0 0,services urban decentral heat,0.0
Generator,load,FR0 0,urban central heat,0.0
Generator,load,FR5 0,AC,0.02413
Generator,load,FR5 0,EV battery,0.02433
Generator,load,FR5 0,H2,0.00534
Generator,load,FR5 0,battery,0.02405
Generator,load,FR5 0,home battery,0.02405
Generator,load,FR5 0,low voltage,0.02408
Generator,load,FR5 0,residential rural heat,0.0
Generator,load,FR5 0,residential urban decentral heat,0.0
Generator,load,FR5 0,services rural heat,0.0
Generator,load,FR5 0,services urban decentral heat,0.0
Generator,load,GB2 0,AC,0.02408
Generator,load,GB2 0,EV battery,0.02423
Generator,load,GB2 0,H2,0.0
Generator,load,GB2 0,battery,0.02398
Generator,load,GB2 0,home battery,0.02395
Generator,load,GB2 0,low voltage,0.024
Generator,load,GB2 0,residential rural heat,0.0
Generator,load,GB2 0,residential urban decentral heat,0.0
Generator,load,GB2 0,services rural heat,0.0
Generator,load,GB2 0,services urban decentral heat,0.0
Generator,load,GB2 0,urban central heat,0.0
Generator,load,GB3 0,AC,0.0242
Generator,load,GB3 0,EV battery,0.02438
Generator,load,GB3 0,H2,0.0
Generator,load,GB3 0,battery,0.02405
Generator,load,GB3 0,home battery,0.02402
Generator,load,GB3 0,low voltage,0.02406
Generator,load,GB3 0,residential rural heat,0.0
Generator,load,GB3 0,residential urban decentral heat,0.0
Generator,load,GB3 0,services rural heat,0.0
Generator,load,GB3 0,services urban decentral heat,0.0
Generator,load,GB3 0,urban central heat,0.0
Generator,load,GR0 0,AC,0.02409
Generator,load,GR0 0,EV battery,0.02457
Generator,load,GR0 0,H2,0.0
Generator,load,GR0 0,battery,0.02393
Generator,load,GR0 0,home battery,0.02392
Generator,load,GR0 0,low voltage,0.02396
Generator,load,GR0 0,residential rural heat,0.0
Generator,load,GR0 0,residential urban decentral heat,0.0
Generator,load,GR0 0,services rural heat,0.0
Generator,load,GR0 0,services urban decentral heat,0.0
Generator,load,GR0 0,urban central heat,0.0
Generator,load,HR0 0,AC,0.02422
Generator,load,HR0 0,EV battery,0.02469
Generator,load,HR0 0,H2,0.0123
Generator,load,HR0 0,battery,0.02406
Generator,load,HR0 0,home battery,0.0241
Generator,load,HR0 0,low voltage,0.02405
Generator,load,HR0 0,residential rural heat,0.0
Generator,load,HR0 0,residential urban decentral heat,0.0
Generator,load,HR0 0,services rural heat,0.0
Generator,load,HR0 0,services urban decentral heat,0.0
Generator,load,HR0 0,urban central heat,0.0
Generator,load,HU0 0,AC,0.02414
Generator,load,HU0 0,EV battery,0.02499
Generator,load,HU0 0,H2,0.01284
Generator,load,HU0 0,battery,0.02385
Generator,load,HU0 0,home battery,0.02391
Generator,load,HU0 0,low voltage,0.02384
Generator,load,HU0 0,residential rural heat,0.0
Generator,load,HU0 0,residential urban decentral heat,0.0
Generator,load,HU0 0,services rural heat,0.0
Generator,load,HU0 0,services urban decentral heat,0.0
Generator,load,HU0 0,urban central heat,0.0
Generator,load,IE3 0,AC,0.02413
Generator,load,IE3 0,EV battery,0.02475
Generator,load,IE3 0,H2,0.01199
Generator,load,IE3 0,battery,0.02397
Generator,load,IE3 0,home battery,0.02394
Generator,load,IE3 0,low voltage,0.02392
Generator,load,IE3 0,residential rural heat,0.0
Generator,load,IE3 0,residential urban decentral heat,0.0
Generator,load,IE3 0,services rural heat,0.0
Generator,load,IE3 0,services urban decentral heat,0.0
Generator,load,IE3 0,urban central heat,0.0
Generator,load,IT0 0,AC,0.02407
Generator,load,IT0 0,EV battery,0.02412
Generator,load,IT0 0,H2,0.01245
Generator,load,IT0 0,battery,0.0239
Generator,load,IT0 0,home battery,0.02396
Generator,load,IT0 0,low voltage,0.02385
Generator,load,IT0 0,residential rural heat,0.0
Generator,load,IT0 0,residential urban decentral heat,0.0
Generator,load,IT0 0,services rural heat,0.0
Generator,load,IT0 0,services urban decentral heat,0.0
Generator,load,IT0 0,urban central heat,0.0
Generator,load,IT4 0,AC,0.0242
Generator,load,IT4 0,EV battery,0.02458
Generator,load,IT4 0,H2,0.01256
Generator,load,IT4 0,battery,0.02405
Generator,load,IT4 0,home battery,0.0241
Generator,load,IT4 0,low voltage,0.024
Generator,load,IT4 0,residential rural heat,0.0
Generator,load,IT4 0,residential urban decentral heat,0.0
Generator,load,IT4 0,services rural heat,0.0
Generator,load,IT4 0,services urban decentral heat,0.0
Generator,load,IT4 0,urban central heat,0.0
Generator,load,LT0 0,AC,0.0242
Generator,load,LT0 0,EV battery,0.02467
Generator,load,LT0 0,H2,0.01199
Generator,load,LT0 0,battery,0.02405
Generator,load,LT0 0,home battery,0.02406
Generator,load,LT0 0,low voltage,0.02402
Generator,load,LT0 0,residential rural heat,0.0
Generator,load,LT0 0,residential urban decentral heat,0.0
Generator,load,LT0 0,services rural heat,0.0
Generator,load,LT0 0,services urban decentral heat,0.0
Generator,load,LT0 0,urban central heat,0.0
Generator,load,LU0 0,AC,0.02428
Generator,load,LU0 0,EV battery,0.02441
Generator,load,LU0 0,H2,0.01257
Generator,load,LU0 0,battery,0.02424
Generator,load,LU0 0,home battery,0.02424
Generator,load,LU0 0,low voltage,0.02423
Generator,load,LU0 0,residential rural heat,0.0
Generator,load,LU0 0,residential urban decentral heat,0.0
Generator,load,LU0 0,services rural heat,0.0
Generator,load,LU0 0,services urban decentral heat,0.0
Generator,load,LU0 0,urban central heat,0.0
Generator,load,LV0 0,AC,0.02407
Generator,load,LV0 0,EV battery,0.02451
Generator,load,LV0 0,H2,0.00992
Generator,load,LV0 0,battery,0.02386
Generator,load,LV0 0,home battery,0.02389
Generator,load,LV0 0,low voltage,0.02384
Generator,load,LV0 0,residential rural heat,0.0
Generator,load,LV0 0,residential urban decentral heat,0.0
Generator,load,LV0 0,services rural heat,0.0
Generator,load,LV0 0,services urban decentral heat,0.0
Generator,load,LV0 0,urban central heat,0.0
Generator,load,ME0 0,AC,0.02424
Generator,load,ME0 0,EV battery,0.02439
Generator,load,ME0 0,H2,0.01242
Generator,load,ME0 0,battery,0.02413
Generator,load,ME0 0,home battery,0.02415
Generator,load,ME0 0,low voltage,0.02411
Generator,load,ME0 0,residential rural heat,0.0
Generator,load,ME0 0,residential urban decentral heat,0.0
Generator,load,ME0 0,services rural heat,0.0
Generator,load,ME0 0,services urban decentral heat,0.0
Generator,load,ME0 0,urban central heat,0.0
Generator,load,MK0 0,AC,0.02425
Generator,load,MK0 0,EV battery,0.02447
Generator,load,MK0 0,H2,0.0123
Generator,load,MK0 0,battery,0.02412
Generator,load,MK0 0,home battery,0.02419
Generator,load,MK0 0,low voltage,0.02412
Generator,load,MK0 0,residential rural heat,0.0
Generator,load,MK0 0,residential urban decentral heat,0.0
Generator,load,MK0 0,services rural heat,0.0
Generator,load,MK0 0,services urban decentral heat,0.0
Generator,load,MK0 0,urban central heat,0.0
Generator,load,NL0 0,AC,0.02417
Generator,load,NL0 0,EV battery,0.02452
Generator,load,NL0 0,H2,0.0
Generator,load,NL0 0,battery,0.02405
Generator,load,NL0 0,home battery,0.02403
Generator,load,NL0 0,low voltage,0.02408
Generator,load,NL0 0,residential rural heat,0.0
Generator,load,NL0 0,residential urban decentral heat,0.0
Generator,load,NL0 0,services rural heat,0.0
Generator,load,NL0 0,services urban decentral heat,0.0
Generator,load,NL0 0,urban central heat,0.0
Generator,load,NO1 0,AC,0.02417
Generator,load,NO1 0,EV battery,0.02453
Generator,load,NO1 0,H2,0.0
Generator,load,NO1 0,battery,0.02403
Generator,load,NO1 0,home battery,0.024
Generator,load,NO1 0,low voltage,0.02405
Generator,load,NO1 0,residential rural heat,0.0
Generator,load,NO1 0,residential urban decentral heat,0.0
Generator,load,NO1 0,services rural heat,0.0
Generator,load,NO1 0,services urban decentral heat,0.0
Generator,load,NO1 0,urban central heat,0.0
Generator,load,PL0 0,AC,0.02391
Generator,load,PL0 0,EV battery,0.02419
Generator,load,PL0 0,H2,0.0
Generator,load,PL0 0,battery,0.02374
Generator,load,PL0 0,home battery,0.02378
Generator,load,PL0 0,low voltage,0.02385
Generator,load,PL0 0,residential rural heat,0.0
Generator,load,PL0 0,residential urban decentral heat,0.0
Generator,load,PL0 0,services rural heat,0.0
Generator,load,PL0 0,services urban decentral heat,0.0
Generator,load,PL0 0,urban central heat,0.0
Generator,load,PT0 0,AC,0.02406
Generator,load,PT0 0,EV battery,0.02457
Generator,load,PT0 0,H2,0.0
Generator,load,PT0 0,battery,0.02391
Generator,load,PT0 0,home battery,0.02388
Generator,load,PT0 0,low voltage,0.02394
Generator,load,PT0 0,residential rural heat,0.0
Generator,load,PT0 0,residential urban decentral heat,0.0
Generator,load,PT0 0,services rural heat,0.0
Generator,load,PT0 0,services urban decentral heat,0.0
Generator,load,PT0 0,urban central heat,0.0
Generator,load,RO0 0,AC,0.02395
Generator,load,RO0 0,EV battery,0.02454
Generator,load,RO0 0,H2,0.0
Generator,load,RO0 0,battery,0.02376
Generator,load,RO0 0,home battery,0.02375
Generator,load,RO0 0,low voltage,0.02379
Generator,load,RO0 0,residential rural heat,0.0
Generator,load,RO0 0,residential urban decentral heat,0.0
Generator,load,RO0 0,services rural heat,0.0
Generator,load,RO0 0,services urban decentral heat,0.0
Generator,load,RO0 0,urban central heat,0.0
Generator,load,RS0 0,AC,0.02399
Generator,load,RS0 0,EV battery,0.02549
Generator,load,RS0 0,H2,0.01227
Generator,load,RS0 0,battery,0.02385
Generator,load,RS0 0,home battery,0.02395
Generator,load,RS0 0,low voltage,0.02383
Generator,load,RS0 0,residential rural heat,0.0
Generator,load,RS0 0,residential urban decentral heat,0.0
Generator,load,RS0 0,services rural heat,0.0
Generator,load,RS0 0,services urban decentral heat,0.0
Generator,load,RS0 0,urban central heat,0.0
Generator,load,SE1 0,AC,0.02406
Generator,load,SE1 0,EV battery,0.02461
Generator,load,SE1 0,H2,0.01279
Generator,load,SE1 0,battery,0.0239
Generator,load,SE1 0,home battery,0.02387
Generator,load,SE1 0,low voltage,0.02384
Generator,load,SE1 0,residential rural heat,0.0
Generator,load,SE1 0,residential urban decentral heat,0.0
Generator,load,SE1 0,services rural heat,0.0
Generator,load,SE1 0,services urban decentral heat,0.0
Generator,load,SE1 0,urban central heat,0.0
Generator,load,SI0 0,AC,0.02421
Generator,load,SI0 0,EV battery,0.02456
Generator,load,SI0 0,H2,0.01271
Generator,load,SI0 0,battery,0.02408
Generator,load,SI0 0,home battery,0.02415
Generator,load,SI0 0,low voltage,0.02407
Generator,load,SI0 0,residential rural heat,0.0
Generator,load,SI0 0,residential urban decentral heat,0.0
Generator,load,SI0 0,services rural heat,0.0
Generator,load,SI0 0,services urban decentral heat,0.0
Generator,load,SI0 0,urban central heat,0.0
Generator,load,SK0 0,AC,0.02415
Generator,load,SK0 0,EV battery,0.02505
Generator,load,SK0 0,H2,0.01234
Generator,load,SK0 0,battery,0.02402
Generator,load,SK0 0,home battery,0.02404
Generator,load,SK0 0,low voltage,0.02396
Generator,load,SK0 0,residential rural heat,0.0
Generator,load,SK0 0,residential urban decentral heat,0.0
Generator,load,SK0 0,services rural heat,0.0
Generator,load,SK0 0,services urban decentral heat,0.0
Generator,load,SK0 0,urban central heat,0.0
Generator,load,XK0 0,AC,0.02428
Generator,load,XK0 0,EV battery,0.02443
Generator,load,XK0 0,H2,0.01235
Generator,load,XK0 0,battery,0.02425
Generator,load,XK0 0,home battery,0.02426
Generator,load,XK0 0,low voltage,0.02424
Generator,load,XK0 0,residential rural heat,0.0
Generator,load,XK0 0,residential urban decentral heat,0.0
Generator,load,XK0 0,services rural heat,0.0
Generator,load,XK0 0,services urban decentral heat,0.0
Generator,load,XK0 0,urban central heat,0.0
Generator,offwind-ac,AL0 0,AC,5732886.43541
Generator,offwind-ac,BA0 0,AC,36.46619
Generator,offwind-ac,BE0 0,AC,3752516.47791
Generator,offwind-ac,BG0 0,AC,324.96239
Generator,offwind-ac,DE0 0,AC,9094430.77854
Generator,offwind-ac,DE0 1,AC,9547854.22268
Generator,offwind-ac,DK0 0,AC,538.85759
Generator,offwind-ac,DK1 0,AC,44998561.48204
Generator,offwind-ac,EE0 0,AC,1112.47638
Generator,offwind-ac,ES0 0,AC,160.79294
Generator,offwind-ac,ES6 0,AC,90.19472
Generator,offwind-ac,FI1 0,AC,2231973.08559
Generator,offwind-ac,FR0 0,AC,629.09419
Generator,offwind-ac,FR5 0,AC,80.46503
Generator,offwind-ac,GB2 0,AC,442858581.01551
Generator,offwind-ac,GB3 0,AC,3591076.26173
Generator,offwind-ac,GR0 0,AC,155.26912
Generator,offwind-ac,HR0 0,AC,3847552.69576
Generator,offwind-ac,IE3 0,AC,47458827.82761
Generator,offwind-ac,IT0 0,AC,114.22573
Generator,offwind-ac,IT4 0,AC,201.57782
Generator,offwind-ac,LT0 0,AC,341.7963
Generator,offwind-ac,LV0 0,AC,460.20826
Generator,offwind-ac,ME0 0,AC,4316222.60888
Generator,offwind-ac,NL0 0,AC,17603339.4564
Generator,offwind-ac,NO1 0,AC,321053265.12533
Generator,offwind-ac,PL0 0,AC,28177227.27838
Generator,offwind-ac,PT0 0,AC,207.45965
Generator,offwind-ac,RO0 0,AC,5502211.47538
Generator,offwind-ac,SE1 0,AC,62309700.61199
Generator,offwind-ac,SI0 0,AC,72.38429
Generator,offwind-dc,AL0 0,AC,14797600.56638
Generator,offwind-dc,BE0 0,AC,4229673.02975
Generator,offwind-dc,BG0 0,AC,10624948.77469
Generator,offwind-dc,DE0 0,AC,110631652.44287
Generator,offwind-dc,DE0 1,AC,1266766.35947
Generator,offwind-dc,DK0 0,AC,2231.31317
Generator,offwind-dc,DK1 0,AC,10069537.59985
Generator,offwind-dc,EE0 0,AC,581.76669
Generator,offwind-dc,ES0 0,AC,253.52568
Generator,offwind-dc,ES6 0,AC,96.00089
Generator,offwind-dc,FI1 0,AC,150697119.87919
Generator,offwind-dc,FR0 0,AC,819954225.06665
Generator,offwind-dc,FR5 0,AC,141.54514
Generator,offwind-dc,GB2 0,AC,341.66862
Generator,offwind-dc,GB3 0,AC,29987380.88631
Generator,offwind-dc,GR0 0,AC,247.40195
Generator,offwind-dc,HR0 0,AC,2537.82278
Generator,offwind-dc,IE3 0,AC,37792965.91064
Generator,offwind-dc,IT0 0,AC,258563511.53819
Generator,offwind-dc,IT4 0,AC,306.46204
Generator,offwind-dc,LT0 0,AC,1213.34034
Generator,offwind-dc,LV0 0,AC,1965.87705
Generator,offwind-dc,ME0 0,AC,4927317.52482
Generator,offwind-dc,NL0 0,AC,18285635.53036
Generator,offwind-dc,NO1 0,AC,928.50733
Generator,offwind-dc,PL0 0,AC,80635323.88541
Generator,offwind-dc,PT0 0,AC,161.13155
Generator,offwind-dc,RO0 0,AC,61989942.55629
Generator,offwind-dc,SE1 0,AC,214172405.40501
Generator,onwind,AL0 0,AC,26.07918
Generator,onwind,AT0 0,AC,60.12832
Generator,onwind,BA0 0,AC,10.99558
Generator,onwind,BE0 0,AC,2969.78329
Generator,onwind,BG0 0,AC,77.69584
Generator,onwind,CH0 0,AC,6.43481
Generator,onwind,CZ0 0,AC,146.58153
Generator,onwind,DE0 0,AC,283.81042
Generator,onwind,DE0 1,AC,101.11638
Generator,onwind,DK0 0,AC,24566268.25998
Generator,onwind,DK1 0,AC,64333902.41304
Generator,onwind,EE0 0,AC,36678645.508
Generator,onwind,ES0 0,AC,39391392.90334
Generator,onwind,ES6 0,AC,2795623.50998
Generator,onwind,FI1 0,AC,2130.91145
Generator,onwind,FR0 0,AC,164.2325
Generator,onwind,FR5 0,AC,81.94988
Generator,onwind,GB2 0,AC,259105063.43691
Generator,onwind,GB3 0,AC,35414161.45876
Generator,onwind,GR0 0,AC,6090259.46707
Generator,onwind,HR0 0,AC,123.74175
Generator,onwind,HU0 0,AC,83217006.66618
Generator,onwind,IE3 0,AC,611.43509
Generator,onwind,IT0 0,AC,189.73449
Generator,onwind,IT4 0,AC,4158325.09348
Generator,onwind,LT0 0,AC,166.03521
Generator,onwind,LU0 0,AC,146.5288
Generator,onwind,LV0 0,AC,300.44103
Generator,onwind,ME0 0,AC,9.56415
Generator,onwind,MK0 0,AC,4.10053
Generator,onwind,NL0 0,AC,26387947.17003
Generator,onwind,NO1 0,AC,237.12745
Generator,onwind,PL0 0,AC,106018585.50192
Generator,onwind,PT0 0,AC,115.41333
Generator,onwind,RO0 0,AC,85.37644
Generator,onwind,RS0 0,AC,295.23215
Generator,onwind,SE1 0,AC,536.43105
Generator,onwind,SI0 0,AC,19.46796
Generator,onwind,SK0 0,AC,425.6582
Generator,onwind,XK0 0,AC,10.32649
Generator,ror,AL0 0,AC,152538.88769
Generator,ror,AT0 0,AC,19508672.01008
Generator,ror,BE0 0,AC,281147.49443
Generator,ror,BG0 0,AC,201513.07772
Generator,ror,CH0 0,AC,9944273.27143
Generator,ror,CZ0 0,AC,139636.69113
Generator,ror,DE0 0,AC,6918970.82509
Generator,ror,DE0 1,AC,15154829.65994
Generator,ror,ES0 0,AC,281006.62928
Generator,ror,ES6 0,AC,340843.65132
Generator,ror,FI1 0,AC,6944348.23552
Generator,ror,FR0 0,AC,29263005.32204
Generator,ror,FR5 0,AC,595008.77869
Generator,ror,GB2 0,AC,2655237.10852
Generator,ror,GB3 0,AC,1715764.62359
Generator,ror,GR0 0,AC,225852.75608
Generator,ror,HR0 0,AC,1185864.59891
Generator,ror,HU0 0,AC,66874.243
Generator,ror,IE3 0,AC,564803.75294
Generator,ror,IT0 0,AC,32453391.8624
Generator,ror,IT4 0,AC,511849.49744
Generator,ror,LT0 0,AC,495213.0458
Generator,ror,LV0 0,AC,2814016.08719
Generator,ror,ME0 0,AC,21210.99513
Generator,ror,MK0 0,AC,492681.79967
Generator,ror,NO1 0,AC,4342336.85582
Generator,ror,PL0 0,AC,1172842.6104
Generator,ror,PT0 0,AC,6688689.52198
Generator,ror,RO0 0,AC,6576649.66923
Generator,ror,RS0 0,AC,6787096.94764
Generator,ror,SE1 0,AC,6363826.31623
Generator,ror,SI0 0,AC,2044968.65273
Generator,ror,SK0 0,AC,3488943.28395
Generator,ror,XK0 0,AC,54937.80809
Generator,solar,AL0 0,AC,1452.68117
Generator,solar,AT0 0,AC,185259394.32758
Generator,solar,BA0 0,AC,1107.64821
Generator,solar,BE0 0,AC,708.38822
Generator,solar,BG0 0,AC,2352.02205
Generator,solar,CH0 0,AC,153212869.9266
Generator,solar,CZ0 0,AC,342.29492
Generator,solar,DE0 0,AC,392.12533
Generator,solar,DE0 1,AC,924.3087
Generator,solar,DK0 0,AC,114.46967
Generator,solar,DK1 0,AC,283.27958
Generator,solar,EE0 0,AC,135.34278
Generator,solar,ES0 0,AC,345121782.9291
Generator,solar,ES6 0,AC,618.7373
Generator,solar,FI1 0,AC,99.53026
Generator,solar,FR0 0,AC,504.83415
Generator,solar,FR5 0,AC,4572995.83137
Generator,solar,GB2 0,AC,161.61527
Generator,solar,GB3 0,AC,90.40083
Generator,solar,GR0 0,AC,121666298.75955
Generator,solar,HR0 0,AC,531.3818
Generator,solar,HU0 0,AC,316.7693
Generator,solar,IE3 0,AC,123.73437
Generator,solar,IT0 0,AC,196784754.49004
Generator,solar,IT4 0,AC,17101454.25763
Generator,solar,LT0 0,AC,285.78677
Generator,solar,LU0 0,AC,1087.48212
Generator,solar,LV0 0,AC,306.26301
Generator,solar,ME0 0,AC,1937.33417
Generator,solar,MK0 0,AC,18558559.22428
Generator,solar,NL0 0,AC,399.75296
Generator,solar,NO1 0,AC,91.73804
Generator,solar,PL0 0,AC,249.5994
Generator,solar,PT0 0,AC,460.50257
Generator,solar,RO0 0,AC,19646.31145
Generator,solar,RS0 0,AC,1140.30985
Generator,solar,SE1 0,AC,167.44332
Generator,solar,SI0 0,AC,262.10985
Generator,solar,SK0 0,AC,505.02462
Generator,solar,XK0 0,AC,1626.69579
Generator,solar rooftop,AL0 0,low voltage,2917.58014
Generator,solar rooftop,AT0 0,low voltage,547537.82865
Generator,solar rooftop,BA0 0,low voltage,510.65278
Generator,solar rooftop,BE0 0,low voltage,349.80417
Generator,solar rooftop,BG0 0,low voltage,1188.51984
Generator,solar rooftop,CH0 0,low voltage,19761778.45984
Generator,solar rooftop,CZ0 0,low voltage,224.21933
Generator,solar rooftop,DE0 0,low voltage,239.44355
Generator,solar rooftop,DE0 1,low voltage,395.34734
Generator,solar rooftop,DK0 0,low voltage,91.59593
Generator,solar rooftop,DK1 0,low voltage,191.83538
Generator,solar rooftop,EE0 0,low voltage,109.3952
Generator,solar rooftop,ES0 0,low voltage,103313157.90052
Generator,solar rooftop,ES6 0,low voltage,577.55968
Generator,solar rooftop,FI1 0,low voltage,89.78756
Generator,solar rooftop,FR0 0,low voltage,349.69889
Generator,solar rooftop,FR5 0,low voltage,584600.38957
Generator,solar rooftop,GB2 0,low voltage,126.27512
Generator,solar rooftop,GB3 0,low voltage,70.01659
Generator,solar rooftop,GR0 0,low voltage,23632705.39353
Generator,solar rooftop,HR0 0,low voltage,367.75646
Generator,solar rooftop,HU0 0,low voltage,244.5955
Generator,solar rooftop,IE3 0,low voltage,110.15716
Generator,solar rooftop,IT0 0,low voltage,13176.15673
Generator,solar rooftop,IT4 0,low voltage,3763032.37801
Generator,solar rooftop,LT0 0,low voltage,222.4783
Generator,solar rooftop,LU0 0,low voltage,320.46448
Generator,solar rooftop,LV0 0,low voltage,236.87603
Generator,solar rooftop,ME0 0,low voltage,822.26211
Generator,solar rooftop,MK0 0,low voltage,1517517.09742
Generator,solar rooftop,NL0 0,low voltage,252.56847
Generator,solar rooftop,NO1 0,low voltage,71.79761
Generator,solar rooftop,PL0 0,low voltage,178.24489
Generator,solar rooftop,PT0 0,low voltage,452.35805
Generator,solar rooftop,RO0 0,low voltage,2540.28421
Generator,solar rooftop,RS0 0,low voltage,692.87136
Generator,solar rooftop,SE1 0,low voltage,135.40253
Generator,solar rooftop,SI0 0,low voltage,222.04317
Generator,solar rooftop,SK0 0,low voltage,336.65831
Generator,solar rooftop,XK0 0,low voltage,1548.35155
Generator,solar-hsat,AL0 0,AC,536.09405
Generator,solar-hsat,AT0 0,AC,724.19352
Generator,solar-hsat,BA0 0,AC,444.75539
Generator,solar-hsat,BE0 0,AC,325.37691
Generator,solar-hsat,BG0 0,AC,565.14532
Generator,solar-hsat,CH0 0,AC,1070.96902
Generator,solar-hsat,CZ0 0,AC,219.19169
Generator,solar-hsat,DE0 0,AC,238.46648
Generator,solar-hsat,DE0 1,AC,315.6394
Generator,solar-hsat,DK0 0,AC,102.91621
Generator,solar-hsat,DK1 0,AC,191.10609
Generator,solar-hsat,EE0 0,AC,110.89788
Generator,solar-hsat,ES0 0,AC,1000.32296
Generator,solar-hsat,ES6 0,AC,374.39236
Generator,solar-hsat,FI1 0,AC,90.63128
Generator,solar-hsat,FR0 0,AC,309.22053
Generator,solar-hsat,FR5 0,AC,648.95165
Generator,solar-hsat,GB2 0,AC,129.85227
Generator,solar-hsat,GB3 0,AC,80.58801
Generator,solar-hsat,GR0 0,AC,913.78937
Generator,solar-hsat,HR0 0,AC,302.12954
Generator,solar-hsat,HU0 0,AC,224.78254
Generator,solar-hsat,IE3 0,AC,107.88064
Generator,solar-hsat,IT0 0,AC,848.82167
Generator,solar-hsat,IT4 0,AC,830.06491
Generator,solar-hsat,LT0 0,AC,190.75816
Generator,solar-hsat,LU0 0,AC,353.19063
Generator,solar-hsat,LV0 0,AC,185.09925
Generator,solar-hsat,ME0 0,AC,589.88837
Generator,solar-hsat,MK0 0,AC,733.5753
Generator,solar-hsat,NL0 0,AC,227.95629
Generator,solar-hsat,NO1 0,AC,80.51522
Generator,solar-hsat,PL0 0,AC,192.90609
Generator,solar-hsat,PT0 0,AC,349.1095
Generator,solar-hsat,RO0 0,AC,589.46843
Generator,solar-hsat,RS0 0,AC,418.00572
Generator,solar-hsat,SE1 0,AC,130.0316
Generator,solar-hsat,SI0 0,AC,200.27246
Generator,solar-hsat,SK0 0,AC,300.61936
Generator,solar-hsat,XK0 0,AC,594.46322
Generator,solid biomass,EU,solid biomass,0.0
Line,AC,AL0 0,AC,-18041405.02646
Line,AC,AT0 0,AC,-108228742.23731
Line,AC,BA0 0,AC,9416316.5085
Line,AC,BE0 0,AC,93843633.71855
Line,AC,BG0 0,AC,32050898.01436
Line,AC,CH0 0,AC,-115800446.31731
Line,AC,CZ0 0,AC,105590532.95066
Line,AC,DE0 0,AC,171520634.61073
Line,AC,DE0 1,AC,119466836.8376
Line,AC,DK0 0,AC,-68280485.28476
Line,AC,DK1 0,AC,33154270.78872
Line,AC,EE0 0,AC,-26469135.00659
Line,AC,ES0 0,AC,-95081355.17317
Line,AC,FI1 0,AC,-46518096.84223
Line,AC,FR0 0,AC,-172485995.30745
Line,AC,GB3 0,AC,-21428379.04167
Line,AC,GR0 0,AC,-92433149.34106
Line,AC,HR0 0,AC,16985445.06414
Line,AC,HU0 0,AC,-10949343.61956
Line,AC,IE3 0,AC,21340384.95704
Line,AC,IT0 0,AC,54270.54735
Line,AC,LT0 0,AC,13142019.15089
Line,AC,LU0 0,AC,11061412.13228
Line,AC,LV0 0,AC,12505304.67901
Line,AC,ME0 0,AC,-10021302.90542
Line,AC,MK0 0,AC,-11439921.59367
Line,AC,NL0 0,AC,-62792248.2607
Line,AC,NO1 0,AC,-37397442.60945
Line,AC,PL0 0,AC,-9052558.16506
Line,AC,PT0 0,AC,62583077.34157
Line,AC,RO0 0,AC,13560361.994
Line,AC,RS0 0,AC,37783574.41712
Line,AC,SE1 0,AC,48900623.53576
Line,AC,SI0 0,AC,-11360227.34299
Line,AC,SK0 0,AC,40682205.83464
Line,AC,XK0 0,AC,8370230.98515
Link,BEV charger,AL0 0,EV battery,2101615.14972
Link,BEV charger,AL0 0,low voltage,-2335127.94413
Link,BEV charger,AT0 0,EV battery,21986117.61691
Link,BEV charger,AT0 0,low voltage,-24429019.57434
Link,BEV charger,BA0 0,EV battery,3489371.88416
Link,BEV charger,BA0 0,low voltage,-3877079.87129
Link,BEV charger,BE0 0,EV battery,29343005.89192
Link,BEV charger,BE0 0,low voltage,-32603339.87992
Link,BEV charger,BG0 0,EV battery,8229509.42496
Link,BEV charger,BG0 0,low voltage,-9143899.36106
Link,BEV charger,CH0 0,EV battery,12998287.01445
Link,BEV charger,CH0 0,low voltage,-14442541.12717
Link,BEV charger,CZ0 0,EV battery,20746809.42745
Link,BEV charger,CZ0 0,low voltage,-23052010.47494
Link,BEV charger,DE0 0,EV battery,105935629.10751
Link,BEV charger,DE0 0,low voltage,-117706254.56389
Link,BEV charger,DE0 1,EV battery,61980338.18837
Link,BEV charger,DE0 1,low voltage,-68867042.43152
Link,BEV charger,DK0 0,EV battery,8708715.64837
Link,BEV charger,DK0 0,low voltage,-9676350.72041
Link,BEV charger,DK1 0,EV battery,5039952.99723
Link,BEV charger,DK1 0,low voltage,-5599947.7747
Link,BEV charger,EE0 0,EV battery,2501878.44992
Link,BEV charger,EE0 0,low voltage,-2779864.94435
Link,BEV charger,ES0 0,EV battery,80950233.82564
Link,BEV charger,ES0 0,low voltage,-89944704.25072
Link,BEV charger,ES6 0,EV battery,1343409.49756
Link,BEV charger,ES6 0,low voltage,-1492677.21951
Link,BEV charger,FI1 0,EV battery,13631343.94053
Link,BEV charger,FI1 0,low voltage,-15145937.7117
Link,BEV charger,FR0 0,EV battery,135188608.25376
Link,BEV charger,FR0 0,low voltage,-150209564.7264
Link,BEV charger,FR5 0,EV battery,579197.34056
Link,BEV charger,FR5 0,low voltage,-643552.60062
Link,BEV charger,GB2 0,EV battery,101352521.48661
Link,BEV charger,GB2 0,low voltage,-112613912.7629
Link,BEV charger,GB3 0,EV battery,2781563.8793
Link,BEV charger,GB3 0,low voltage,-3090626.53255
Link,BEV charger,GR0 0,EV battery,15688058.55728
Link,BEV charger,GR0 0,low voltage,-17431176.17475
Link,BEV charger,HR0 0,EV battery,6564267.79123
Link,BEV charger,HR0 0,low voltage,-7293630.87915
Link,BEV charger,HU0 0,EV battery,14064885.4024
Link,BEV charger,HU0 0,low voltage,-15627650.44711
Link,BEV charger,IE3 0,EV battery,10994321.37387
Link,BEV charger,IE3 0,low voltage,-12215912.63763
Link,BEV charger,IT0 0,EV battery,104628425.47228
Link,BEV charger,IT0 0,low voltage,-116253806.08032
Link,BEV charger,IT4 0,EV battery,2655421.10717
Link,BEV charger,IT4 0,low voltage,-2950467.89686
Link,BEV charger,LT0 0,EV battery,6940720.33443
Link,BEV charger,LT0 0,low voltage,-7711911.4827
Link,BEV charger,LU0 0,EV battery,3108544.39313
Link,BEV charger,LU0 0,low voltage,-3453938.21458
Link,BEV charger,LV0 0,EV battery,3321065.92565
Link,BEV charger,LV0 0,low voltage,-3690073.25072
Link,BEV charger,ME0 0,EV battery,723567.19193
Link,BEV charger,ME0 0,low voltage,-803963.54658
Link,BEV charger,MK0 0,EV battery,2022851.91442
Link,BEV charger,MK0 0,low voltage,-2247613.23824
Link,BEV charger,NL0 0,EV battery,36136465.48116
Link,BEV charger,NL0 0,low voltage,-40151628.3124
Link,BEV charger,NO1 0,EV battery,9338417.61523
Link,BEV charger,NO1 0,low voltage,-10376019.57248
Link,BEV charger,PL0 0,EV battery,64175468.39424
Link,BEV charger,PL0 0,low voltage,-71306075.9936
Link,BEV charger,PT0 0,EV battery,19499779.64722
Link,BEV charger,PT0 0,low voltage,-21666421.83025
Link,BEV charger,RO0 0,EV battery,20459908.12521
Link,BEV charger,RO0 0,low voltage,-22733231.25024
Link,BEV charger,RS0 0,EV battery,5952268.52457
Link,BEV charger,RS0 0,low voltage,-6613631.69397
Link,BEV charger,SE1 0,EV battery,21199309.93367
Link,BEV charger,SE1 0,low voltage,-23554788.81519
Link,BEV charger,SI0 0,EV battery,5824564.46072
Link,BEV charger,SI0 0,low voltage,-6471738.28969
Link,BEV charger,SK0 0,EV battery,8998987.05291
Link,BEV charger,SK0 0,low voltage,-9998874.50324
Link,BEV charger,XK0 0,EV battery,1160985.15057
Link,BEV charger,XK0 0,low voltage,-1289983.50063
Link,DC,BE0 0,AC,46129368.37782
Link,DC,CH0 0,AC,-8399547.11701
Link,DC,DE0 0,AC,276473035.58575
Link,DC,DE0 1,AC,223340663.9123
Link,DC,DK0 0,AC,79652889.58588
Link,DC,DK1 0,AC,-123469612.60209
Link,DC,EE0 0,AC,3238127.10676
Link,DC,ES0 0,AC,-75519788.557
Link,DC,ES6 0,AC,7958537.94506
Link,DC,FI1 0,AC,-3800896.9735
Link,DC,FR0 0,AC,-7886194.36724
Link,DC,FR5 0,AC,-8104154.08253
Link,DC,GB2 0,AC,-171851448.0857
Link,DC,GB3 0,AC,-31363107.72165
Link,DC,GR0 0,AC,-99732.86337
Link,DC,IE3 0,AC,-65593211.80641
Link,DC,IT0 0,AC,-6391144.56991
Link,DC,IT4 0,AC,-11381680.64373
Link,DC,LT0 0,AC,10151772.33547
Link,DC,ME0 0,AC,3099360.13388
Link,DC,NL0 0,AC,197328903.1885
Link,DC,NO1 0,AC,-284726723.717
Link,DC,PL0 0,AC,81675555.23022
Link,DC,SE1 0,AC,-208609834.96013
Link,DC,SI0 0,AC,28897136.61939
Link,H2 Electrolysis,AL0 0,AC,0.0
Link,H2 Electrolysis,AL0 0,H2,0.0
Link,H2 Electrolysis,AL0 0,urban central heat,0.0
Link,H2 Electrolysis,AT0 0,AC,-0.03599
Link,H2 Electrolysis,AT0 0,H2,0.02517
Link,H2 Electrolysis,AT0 0,urban central heat,0.00127
Link,H2 Electrolysis,BA0 0,AC,0.0
Link,H2 Electrolysis,BA0 0,H2,0.0
Link,H2 Electrolysis,BA0 0,urban central heat,0.0
Link,H2 Electrolysis,BE0 0,AC,-0.03699
Link,H2 Electrolysis,BE0 0,H2,0.02587
Link,H2 Electrolysis,BE0 0,urban central heat,0.0013
Link,H2 Electrolysis,BG0 0,AC,-0.0391
Link,H2 Electrolysis,BG0 0,H2,0.02735
Link,H2 Electrolysis,BG0 0,urban central heat,0.00137
Link,H2 Electrolysis,CH0 0,AC,-0.0368
Link,H2 Electrolysis,CH0 0,H2,0.02573
Link,H2 Electrolysis,CH0 0,urban central heat,0.00129
Link,H2 Electrolysis,CZ0 0,AC,-0.03604
Link,H2 Electrolysis,CZ0 0,H2,0.02521
Link,H2 Electrolysis,CZ0 0,urban central heat,0.00127
Link,H2 Electrolysis,DE0 0,AC,0.0
Link,H2 Electrolysis,DE0 0,H2,0.0
Link,H2 Electrolysis,DE0 0,urban central heat,0.0
Link,H2 Electrolysis,DE0 1,AC,0.0
Link,H2 Electrolysis,DE0 1,H2,0.0
Link,H2 Electrolysis,DE0 1,urban central heat,0.0
Link,H2 Electrolysis,DK0 0,AC,0.0
Link,H2 Electrolysis,DK0 0,H2,0.0
Link,H2 Electrolysis,DK0 0,urban central heat,0.0
Link,H2 Electrolysis,DK1 0,AC,0.0
Link,H2 Electrolysis,DK1 0,H2,0.0
Link,H2 Electrolysis,DK1 0,urban central heat,0.0
Link,H2 Electrolysis,EE0 0,AC,-0.03587
Link,H2 Electrolysis,EE0 0,H2,0.02509
Link,H2 Electrolysis,EE0 0,urban central heat,0.00126
Link,H2 Electrolysis,ES0 0,AC,0.0
Link,H2 Electrolysis,ES0 0,H2,0.0
Link,H2 Electrolysis,ES0 0,urban central heat,0.0
Link,H2 Electrolysis,ES6 0,AC,-0.03771
Link,H2 Electrolysis,ES6 0,H2,0.02638
Link,H2 Electrolysis,ES6 0,urban central heat,0.00133
Link,H2 Electrolysis,FI1 0,AC,-0.0363
Link,H2 Electrolysis,FI1 0,H2,0.02539
Link,H2 Electrolysis,FI1 0,urban central heat,0.00128
Link,H2 Electrolysis,FR0 0,AC,0.0
Link,H2 Electrolysis,FR0 0,H2,0.0
Link,H2 Electrolysis,FR0 0,urban central heat,0.0
Link,H2 Electrolysis,FR5 0,AC,-0.00923
Link,H2 Electrolysis,FR5 0,H2,0.00646
Link,H2 Electrolysis,GB2 0,AC,0.0
Link,H2 Electrolysis,GB2 0,H2,0.0
Link,H2 Electrolysis,GB2 0,urban central heat,0.0
Link,H2 Electrolysis,GB3 0,AC,0.0
Link,H2 Electrolysis,GB3 0,H2,0.0
Link,H2 Electrolysis,GB3 0,urban central heat,0.0
Link,H2 Electrolysis,GR0 0,AC,0.0
Link,H2 Electrolysis,GR0 0,H2,0.0
Link,H2 Electrolysis,GR0 0,urban central heat,0.0
Link,H2 Electrolysis,HR0 0,AC,-0.038
Link,H2 Electrolysis,HR0 0,H2,0.02658
Link,H2 Electrolysis,HR0 0,urban central heat,0.00134
Link,H2 Electrolysis,HU0 0,AC,-0.03779
Link,H2 Electrolysis,HU0 0,H2,0.02643
Link,H2 Electrolysis,HU0 0,urban central heat,0.00133
Link,H2 Electrolysis,IE3 0,AC,-0.04199
Link,H2 Electrolysis,IE3 0,H2,0.02937
Link,H2 Electrolysis,IE3 0,urban central heat,0.00148
Link,H2 Electrolysis,IT0 0,AC,-0.03674
Link,H2 Electrolysis,IT0 0,H2,0.0257
Link,H2 Electrolysis,IT0 0,urban central heat,0.00129
Link,H2 Electrolysis,IT4 0,AC,-0.03723
Link,H2 Electrolysis,IT4 0,H2,0.02604
Link,H2 Electrolysis,IT4 0,urban central heat,0.00131
Link,H2 Electrolysis,LT0 0,AC,-0.03869
Link,H2 Electrolysis,LT0 0,H2,0.02706
Link,H2 Electrolysis,LT0 0,urban central heat,0.00136
Link,H2 Electrolysis,LU0 0,AC,-0.03683
Link,H2 Electrolysis,LU0 0,H2,0.02576
Link,H2 Electrolysis,LU0 0,urban central heat,0.00129
Link,H2 Electrolysis,LV0 0,AC,-0.02587
Link,H2 Electrolysis,LV0 0,H2,0.01809
Link,H2 Electrolysis,LV0 0,urban central heat,0.00091
Link,H2 Electrolysis,ME0 0,AC,-0.03732
Link,H2 Electrolysis,ME0 0,H2,0.0261
Link,H2 Electrolysis,ME0 0,urban central heat,0.00131
Link,H2 Electrolysis,MK0 0,AC,-0.03711
Link,H2 Electrolysis,MK0 0,H2,0.02596
Link,H2 Electrolysis,MK0 0,urban central heat,0.0013
Link,H2 Electrolysis,NL0 0,AC,0.0
Link,H2 Electrolysis,NL0 0,H2,0.0
Link,H2 Electrolysis,NL0 0,urban central heat,0.0
Link,H2 Electrolysis,NO1 0,AC,0.0
Link,H2 Electrolysis,NO1 0,H2,0.0
Link,H2 Electrolysis,NO1 0,urban central heat,0.0
Link,H2 Electrolysis,PL0 0,AC,0.0
Link,H2 Electrolysis,PL0 0,H2,0.0
Link,H2 Electrolysis,PL0 0,urban central heat,0.0
Link,H2 Electrolysis,PT0 0,AC,0.0
Link,H2 Electrolysis,PT0 0,H2,0.0
Link,H2 Electrolysis,PT0 0,urban central heat,0.0
Link,H2 Electrolysis,RO0 0,AC,0.0
Link,H2 Electrolysis,RO0 0,H2,0.0
Link,H2 Electrolysis,RO0 0,urban central heat,0.0
Link,H2 Electrolysis,RS0 0,AC,-0.0363
Link,H2 Electrolysis,RS0 0,H2,0.02539
Link,H2 Electrolysis,RS0 0,urban central heat,0.00128
Link,H2 Electrolysis,SE1 0,AC,-0.03762
Link,H2 Electrolysis,SE1 0,H2,0.02631
Link,H2 Electrolysis,SE1 0,urban central heat,0.00132
Link,H2 Electrolysis,SI0 0,AC,-0.03752
Link,H2 Electrolysis,SI0 0,H2,0.02624
Link,H2 Electrolysis,SI0 0,urban central heat,0.00132
Link,H2 Electrolysis,SK0 0,AC,-0.03671
Link,H2 Electrolysis,SK0 0,H2,0.02568
Link,H2 Electrolysis,SK0 0,urban central heat,0.00129
Link,H2 Electrolysis,XK0 0,AC,-0.03734
Link,H2 Electrolysis,XK0 0,H2,0.02612
Link,H2 Electrolysis,XK0 0,urban central heat,0.00131
Link,V2G,AL0 0,EV battery,-35832.07824
Link,V2G,AL0 0,low voltage,32248.87042
Link,V2G,AT0 0,EV battery,-48587.82426
Link,V2G,AT0 0,low voltage,43729.04183
Link,V2G,BA0 0,EV battery,-38284.63151
Link,V2G,BA0 0,low voltage,34456.16836
Link,V2G,BE0 0,EV battery,-45896.55001
Link,V2G,BE0 0,low voltage,41306.89501
Link,V2G,BG0 0,EV battery,-47981.27027
Link,V2G,BG0 0,low voltage,43183.14325
Link,V2G,CH0 0,EV battery,-50855.4394
Link,V2G,CH0 0,low voltage,45769.89546
Link,V2G,CZ0 0,EV battery,-45171.3359
Link,V2G,CZ0 0,low voltage,40654.20231
Link,V2G,DE0 0,EV battery,-56297.85519
Link,V2G,DE0 0,low voltage,50668.06967
Link,V2G,DE0 1,EV battery,-53502.89546
Link,V2G,DE0 1,low voltage,48152.60591
Link,V2G,DK0 0,EV battery,-38188.97941
Link,V2G,DK0 0,low voltage,34370.08147
Link,V2G,DK1 0,EV battery,-34149.20344
Link,V2G,DK1 0,low voltage,30734.2831
Link,V2G,EE0 0,EV battery,-43892.64315
Link,V2G,EE0 0,low voltage,39503.37883
Link,V2G,ES0 0,EV battery,-61742.67071
Link,V2G,ES0 0,low voltage,55568.40364
Link,V2G,ES6 0,EV battery,-24537.63031
Link,V2G,ES6 0,low voltage,22083.86728
Link,V2G,FI1 0,EV battery,-53329.92823
Link,V2G,FI1 0,low voltage,47996.93541
Link,V2G,FR0 0,EV battery,-66474.56967
Link,V2G,FR0 0,low voltage,59827.1127
Link,V2G,FR5 0,EV battery,-26422.75344
Link,V2G,FR5 0,low voltage,23780.4781
Link,V2G,GB2 0,EV battery,-67311.69237
Link,V2G,GB2 0,low voltage,60580.52314
Link,V2G,GB3 0,EV battery,-38813.61711
Link,V2G,GB3 0,low voltage,34932.2554
Link,V2G,GR0 0,EV battery,-54685.19455
Link,V2G,GR0 0,low voltage,49216.6751
Link,V2G,HR0 0,EV battery,-45232.76268
Link,V2G,HR0 0,low voltage,40709.48641
Link,V2G,HU0 0,EV battery,-45297.89149
Link,V2G,HU0 0,low voltage,40768.10234
Link,V2G,IE3 0,EV battery,-54764.48713
Link,V2G,IE3 0,low voltage,49288.03842
Link,V2G,IT0 0,EV battery,-61521.55159
Link,V2G,IT0 0,low voltage,55369.39643
Link,V2G,IT4 0,EV battery,-43691.77655
Link,V2G,IT4 0,low voltage,39322.59889
Link,V2G,LT0 0,EV battery,-44816.5873
Link,V2G,LT0 0,low voltage,40334.92857
Link,V2G,LU0 0,EV battery,-32070.0858
Link,V2G,LU0 0,low voltage,28863.07722
Link,V2G,LV0 0,EV battery,-39447.72951
Link,V2G,LV0 0,low voltage,35502.95656
Link,V2G,ME0 0,EV battery,-29728.62371
Link,V2G,ME0 0,low voltage,26755.76134
Link,V2G,MK0 0,EV battery,-44014.44665
Link,V2G,MK0 0,low voltage,39613.00199
Link,V2G,NL0 0,EV battery,-52413.14634
Link,V2G,NL0 0,low voltage,47171.83171
Link,V2G,NO1 0,EV battery,-43080.0309
Link,V2G,NO1 0,low voltage,38772.02781
Link,V2G,PL0 0,EV battery,-53576.22239
Link,V2G,PL0 0,low voltage,48218.60015
Link,V2G,PT0 0,EV battery,-52313.1334
Link,V2G,PT0 0,low voltage,47081.82006
Link,V2G,RO0 0,EV battery,-52331.38749
Link,V2G,RO0 0,low voltage,47098.24875
Link,V2G,RS0 0,EV battery,-49703.26789
Link,V2G,RS0 0,low voltage,44732.9411
Link,V2G,SE1 0,EV battery,-48928.52613
Link,V2G,SE1 0,low voltage,44035.67352
Link,V2G,SI0 0,EV battery,-42647.81916
Link,V2G,SI0 0,low voltage,38383.03724
Link,V2G,SK0 0,EV battery,-43610.09834
Link,V2G,SK0 0,low voltage,39249.08851
Link,V2G,XK0 0,EV battery,-43794.98595
Link,V2G,XK0 0,low voltage,39415.48736
Link,battery charger,AL0 0,AC,-2766.59253
Link,battery charger,AL0 0,battery,2710.69601
Link,battery charger,AT0 0,AC,-3356.46443
Link,battery charger,AT0 0,battery,3288.65007
Link,battery charger,BA0 0,AC,-3330.89217
Link,battery charger,BA0 0,battery,3263.59448
Link,battery charger,BE0 0,AC,-158891.65734
Link,battery charger,BE0 0,battery,155681.39394
Link,battery charger,BG0 0,AC,-3368.6956
Link,battery charger,BG0 0,battery,3300.63413
Link,battery charger,CH0 0,AC,-3606.73472
Link,battery charger,CH0 0,battery,3533.86388
Link,battery charger,CZ0 0,AC,-2297337.55635
Link,battery charger,CZ0 0,battery,2250921.912
Link,battery charger,DE0 0,AC,-4401259.80846
Link,battery charger,DE0 0,battery,4312336.30245
Link,battery charger,DE0 1,AC,-2402503.09868
Link,battery charger,DE0 1,battery,2353962.67889
Link,battery charger,DK0 0,AC,-40393.48806
Link,battery charger,DK0 0,battery,39577.37387
Link,battery charger,DK1 0,AC,-6423506.8353
Link,battery charger,DK1 0,battery,6293725.64231
Link,battery charger,EE0 0,AC,-1483613.84208
Link,battery charger,EE0 0,battery,1453638.75537
Link,battery charger,ES0 0,AC,-4043.15845
Link,battery charger,ES0 0,battery,3961.47006
Link,battery charger,ES6 0,AC,-3156.83951
Link,battery charger,ES6 0,battery,3093.0584
Link,battery charger,FI1 0,AC,-61391.04032
Link,battery charger,FI1 0,battery,60150.68943
Link,battery charger,FR0 0,AC,-4060.47997
Link,battery charger,FR0 0,battery,3978.44161
Link,battery charger,FR5 0,AC,-3632.11666
Link,battery charger,FR5 0,battery,3558.733
Link,battery charger,GB2 0,AC,-23827.44786
Link,battery charger,GB2 0,battery,23346.03565
Link,battery charger,GB3 0,AC,-1099700.92983
Link,battery charger,GB3 0,battery,1077482.4591
Link,battery charger,GR0 0,AC,-3798.9923
Link,battery charger,GR0 0,battery,3722.23707
Link,battery charger,HR0 0,AC,-3385.53104
Link,battery charger,HR0 0,battery,3317.12943
Link,battery charger,HU0 0,AC,-3973.21365
Link,battery charger,HU0 0,battery,3892.93843
Link,battery charger,IE3 0,AC,-1048379.34224
Link,battery charger,IE3 0,battery,1027197.77814
Link,battery charger,IT0 0,AC,-3651.89649
Link,battery charger,IT0 0,battery,3578.1132
Link,battery charger,IT4 0,AC,-3101.39181
Link,battery charger,IT4 0,battery,3038.73097
Link,battery charger,LT0 0,AC,-9855.22782
Link,battery charger,LT0 0,battery,9656.11178
Link,battery charger,LU0 0,AC,-20771.57614
Link,battery charger,LU0 0,battery,20351.90508
Link,battery charger,LV0 0,AC,-10877.80939
Link,battery charger,LV0 0,battery,10658.03301
Link,battery charger,ME0 0,AC,-2968.32348
Link,battery charger,ME0 0,battery,2908.35117
Link,battery charger,MK0 0,AC,-3154.03309
Link,battery charger,MK0 0,battery,3090.30868
Link,battery charger,NL0 0,AC,-1825218.14456
Link,battery charger,NL0 0,battery,1788341.24938
Link,battery charger,NO1 0,AC,-1910535.65131
Link,battery charger,NO1 0,battery,1871934.99244
Link,battery charger,PL0 0,AC,-6642574.87105
Link,battery charger,PL0 0,battery,6508367.60492
Link,battery charger,PT0 0,AC,-4007.11034
Link,battery charger,PT0 0,battery,3926.15028
Link,battery charger,RO0 0,AC,-3736.61057
Link,battery charger,RO0 0,battery,3661.11571
Link,battery charger,RS0 0,AC,-3536.38054
Link,battery charger,RS0 0,battery,3464.93114
Link,battery charger,SE1 0,AC,-6048827.52089
Link,battery charger,SE1 0,battery,5926616.38731
Link,battery charger,SI0 0,AC,-3406.97958
Link,battery charger,SI0 0,battery,3338.14462
Link,battery charger,SK0 0,AC,-446630.22989
Link,battery charger,SK0 0,battery,437606.46678
Link,battery charger,XK0 0,AC,-2944.6899
Link,battery charger,XK0 0,battery,2885.19508
Link,battery discharger,AL0 0,AC,2655.94568
Link,battery discharger,AL0 0,battery,-2710.71321
Link,battery discharger,AT0 0,AC,3222.22248
Link,battery discharger,AT0 0,battery,-3288.66704
Link,battery discharger,BA0 0,AC,3197.67335
Link,battery discharger,BA0 0,battery,-3263.61169
Link,battery discharger,BE0 0,AC,152536.00797
Link,battery discharger,BE0 0,battery,-155681.41122
Link,battery discharger,BG0 0,AC,3233.96447
Link,battery discharger,BG0 0,battery,-3300.65117
Link,battery discharger,CH0 0,AC,3462.48198
Link,battery discharger,CH0 0,battery,-3533.88087
Link,battery discharger,CZ0 0,AC,2205444.07071
Link,battery discharger,CZ0 0,battery,-2250921.92896
Link,battery discharger,DE0 0,AC,4225209.43286
Link,battery discharger,DE0 0,battery,-4312336.31954
Link,battery discharger,DE0 1,AC,2306402.99147
Link,battery discharger,DE0 1,battery,-2353962.69597
Link,battery discharger,DK0 0,AC,38777.76522
Link,battery discharger,DK0 0,battery,-39577.3909
Link,battery discharger,DK1 0,AC,6166566.57869
Link,battery discharger,DK1 0,battery,-6293725.65945
Link,battery discharger,EE0 0,AC,1424269.3051
Link,battery discharger,EE0 0,battery,-1453638.77242
Link,battery discharger,ES0 0,AC,3881.44894
Link,battery discharger,ES0 0,battery,-3961.48723
Link,battery discharger,ES6 0,AC,3030.58261
Link,battery discharger,ES6 0,battery,-3093.07543
Link,battery discharger,FI1 0,AC,58935.41534
Link,battery discharger,FI1 0,battery,-60150.7064
Link,battery discharger,FR0 0,AC,3898.07733
Link,battery discharger,FR0 0,battery,-3978.45852
Link,battery discharger,FR5 0,AC,3486.84928
Link,battery discharger,FR5 0,battery,-3558.75065
Link,battery discharger,GB2 0,AC,22874.36658
Link,battery discharger,GB2 0,battery,-23346.05263
Link,battery discharger,GB3 0,AC,1055712.90929
Link,battery discharger,GB3 0,battery,-1077482.47609
Link,battery discharger,GR0 0,AC,3647.049
Link,battery discharger,GR0 0,battery,-3722.2538
Link,battery discharger,HR0 0,AC,3250.12653
Link,battery discharger,HR0 0,battery,-3317.1465
Link,battery discharger,HU0 0,AC,3814.30148
Link,battery discharger,HU0 0,battery,-3892.95514
Link,battery discharger,IE3 0,AC,1006444.18535
Link,battery discharger,IE3 0,battery,-1027197.79529
Link,battery discharger,IT0 0,AC,3505.83712
Link,battery discharger,IT0 0,battery,-3578.13003
Link,battery discharger,IT4 0,AC,2977.35285
Link,battery discharger,IT4 0,battery,-3038.74803
Link,battery discharger,LT0 0,AC,9461.0354
Link,battery discharger,LT0 0,battery,-9656.12882
Link,battery discharger,LU0 0,AC,19940.72998
Link,battery discharger,LU0 0,battery,-20351.92231
Link,battery discharger,LV0 0,AC,10442.71353
Link,battery discharger,LV0 0,battery,-10658.04987
Link,battery discharger,ME0 0,AC,2849.60734
Link,battery discharger,ME0 0,battery,-2908.36831
Link,battery discharger,MK0 0,AC,3027.88855
Link,battery discharger,MK0 0,battery,-3090.32581
Link,battery discharger,NL0 0,AC,1752209.43555
Link,battery discharger,NL0 0,battery,-1788341.26649
Link,battery discharger,NO1 0,AC,1834114.24189
Link,battery discharger,NO1 0,battery,-1871935.00942
Link,battery discharger,PL0 0,AC,6376871.89249
Link,battery discharger,PL0 0,battery,-6508367.62154
Link,battery discharger,PT0 0,AC,3846.84227
Link,battery discharger,PT0 0,battery,-3926.16696
Link,battery discharger,RO0 0,AC,3587.16287
Link,battery discharger,RO0 0,battery,-3661.13278
Link,battery discharger,RS0 0,AC,3394.94193
Link,battery discharger,RS0 0,battery,-3464.9481
Link,battery discharger,SE1 0,AC,5806874.43659
Link,battery discharger,SE1 0,battery,-5926616.40419
Link,battery discharger,SI0 0,AC,3270.71722
Link,battery discharger,SI0 0,battery,-3338.16178
Link,battery discharger,SK0 0,AC,428765.03749
Link,battery discharger,SK0 0,battery,-437606.48392
Link,battery discharger,XK0 0,AC,2826.91915
Link,battery discharger,XK0 0,battery,-2885.21228
Link,co2 sequestered,EU,co2 sequestered,0.05434
Link,co2 sequestered,EU,co2 stored,-0.05434
Link,electricity distribution grid,AL0 0,AC,-8092394.06448
Link,electricity distribution grid,AL0 0,low voltage,7848104.2136
Link,electricity distribution grid,AT0 0,AC,-112927220.28385
Link,electricity distribution grid,AT0 0,low voltage,109537094.48362
Link,electricity distribution grid,BA0 0,AC,-15824852.48002
Link,electricity distribution grid,BA0 0,low voltage,15348111.43997
Link,electricity distribution grid,BE0 0,AC,-148255684.25112
Link,electricity distribution grid,BE0 0,low voltage,143806046.92002
Link,electricity distribution grid,BG0 0,AC,-46144859.63519
Link,electricity distribution grid,BG0 0,low voltage,44757991.27569
Link,electricity distribution grid,CH0 0,AC,-61489057.97102
Link,electricity distribution grid,CH0 0,low voltage,59641937.50729
Link,electricity distribution grid,CZ0 0,AC,-107894792.28449
Link,electricity distribution grid,CZ0 0,low voltage,104655516.96366
Link,electricity distribution grid,DE0 0,AC,-574408411.7758
Link,electricity distribution grid,DE0 0,low voltage,557173791.35643
Link,electricity distribution grid,DE0 1,AC,-368630853.91815
Link,electricity distribution grid,DE0 1,low voltage,357569401.53896
Link,electricity distribution grid,DK0 0,AC,-35940044.38119
Link,electricity distribution grid,DK0 0,low voltage,34859174.35859
Link,electricity distribution grid,DK1 0,AC,-28830193.75596
Link,electricity distribution grid,DK1 0,low voltage,27962996.39205
Link,electricity distribution grid,EE0 0,AC,-13390233.47814
Link,electricity distribution grid,EE0 0,low voltage,12985599.66652
Link,electricity distribution grid,ES0 0,AC,-241405038.28502
Link,electricity distribution grid,ES0 0,low voltage,234158976.35381
Link,electricity distribution grid,ES6 0,AC,-13835109.9662
Link,electricity distribution grid,ES6 0,low voltage,13417292.19857
Link,electricity distribution grid,FI1 0,AC,-114569706.89872
Link,electricity distribution grid,FI1 0,low voltage,111128890.35461
Link,electricity distribution grid,FR0 0,AC,-694502179.72119
Link,electricity distribution grid,FR0 0,low voltage,673662056.45728
Link,electricity distribution grid,FR5 0,AC,-6758093.05139
Link,electricity distribution grid,FR5 0,low voltage,6552900.84757
Link,electricity distribution grid,GB2 0,AC,-532767113.45592
Link,electricity distribution grid,GB2 0,low voltage,516779203.01953
Link,electricity distribution grid,GB3 0,AC,-18063083.55843
Link,electricity distribution grid,GB3 0,low voltage,17518578.22015
Link,electricity distribution grid,GR0 0,AC,-40864023.53615
Link,electricity distribution grid,GR0 0,low voltage,39634570.02201
Link,electricity distribution grid,HR0 0,AC,-28396450.20676
Link,electricity distribution grid,HR0 0,low voltage,27542276.07662
Link,electricity distribution grid,HU0 0,AC,-72434163.18276
Link,electricity distribution grid,HU0 0,low voltage,70258237.14953
Link,electricity distribution grid,IE3 0,AC,-41497842.20508
Link,electricity distribution grid,IE3 0,low voltage,40249108.04433
Link,electricity distribution grid,IT0 0,AC,-496485292.42874
Link,electricity distribution grid,IT0 0,low voltage,481586183.95957
Link,electricity distribution grid,IT4 0,AC,-10694693.04018
Link,electricity distribution grid,IT4 0,low voltage,10370377.39303
Link,electricity distribution grid,LT0 0,AC,-23738534.27557
Link,electricity distribution grid,LT0 0,low voltage,23023797.68175
Link,electricity distribution grid,LU0 0,AC,-11026689.58023
Link,electricity distribution grid,LU0 0,low voltage,10694053.99631
Link,electricity distribution grid,LV0 0,AC,-15322103.52272
Link,electricity distribution grid,LV0 0,low voltage,14859483.24879
Link,electricity distribution grid,ME0 0,AC,-4019165.84409
Link,electricity distribution grid,ME0 0,low voltage,3896463.48618
Link,electricity distribution grid,MK0 0,AC,-8505284.0034
Link,electricity distribution grid,MK0 0,low voltage,8247752.32685
Link,electricity distribution grid,NL0 0,AC,-196741196.06923
Link,electricity distribution grid,NL0 0,low voltage,190836287.61185
Link,electricity distribution grid,NO1 0,AC,-113905077.46288
Link,electricity distribution grid,NO1 0,low voltage,110483854.07468
Link,electricity distribution grid,PL0 0,AC,-289236186.06557
Link,electricity distribution grid,PL0 0,low voltage,280555814.74573
Link,electricity distribution grid,PT0 0,AC,-73428263.97324
Link,electricity distribution grid,PT0 0,low voltage,71222326.89427
Link,electricity distribution grid,RO0 0,AC,-95151687.98212
Link,electricity distribution grid,RO0 0,low voltage,92294087.12644
Link,electricity distribution grid,RS0 0,AC,-47398333.15242
Link,electricity distribution grid,RS0 0,low voltage,45973850.74142
Link,electricity distribution grid,SE1 0,AC,-171761170.92159
Link,electricity distribution grid,SE1 0,low voltage,166604277.93109
Link,electricity distribution grid,SI0 0,AC,-21731879.54894
Link,electricity distribution grid,SI0 0,low voltage,21077622.34309
Link,electricity distribution grid,SK0 0,AC,-44839469.34743
Link,electricity distribution grid,SK0 0,low voltage,43491635.3558
Link,electricity distribution grid,XK0 0,AC,-8486723.4948
Link,electricity distribution grid,XK0 0,low voltage,8230138.41174
Link,home battery charger,AL0 0,home battery,2040.0629
Link,home battery charger,AL0 0,low voltage,-2082.13048
Link,home battery charger,AT0 0,home battery,2342.94868
Link,home battery charger,AT0 0,low voltage,-2391.26198
Link,home battery charger,BA0 0,home battery,2361.16237
Link,home battery charger,BA0 0,low voltage,-2409.85125
Link,home battery charger,BE0 0,home battery,2150.13431
Link,home battery charger,BE0 0,low voltage,-2194.47164
Link,home battery charger,BG0 0,home battery,2467.14072
Link,home battery charger,BG0 0,low voltage,-2518.01495
Link,home battery charger,CH0 0,home battery,2468.02059
Link,home battery charger,CH0 0,low voltage,-2518.91296
Link,home battery charger,CZ0 0,home battery,2500.34818
Link,home battery charger,CZ0 0,low voltage,-2551.90717
Link,home battery charger,DE0 0,home battery,2531.72945
Link,home battery charger,DE0 0,low voltage,-2583.93555
Link,home battery charger,DE0 1,home battery,2487.15885
Link,home battery charger,DE0 1,low voltage,-2538.44587
Link,home battery charger,DK0 0,home battery,2651.11455
Link,home battery charger,DK0 0,low voltage,-2705.78245
Link,home battery charger,DK1 0,home battery,2558.35951
Link,home battery charger,DK1 0,low voltage,-2611.11474
Link,home battery charger,EE0 0,home battery,2691.79418
Link,home battery charger,EE0 0,low voltage,-2747.30093
Link,home battery charger,ES0 0,home battery,2709.38284
Link,home battery charger,ES0 0,low voltage,-2765.25228
Link,home battery charger,ES6 0,home battery,2587.95767
Link,home battery charger,ES6 0,low voltage,-2641.32323
Link,home battery charger,FI1 0,home battery,2807.34447
Link,home battery charger,FI1 0,low voltage,-2865.23395
Link,home battery charger,FR0 0,home battery,2704.99507
Link,home battery charger,FR0 0,low voltage,-2760.77404
Link,home battery charger,FR5 0,home battery,2474.14575
Link,home battery charger,FR5 0,low voltage,-2525.16443
Link,home battery charger,GB2 0,home battery,2716.96538
Link,home battery charger,GB2 0,low voltage,-2772.99118
Link,home battery charger,GB3 0,home battery,2727.86253
Link,home battery charger,GB3 0,low voltage,-2784.11304
Link,home battery charger,GR0 0,home battery,2584.74823
Link,home battery charger,GR0 0,low voltage,-2638.04762
Link,home battery charger,HR0 0,home battery,2412.90526
Link,home battery charger,HR0 0,low voltage,-2462.66112
Link,home battery charger,HU0 0,home battery,2408.08491
Link,home battery charger,HU0 0,low voltage,-2457.74137
Link,home battery charger,IE3 0,home battery,2720.97678
Link,home battery charger,IE3 0,low voltage,-2777.08529
Link,home battery charger,IT0 0,home battery,2499.80384
Link,home battery charger,IT0 0,low voltage,-2551.35161
Link,home battery charger,IT4 0,home battery,2449.47918
Link,home battery charger,IT4 0,low voltage,-2499.98922
Link,home battery charger,LT0 0,home battery,2573.22622
Link,home battery charger,LT0 0,low voltage,-2626.28801
Link,home battery charger,LU0 0,home battery,1977.82336
Link,home battery charger,LU0 0,low voltage,-2018.60751
Link,home battery charger,LV0 0,home battery,2659.59074
Link,home battery charger,LV0 0,low voltage,-2714.43343
Link,home battery charger,ME0 0,home battery,2146.30735
Link,home battery charger,ME0 0,low voltage,-2190.56577
Link,home battery charger,MK0 0,home battery,2092.22092
Link,home battery charger,MK0 0,low voltage,-2135.36403
Link,home battery charger,NL0 0,home battery,2719.8744
Link,home battery charger,NL0 0,low voltage,-2775.96019
Link,home battery charger,NO1 0,home battery,2844.14993
Link,home battery charger,NO1 0,low voltage,-2902.79837
Link,home battery charger,PL0 0,home battery,2590.02153
Link,home battery charger,PL0 0,low voltage,-2643.42966
Link,home battery charger,PT0 0,home battery,2799.12926
Link,home battery charger,PT0 0,low voltage,-2856.84933
Link,home battery charger,RO0 0,home battery,2626.46177
Link,home battery charger,RO0 0,low voltage,-2680.62132
Link,home battery charger,RS0 0,home battery,2304.89462
Link,home battery charger,RS0 0,low voltage,-2352.42322
Link,home battery charger,SE1 0,home battery,2683.81054
Link,home battery charger,SE1 0,low voltage,-2739.15266
Link,home battery charger,SI0 0,home battery,2244.69312
Link,home battery charger,SI0 0,low voltage,-2290.98032
Link,home battery charger,SK0 0,home battery,2330.09885
Link,home battery charger,SK0 0,low voltage,-2378.14718
Link,home battery charger,XK0 0,home battery,1952.57458
Link,home battery charger,XK0 0,low voltage,-1992.83808
Link,home battery discharger,AL0 0,home battery,-2040.08375
Link,home battery discharger,AL0 0,low voltage,1998.86569
Link,home battery discharger,AT0 0,home battery,-2342.97101
Link,home battery discharger,AT0 0,low voltage,2295.63338
Link,home battery discharger,BA0 0,home battery,-2361.18308
Link,home battery discharger,BA0 0,low voltage,2313.4775
Link,home battery discharger,BE0 0,home battery,-2150.15681
Link,home battery discharger,BE0 0,low voltage,2106.71482
Link,home battery discharger,BG0 0,home battery,-2467.16308
Link,home battery discharger,BG0 0,low voltage,2417.31627
Link,home battery discharger,CH0 0,home battery,-2468.0428
Link,home battery discharger,CH0 0,low voltage,2418.17821
Link,home battery discharger,CZ0 0,home battery,-2500.37041
Link,home battery discharger,CZ0 0,low voltage,2449.85267
Link,home battery discharger,DE0 0,home battery,-2531.75006
Link,home battery discharger,DE0 0,low voltage,2480.59832
Link,home battery discharger,DE0 1,home battery,-2487.17949
Link,home battery discharger,DE0 1,low voltage,2436.92826
Link,home battery discharger,DK0 0,home battery,-2651.13504
Link,home battery discharger,DK0 0,low voltage,2597.57124
Link,home battery discharger,DK1 0,home battery,-2558.38011
Link,home battery discharger,DK1 0,low voltage,2506.69033
Link,home battery discharger,EE0 0,home battery,-2691.81653
Link,home battery discharger,EE0 0,low voltage,2637.43079
Link,home battery discharger,ES0 0,home battery,-2709.40329
Link,home battery discharger,ES0 0,low voltage,2654.66223
Link,home battery discharger,ES6 0,home battery,-2587.98008
Link,home battery discharger,ES6 0,low voltage,2535.69226
Link,home battery discharger,FI1 0,home battery,-2807.36665
Link,home battery discharger,FI1 0,low voltage,2750.64633
Link,home battery discharger,FR0 0,home battery,-2705.01545
Link,home battery discharger,FR0 0,low voltage,2650.36304
Link,home battery discharger,FR5 0,home battery,-2474.16629
Link,home battery discharger,FR5 0,low voltage,2424.17798
Link,home battery discharger,GB2 0,home battery,-2716.98581
Link,home battery discharger,GB2 0,low voltage,2662.09155
Link,home battery discharger,GB3 0,home battery,-2727.88308
Link,home battery discharger,GB3 0,low voltage,2672.76865
Link,home battery discharger,GR0 0,home battery,-2584.7686
Link,home battery discharger,GR0 0,low voltage,2532.54567
Link,home battery discharger,HR0 0,home battery,-2412.92772
Link,home battery discharger,HR0 0,low voltage,2364.17668
Link,home battery discharger,HU0 0,home battery,-2408.10711
Link,home battery discharger,HU0 0,low voltage,2359.45346
Link,home battery discharger,IE3 0,home battery,-2720.999
Link,home battery discharger,IE3 0,low voltage,2666.02366
Link,home battery discharger,IT0 0,home battery,-2499.82609
Link,home battery discharger,IT0 0,low voltage,2449.31935
Link,home battery discharger,IT4 0,home battery,-2449.50161
Link,home battery discharger,IT4 0,low voltage,2400.01163
Link,home battery discharger,LT0 0,home battery,-2573.2486
Link,home battery discharger,LT0 0,low voltage,2521.25842
Link,home battery discharger,LU0 0,home battery,-1977.8459
Link,home battery discharger,LU0 0,low voltage,1937.8853
Link,home battery discharger,LV0 0,home battery,-2659.61297
Link,home battery discharger,LV0 0,low voltage,2605.87787
Link,home battery discharger,ME0 0,home battery,-2146.32984
Link,home battery discharger,ME0 0,low voltage,2102.96517
Link,home battery discharger,MK0 0,home battery,-2092.24343
Link,home battery discharger,MK0 0,low voltage,2049.97153
Link,home battery discharger,NL0 0,home battery,-2719.89493
Link,home battery discharger,NL0 0,low voltage,2664.9419
Link,home battery discharger,NO1 0,home battery,-2844.17048
Link,home battery discharger,NO1 0,low voltage,2786.70657
Link,home battery discharger,PL0 0,home battery,-2590.04202
Link,home battery discharger,PL0 0,low voltage,2537.71254
Link,home battery discharger,PT0 0,home battery,-2799.14964
Link,home battery discharger,PT0 0,low voltage,2742.59533
Link,home battery discharger,RO0 0,home battery,-2626.48214
Link,home battery discharger,RO0 0,low voltage,2573.41642
Link,home battery discharger,RS0 0,home battery,-2304.91685
Link,home battery discharger,RS0 0,low voltage,2258.34807
Link,home battery discharger,SE1 0,home battery,-2683.83267
Link,home battery discharger,SE1 0,low voltage,2629.60824
Link,home battery discharger,SI0 0,home battery,-2244.71556
Link,home battery discharger,SI0 0,low voltage,2199.3631
Link,home battery discharger,SK0 0,home battery,-2330.12118
Link,home battery discharger,SK0 0,low voltage,2283.04317
Link,home battery discharger,XK0 0,home battery,-1952.59717
Link,home battery discharger,XK0 0,low voltage,1913.14669
Link,residential rural air heat pump,AL0 0,low voltage,-36061.23494
Link,residential rural air heat pump,AL0 0,residential rural heat,93277.47978
Link,residential rural air heat pump,AT0 0,low voltage,-127470.54797
Link,residential rural air heat pump,AT0 0,residential rural heat,331115.33426
Link,residential rural air heat pump,BA0 0,low voltage,-103270.38974
Link,residential rural air heat pump,BA0 0,residential rural heat,251755.62344
Link,residential rural air heat pump,BE0 0,low voltage,-2682.51343
Link,residential rural air heat pump,BE0 0,residential rural heat,6907.89594
Link,residential rural air heat pump,BG0 0,low voltage,-61613.49046
Link,residential rural air heat pump,BG0 0,residential rural heat,159129.64601
Link,residential rural air heat pump,CH0 0,low voltage,-97531.59101
Link,residential rural air heat pump,CH0 0,residential rural heat,239926.46172
Link,residential rural air heat pump,CZ0 0,low voltage,-83349.27258
Link,residential rural air heat pump,CZ0 0,residential rural heat,239610.76641
Link,residential rural air heat pump,DE0 0,low voltage,-56066.03863
Link,residential rural air heat pump,DE0 0,residential rural heat,154167.13379
Link,residential rural air heat pump,DE0 1,low voltage,-108337.92361
Link,residential rural air heat pump,DE0 1,residential rural heat,314219.76695
Link,residential rural air heat pump,DK0 0,low voltage,-13972.1783
Link,residential rural air heat pump,DK0 0,residential rural heat,35158.74113
Link,residential rural air heat pump,DK1 0,low voltage,-15048.61527
Link,residential rural air heat pump,DK1 0,residential rural heat,37956.74057
Link,residential rural air heat pump,EE0 0,low voltage,-35602.30977
Link,residential rural air heat pump,EE0 0,residential rural heat,86484.65452
Link,residential rural air heat pump,ES0 0,low voltage,-577690.79345
Link,residential rural air heat pump,ES0 0,residential rural heat,1378774.93801
Link,residential rural air heat pump,ES6 0,low voltage,-27082.40885
Link,residential rural air heat pump,ES6 0,residential rural heat,76028.35829
Link,residential rural air heat pump,FI1 0,low voltage,-70987.89119
Link,residential rural air heat pump,FI1 0,residential rural heat,171013.72014
Link,residential rural air heat pump,FR0 0,low voltage,-553621.6305
Link,residential rural air heat pump,FR0 0,residential rural heat,1289199.91308
Link,residential rural air heat pump,FR5 0,low voltage,-57493.88319
Link,residential rural air heat pump,FR5 0,residential rural heat,147647.44462
Link,residential rural air heat pump,GB2 0,low voltage,-91480.37673
Link,residential rural air heat pump,GB2 0,residential rural heat,220378.59887
Link,residential rural air heat pump,GB3 0,low voltage,-106875.88646
Link,residential rural air heat pump,GB3 0,residential rural heat,269185.97207
Link,residential rural air heat pump,GR0 0,low voltage,-103981.11249
Link,residential rural air heat pump,GR0 0,residential rural heat,258775.5133
Link,residential rural air heat pump,HR0 0,low voltage,-98506.03414
Link,residential rural air heat pump,HR0 0,residential rural heat,236899.19192
Link,residential rural air heat pump,HU0 0,low voltage,-71024.29466
Link,residential rural air heat pump,HU0 0,residential rural heat,192069.07263
Link,residential rural air heat pump,IE3 0,low voltage,-122252.33839
Link,residential rural air heat pump,IE3 0,residential rural heat,307111.36752
Link,residential rural air heat pump,IT0 0,low voltage,-860603.55786
Link,residential rural air heat pump,IT0 0,residential rural heat,2052938.8034
Link,residential rural air heat pump,IT4 0,low voltage,-134976.28904
Link,residential rural air heat pump,IT4 0,residential rural heat,343233.71001
Link,residential rural air heat pump,LT0 0,low voltage,-27924.72393
Link,residential rural air heat pump,LT0 0,residential rural heat,68334.83179
Link,residential rural air heat pump,LU0 0,low voltage,-2889.13419
Link,residential rural air heat pump,LU0 0,residential rural heat,7147.01981
Link,residential rural air heat pump,LV0 0,low voltage,-43429.8244
Link,residential rural air heat pump,LV0 0,residential rural heat,111401.08334
Link,residential rural air heat pump,ME0 0,low voltage,-20978.55294
Link,residential rural air heat pump,ME0 0,residential rural heat,52075.24616
Link,residential rural air heat pump,MK0 0,low voltage,-37105.90245
Link,residential rural air heat pump,MK0 0,residential rural heat,90491.70881
Link,residential rural air heat pump,NL0 0,low voltage,-27717.86755
Link,residential rural air heat pump,NL0 0,residential rural heat,73701.35032
Link,residential rural air heat pump,NO1 0,low voltage,-64370.52773
Link,residential rural air heat pump,NO1 0,residential rural heat,148302.19821
Link,residential rural air heat pump,PL0 0,low voltage,-547072.54894
Link,residential rural air heat pump,PL0 0,residential rural heat,1633901.09636
Link,residential rural air heat pump,PT0 0,low voltage,-273495.23346
Link,residential rural air heat pump,PT0 0,residential rural heat,693818.32827
Link,residential rural air heat pump,RO0 0,low voltage,-156124.08598
Link,residential rural air heat pump,RO0 0,residential rural heat,418434.29447
Link,residential rural air heat pump,RS0 0,low voltage,-94205.98977
Link,residential rural air heat pump,RS0 0,residential rural heat,239723.79633
Link,residential rural air heat pump,SE1 0,low voltage,-87164.89405
Link,residential rural air heat pump,SE1 0,residential rural heat,214481.99503
Link,residential rural air heat pump,SI0 0,low voltage,-68603.9577
Link,residential rural air heat pump,SI0 0,residential rural heat,172466.02445
Link,residential rural air heat pump,SK0 0,low voltage,-76025.97301
Link,residential rural air heat pump,SK0 0,residential rural heat,211110.73913
Link,residential rural air heat pump,XK0 0,low voltage,-26477.77145
Link,residential rural air heat pump,XK0 0,residential rural heat,66652.47224
Link,residential rural ground heat pump,AL0 0,low voltage,-254220.27619
Link,residential rural ground heat pump,AL0 0,residential rural heat,920379.0005
Link,residential rural ground heat pump,AT0 0,low voltage,-6997060.75997
Link,residential rural ground heat pump,AT0 0,residential rural heat,22180379.74245
Link,residential rural ground heat pump,BA0 0,low voltage,-1119007.17305
Link,residential rural ground heat pump,BA0 0,residential rural heat,3821274.23507
Link,residential rural ground heat pump,BE0 0,low voltage,-899479.13299
Link,residential rural ground heat pump,BE0 0,residential rural heat,2990470.36833
Link,residential rural ground heat pump,BG0 0,low voltage,-804853.90852
Link,residential rural ground heat pump,BG0 0,residential rural heat,2828909.86232
Link,residential rural ground heat pump,CH0 0,low voltage,-2946097.87956
Link,residential rural ground heat pump,CH0 0,residential rural heat,9177436.35205
Link,residential rural ground heat pump,CZ0 0,low voltage,-4616693.30654
Link,residential rural ground heat pump,CZ0 0,residential rural heat,14858438.37511
Link,residential rural ground heat pump,DE0 0,low voltage,-12514636.60793
Link,residential rural ground heat pump,DE0 0,residential rural heat,40869201.28059
Link,residential rural ground heat pump,DE0 1,low voltage,-21668343.09638
Link,residential rural ground heat pump,DE0 1,residential rural heat,70101495.94128
Link,residential rural ground heat pump,DK0 0,low voltage,-747731.77225
Link,residential rural ground heat pump,DK0 0,residential rural heat,2357879.03598
Link,residential rural ground heat pump,DK1 0,low voltage,-320178.81808
Link,residential rural ground heat pump,DK1 0,residential rural heat,1009731.77395
Link,residential rural ground heat pump,EE0 0,low voltage,-632737.777
Link,residential rural ground heat pump,EE0 0,residential rural heat,1934045.91914
Link,residential rural ground heat pump,ES0 0,low voltage,-3469123.47806
Link,residential rural ground heat pump,ES0 0,residential rural heat,12891891.67166
Link,residential rural ground heat pump,ES6 0,low voltage,-5358.10342
Link,residential rural ground heat pump,ES6 0,residential rural heat,22844.5665
Link,residential rural ground heat pump,FI1 0,low voltage,-2572043.07475
Link,residential rural ground heat pump,FI1 0,residential rural heat,7667533.26025
Link,residential rural ground heat pump,FR0 0,low voltage,-19805154.13721
Link,residential rural ground heat pump,FR0 0,residential rural heat,68029134.58284
Link,residential rural ground heat pump,FR5 0,low voltage,-378365.87838
Link,residential rural ground heat pump,FR5 0,residential rural heat,1375739.31881
Link,residential rural ground heat pump,GB2 0,low voltage,-11762089.09887
Link,residential rural ground heat pump,GB2 0,residential rural heat,38761312.13048
Link,residential rural ground heat pump,GB3 0,low voltage,-1373642.69509
Link,residential rural ground heat pump,GB3 0,residential rural heat,4548777.57295
Link,residential rural ground heat pump,GR0 0,low voltage,-838699.62674
Link,residential rural ground heat pump,GR0 0,residential rural heat,3201756.76562
Link,residential rural ground heat pump,HR0 0,low voltage,-1744677.7169
Link,residential rural ground heat pump,HR0 0,residential rural heat,6067936.52894
Link,residential rural ground heat pump,HU0 0,low voltage,-3611836.65342
Link,residential rural ground heat pump,HU0 0,residential rural heat,12366931.97378
Link,residential rural ground heat pump,IE3 0,low voltage,-2115403.31358
Link,residential rural ground heat pump,IE3 0,residential rural heat,7094619.49342
Link,residential rural ground heat pump,IT0 0,low voltage,-16235491.15088
Link,residential rural ground heat pump,IT0 0,residential rural heat,58081095.93729
Link,residential rural ground heat pump,IT4 0,low voltage,-1082440.47005
Link,residential rural ground heat pump,IT4 0,residential rural heat,4155980.87595
Link,residential rural ground heat pump,LT0 0,low voltage,-1070206.82257
Link,residential rural ground heat pump,LT0 0,residential rural heat,3331079.14952
Link,residential rural ground heat pump,LU0 0,low voltage,-91488.35687
Link,residential rural ground heat pump,LU0 0,residential rural heat,299270.40339
Link,residential rural ground heat pump,LV0 0,low voltage,-928355.82142
Link,residential rural ground heat pump,LV0 0,residential rural heat,2885992.20032
Link,residential rural ground heat pump,ME0 0,low voltage,-122259.79617
Link,residential rural ground heat pump,ME0 0,residential rural heat,415322.52258
Link,residential rural ground heat pump,MK0 0,low voltage,-348305.35357
Link,residential rural ground heat pump,MK0 0,residential rural heat,1208636.30045
Link,residential rural ground heat pump,NL0 0,low voltage,-1434065.68693
Link,residential rural ground heat pump,NL0 0,residential rural heat,4740796.56139
Link,residential rural ground heat pump,NO1 0,low voltage,-1726838.22899
Link,residential rural ground heat pump,NO1 0,residential rural heat,5077334.39782
Link,residential rural ground heat pump,PL0 0,low voltage,-19854768.69866
Link,residential rural ground heat pump,PL0 0,residential rural heat,63351426.90124
Link,residential rural ground heat pump,PT0 0,low voltage,-775791.18092
Link,residential rural ground heat pump,PT0 0,residential rural heat,3006807.20842
Link,residential rural ground heat pump,RO0 0,low voltage,-6643317.23487
Link,residential rural ground heat pump,RO0 0,residential rural heat,22397713.10176
Link,residential rural ground heat pump,RS0 0,low voltage,-2306238.20197
Link,residential rural ground heat pump,RS0 0,residential rural heat,7994372.41067
Link,residential rural ground heat pump,SE1 0,low voltage,-3231286.59791
Link,residential rural ground heat pump,SE1 0,residential rural heat,9551277.52717
Link,residential rural ground heat pump,SI0 0,low voltage,-1122541.93967
Link,residential rural ground heat pump,SI0 0,residential rural heat,3728124.26562
Link,residential rural ground heat pump,SK0 0,low voltage,-2630509.97493
Link,residential rural ground heat pump,SK0 0,residential rural heat,8536717.72743
Link,residential rural ground heat pump,XK0 0,low voltage,-280461.22335
Link,residential rural ground heat pump,XK0 0,residential rural heat,974148.40411
Link,residential urban decentral air heat pump,AL0 0,low voltage,-259120.02113
Link,residential urban decentral air heat pump,AL0 0,residential urban decentral heat,650242.82483
Link,residential urban decentral air heat pump,AT0 0,low voltage,-5893812.72738
Link,residential urban decentral air heat pump,AT0 0,residential urban decentral heat,12559927.53289
Link,residential urban decentral air heat pump,BA0 0,low voltage,-709021.61942
Link,residential urban decentral air heat pump,BA0 0,residential urban decentral heat,1615355.13924
Link,residential urban decentral air heat pump,BE0 0,low voltage,-11061858.959
Link,residential urban decentral air heat pump,BE0 0,residential urban decentral heat,25012544.93806
Link,residential urban decentral air heat pump,BG0 0,low voltage,-1581761.60758
Link,residential urban decentral air heat pump,BG0 0,residential urban decentral heat,3683632.30014
Link,residential urban decentral air heat pump,CH0 0,low voltage,-7111362.53513
Link,residential urban decentral air heat pump,CH0 0,residential urban decentral heat,14601171.3061
Link,residential urban decentral air heat pump,CZ0 0,low voltage,-7614020.91157
Link,residential urban decentral air heat pump,CZ0 0,residential urban decentral heat,16445753.10072
Link,residential urban decentral air heat pump,DE0 0,low voltage,-50045517.84798
Link,residential urban decentral air heat pump,DE0 0,residential urban decentral heat,111874153.52835
Link,residential urban decentral air heat pump,DE0 1,low voltage,-21292966.36737
Link,residential urban decentral air heat pump,DE0 1,residential urban decentral heat,46761071.65938
Link,residential urban decentral air heat pump,DK0 0,low voltage,-4528744.49233
Link,residential urban decentral air heat pump,DK0 0,residential urban decentral heat,10176889.91948
Link,residential urban decentral air heat pump,DK1 0,low voltage,-2675325.98904
Link,residential urban decentral air heat pump,DK1 0,residential urban decentral heat,6012960.93967
Link,residential urban decentral air heat pump,EE0 0,low voltage,-977471.42959
Link,residential urban decentral air heat pump,EE0 0,residential urban decentral heat,1951226.70047
Link,residential urban decentral air heat pump,ES0 0,low voltage,-9351366.73816
Link,residential urban decentral air heat pump,ES0 0,residential urban decentral heat,23924877.43089
Link,residential urban decentral air heat pump,ES6 0,low voltage,-158845.23879
Link,residential urban decentral air heat pump,ES6 0,residential urban decentral heat,452952.29287
Link,residential urban decentral air heat pump,FI1 0,low voltage,-10031856.222
Link,residential urban decentral air heat pump,FI1 0,residential urban decentral heat,18887927.21518
Link,residential urban decentral air heat pump,FR0 0,low voltage,-50813518.5807
Link,residential urban decentral air heat pump,FR0 0,residential urban decentral heat,118805817.18701
Link,residential urban decentral air heat pump,FR5 0,low voltage,0.0
Link,residential urban decentral air heat pump,FR5 0,residential urban decentral heat,0.0
Link,residential urban decentral air heat pump,GB2 0,low voltage,-40347525.66441
Link,residential urban decentral air heat pump,GB2 0,residential urban decentral heat,95802755.03117
Link,residential urban decentral air heat pump,GB3 0,low voltage,-452956.43878
Link,residential urban decentral air heat pump,GB3 0,residential urban decentral heat,1094258.59662
Link,residential urban decentral air heat pump,GR0 0,low voltage,-2396705.30807
Link,residential urban decentral air heat pump,GR0 0,residential urban decentral heat,6213416.95113
Link,residential urban decentral air heat pump,HR0 0,low voltage,-1534000.2373
Link,residential urban decentral air heat pump,HR0 0,residential urban decentral heat,3545697.9382
Link,residential urban decentral air heat pump,HU0 0,low voltage,-5403945.95473
Link,residential urban decentral air heat pump,HU0 0,residential urban decentral heat,12121514.4434
Link,residential urban decentral air heat pump,IE3 0,low voltage,-2337876.87365
Link,residential urban decentral air heat pump,IE3 0,residential urban decentral heat,5689103.39005
Link,residential urban decentral air heat pump,IT0 0,low voltage,-27632659.25486
Link,residential urban decentral air heat pump,IT0 0,residential urban decentral heat,67257291.94526
Link,residential urban decentral air heat pump,IT4 0,low voltage,-201166.13523
Link,residential urban decentral air heat pump,IT4 0,residential urban decentral heat,521738.69374
Link,residential urban decentral air heat pump,LT0 0,low voltage,-1503638.33226
Link,residential urban decentral air heat pump,LT0 0,residential urban decentral heat,3024095.68668
Link,residential urban decentral air heat pump,LU0 0,low voltage,-618500.23141
Link,residential urban decentral air heat pump,LU0 0,residential urban decentral heat,1355940.94854
Link,residential urban decentral air heat pump,LV0 0,low voltage,-1221304.36754
Link,residential urban decentral air heat pump,LV0 0,residential urban decentral heat,2471552.86456
Link,residential urban decentral air heat pump,ME0 0,low voltage,-149846.24962
Link,residential urban decentral air heat pump,ME0 0,residential urban decentral heat,346416.98159
Link,residential urban decentral air heat pump,MK0 0,low voltage,-338761.04222
Link,residential urban decentral air heat pump,MK0 0,residential urban decentral heat,775597.71954
Link,residential urban decentral air heat pump,NL0 0,low voltage,-14092613.95685
Link,residential urban decentral air heat pump,NL0 0,residential urban decentral heat,32342227.78158
Link,residential urban decentral air heat pump,NO1 0,low voltage,-5427977.89078
Link,residential urban decentral air heat pump,NO1 0,residential urban decentral heat,10575244.68805
Link,residential urban decentral air heat pump,PL0 0,low voltage,-18375177.87477
Link,residential urban decentral air heat pump,PL0 0,residential urban decentral heat,39257335.21109
Link,residential urban decentral air heat pump,PT0 0,low voltage,-1074471.43594
Link,residential urban decentral air heat pump,PT0 0,residential urban decentral heat,2903166.63116
Link,residential urban decentral air heat pump,RO0 0,low voltage,-5030153.56702
Link,residential urban decentral air heat pump,RO0 0,residential urban decentral heat,11068783.9565
Link,residential urban decentral air heat pump,RS0 0,low voltage,-1857631.40457
Link,residential urban decentral air heat pump,RS0 0,residential urban decentral heat,4233711.09767
Link,residential urban decentral air heat pump,SE1 0,low voltage,-14688102.70364
Link,residential urban decentral air heat pump,SE1 0,residential urban decentral heat,28358313.77033
Link,residential urban decentral air heat pump,SI0 0,low voltage,-936728.44354
Link,residential urban decentral air heat pump,SI0 0,residential urban decentral heat,2097597.22804
Link,residential urban decentral air heat pump,SK0 0,low voltage,-2266541.11966
Link,residential urban decentral air heat pump,SK0 0,residential urban decentral heat,4868388.11238
Link,residential urban decentral air heat pump,XK0 0,low voltage,-296562.0621
Link,residential urban decentral air heat pump,XK0 0,residential urban decentral heat,670569.96147
Link,services rural air heat pump,AL0 0,low voltage,-20941.17268
Link,services rural air heat pump,AL0 0,services rural heat,52986.07631
Link,services rural air heat pump,AT0 0,low voltage,-56261.36708
Link,services rural air heat pump,AT0 0,services rural heat,142574.26708
Link,services rural air heat pump,BA0 0,low voltage,-36790.84434
Link,services rural air heat pump,BA0 0,services rural heat,88970.17136
Link,services rural air heat pump,BE0 0,low voltage,-1127.78233
Link,services rural air heat pump,BE0 0,services rural heat,2888.20321
Link,services rural air heat pump,BG0 0,low voltage,-34230.89539
Link,services rural air heat pump,BG0 0,services rural heat,90048.47422
Link,services rural air heat pump,CH0 0,low voltage,-61673.59434
Link,services rural air heat pump,CH0 0,services rural heat,149207.56083
Link,services rural air heat pump,CZ0 0,low voltage,-39058.84821
Link,services rural air heat pump,CZ0 0,services rural heat,104765.61107
Link,services rural air heat pump,DE0 0,low voltage,-48694.16095
Link,services rural air heat pump,DE0 0,services rural heat,131397.19534
Link,services rural air heat pump,DE0 1,low voltage,-64273.65868
Link,services rural air heat pump,DE0 1,services rural heat,181403.89901
Link,services rural air heat pump,DK0 0,low voltage,-4165.355
Link,services rural air heat pump,DK0 0,services rural heat,10380.58855
Link,services rural air heat pump,DK1 0,low voltage,-4503.62462
Link,services rural air heat pump,DK1 0,services rural heat,11188.80062
Link,services rural air heat pump,EE0 0,low voltage,-19641.81077
Link,services rural air heat pump,EE0 0,services rural heat,45884.12549
Link,services rural air heat pump,ES0 0,low voltage,-279280.77454
Link,services rural air heat pump,ES0 0,services rural heat,672447.04407
Link,services rural air heat pump,ES6 0,low voltage,-10603.30314
Link,services rural air heat pump,ES6 0,services rural heat,29672.95203
Link,services rural air heat pump,FI1 0,low voltage,-41324.94348
Link,services rural air heat pump,FI1 0,services rural heat,95043.8497
Link,services rural air heat pump,FR0 0,low voltage,-184361.02672
Link,services rural air heat pump,FR0 0,services rural heat,405671.94349
Link,services rural air heat pump,FR5 0,low voltage,-33046.49604
Link,services rural air heat pump,FR5 0,services rural heat,86763.8454
Link,services rural air heat pump,GB2 0,low voltage,-66695.21589
Link,services rural air heat pump,GB2 0,services rural heat,167715.26297
Link,services rural air heat pump,GB3 0,low voltage,-64963.85802
Link,services rural air heat pump,GB3 0,services rural heat,162510.21119
Link,services rural air heat pump,GR0 0,low voltage,-71261.02308
Link,services rural air heat pump,GR0 0,services rural heat,191492.52186
Link,services rural air heat pump,HR0 0,low voltage,-35433.88853
Link,services rural air heat pump,HR0 0,services rural heat,91425.09768
Link,services rural air heat pump,HU0 0,low voltage,-40879.63804
Link,services rural air heat pump,HU0 0,services rural heat,111714.96529
Link,services rural air heat pump,IE3 0,low voltage,-59453.56463
Link,services rural air heat pump,IE3 0,services rural heat,146453.08272
Link,services rural air heat pump,IT0 0,low voltage,-446607.06913
Link,services rural air heat pump,IT0 0,services rural heat,1022590.62981
Link,services rural air heat pump,IT4 0,low voltage,-90546.98174
Link,services rural air heat pump,IT4 0,services rural heat,236492.04891
Link,services rural air heat pump,LT0 0,low voltage,-10291.37699
Link,services rural air heat pump,LT0 0,services rural heat,24727.89063
Link,services rural air heat pump,LU0 0,low voltage,-1760.68743
Link,services rural air heat pump,LU0 0,services rural heat,4383.27922
Link,services rural air heat pump,LV0 0,low voltage,-26783.80001
Link,services rural air heat pump,LV0 0,services rural heat,64842.43384
Link,services rural air heat pump,ME0 0,low voltage,-2236.95721
Link,services rural air heat pump,ME0 0,services rural heat,5631.73374
Link,services rural air heat pump,MK0 0,low voltage,-20159.844
Link,services rural air heat pump,MK0 0,services rural heat,50368.87154
Link,services rural air heat pump,NL0 0,low voltage,-21666.88985
Link,services rural air heat pump,NL0 0,services rural heat,57179.13725
Link,services rural air heat pump,NO1 0,low voltage,-63988.82135
Link,services rural air heat pump,NO1 0,services rural heat,148640.56308
Link,services rural air heat pump,PL0 0,low voltage,-112357.18312
Link,services rural air heat pump,PL0 0,services rural heat,314647.10752
Link,services rural air heat pump,PT0 0,low voltage,-356959.0198
Link,services rural air heat pump,PT0 0,services rural heat,899002.41026
Link,services rural air heat pump,RO0 0,low voltage,-40068.61522
Link,services rural air heat pump,RO0 0,services rural heat,103718.59547
Link,services rural air heat pump,RS0 0,low voltage,-33768.79462
Link,services rural air heat pump,RS0 0,services rural heat,85654.43411
Link,services rural air heat pump,SE1 0,low voltage,-31872.82955
Link,services rural air heat pump,SE1 0,services rural heat,72527.93038
Link,services rural air heat pump,SI0 0,low voltage,-39898.46521
Link,services rural air heat pump,SI0 0,services rural heat,101451.848
Link,services rural air heat pump,SK0 0,low voltage,-36437.93235
Link,services rural air heat pump,SK0 0,services rural heat,96132.82627
Link,services rural air heat pump,XK0 0,low voltage,-10446.69089
Link,services rural air heat pump,XK0 0,services rural heat,26359.42391
Link,services rural ground heat pump,AL0 0,low voltage,-91252.50748
Link,services rural ground heat pump,AL0 0,services rural heat,326421.03935
Link,services rural ground heat pump,AT0 0,low voltage,-2247373.18816
Link,services rural ground heat pump,AT0 0,services rural heat,7120025.9524
Link,services rural ground heat pump,BA0 0,low voltage,-300716.04326
Link,services rural ground heat pump,BA0 0,services rural heat,1025141.07238
Link,services rural ground heat pump,BE0 0,low voltage,-400556.39449
Link,services rural ground heat pump,BE0 0,services rural heat,1331386.16933
Link,services rural ground heat pump,BG0 0,low voltage,-291887.9013
Link,services rural ground heat pump,BG0 0,services rural heat,1023686.52036
Link,services rural ground heat pump,CH0 0,low voltage,-1307798.7307
Link,services rural ground heat pump,CH0 0,services rural heat,4069704.68027
Link,services rural ground heat pump,CZ0 0,low voltage,-1465842.15475
Link,services rural ground heat pump,CZ0 0,services rural heat,4706170.26283
Link,services rural ground heat pump,DE0 0,low voltage,-4643411.40691
Link,services rural ground heat pump,DE0 0,services rural heat,15131948.71612
Link,services rural ground heat pump,DE0 1,low voltage,-8059291.83961
Link,services rural ground heat pump,DE0 1,services rural heat,26017795.92293
Link,services rural ground heat pump,DK0 0,low voltage,-200479.04949
Link,services rural ground heat pump,DK0 0,services rural heat,627833.60433
Link,services rural ground heat pump,DK1 0,low voltage,-85780.38386
Link,services rural ground heat pump,DK1 0,services rural heat,268225.7937
Link,services rural ground heat pump,EE0 0,low voltage,-211549.84873
Link,services rural ground heat pump,EE0 0,services rural heat,644523.83395
Link,services rural ground heat pump,ES0 0,low voltage,-1487526.58918
Link,services rural ground heat pump,ES0 0,services rural heat,5516713.56131
Link,services rural ground heat pump,ES6 0,low voltage,-3143.79752
Link,services rural ground heat pump,ES6 0,services rural heat,13208.04489
Link,services rural ground heat pump,FI1 0,low voltage,-867689.02334
Link,services rural ground heat pump,FI1 0,services rural heat,2581532.2529
Link,services rural ground heat pump,FR0 0,low voltage,-7192396.09066
Link,services rural ground heat pump,FR0 0,services rural heat,24735378.81624
Link,services rural ground heat pump,FR5 0,low voltage,-127925.3563
Link,services rural ground heat pump,FR5 0,services rural heat,465752.94868
Link,services rural ground heat pump,GB2 0,low voltage,-4099848.69617
Link,services rural ground heat pump,GB2 0,services rural heat,13484712.3601
Link,services rural ground heat pump,GB3 0,low voltage,-461380.48729
Link,services rural ground heat pump,GB3 0,services rural heat,1524869.10352
Link,services rural ground heat pump,GR0 0,low voltage,-384313.14779
Link,services rural ground heat pump,GR0 0,services rural heat,1464399.34435
Link,services rural ground heat pump,HR0 0,low voltage,-378507.55235
Link,services rural ground heat pump,HR0 0,services rural heat,1321780.46764
Link,services rural ground heat pump,HU0 0,low voltage,-1152973.06926
Link,services rural ground heat pump,HU0 0,services rural heat,3943059.66514
Link,services rural ground heat pump,IE3 0,low voltage,-867163.65681
Link,services rural ground heat pump,IE3 0,services rural heat,2901067.03569
Link,services rural ground heat pump,IT0 0,low voltage,-8621813.08047
Link,services rural ground heat pump,IT0 0,services rural heat,30796574.79732
Link,services rural ground heat pump,IT4 0,low voltage,-559857.57693
Link,services rural ground heat pump,IT4 0,services rural heat,2144210.55686
Link,services rural ground heat pump,LT0 0,low voltage,-282163.47776
Link,services rural ground heat pump,LT0 0,services rural heat,881539.74872
Link,services rural ground heat pump,LU0 0,low voltage,-61118.81112
Link,services rural ground heat pump,LU0 0,services rural heat,200251.03885
Link,services rural ground heat pump,LV0 0,low voltage,-353203.96237
Link,services rural ground heat pump,LV0 0,services rural heat,1090399.92757
Link,services rural ground heat pump,ME0 0,low voltage,-14374.42741
Link,services rural ground heat pump,ME0 0,services rural heat,49485.02343
Link,services rural ground heat pump,MK0 0,low voltage,-110837.7432
Link,services rural ground heat pump,MK0 0,services rural heat,384883.83008
Link,services rural ground heat pump,NL0 0,low voltage,-769581.1405
Link,services rural ground heat pump,NL0 0,services rural heat,2538571.68354
Link,services rural ground heat pump,NO1 0,low voltage,-1380163.56205
Link,services rural ground heat pump,NO1 0,services rural heat,4054820.0082
Link,services rural ground heat pump,PL0 0,low voltage,-5608831.6656
Link,services rural ground heat pump,PL0 0,services rural heat,17855388.76919
Link,services rural ground heat pump,PT0 0,low voltage,-696846.65152
Link,services rural ground heat pump,PT0 0,services rural heat,2665148.72313
Link,services rural ground heat pump,RO0 0,low voltage,-1308535.70667
Link,services rural ground heat pump,RO0 0,services rural heat,4422027.39103
Link,services rural ground heat pump,RS0 0,low voltage,-574760.03224
Link,services rural ground heat pump,RS0 0,services rural heat,1987434.96445
Link,services rural ground heat pump,SE1 0,low voltage,-957694.33945
Link,services rural ground heat pump,SE1 0,services rural heat,2832735.04453
Link,services rural ground heat pump,SI0 0,low voltage,-322073.94036
Link,services rural ground heat pump,SI0 0,services rural heat,1067226.73027
Link,services rural ground heat pump,SK0 0,low voltage,-1425309.67091
Link,services rural ground heat pump,SK0 0,services rural heat,4619247.29536
Link,services rural ground heat pump,XK0 0,low voltage,-70793.18881
Link,services rural ground heat pump,XK0 0,services rural heat,246208.26711
Link,services urban decentral air heat pump,AL0 0,low voltage,-100198.05919
Link,services urban decentral air heat pump,AL0 0,services urban decentral heat,243382.99951
Link,services urban decentral air heat pump,AT0 0,low voltage,-1903766.19894
Link,services urban decentral air heat pump,AT0 0,services urban decentral heat,4052051.28074
Link,services urban decentral air heat pump,BA0 0,low voltage,-194705.28371
Link,services urban decentral air heat pump,BA0 0,services urban decentral heat,441854.19351
Link,services urban decentral air heat pump,BE0 0,low voltage,-4927839.95079
Link,services urban decentral air heat pump,BE0 0,services urban decentral heat,11134262.93265
Link,services urban decentral air heat pump,BG0 0,low voltage,-591306.02013
Link,services urban decentral air heat pump,BG0 0,services urban decentral heat,1373004.00092
Link,services urban decentral air heat pump,CH0 0,low voltage,-3198477.566
Link,services urban decentral air heat pump,CH0 0,services urban decentral heat,6541221.95096
Link,services urban decentral air heat pump,CZ0 0,low voltage,-2440935.31428
Link,services urban decentral air heat pump,CZ0 0,services urban decentral heat,5240376.60919
Link,services urban decentral air heat pump,DE0 0,low voltage,-18720796.78358
Link,services urban decentral air heat pump,DE0 0,services urban decentral heat,41624419.687
Link,services urban decentral air heat pump,DE0 1,low voltage,-7967585.50919
Link,services urban decentral air heat pump,DE0 1,services urban decentral heat,17398142.5591
Link,services urban decentral air heat pump,DK0 0,low voltage,-1222374.98524
Link,services urban decentral air heat pump,DK0 0,services urban decentral heat,2714138.34251
Link,services urban decentral air heat pump,DK1 0,low voltage,-722655.35842
Link,services urban decentral air heat pump,DK1 0,services urban decentral heat,1603634.11292
Link,services urban decentral air heat pump,EE0 0,low voltage,-335678.95812
Link,services urban decentral air heat pump,EE0 0,services urban decentral heat,666727.07764
Link,services urban decentral air heat pump,ES0 0,low voltage,-4077099.68434
Link,services urban decentral air heat pump,ES0 0,services urban decentral heat,10376173.2324
Link,services urban decentral air heat pump,ES6 0,low voltage,-69277.9883
Link,services urban decentral air heat pump,ES6 0,services urban decentral heat,196444.53646
Link,services urban decentral air heat pump,FI1 0,low voltage,-3450698.11615
Link,services urban decentral air heat pump,FI1 0,services urban decentral heat,6449533.91722
Link,services urban decentral air heat pump,FR0 0,low voltage,-18361460.7171
Link,services urban decentral air heat pump,FR0 0,services urban decentral heat,43089654.44959
Link,services urban decentral air heat pump,FR5 0,low voltage,0.0
Link,services urban decentral air heat pump,FR5 0,services urban decentral heat,0.0
Link,services urban decentral air heat pump,GB2 0,low voltage,-14188348.14546
Link,services urban decentral air heat pump,GB2 0,services urban decentral heat,33552679.59603
Link,services urban decentral air heat pump,GB3 0,low voltage,-159218.50255
Link,services urban decentral air heat pump,GB3 0,services urban decentral heat,383238.54127
Link,services urban decentral air heat pump,GR0 0,low voltage,-1146234.62553
Link,services urban decentral air heat pump,GR0 0,services urban decentral heat,2973168.79643
Link,services urban decentral air heat pump,HR0 0,low voltage,-338489.9336
Link,services urban decentral air heat pump,HR0 0,services urban decentral heat,794755.05486
Link,services urban decentral air heat pump,HU0 0,low voltage,-1747294.45176
Link,services urban decentral air heat pump,HU0 0,services urban decentral heat,3913528.5574
Link,services urban decentral air heat pump,IE3 0,low voltage,-968333.92427
Link,services urban decentral air heat pump,IE3 0,services urban decentral heat,2342378.74392
Link,services urban decentral air heat pump,IT0 0,low voltage,-14689286.44609
Link,services urban decentral air heat pump,IT0 0,services urban decentral heat,35588347.06196
Link,services urban decentral air heat pump,IT4 0,low voltage,-106982.1971
Link,services urban decentral air heat pump,IT4 0,services urban decentral heat,276071.44403
Link,services urban decentral air heat pump,LT0 0,low voltage,-395981.4755
Link,services urban decentral air heat pump,LT0 0,services urban decentral heat,806209.56265
Link,services urban decentral air heat pump,LU0 0,low voltage,-410961.27488
Link,services urban decentral air heat pump,LU0 0,services urban decentral heat,905536.14237
Link,services urban decentral air heat pump,LV0 0,low voltage,-478765.99524
Link,services urban decentral air heat pump,LV0 0,services urban decentral heat,952575.22033
Link,services urban decentral air heat pump,ME0 0,low voltage,-16897.79158
Link,services urban decentral air heat pump,ME0 0,services urban decentral heat,40850.38896
Link,services urban decentral air heat pump,MK0 0,low voltage,-112776.25388
Link,services urban decentral air heat pump,MK0 0,services urban decentral heat,259851.99333
Link,services urban decentral air heat pump,NL0 0,low voltage,-7631833.35891
Link,services urban decentral air heat pump,NL0 0,services urban decentral heat,17437407.98096
Link,services urban decentral air heat pump,NO1 0,low voltage,-4376583.51642
Link,services urban decentral air heat pump,NO1 0,services urban decentral heat,8506642.82925
Link,services urban decentral air heat pump,PL0 0,low voltage,-5166631.01714
Link,services urban decentral air heat pump,PL0 0,services urban decentral heat,10976434.39202
Link,services urban decentral air heat pump,PT0 0,low voltage,-1067153.65849
Link,services urban decentral air heat pump,PT0 0,services urban decentral heat,2796101.50669
Link,services urban decentral air heat pump,RO0 0,low voltage,-988467.09045
Link,services urban decentral air heat pump,RO0 0,services urban decentral heat,2195572.44686
Link,services urban decentral air heat pump,RS0 0,low voltage,-470418.32411
Link,services urban decentral air heat pump,RS0 0,services urban decentral heat,1065916.81376
Link,services urban decentral air heat pump,SE1 0,low voltage,-4355706.45803
Link,services urban decentral air heat pump,SE1 0,services urban decentral heat,8436451.75172
Link,services urban decentral air heat pump,SI0 0,low voltage,-281605.50202
Link,services urban decentral air heat pump,SI0 0,services urban decentral heat,628473.32428
Link,services urban decentral air heat pump,SK0 0,low voltage,-1226496.95685
Link,services urban decentral air heat pump,SK0 0,services urban decentral heat,2624228.47193
Link,services urban decentral air heat pump,XK0 0,low voltage,-76849.51729
Link,services urban decentral air heat pump,XK0 0,services urban decentral heat,175610.63814
Link,urban central air heat pump,AL0 0,low voltage,-467637.7561
Link,urban central air heat pump,AL0 0,urban central heat,1541504.54699
Link,urban central air heat pump,AT0 0,low voltage,-9919008.54377
Link,urban central air heat pump,AT0 0,urban central heat,28655663.45225
Link,urban central air heat pump,BA0 0,low voltage,-1170534.96265
Link,urban central air heat pump,BA0 0,urban central heat,3548686.09899
Link,urban central air heat pump,BE0 0,low voltage,-20620483.63235
Link,urban central air heat pump,BE0 0,urban central heat,62353243.57569
Link,urban central air heat pump,BG0 0,low voltage,-2814042.08616
Link,urban central air heat pump,BG0 0,urban central heat,8722697.61795
Link,urban central air heat pump,CH0 0,low voltage,-12931906.44027
Link,urban central air heat pump,CH0 0,urban central heat,36470628.36714
Link,urban central air heat pump,CZ0 0,low voltage,-14456168.5435
Link,urban central air heat pump,CZ0 0,urban central heat,37408573.74832
Link,urban central air heat pump,DE0 0,low voltage,-89269006.10972
Link,urban central air heat pump,DE0 0,urban central heat,264785038.79651
Link,urban central air heat pump,DE0 1,low voltage,-37837603.28471
Link,urban central air heat pump,DE0 1,urban central heat,110674644.52687
Link,urban central air heat pump,DK0 0,low voltage,-5882049.15038
Link,urban central air heat pump,DK0 0,urban central heat,22237023.75192
Link,urban central air heat pump,DK1 0,low voltage,-3481089.7792
Link,urban central air heat pump,DK1 0,urban central heat,13138626.46572
Link,urban central air heat pump,EE0 0,low voltage,-1625485.04392
Link,urban central air heat pump,EE0 0,urban central heat,4515970.26599
Link,urban central air heat pump,ES0 0,low voltage,-17425156.10446
Link,urban central air heat pump,ES0 0,urban central heat,59169312.39416
Link,urban central air heat pump,ES6 0,low voltage,-295641.33598
Link,urban central air heat pump,ES6 0,urban central heat,1120209.52928
Link,urban central air heat pump,FI1 0,low voltage,-16956696.86211
Link,urban central air heat pump,FI1 0,urban central heat,43707120.45212
Link,urban central air heat pump,FR0 0,low voltage,-91152688.23702
Link,urban central air heat pump,FR0 0,urban central heat,279269688.57314
Link,urban central air heat pump,GB2 0,low voltage,-70907833.03856
Link,urban central air heat pump,GB2 0,urban central heat,223138124.7319
Link,urban central air heat pump,GB3 0,low voltage,-794806.77548
Link,urban central air heat pump,GB3 0,urban central heat,2548682.56285
Link,urban central air heat pump,GR0 0,low voltage,-4596574.87148
Link,urban central air heat pump,GR0 0,urban central heat,15846860.41453
Link,urban central air heat pump,HR0 0,low voltage,-2436524.01108
Link,urban central air heat pump,HR0 0,urban central heat,7487281.41169
Link,urban central air heat pump,HU0 0,low voltage,-9268932.52564
Link,urban central air heat pump,HU0 0,urban central heat,27660449.17506
Link,urban central air heat pump,IE3 0,low voltage,-4287645.3659
Link,urban central air heat pump,IE3 0,urban central heat,13854306.67963
Link,urban central air heat pump,IT0 0,low voltage,-48828478.42208
Link,urban central air heat pump,IT0 0,urban central heat,177408727.28617
Link,urban central air heat pump,IT4 0,low voltage,-348655.52319
Link,urban central air heat pump,IT4 0,urban central heat,1376222.48635
Link,urban central air heat pump,LT0 0,low voltage,-2366266.24171
Link,urban central air heat pump,LT0 0,urban central heat,6607276.55373
Link,urban central air heat pump,LU0 0,low voltage,-1322435.2994
Link,urban central air heat pump,LU0 0,urban central heat,3901047.98053
Link,urban central air heat pump,LV0 0,low voltage,-2106139.4761
Link,urban central air heat pump,LV0 0,urban central heat,5906620.94552
Link,urban central air heat pump,ME0 0,low voltage,-216105.63925
Link,urban central air heat pump,ME0 0,urban central heat,668036.2129
Link,urban central air heat pump,MK0 0,low voltage,-585225.36716
Link,urban central air heat pump,MK0 0,urban central heat,1786150.7534
Link,urban central air heat pump,NL0 0,low voltage,-28038568.42657
Link,urban central air heat pump,NL0 0,urban central heat,85869871.69037
Link,urban central air heat pump,NO1 0,low voltage,-12063065.59821
Link,urban central air heat pump,NO1 0,urban central heat,32916255.96735
Link,urban central air heat pump,PL0 0,low voltage,-33657949.3141
Link,urban central air heat pump,PL0 0,urban central heat,86653252.56535
Link,urban central air heat pump,PT0 0,low voltage,-2759682.2988
Link,urban central air heat pump,PT0 0,urban central heat,9831237.53778
Link,urban central air heat pump,RO0 0,low voltage,-7736130.69728
Link,urban central air heat pump,RO0 0,urban central heat,22881014.79579
Link,urban central air heat pump,RS0 0,low voltage,-3014169.21903
Link,urban central air heat pump,RS0 0,urban central heat,9141858.14594
Link,urban central air heat pump,SE1 0,low voltage,-22651515.1575
Link,urban central air heat pump,SE1 0,urban central heat,63470970.52421
Link,urban central air heat pump,SI0 0,low voltage,-1577347.53665
Link,urban central air heat pump,SI0 0,urban central heat,4702471.70144
Link,urban central air heat pump,SK0 0,low voltage,-4470457.9286
Link,urban central air heat pump,SK0 0,urban central heat,12924763.60664
Link,urban central air heat pump,XK0 0,low voltage,-483120.04868
Link,urban central air heat pump,XK0 0,urban central heat,1459661.53302
Load,electricity,AL0 0,low voltage,-4318628.45575
Load,electricity,AT0 0,low voltage,-58554492.84121
Load,electricity,BA0 0,low voltage,-7871855.72685
Load,electricity,BE0 0,low voltage,-73330247.64067
Load,electricity,BG0 0,low voltage,-29478666.99285
Load,electricity,CH0 0,low voltage,-37351995.6871
Load,electricity,CZ0 0,low voltage,-50928214.5278
Load,electricity,DE0 0,low voltage,-264220212.04058
Load,electricity,DE0 1,low voltage,-191752403.8936
Load,electricity,DK0 0,low voltage,-12617660.14802
Load,electricity,DK1 0,low voltage,-15089287.76626
Load,electricity,EE0 0,low voltage,-6407070.47174
Load,electricity,ES0 0,low voltage,-210915643.68018
Load,electricity,ES6 0,low voltage,-11377218.62223
Load,electricity,FI1 0,low voltage,-62039628.6686
Load,electricity,FR0 0,low voltage,-335449357.7366
Load,electricity,FR5 0,low voltage,-5920796.53585
Load,electricity,GB2 0,low voltage,-262762065.94199
Load,electricity,GB3 0,low voltage,-11048997.99448
Load,electricity,GR0 0,low voltage,-36347440.72144
Load,electricity,HR0 0,low voltage,-13723484.60559
Load,electricity,HU0 0,low voltage,-33374614.54792
Load,electricity,IE3 0,low voltage,-17324353.5268
Load,electricity,IT0 0,low voltage,-248085882.44237
Load,electricity,IT4 0,low voltage,-8697539.34585
Load,electricity,LT0 0,low voltage,-9695866.14902
Load,electricity,LU0 0,low voltage,-4760064.82962
Load,electricity,LV0 0,low voltage,-6047058.05139
Load,electricity,ME0 0,low voltage,-2577290.9719
Load,electricity,MK0 0,low voltage,-6004012.31259
Load,electricity,NL0 0,low voltage,-98715925.38123
Load,electricity,NO1 0,low voltage,-75043574.1169
Load,electricity,PL0 0,low voltage,-125975241.6039
Load,electricity,PT0 0,low voltage,-42598925.53495
Load,electricity,RO0 0,low voltage,-47707590.23154
Load,electricity,RS0 0,low voltage,-31054358.84176
Load,electricity,SE1 0,low voltage,-97090207.69077
Load,electricity,SI0 0,low voltage,-10295597.75502
Load,electricity,SK0 0,low voltage,-21400471.96242
Load,electricity,XK0 0,low voltage,-5736328.57961
Load,land transport EV,AL0 0,EV battery,-2065783.08993
Load,land transport EV,AT0 0,EV battery,-21937529.81597
Load,land transport EV,BA0 0,EV battery,-3451087.27114
Load,land transport EV,BE0 0,EV battery,-29297109.36508
Load,land transport EV,BG0 0,EV battery,-8181528.17808
Load,land transport EV,CH0 0,EV battery,-12947431.59825
Load,land transport EV,CZ0 0,EV battery,-20701638.11463
Load,land transport EV,DE0 0,EV battery,-105879331.27049
Load,land transport EV,DE0 1,EV battery,-61926835.31112
Load,land transport EV,DK0 0,EV battery,-8670526.68719
Load,land transport EV,DK1 0,EV battery,-5005803.81196
Load,land transport EV,EE0 0,EV battery,-2457985.82986
Load,land transport EV,ES0 0,EV battery,-80888491.17308
Load,land transport EV,ES6 0,EV battery,-1318871.89051
Load,land transport EV,FI1 0,EV battery,-13578014.03547
Load,land transport EV,FR0 0,EV battery,-135122133.70225
Load,land transport EV,FR5 0,EV battery,-552774.60524
Load,land transport EV,GB2 0,EV battery,-101285209.81227
Load,land transport EV,GB3 0,EV battery,-2742750.28029
Load,land transport EV,GR0 0,EV battery,-15633373.38106
Load,land transport EV,HR0 0,EV battery,-6519035.05193
Load,land transport EV,HU0 0,EV battery,-14019587.53452
Load,land transport EV,IE3 0,EV battery,-10939556.90996
Load,land transport EV,IT0 0,EV battery,-104566903.94371
Load,land transport EV,IT4 0,EV battery,-2611729.35423
Load,land transport EV,LT0 0,EV battery,-6895903.77038
Load,land transport EV,LU0 0,EV battery,-3076474.33027
Load,land transport EV,LV0 0,EV battery,-3281618.21923
Load,land transport EV,ME0 0,EV battery,-693838.59121
Load,land transport EV,MK0 0,EV battery,-1978837.49092
Load,land transport EV,NL0 0,EV battery,-36084052.35319
Load,land transport EV,NO1 0,EV battery,-9295337.60282
Load,land transport EV,PL0 0,EV battery,-64121892.19059
Load,land transport EV,PT0 0,EV battery,-19447466.53214
Load,land transport EV,RO0 0,EV battery,-20407576.75639
Load,land transport EV,RS0 0,EV battery,-5902565.28072
Load,land transport EV,SE1 0,EV battery,-21150381.43059
Load,land transport EV,SI0 0,EV battery,-5781916.66473
Load,land transport EV,SK0 0,EV battery,-8955376.97818
Load,land transport EV,XK0 0,EV battery,-1117190.1877
Load,residential rural heat,AL0 0,residential rural heat,-1013656.48029
Load,residential rural heat,AT0 0,residential rural heat,-22511495.07671
Load,residential rural heat,BA0 0,residential rural heat,-4073029.85851
Load,residential rural heat,BE0 0,residential rural heat,-2997378.26427
Load,residential rural heat,BG0 0,residential rural heat,-2988039.50833
Load,residential rural heat,CH0 0,residential rural heat,-9417362.81377
Load,residential rural heat,CZ0 0,residential rural heat,-15098049.14152
Load,residential rural heat,DE0 0,residential rural heat,-41023368.41438
Load,residential rural heat,DE0 1,residential rural heat,-70415715.70823
Load,residential rural heat,DK0 0,residential rural heat,-2393037.77711
Load,residential rural heat,DK1 0,residential rural heat,-1047688.51452
Load,residential rural heat,EE0 0,residential rural heat,-2020530.57366
Load,residential rural heat,ES0 0,residential rural heat,-14270666.60967
Load,residential rural heat,ES6 0,residential rural heat,-98872.92478
Load,residential rural heat,FI1 0,residential rural heat,-7838546.98039
Load,residential rural heat,FR0 0,residential rural heat,-69318334.49592
Load,residential rural heat,FR5 0,residential rural heat,-1523386.76343
Load,residential rural heat,GB2 0,residential rural heat,-38981690.72935
Load,residential rural heat,GB3 0,residential rural heat,-4817963.54502
Load,residential rural heat,GR0 0,residential rural heat,-3460532.27892
Load,residential rural heat,HR0 0,residential rural heat,-6304835.72086
Load,residential rural heat,HU0 0,residential rural heat,-12559001.04641
Load,residential rural heat,IE3 0,residential rural heat,-7401730.86094
Load,residential rural heat,IT0 0,residential rural heat,-60134034.74067
Load,residential rural heat,IT4 0,residential rural heat,-4499214.58596
Load,residential rural heat,LT0 0,residential rural heat,-3399413.98131
Load,residential rural heat,LU0 0,residential rural heat,-306417.4232
Load,residential rural heat,LV0 0,residential rural heat,-2997393.28366
Load,residential rural heat,ME0 0,residential rural heat,-467397.76874
Load,residential rural heat,MK0 0,residential rural heat,-1299128.00926
Load,residential rural heat,NL0 0,residential rural heat,-4814497.91171
Load,residential rural heat,NO1 0,residential rural heat,-5225636.59602
Load,residential rural heat,PL0 0,residential rural heat,-64985327.99762
Load,residential rural heat,PT0 0,residential rural heat,-3700625.53669
Load,residential rural heat,RO0 0,residential rural heat,-22816147.39623
Load,residential rural heat,RS0 0,residential rural heat,-8234096.20701
Load,residential rural heat,SE1 0,residential rural heat,-9765759.5222
Load,residential rural heat,SI0 0,residential rural heat,-3900590.29007
Load,residential rural heat,SK0 0,residential rural heat,-8747828.46656
Load,residential rural heat,XK0 0,residential rural heat,-1040800.87635
Load,residential urban decentral heat,AL0 0,residential urban decentral heat,-650242.82483
Load,residential urban decentral heat,AT0 0,residential urban decentral heat,-12559927.53289
Load,residential urban decentral heat,BA0 0,residential urban decentral heat,-1615355.13924
Load,residential urban decentral heat,BE0 0,residential urban decentral heat,-25012544.93807
Load,residential urban decentral heat,BG0 0,residential urban decentral heat,-3683632.30014
Load,residential urban decentral heat,CH0 0,residential urban decentral heat,-14601171.3061
Load,residential urban decentral heat,CZ0 0,residential urban decentral heat,-16445753.10072
Load,residential urban decentral heat,DE0 0,residential urban decentral heat,-111874153.52836
Load,residential urban decentral heat,DE0 1,residential urban decentral heat,-46761071.65939
Load,residential urban decentral heat,DK0 0,residential urban decentral heat,-10176889.91948
Load,residential urban decentral heat,DK1 0,residential urban decentral heat,-6012960.93967
Load,residential urban decentral heat,EE0 0,residential urban decentral heat,-1951226.70047
Load,residential urban decentral heat,ES0 0,residential urban decentral heat,-23924877.43089
Load,residential urban decentral heat,ES6 0,residential urban decentral heat,-452952.29287
Load,residential urban decentral heat,FI1 0,residential urban decentral heat,-18887927.21518
Load,residential urban decentral heat,FR0 0,residential urban decentral heat,-118805817.18702
Load,residential urban decentral heat,FR5 0,residential urban decentral heat,0.0
Load,residential urban decentral heat,GB2 0,residential urban decentral heat,-95802755.03116
Load,residential urban decentral heat,GB3 0,residential urban decentral heat,-1094258.59662
Load,residential urban decentral heat,GR0 0,residential urban decentral heat,-6213416.95113
Load,residential urban decentral heat,HR0 0,residential urban decentral heat,-3545697.9382
Load,residential urban decentral heat,HU0 0,residential urban decentral heat,-12121514.4434
Load,residential urban decentral heat,IE3 0,residential urban decentral heat,-5689103.39005
Load,residential urban decentral heat,IT0 0,residential urban decentral heat,-67257291.94527
Load,residential urban decentral heat,IT4 0,residential urban decentral heat,-521738.69374
Load,residential urban decentral heat,LT0 0,residential urban decentral heat,-3024095.68668
Load,residential urban decentral heat,LU0 0,residential urban decentral heat,-1355940.94854
Load,residential urban decentral heat,LV0 0,residential urban decentral heat,-2471552.86456
Load,residential urban decentral heat,ME0 0,residential urban decentral heat,-346416.98159
Load,residential urban decentral heat,MK0 0,residential urban decentral heat,-775597.71954
Load,residential urban decentral heat,NL0 0,residential urban decentral heat,-32342227.78158
Load,residential urban decentral heat,NO1 0,residential urban decentral heat,-10575244.68805
Load,residential urban decentral heat,PL0 0,residential urban decentral heat,-39257335.21109
Load,residential urban decentral heat,PT0 0,residential urban decentral heat,-2903166.63116
Load,residential urban decentral heat,RO0 0,residential urban decentral heat,-11068783.9565
Load,residential urban decentral heat,RS0 0,residential urban decentral heat,-4233711.09767
Load,residential urban decentral heat,SE1 0,residential urban decentral heat,-28358313.77033
Load,residential urban decentral heat,SI0 0,residential urban decentral heat,-2097597.22804
Load,residential urban decentral heat,SK0 0,residential urban decentral heat,-4868388.11238
Load,residential urban decentral heat,XK0 0,residential urban decentral heat,-670569.96147
Load,services rural heat,AL0 0,services rural heat,-379407.11566
Load,services rural heat,AT0 0,services rural heat,-7262600.21948
Load,services rural heat,BA0 0,services rural heat,-1114111.24374
Load,services rural heat,BE0 0,services rural heat,-1334274.37254
Load,services rural heat,BG0 0,services rural heat,-1113734.99459
Load,services rural heat,CH0 0,services rural heat,-4218912.24109
Load,services rural heat,CZ0 0,services rural heat,-4810935.8739
Load,services rural heat,DE0 0,services rural heat,-15263345.91146
Load,services rural heat,DE0 1,services rural heat,-26199199.82194
Load,services rural heat,DK0 0,services rural heat,-638214.19287
Load,services rural heat,DK1 0,services rural heat,-279414.59432
Load,services rural heat,EE0 0,services rural heat,-690407.95943
Load,services rural heat,ES0 0,services rural heat,-6189160.60538
Load,services rural heat,ES6 0,services rural heat,-42880.99693
Load,services rural heat,FI1 0,services rural heat,-2676576.1026
Load,services rural heat,FR0 0,services rural heat,-25141050.75973
Load,services rural heat,FR5 0,services rural heat,-552516.79407
Load,services rural heat,GB2 0,services rural heat,-13652427.62307
Load,services rural heat,GB3 0,services rural heat,-1687379.3147
Load,services rural heat,GR0 0,services rural heat,-1655891.86621
Load,services rural heat,HR0 0,services rural heat,-1413205.56532
Load,services rural heat,HU0 0,services rural heat,-4054774.63044
Load,services rural heat,IE3 0,services rural heat,-3047520.11841
Load,services rural heat,IT0 0,services rural heat,-31819165.42712
Load,services rural heat,IT4 0,services rural heat,-2380702.60578
Load,services rural heat,LT0 0,services rural heat,-906267.63935
Load,services rural heat,LU0 0,services rural heat,-204634.31808
Load,services rural heat,LV0 0,services rural heat,-1155242.3614
Load,services rural heat,ME0 0,services rural heat,-55116.75717
Load,services rural heat,MK0 0,services rural heat,-435252.70162
Load,services rural heat,NL0 0,services rural heat,-2595750.82078
Load,services rural heat,NO1 0,services rural heat,-4203460.57128
Load,services rural heat,PL0 0,services rural heat,-18170035.87671
Load,services rural heat,PT0 0,services rural heat,-3564151.13339
Load,services rural heat,RO0 0,services rural heat,-4525745.9865
Load,services rural heat,RS0 0,services rural heat,-2073089.39857
Load,services rural heat,SE1 0,services rural heat,-2905262.97491
Load,services rural heat,SI0 0,services rural heat,-1168678.57827
Load,services rural heat,SK0 0,services rural heat,-4715380.12163
Load,services rural heat,XK0 0,services rural heat,-272567.69102
Load,services urban decentral heat,AL0 0,services urban decentral heat,-243382.99951
Load,services urban decentral heat,AT0 0,services urban decentral heat,-4052051.28074
Load,services urban decentral heat,BA0 0,services urban decentral heat,-441854.19351
Load,services urban decentral heat,BE0 0,services urban decentral heat,-11134262.93265
Load,services urban decentral heat,BG0 0,services urban decentral heat,-1373004.00092
Load,services urban decentral heat,CH0 0,services urban decentral heat,-6541221.95096
Load,services urban decentral heat,CZ0 0,services urban decentral heat,-5240376.60919
Load,services urban decentral heat,DE0 0,services urban decentral heat,-41624419.687
Load,services urban decentral heat,DE0 1,services urban decentral heat,-17398142.5591
Load,services urban decentral heat,DK0 0,services urban decentral heat,-2714138.34251
Load,services urban decentral heat,DK1 0,services urban decentral heat,-1603634.11292
Load,services urban decentral heat,EE0 0,services urban decentral heat,-666727.07764
Load,services urban decentral heat,ES0 0,services urban decentral heat,-10376173.23239
Load,services urban decentral heat,ES6 0,services urban decentral heat,-196444.53646
Load,services urban decentral heat,FI1 0,services urban decentral heat,-6449533.91722
Load,services urban decentral heat,FR0 0,services urban decentral heat,-43089654.44959
Load,services urban decentral heat,FR5 0,services urban decentral heat,0.0
Load,services urban decentral heat,GB2 0,services urban decentral heat,-33552679.59603
Load,services urban decentral heat,GB3 0,services urban decentral heat,-383238.54127
Load,services urban decentral heat,GR0 0,services urban decentral heat,-2973168.79643
Load,services urban decentral heat,HR0 0,services urban decentral heat,-794755.05486
Load,services urban decentral heat,HU0 0,services urban decentral heat,-3913528.5574
Load,services urban decentral heat,IE3 0,services urban decentral heat,-2342378.74392
Load,services urban decentral heat,IT0 0,services urban decentral heat,-35588347.06196
Load,services urban decentral heat,IT4 0,services urban decentral heat,-276071.44403
Load,services urban decentral heat,LT0 0,services urban decentral heat,-806209.56265
Load,services urban decentral heat,LU0 0,services urban decentral heat,-905536.14237
Load,services urban decentral heat,LV0 0,services urban decentral heat,-952575.22033
Load,services urban decentral heat,ME0 0,services urban decentral heat,-40850.38896
Load,services urban decentral heat,MK0 0,services urban decentral heat,-259851.99333
Load,services urban decentral heat,NL0 0,services urban decentral heat,-17437407.98096
Load,services urban decentral heat,NO1 0,services urban decentral heat,-8506642.82925
Load,services urban decentral heat,PL0 0,services urban decentral heat,-10976434.39202
Load,services urban decentral heat,PT0 0,services urban decentral heat,-2796101.50669
Load,services urban decentral heat,RO0 0,services urban decentral heat,-2195572.44686
Load,services urban decentral heat,RS0 0,services urban decentral heat,-1065916.81376
Load,services urban decentral heat,SE1 0,services urban decentral heat,-8436451.75172
Load,services urban decentral heat,SI0 0,services urban decentral heat,-628473.32428
Load,services urban decentral heat,SK0 0,services urban decentral heat,-2624228.47193
Load,services urban decentral heat,XK0 0,services urban decentral heat,-175610.63814
Load,urban central heat,AL0 0,urban central heat,-1541504.54699
Load,urban central heat,AT0 0,urban central heat,-28655663.45352
Load,urban central heat,BA0 0,urban central heat,-3548686.09899
Load,urban central heat,BE0 0,urban central heat,-62353243.57698
Load,urban central heat,BG0 0,urban central heat,-8722697.61933
Load,urban central heat,CH0 0,urban central heat,-36470628.36844
Load,urban central heat,CZ0 0,urban central heat,-37408573.74959
Load,urban central heat,DE0 0,urban central heat,-264785038.7965
Load,urban central heat,DE0 1,urban central heat,-110674644.52689
Load,urban central heat,DK0 0,urban central heat,-22237023.75193
Load,urban central heat,DK1 0,urban central heat,-13138626.46572
Load,urban central heat,EE0 0,urban central heat,-4515970.26725
Load,urban central heat,ES0 0,urban central heat,-59169312.39416
Load,urban central heat,ES6 0,urban central heat,-1120209.53061
Load,urban central heat,FI1 0,urban central heat,-43707120.45339
Load,urban central heat,FR0 0,urban central heat,-279269688.57314
Load,urban central heat,GB2 0,urban central heat,-223138124.73191
Load,urban central heat,GB3 0,urban central heat,-2548682.56285
Load,urban central heat,GR0 0,urban central heat,-15846860.41453
Load,urban central heat,HR0 0,urban central heat,-7487281.41303
Load,urban central heat,HU0 0,urban central heat,-27660449.17638
Load,urban central heat,IE3 0,urban central heat,-13854306.6811
Load,urban central heat,IT0 0,urban central heat,-177408727.28746
Load,urban central heat,IT4 0,urban central heat,-1376222.48766
Load,urban central heat,LT0 0,urban central heat,-6607276.55509
Load,urban central heat,LU0 0,urban central heat,-3901047.98182
Load,urban central heat,LV0 0,urban central heat,-5906620.94643
Load,urban central heat,ME0 0,urban central heat,-668036.21421
Load,urban central heat,MK0 0,urban central heat,-1786150.75471
Load,urban central heat,NL0 0,urban central heat,-85869871.69038
Load,urban central heat,NO1 0,urban central heat,-32916255.96735
Load,urban central heat,PL0 0,urban central heat,-86653252.56537
Load,urban central heat,PT0 0,urban central heat,-9831237.53779
Load,urban central heat,RO0 0,urban central heat,-22881014.79579
Load,urban central heat,RS0 0,urban central heat,-9141858.14722
Load,urban central heat,SE1 0,urban central heat,-63470970.52552
Load,urban central heat,SI0 0,urban central heat,-4702471.70276
Load,urban central heat,SK0 0,urban central heat,-12924763.60793
Load,urban central heat,XK0 0,urban central heat,-1459661.53433
StorageUnit,PHS,AT0 0,AC,-1401399.49388
StorageUnit,PHS,BA0 0,AC,-17171.11559
StorageUnit,PHS,BE0 0,AC,-30096.31859
StorageUnit,PHS,BG0 0,AC,-124544.15948
StorageUnit,PHS,CH0 0,AC,-527671.65448
StorageUnit,PHS,CZ0 0,AC,-22226.44513
StorageUnit,PHS,DE0 0,AC,-55176.43677
StorageUnit,PHS,DE0 1,AC,-51337.97217
StorageUnit,PHS,ES0 0,AC,-2066509.09178
StorageUnit,PHS,ES6 0,AC,-136334.79604
StorageUnit,PHS,FR0 0,AC,-276316.19788
StorageUnit,PHS,GB3 0,AC,-37389.52306
StorageUnit,PHS,GR0 0,AC,-41064.49317
StorageUnit,PHS,HR0 0,AC,-45526.96739
StorageUnit,PHS,IE3 0,AC,-26614.04223
StorageUnit,PHS,IT0 0,AC,-891964.61695
StorageUnit,PHS,IT4 0,AC,-65529.22317
StorageUnit,PHS,LT0 0,AC,-52273.67686
StorageUnit,PHS,LU0 0,AC,-35478.90711
StorageUnit,PHS,ME0 0,AC,-22503.1041
StorageUnit,PHS,NO1 0,AC,-86112.64944
StorageUnit,PHS,PL0 0,AC,-76643.29968
StorageUnit,PHS,PT0 0,AC,-869610.3748
StorageUnit,PHS,RS0 0,AC,-29854.14349
StorageUnit,PHS,SE1 0,AC,-43592.80194
StorageUnit,PHS,SI0 0,AC,-17371.86292
StorageUnit,PHS,SK0 0,AC,-34284.32053
StorageUnit,hydro,AL0 0,AC,5448869.08444
StorageUnit,hydro,AT0 0,AC,17788645.68606
StorageUnit,hydro,BA0 0,AC,6424240.51527
StorageUnit,hydro,BE0 0,AC,51793.69187
StorageUnit,hydro,BG0 0,AC,3388858.95064
StorageUnit,hydro,CH0 0,AC,23058646.78786
StorageUnit,hydro,CZ0 0,AC,2278034.58038
StorageUnit,hydro,ES0 0,AC,29277255.81234
StorageUnit,hydro,ES6 0,AC,2875386.69358
StorageUnit,hydro,FI1 0,AC,5015394.16188
StorageUnit,hydro,FR0 0,AC,25932010.2074
StorageUnit,hydro,FR5 0,AC,9693434.93385
StorageUnit,hydro,GB3 0,AC,227393.72827
StorageUnit,hydro,GR0 0,AC,5454394.788
StorageUnit,hydro,HR0 0,AC,6419755.24258
StorageUnit,hydro,HU0 0,AC,99243.30803
StorageUnit,hydro,IE3 0,AC,1777.80013
StorageUnit,hydro,IT0 0,AC,15911466.50348
StorageUnit,hydro,IT4 0,AC,369060.09482
StorageUnit,hydro,ME0 0,AC,1696442.58831
StorageUnit,hydro,MK0 0,AC,893353.06339
StorageUnit,hydro,NO1 0,AC,110794838.05321
StorageUnit,hydro,PL0 0,AC,951113.50454
StorageUnit,hydro,PT0 0,AC,5024974.19247
StorageUnit,hydro,RO0 0,AC,7502350.61948
StorageUnit,hydro,RS0 0,AC,2855803.77227
StorageUnit,hydro,SE1 0,AC,48909162.02477
StorageUnit,hydro,SI0 0,AC,2166955.51567
StorageUnit,hydro,SK0 0,AC,719238.46458
StorageUnit,hydro,XK0 0,AC,59440.97931
Store,EV battery,AL0 0,EV battery,0.0
Store,EV battery,AT0 0,EV battery,0.0
Store,EV battery,BA0 0,EV battery,0.0
Store,EV battery,BE0 0,EV battery,-0.0
Store,EV battery,BG0 0,EV battery,-0.0
Store,EV battery,CH0 0,EV battery,-0.0
Store,EV battery,CZ0 0,EV battery,-0.0
Store,EV battery,DE0 0,EV battery,0.0
Store,EV battery,DE0 1,EV battery,0.0
Store,EV battery,DK0 0,EV battery,0.0
Store,EV battery,DK1 0,EV battery,0.0
Store,EV battery,EE0 0,EV battery,0.0
Store,EV battery,ES0 0,EV battery,-0.0
Store,EV battery,ES6 0,EV battery,0.0
Store,EV battery,FI1 0,EV battery,-0.0
Store,EV battery,FR0 0,EV battery,0.0
Store,EV battery,FR5 0,EV battery,0.0
Store,EV battery,GB2 0,EV battery,-0.0
Store,EV battery,GB3 0,EV battery,0.0
Store,EV battery,GR0 0,EV battery,0.0
Store,EV battery,HR0 0,EV battery,-0.0
Store,EV battery,HU0 0,EV battery,0.0
Store,EV battery,IE3 0,EV battery,-0.0
Store,EV battery,IT0 0,EV battery,0.0
Store,EV battery,IT4 0,EV battery,-0.0
Store,EV battery,LT0 0,EV battery,0.0
Store,EV battery,LU0 0,EV battery,-0.0
Store,EV battery,LV0 0,EV battery,0.0
Store,EV battery,ME0 0,EV battery,0.0
Store,EV battery,MK0 0,EV battery,0.0
Store,EV battery,NL0 0,EV battery,-0.0
Store,EV battery,NO1 0,EV battery,0.0
Store,EV battery,PL0 0,EV battery,0.0
Store,EV battery,PT0 0,EV battery,-0.0
Store,EV battery,RO0 0,EV battery,-0.0
Store,EV battery,RS0 0,EV battery,0.0
Store,EV battery,SE1 0,EV battery,0.0
Store,EV battery,SI0 0,EV battery,-0.0
Store,EV battery,SK0 0,EV battery,-0.0
Store,EV battery,XK0 0,EV battery,-0.0
Store,H2 Store,AT0 0,H2,-0.03768
Store,H2 Store,BE0 0,H2,-0.03872
Store,H2 Store,BG0 0,H2,-0.03855
Store,H2 Store,CH0 0,H2,-0.03845
Store,H2 Store,CZ0 0,H2,-0.03784
Store,H2 Store,EE0 0,H2,-0.03715
Store,H2 Store,ES6 0,H2,-0.03831
Store,H2 Store,FI1 0,H2,-0.03806
Store,H2 Store,FR5 0,H2,-0.0118
Store,H2 Store,HR0 0,H2,-0.03887
Store,H2 Store,HU0 0,H2,-0.03927
Store,H2 Store,IE3 0,H2,-0.04136
Store,H2 Store,IT0 0,H2,-0.03814
Store,H2 Store,IT4 0,H2,-0.03859
Store,H2 Store,LT0 0,H2,-0.03905
Store,H2 Store,LU0 0,H2,-0.03833
Store,H2 Store,LV0 0,H2,-0.02801
Store,H2 Store,ME0 0,H2,-0.03852
Store,H2 Store,MK0 0,H2,-0.03825
Store,H2 Store,RS0 0,H2,-0.03766
Store,H2 Store,SE1 0,H2,-0.0391
Store,H2 Store,SI0 0,H2,-0.03895
Store,H2 Store,SK0 0,H2,-0.03802
Store,H2 Store,XK0 0,H2,-0.03847
Store,battery,AL0 0,battery,-0.0
Store,battery,AT0 0,battery,0.0
Store,battery,BA0 0,battery,0.0
Store,battery,BE0 0,battery,-0.0
Store,battery,BG0 0,battery,-0.0
Store,battery,CH0 0,battery,-0.0
Store,battery,CZ0 0,battery,-0.0
Store,battery,DE0 0,battery,-0.0
Store,battery,DE0 1,battery,0.0
Store,battery,DK0 0,battery,0.0
Store,battery,DK1 0,battery,-0.0
Store,battery,EE0 0,battery,-0.0
Store,battery,ES0 0,battery,-0.0
Store,battery,ES6 0,battery,0.0
Store,battery,FI1 0,battery,-0.0
Store,battery,FR0 0,battery,-0.0
Store,battery,FR5 0,battery,0.0
Store,battery,GB2 0,battery,-0.0
Store,battery,GB3 0,battery,0.0
Store,battery,GR0 0,battery,-0.0
Store,battery,HR0 0,battery,-0.0
Store,battery,HU0 0,battery,0.0
Store,battery,IE3 0,battery,-0.0
Store,battery,IT0 0,battery,0.0
Store,battery,IT4 0,battery,0.0
Store,battery,LT0 0,battery,-0.0
Store,battery,LU0 0,battery,0.0
Store,battery,LV0 0,battery,0.0
Store,battery,ME0 0,battery,0.0
Store,battery,MK0 0,battery,-0.0
Store,battery,NL0 0,battery,0.0
Store,battery,NO1 0,battery,-0.0
Store,battery,PL0 0,battery,-0.0
Store,battery,PT0 0,battery,-0.0
Store,battery,RO0 0,battery,0.0
Store,battery,RS0 0,battery,0.0
Store,battery,SE1 0,battery,-0.0
Store,battery,SI0 0,battery,0.0
Store,battery,SK0 0,battery,-0.0
Store,battery,XK0 0,battery,-0.0
Store,co2,EU,co2,0.0
Store,co2 sequestered,EU,co2 sequestered,-0.0815
Store,co2 stored,EU,co2 stored,-0.00045
Store,home battery,AL0 0,home battery,-0.0
Store,home battery,AT0 0,home battery,0.0
Store,home battery,BA0 0,home battery,-0.0
Store,home battery,BE0 0,home battery,0.0
Store,home battery,BG0 0,home battery,0.0
Store,home battery,CH0 0,home battery,-0.0
Store,home battery,CZ0 0,home battery,0.0
Store,home battery,DE0 0,home battery,0.0
Store,home battery,DE0 1,home battery,-0.0
Store,home battery,DK0 0,home battery,0.0
Store,home battery,DK1 0,home battery,0.0
Store,home battery,EE0 0,home battery,0.0
Store,home battery,ES0 0,home battery,-0.0
Store,home battery,ES6 0,home battery,-0.0
Store,home battery,FI1 0,home battery,-0.0
Store,home battery,FR0 0,home battery,-0.0
Store,home battery,FR5 0,home battery,0.0
Store,home battery,GB2 0,home battery,-0.0
Store,home battery,GB3 0,home battery,-0.0
Store,home battery,GR0 0,home battery,0.0
Store,home battery,HR0 0,home battery,0.0
Store,home battery,HU0 0,home battery,0.0
Store,home battery,IE3 0,home battery,-0.0
Store,home battery,IT0 0,home battery,-0.0
Store,home battery,IT4 0,home battery,-0.0
Store,home battery,LT0 0,home battery,0.0
Store,home battery,LU0 0,home battery,0.0
Store,home battery,LV0 0,home battery,0.0
Store,home battery,ME0 0,home battery,-0.0
Store,home battery,MK0 0,home battery,-0.0
Store,home battery,NL0 0,home battery,-0.0
Store,home battery,NO1 0,home battery,-0.0
Store,home battery,PL0 0,home battery,0.0
Store,home battery,PT0 0,home battery,0.0
Store,home battery,RO0 0,home battery,0.0
Store,home battery,RS0 0,home battery,0.0
Store,home battery,SE1 0,home battery,-0.0
Store,home battery,SI0 0,home battery,-0.0
Store,home battery,SK0 0,home battery,0.0
Store,home battery,XK0 0,home battery,0.0
