cost,component,location,carrier,0
capital,Generator,AL0 0,load,0.0
capital,Generator,AL0 0,offwind-ac,763722930.40955
capital,Generator,AL0 0,offwind-dc,1130327086.69404
capital,Generator,AL0 0,onwind,8459.11961
capital,Generator,AL0 0,ror,14853811.92575
capital,Generator,AL0 0,solar,51754.68185
capital,Generator,AL0 0,solar rooftop,126098.29278
capital,Generator,AL0 0,solar-hsat,20237.50226
capital,Generator,AT0 0,load,0.0
capital,Generator,AT0 0,onwind,9284.69262
capital,Generator,AT0 0,ror,1376929988.78063
capital,Generator,AT0 0,solar,5166136142.50404
capital,Generator,AT0 0,solar rooftop,18386317.42714
capital,Generator,AT0 0,solar-hsat,35257.85565
capital,Generator,BA0 0,load,0.0
capital,Generator,BA0 0,offwind-ac,8717.67164
capital,Generator,BA0 0,onwind,4729.07709
capital,Generator,BA0 0,solar,44841.16842
capital,Generator,BA0 0,solar rooftop,24703.99342
capital,Generator,BA0 0,solar-hsat,19088.05714
capital,Generator,BE0 0,load,0.0
capital,Generator,BE0 0,offwind-ac,154061526.69712
capital,Generator,BE0 0,offwind-dc,177045953.4649
capital,Generator,BE0 0,onwind,164342.49646
capital,Generator,BE0 0,ror,18186779.19648
capital,Generator,BE0 0,solar,36649.22234
capital,Generator,BE0 0,solar rooftop,23298.65803
capital,Generator,BE0 0,solar-hsat,17912.7903
capital,Generator,BG0 0,load,0.0
capital,Generator,BG0 0,offwind-ac,37160.66237
capital,Generator,BG0 0,offwind-dc,844715621.65513
capital,Generator,BG0 0,onwind,11719.72155
capital,Generator,BG0 0,ror,34022009.05814
capital,Generator,BG0 0,solar,89273.12426
capital,Generator,BG0 0,solar rooftop,52865.43342
capital,Generator,BG0 0,solar-hsat,23273.76074
capital,Generator,CH0 0,load,0.0
capital,Generator,CH0 0,onwind,3262.34353
capital,Generator,CH0 0,ror,1295123214.9052
capital,Generator,CH0 0,solar,3679024027.02575
capital,Generator,CH0 0,solar rooftop,565650652.94878
capital,Generator,CH0 0,solar-hsat,44211.56518
capital,Generator,CZ0 0,load,0.0
capital,Generator,CZ0 0,onwind,17277.16199
capital,Generator,CZ0 0,ror,12396579.18494
capital,Generator,CZ0 0,solar,19459.85804
capital,Generator,CZ0 0,solar rooftop,14952.11253
capital,Generator,CZ0 0,solar-hsat,12781.8771
capital,Generator,DE0 0,load,0.0
capital,Generator,DE0 0,offwind-ac,391030531.94087
capital,Generator,DE0 0,offwind-dc,4737849014.26548
capital,Generator,DE0 0,onwind,22876.88786
capital,Generator,DE0 0,ror,506429478.63486
capital,Generator,DE0 0,solar,23302.89733
capital,Generator,DE0 0,solar rooftop,17011.09365
capital,Generator,DE0 0,solar-hsat,14472.91084
capital,Generator,DE0 1,load,0.0
capital,Generator,DE0 1,offwind-ac,419738820.73539
capital,Generator,DE0 1,offwind-dc,55572569.56773
capital,Generator,DE0 1,onwind,10945.84318
capital,Generator,DE0 1,ror,1107467645.73254
capital,Generator,DE0 1,solar,52170.13242
capital,Generator,DE0 1,solar rooftop,27115.50687
capital,Generator,DE0 1,solar-hsat,18534.02624
capital,Generator,DK0 0,load,0.0
capital,Generator,DK0 0,offwind-ac,39938.11073
capital,Generator,DK0 0,offwind-dc,163448.7164
capital,Generator,DK0 0,onwind,651528060.23894
capital,Generator,DK0 0,solar,6760.54053
capital,Generator,DK0 0,solar rooftop,6260.07166
capital,Generator,DK0 0,solar-hsat,6137.90444
capital,Generator,DK1 0,load,0.0
capital,Generator,DK1 0,offwind-ac,2116793035.88007
capital,Generator,DK1 0,offwind-dc,663918320.82376
capital,Generator,DK1 0,onwind,1509431091.13103
capital,Generator,DK1 0,solar,14526.8734
capital,Generator,DK1 0,solar rooftop,11881.80564
capital,Generator,DK1 0,solar-hsat,9883.83015
capital,Generator,EE0 0,load,0.0
capital,Generator,EE0 0,offwind-ac,95676.29946
capital,Generator,EE0 0,offwind-dc,50841.83608
capital,Generator,EE0 0,onwind,2542781575.52341
capital,Generator,EE0 0,solar,7730.16074
capital,Generator,EE0 0,solar rooftop,7130.34831
capital,Generator,EE0 0,solar-hsat,6392.38739
capital,Generator,ES0 0,load,0.0
capital,Generator,ES0 0,offwind-ac,17506.96699
capital,Generator,ES0 0,offwind-dc,21846.46233
capital,Generator,ES0 0,onwind,7880624922.25986
capital,Generator,ES0 0,ror,40062148.34745
capital,Generator,ES0 0,solar,8720139690.40814
capital,Generator,ES0 0,solar rooftop,2356170839.21472
capital,Generator,ES0 0,solar-hsat,36054.04242
capital,Generator,ES6 0,load,0.0
capital,Generator,ES6 0,offwind-ac,10938.43458
capital,Generator,ES6 0,offwind-dc,11036.78035
capital,Generator,ES6 0,onwind,119239076.43522
capital,Generator,ES6 0,ror,45303586.30495
capital,Generator,ES6 0,solar,21995.07389
capital,Generator,ES6 0,solar rooftop,23500.88349
capital,Generator,ES6 0,solar-hsat,13362.01272
capital,Generator,EU,biogas,0.0
capital,Generator,EU,load,0.0
capital,Generator,EU,solid biomass,0.0
capital,Generator,FI1 0,load,0.0
capital,Generator,FI1 0,offwind-ac,495759600.40463
capital,Generator,FI1 0,offwind-dc,9280806719.87489
capital,Generator,FI1 0,onwind,208592.48037
capital,Generator,FI1 0,ror,453195348.92122
capital,Generator,FI1 0,solar,6306.55991
capital,Generator,FI1 0,solar rooftop,6499.08335
capital,Generator,FI1 0,solar-hsat,5697.54816
capital,Generator,FR0 0,load,0.0
capital,Generator,FR0 0,offwind-ac,51204.48395
capital,Generator,FR0 0,offwind-dc,48186476138.90569
capital,Generator,FR0 0,onwind,14747.31673
capital,Generator,FR0 0,ror,2104829751.47617
capital,Generator,FR0 0,solar,25081.13621
capital,Generator,FR0 0,solar rooftop,20664.06942
capital,Generator,FR0 0,solar-hsat,15565.42156
capital,Generator,FR5 0,load,0.0
capital,Generator,FR5 0,offwind-ac,12169.0245
capital,Generator,FR5 0,offwind-dc,17510.86954
capital,Generator,FR5 0,onwind,10700.26878
capital,Generator,FR5 0,ror,45627745.23532
capital,Generator,FR5 0,solar,322799312.06787
capital,Generator,FR5 0,solar rooftop,15986643.54491
capital,Generator,FR5 0,solar-hsat,24248.69393
capital,Generator,GB2 0,load,0.0
capital,Generator,GB2 0,offwind-ac,21554857210.38546
capital,Generator,GB2 0,offwind-dc,28924.70142
capital,Generator,GB2 0,onwind,7356171550.14932
capital,Generator,GB2 0,ror,678984076.15559
capital,Generator,GB2 0,solar,9863.69154
capital,Generator,GB2 0,solar rooftop,9168.53411
capital,Generator,GB2 0,solar-hsat,8122.11127
capital,Generator,GB3 0,load,0.0
capital,Generator,GB3 0,offwind-ac,1095358176.84762
capital,Generator,GB3 0,offwind-dc,3829520176.2584
capital,Generator,GB3 0,onwind,1588953114.6282
capital,Generator,GB3 0,ror,441577325.90046
capital,Generator,GB3 0,solar,5961.32605
capital,Generator,GB3 0,solar rooftop,5399.99241
capital,Generator,GB3 0,solar-hsat,5514.5847
capital,Generator,GR0 0,load,0.0
capital,Generator,GR0 0,offwind-ac,19406.37183
capital,Generator,GR0 0,offwind-dc,26531.42711
capital,Generator,GR0 0,onwind,955775709.54249
capital,Generator,GR0 0,ror,31772365.34325
capital,Generator,GR0 0,solar,3541791624.51075
capital,Generator,GR0 0,solar rooftop,566809063.74567
capital,Generator,GR0 0,solar-hsat,33997.03782
capital,Generator,HR0 0,load,0.0
capital,Generator,HR0 0,offwind-ac,391127542.31399
capital,Generator,HR0 0,offwind-dc,331852.70135
capital,Generator,HR0 0,onwind,24008.69733
capital,Generator,HR0 0,ror,85877138.08148
capital,Generator,HR0 0,solar,23485.79144
capital,Generator,HR0 0,solar rooftop,19184.70454
capital,Generator,HR0 0,solar-hsat,13850.54893
capital,Generator,HU0 0,load,0.0
capital,Generator,HU0 0,onwind,5957809346.87073
capital,Generator,HU0 0,ror,6070956.3265
capital,Generator,HU0 0,solar,15311.50622
capital,Generator,HU0 0,solar rooftop,13728.77866
capital,Generator,HU0 0,solar-hsat,11015.60423
capital,Generator,IE3 0,load,0.0
capital,Generator,IE3 0,offwind-ac,8884572705.00418
capital,Generator,IE3 0,offwind-dc,5768677956.88964
capital,Generator,IE3 0,onwind,35960.06061
capital,Generator,IE3 0,ror,66564800.33115
capital,Generator,IE3 0,solar,7735.79379
capital,Generator,IE3 0,solar rooftop,7872.80639
capital,Generator,IE3 0,solar-hsat,6943.41489
capital,Generator,IT0 0,load,0.0
capital,Generator,IT0 0,offwind-ac,18722.36334
capital,Generator,IT0 0,offwind-dc,25306136719.029
capital,Generator,IT0 0,onwind,29121.71699
capital,Generator,IT0 0,ror,2385990614.24019
capital,Generator,IT0 0,solar,4291310470.27101
capital,Generator,IT0 0,solar rooftop,552263.58165
capital,Generator,IT0 0,solar-hsat,33976.08806
capital,Generator,IT4 0,load,0.0
capital,Generator,IT4 0,offwind-ac,23982.28401
capital,Generator,IT4 0,offwind-dc,31638.63004
capital,Generator,IT4 0,onwind,984249298.29499
capital,Generator,IT4 0,ror,39784795.01274
capital,Generator,IT4 0,solar,1143556141.53325
capital,Generator,IT4 0,solar rooftop,93400393.66294
capital,Generator,IT4 0,solar-hsat,29085.61799
capital,Generator,LT0 0,load,0.0
capital,Generator,LT0 0,offwind-ac,30588.77087
capital,Generator,LT0 0,offwind-dc,92075.14476
capital,Generator,LT0 0,onwind,14677.73668
capital,Generator,LT0 0,ror,31125207.56225
capital,Generator,LT0 0,solar,16339.26544
capital,Generator,LT0 0,solar rooftop,14293.99527
capital,Generator,LT0 0,solar-hsat,11371.74167
capital,Generator,LU0 0,load,0.0
capital,Generator,LU0 0,onwind,12019.79858
capital,Generator,LU0 0,solar,58973.77314
capital,Generator,LU0 0,solar rooftop,20718.38173
capital,Generator,LU0 0,solar-hsat,19345.23708
capital,Generator,LV0 0,load,0.0
capital,Generator,LV0 0,offwind-ac,41015.24704
capital,Generator,LV0 0,offwind-dc,165990.23014
capital,Generator,LV0 0,onwind,24323.72085
capital,Generator,LV0 0,ror,473380508.2809
capital,Generator,LV0 0,solar,17598.74116
capital,Generator,LV0 0,solar rooftop,15133.57024
capital,Generator,LV0 0,solar-hsat,10886.12357
capital,Generator,ME0 0,load,0.0
capital,Generator,ME0 0,offwind-ac,565067522.24546
capital,Generator,ME0 0,offwind-dc,456130762.1578
capital,Generator,ME0 0,onwind,4425.44569
capital,Generator,ME0 0,ror,1651793.1934
capital,Generator,ME0 0,solar,71289.06616
capital,Generator,ME0 0,solar rooftop,39845.27804
capital,Generator,ME0 0,solar-hsat,22630.8907
capital,Generator,MK0 0,load,0.0
capital,Generator,MK0 0,onwind,2864.2898
capital,Generator,MK0 0,ror,59045443.2567
capital,Generator,MK0 0,solar,406328982.43717
capital,Generator,MK0 0,solar rooftop,40066217.372
capital,Generator,MK0 0,solar-hsat,27172.47642
capital,Generator,NL0 0,load,0.0
capital,Generator,NL0 0,offwind-ac,713042358.29135
capital,Generator,NL0 0,offwind-dc,781085373.81906
capital,Generator,NL0 0,onwind,830326246.49749
capital,Generator,NL0 0,solar,22413.61665
capital,Generator,NL0 0,solar rooftop,17062.99208
capital,Generator,NL0 0,solar-hsat,13276.30436
capital,Generator,NO1 0,load,0.0
capital,Generator,NO1 0,offwind-ac,20372069759.00691
capital,Generator,NO1 0,offwind-dc,85351.41902
capital,Generator,NO1 0,onwind,23374.15251
capital,Generator,NO1 0,ror,340682346.13927
capital,Generator,NO1 0,solar,6147.81434
capital,Generator,NO1 0,solar rooftop,5659.24327
capital,Generator,NO1 0,solar-hsat,5342.02853
capital,Generator,PL0 0,load,0.0
capital,Generator,PL0 0,offwind-ac,1295029185.23701
capital,Generator,PL0 0,offwind-dc,3584476278.21663
capital,Generator,PL0 0,onwind,4757833182.59588
capital,Generator,PL0 0,ror,56210389.48212
capital,Generator,PL0 0,solar,14719.49959
capital,Generator,PL0 0,solar rooftop,12552.76257
capital,Generator,PL0 0,solar-hsat,11542.22875
capital,Generator,PT0 0,load,0.0
capital,Generator,PT0 0,offwind-ac,18934.00864
capital,Generator,PT0 0,offwind-dc,14264.70284
capital,Generator,PT0 0,onwind,13114.46697
capital,Generator,PT0 0,ror,788238177.25466
capital,Generator,PT0 0,solar,16911.19304
capital,Generator,PT0 0,solar rooftop,18507.80877
capital,Generator,PT0 0,solar-hsat,12678.30136
capital,Generator,RO0 0,load,0.0
capital,Generator,RO0 0,offwind-ac,308108631.83463
capital,Generator,RO0 0,offwind-dc,4699182811.91861
capital,Generator,RO0 0,onwind,12717.70919
capital,Generator,RO0 0,ror,1085206556.13942
capital,Generator,RO0 0,solar,837019.09463
capital,Generator,RO0 0,solar rooftop,125018.6736
capital,Generator,RO0 0,solar-hsat,27657.39673
capital,Generator,RS0 0,load,0.0
capital,Generator,RS0 0,onwind,48744.11866
capital,Generator,RS0 0,ror,526478263.35986
capital,Generator,RS0 0,solar,48209.18832
capital,Generator,RS0 0,solar rooftop,35109.96813
capital,Generator,RS0 0,solar-hsat,19180.5667
capital,Generator,SE1 0,load,0.0
capital,Generator,SE1 0,offwind-ac,11362213911.14146
capital,Generator,SE1 0,offwind-dc,13886988184.44862
capital,Generator,SE1 0,onwind,49362.04828
capital,Generator,SE1 0,ror,428664987.31771
capital,Generator,SE1 0,solar,9791.94906
capital,Generator,SE1 0,solar rooftop,9164.45957
capital,Generator,SE1 0,solar-hsat,7557.43893
capital,Generator,SI0 0,load,0.0
capital,Generator,SI0 0,offwind-ac,17212.51667
capital,Generator,SI0 0,onwind,6381.27005
capital,Generator,SI0 0,ror,155445758.14368
capital,Generator,SI0 0,solar,12561.55477
capital,Generator,SI0 0,solar rooftop,12365.90123
capital,Generator,SI0 0,solar-hsat,9836.41654
capital,Generator,SK0 0,load,0.0
capital,Generator,SK0 0,onwind,55981.77068
capital,Generator,SK0 0,ror,375255980.16312
capital,Generator,SK0 0,solar,24574.34904
capital,Generator,SK0 0,solar rooftop,19399.1147
capital,Generator,SK0 0,solar-hsat,15048.01233
capital,Generator,XK0 0,load,0.0
capital,Generator,XK0 0,onwind,4612.17499
capital,Generator,XK0 0,ror,9306745.23148
capital,Generator,XK0 0,solar,59368.63522
capital,Generator,XK0 0,solar rooftop,69878.20436
capital,Generator,XK0 0,solar-hsat,22958.1503
capital,Line,AL0 0,AC,129675789.90719
capital,Line,AT0 0,AC,999625885.65996
capital,Line,BA0 0,AC,176748427.46551
capital,Line,BE0 0,AC,539834644.41509
capital,Line,BG0 0,AC,335857971.29392
capital,Line,CH0 0,AC,1491641892.80986
capital,Line,CZ0 0,AC,521459692.51243
capital,Line,DE0 0,AC,1579913407.70537
capital,Line,DE0 1,AC,155593420.84046
capital,Line,DK1 0,AC,151651023.65891
capital,Line,EE0 0,AC,78752339.62437
capital,Line,ES0 0,AC,500915172.23668
capital,Line,FI1 0,AC,282489985.53063
capital,Line,FR0 0,AC,217770765.22306
capital,Line,GB3 0,AC,47858180.47524
capital,Line,GR0 0,AC,94112572.73283
capital,Line,HR0 0,AC,288704470.05883
capital,Line,HU0 0,AC,639820723.48255
capital,Line,IT0 0,AC,50625373.11399
capital,Line,LT0 0,AC,155877890.51412
capital,Line,ME0 0,AC,71294648.84629
capital,Line,MK0 0,AC,66129075.83959
capital,Line,NO1 0,AC,417866640.2266
capital,Line,PL0 0,AC,182502196.8483
capital,Line,RO0 0,AC,110201997.39282
capital,Line,RS0 0,AC,39153665.03262
capital,Link,AL0 0,BEV charger,0.0
capital,Link,AL0 0,H2 Electrolysis,0.0
capital,Link,AL0 0,V2G,0.0
capital,Link,AL0 0,battery charger,8267.67246
capital,Link,AL0 0,battery discharger,0.0
capital,Link,AL0 0,electricity distribution grid,53072506.15868
capital,Link,AL0 0,home battery charger,8583.89955
capital,Link,AL0 0,home battery discharger,0.0
capital,Link,AL0 0,residential rural air heat pump,8614171.31577
capital,Link,AL0 0,residential rural ground heat pump,30216850.43379
capital,Link,AL0 0,residential urban decentral air heat pump,20025368.3756
capital,Link,AL0 0,services rural air heat pump,4295648.58222
capital,Link,AL0 0,services rural ground heat pump,13189427.69935
capital,Link,AL0 0,services urban decentral air heat pump,9084477.5025
capital,Link,AL0 0,urban central air heat pump,41061315.68916
capital,Link,AT0 0,BEV charger,0.0
capital,Link,AT0 0,H2 Electrolysis,2374.61742
capital,Link,AT0 0,V2G,0.0
capital,Link,AT0 0,battery charger,8557.96502
capital,Link,AT0 0,battery discharger,0.0
capital,Link,AT0 0,electricity distribution grid,960219894.9899
capital,Link,AT0 0,home battery charger,8785.94799
capital,Link,AT0 0,home battery discharger,0.0
capital,Link,AT0 0,residential rural air heat pump,66760122.66254
capital,Link,AT0 0,residential rural ground heat pump,733645023.52843
capital,Link,AT0 0,residential urban decentral air heat pump,343438041.66101
capital,Link,AT0 0,services rural air heat pump,21502182.68851
capital,Link,AT0 0,services rural ground heat pump,238473888.7249
capital,Link,AT0 0,services urban decentral air heat pump,111524990.16548
capital,Link,AT0 0,urban central air heat pump,641754716.60907
capital,Link,BA0 0,BEV charger,0.0
capital,Link,BA0 0,H2 Electrolysis,0.0
capital,Link,BA0 0,V2G,0.0
capital,Link,BA0 0,battery charger,8544.72483
capital,Link,BA0 0,battery discharger,0.0
capital,Link,BA0 0,electricity distribution grid,128959277.12202
capital,Link,BA0 0,home battery charger,8922.93299
capital,Link,BA0 0,home battery discharger,0.0
capital,Link,BA0 0,residential rural air heat pump,30741436.99677
capital,Link,BA0 0,residential rural ground heat pump,139640410.40203
capital,Link,BA0 0,residential urban decentral air heat pump,53619053.06723
capital,Link,BA0 0,services rural air heat pump,8717512.33743
capital,Link,BA0 0,services rural ground heat pump,38741585.41292
capital,Link,BA0 0,services urban decentral air heat pump,14950755.44088
capital,Link,BA0 0,urban central air heat pump,96722138.81504
capital,Link,BE0 0,BEV charger,0.0
capital,Link,BE0 0,DC,272682185.45617
capital,Link,BE0 0,H2 Electrolysis,2374.61011
capital,Link,BE0 0,V2G,0.0
capital,Link,BE0 0,battery charger,2293354.25992
capital,Link,BE0 0,battery discharger,0.0
capital,Link,BE0 0,electricity distribution grid,1470566721.57325
capital,Link,BE0 0,home battery charger,8286.72727
capital,Link,BE0 0,home battery discharger,0.0
capital,Link,BE0 0,residential rural air heat pump,242928.18369
capital,Link,BE0 0,residential rural ground heat pump,134435755.57517
capital,Link,BE0 0,residential urban decentral air heat pump,841203688.12535
capital,Link,BE0 0,services rural air heat pump,112059.73278
capital,Link,BE0 0,services rural ground heat pump,60094816.97875
capital,Link,BE0 0,services urban decentral air heat pump,376059346.56772
capital,Link,BE0 0,urban central air heat pump,1717028052.07315
capital,Link,BG0 0,BEV charger,0.0
capital,Link,BG0 0,H2 Electrolysis,2374.64708
capital,Link,BG0 0,V2G,0.0
capital,Link,BG0 0,battery charger,8577.34513
capital,Link,BG0 0,battery discharger,0.0
capital,Link,BG0 0,electricity distribution grid,406428393.73945
capital,Link,BG0 0,home battery charger,8858.41499
capital,Link,BG0 0,home battery discharger,0.0
capital,Link,BG0 0,residential rural air heat pump,27706876.97887
capital,Link,BG0 0,residential rural ground heat pump,111280268.69677
capital,Link,BG0 0,residential urban decentral air heat pump,136776511.54769
capital,Link,BG0 0,services rural air heat pump,10542575.79494
capital,Link,BG0 0,services rural ground heat pump,42008004.14297
capital,Link,BG0 0,services urban decentral air heat pump,51735366.74244
capital,Link,BG0 0,urban central air heat pump,265908173.51248
capital,Link,CH0 0,BEV charger,0.0
capital,Link,CH0 0,DC,0.0
capital,Link,CH0 0,H2 Electrolysis,2374.61911
capital,Link,CH0 0,V2G,0.0
capital,Link,CH0 0,battery charger,8822.2354
capital,Link,CH0 0,battery discharger,0.0
capital,Link,CH0 0,electricity distribution grid,717749651.39887
capital,Link,CH0 0,home battery charger,8825.88473
capital,Link,CH0 0,home battery discharger,0.0
capital,Link,CH0 0,residential rural air heat pump,29624954.91419
capital,Link,CH0 0,residential rural ground heat pump,291006858.29164
capital,Link,CH0 0,residential urban decentral air heat pump,383440215.13176
capital,Link,CH0 0,services rural air heat pump,13532688.55669
capital,Link,CH0 0,services rural ground heat pump,132979387.27559
capital,Link,CH0 0,services urban decentral air heat pump,175210409.78833
capital,Link,CH0 0,urban central air heat pump,788012756.17563
capital,Link,CZ0 0,BEV charger,0.0
capital,Link,CZ0 0,H2 Electrolysis,2374.61808
capital,Link,CZ0 0,V2G,0.0
capital,Link,CZ0 0,battery charger,39542766.96727
capital,Link,CZ0 0,battery discharger,0.0
capital,Link,CZ0 0,electricity distribution grid,1034533001.30566
capital,Link,CZ0 0,home battery charger,9147.4726
capital,Link,CZ0 0,home battery discharger,0.0
capital,Link,CZ0 0,residential rural air heat pump,33465675.23917
capital,Link,CZ0 0,residential rural ground heat pump,585905622.38003
capital,Link,CZ0 0,residential urban decentral air heat pump,513853823.08104
capital,Link,CZ0 0,services rural air heat pump,10862604.20303
capital,Link,CZ0 0,services rural ground heat pump,192713368.05299
capital,Link,CZ0 0,services urban decentral air heat pump,168856591.23903
capital,Link,CZ0 0,urban central air heat pump,963007092.48166
capital,Link,DE0 0,BEV charger,0.0
capital,Link,DE0 0,DC,3759744042.57847
capital,Link,DE0 0,H2 Electrolysis,0.0
capital,Link,DE0 0,V2G,0.0
capital,Link,DE0 0,battery charger,123815167.34686
capital,Link,DE0 0,battery discharger,0.0
capital,Link,DE0 0,electricity distribution grid,5508231415.46114
capital,Link,DE0 0,home battery charger,9291.87752
capital,Link,DE0 0,home battery discharger,0.0
capital,Link,DE0 0,residential rural air heat pump,17557390.3191
capital,Link,DE0 0,residential rural ground heat pump,1564334545.74675
capital,Link,DE0 0,residential urban decentral air heat pump,3239056297.24174
capital,Link,DE0 0,services rural air heat pump,7947909.34206
capital,Link,DE0 0,services rural ground heat pump,598419578.92451
capital,Link,DE0 0,services urban decentral air heat pump,1242424756.1322
capital,Link,DE0 0,urban central air heat pump,6321418157.20385
capital,Link,DE0 1,BEV charger,0.0
capital,Link,DE0 1,DC,0.0
capital,Link,DE0 1,H2 Electrolysis,0.0
capital,Link,DE0 1,V2G,0.0
capital,Link,DE0 1,battery charger,60609355.71675
capital,Link,DE0 1,battery discharger,0.0
capital,Link,DE0 1,electricity distribution grid,3339812246.26785
capital,Link,DE0 1,home battery charger,9096.12825
capital,Link,DE0 1,home battery discharger,0.0
capital,Link,DE0 1,residential rural air heat pump,60201499.89057
capital,Link,DE0 1,residential rural ground heat pump,2740333101.52874
capital,Link,DE0 1,residential urban decentral air heat pump,1401237475.60682
capital,Link,DE0 1,services rural air heat pump,21705429.57044
capital,Link,DE0 1,services rural ground heat pump,1051229561.07372
capital,Link,DE0 1,services urban decentral air heat pump,536611817.39474
capital,Link,DE0 1,urban central air heat pump,2733461451.87936
capital,Link,DK0 0,BEV charger,0.0
capital,Link,DK0 0,DC,1684952026.24503
capital,Link,DK0 0,H2 Electrolysis,0.0
capital,Link,DK0 0,V2G,0.0
capital,Link,DK0 0,battery charger,108477.6831
capital,Link,DK0 0,battery discharger,0.0
capital,Link,DK0 0,electricity distribution grid,378005682.87741
capital,Link,DK0 0,home battery charger,9151.94244
capital,Link,DK0 0,home battery discharger,0.0
capital,Link,DK0 0,residential rural air heat pump,1395311.80879
capital,Link,DK0 0,residential rural ground heat pump,91031693.1547
capital,Link,DK0 0,residential urban decentral air heat pump,295521558.64885
capital,Link,DK0 0,services rural air heat pump,418224.73223
capital,Link,DK0 0,services rural ground heat pump,26035911.97042
capital,Link,DK0 0,services urban decentral air heat pump,84603012.95946
capital,Link,DK0 0,urban central air heat pump,536190232.72641
capital,Link,DK1 0,BEV charger,0.0
capital,Link,DK1 0,DC,885092305.8104
capital,Link,DK1 0,H2 Electrolysis,0.0
capital,Link,DK1 0,V2G,0.0
capital,Link,DK1 0,battery charger,161918478.8488
capital,Link,DK1 0,battery discharger,0.0
capital,Link,DK1 0,electricity distribution grid,279368946.86566
capital,Link,DK1 0,home battery charger,8998.77514
capital,Link,DK1 0,home battery discharger,0.0
capital,Link,DK1 0,residential rural air heat pump,1800070.05013
capital,Link,DK1 0,residential rural ground heat pump,38259741.62091
capital,Link,DK1 0,residential urban decentral air heat pump,174586135.47809
capital,Link,DK1 0,services rural air heat pump,519015.52971
capital,Link,DK1 0,services rural ground heat pump,10948272.43009
capital,Link,DK1 0,services urban decentral air heat pump,49981324.963
capital,Link,DK1 0,urban central air heat pump,316766891.35644
capital,Link,EE0 0,BEV charger,0.0
capital,Link,EE0 0,DC,171610948.37279
capital,Link,EE0 0,H2 Electrolysis,2382.91036
capital,Link,EE0 0,V2G,0.0
capital,Link,EE0 0,battery charger,33956878.53564
capital,Link,EE0 0,battery discharger,0.0
capital,Link,EE0 0,electricity distribution grid,144089645.78148
capital,Link,EE0 0,home battery charger,9250.77839
capital,Link,EE0 0,home battery discharger,0.0
capital,Link,EE0 0,residential rural air heat pump,11705894.51579
capital,Link,EE0 0,residential rural ground heat pump,84163093.054
capital,Link,EE0 0,residential urban decentral air heat pump,72101894.85887
capital,Link,EE0 0,services rural air heat pump,4131659.20958
capital,Link,EE0 0,services rural ground heat pump,29365738.4901
capital,Link,EE0 0,services urban decentral air heat pump,25202964.80617
capital,Link,EE0 0,urban central air heat pump,137254827.3212
capital,Link,ES0 0,BEV charger,0.0
capital,Link,ES0 0,DC,1529195605.07715
capital,Link,ES0 0,H2 Electrolysis,0.0
capital,Link,ES0 0,V2G,0.0
capital,Link,ES0 0,battery charger,9267.13338
capital,Link,ES0 0,battery discharger,0.0
capital,Link,ES0 0,electricity distribution grid,2103413965.76945
capital,Link,ES0 0,home battery charger,9245.63386
capital,Link,ES0 0,home battery discharger,0.0
capital,Link,ES0 0,residential rural air heat pump,132970129.89981
capital,Link,ES0 0,residential rural ground heat pump,355975155.38529
capital,Link,ES0 0,residential urban decentral air heat pump,669349683.64157
capital,Link,ES0 0,services rural air heat pump,60637042.52344
capital,Link,ES0 0,services rural ground heat pump,157836783.93112
capital,Link,ES0 0,services urban decentral air heat pump,299599710.23151
capital,Link,ES0 0,urban central air heat pump,1366425958.0584
capital,Link,ES6 0,BEV charger,0.0
capital,Link,ES6 0,DC,0.0
capital,Link,ES6 0,H2 Electrolysis,2372.18301
capital,Link,ES6 0,V2G,0.0
capital,Link,ES6 0,battery charger,8275.73075
capital,Link,ES6 0,battery discharger,0.0
capital,Link,ES6 0,electricity distribution grid,104952881.99478
capital,Link,ES6 0,home battery charger,8996.48216
capital,Link,ES6 0,home battery discharger,0.0
capital,Link,ES6 0,residential rural air heat pump,6118629.00597
capital,Link,ES6 0,residential rural ground heat pump,968595.21391
capital,Link,ES6 0,residential urban decentral air heat pump,31348977.4954
capital,Link,ES6 0,services rural air heat pump,2548410.58407
capital,Link,ES6 0,services rural ground heat pump,745405.04506
capital,Link,ES6 0,services urban decentral air heat pump,14228409.39458
capital,Link,ES6 0,urban central air heat pump,64289899.40775
capital,Link,EU,co2 sequestered,0.0
capital,Link,FI1 0,BEV charger,0.0
capital,Link,FI1 0,DC,39514034.26697
capital,Link,FI1 0,H2 Electrolysis,2374.60202
capital,Link,FI1 0,V2G,0.0
capital,Link,FI1 0,battery charger,174462.08771
capital,Link,FI1 0,battery discharger,0.0
capital,Link,FI1 0,electricity distribution grid,1077068263.8928
capital,Link,FI1 0,home battery charger,9506.42392
capital,Link,FI1 0,home battery discharger,0.0
capital,Link,FI1 0,residential rural air heat pump,15051068.78014
capital,Link,FI1 0,residential rural ground heat pump,267418881.48848
capital,Link,FI1 0,residential urban decentral air heat pump,518285439.69328
capital,Link,FI1 0,services rural air heat pump,5417247.73625
capital,Link,FI1 0,services rural ground heat pump,94087921.25256
capital,Link,FI1 0,services urban decentral air heat pump,182645060.4343
capital,Link,FI1 0,urban central air heat pump,988707699.06531
capital,Link,FR0 0,BEV charger,0.0
capital,Link,FR0 0,DC,2297149422.30766
capital,Link,FR0 0,H2 Electrolysis,0.0
capital,Link,FR0 0,V2G,0.0
capital,Link,FR0 0,battery charger,9277.52614
capital,Link,FR0 0,battery discharger,0.0
capital,Link,FR0 0,electricity distribution grid,6926963442.74746
capital,Link,FR0 0,home battery charger,9236.18932
capital,Link,FR0 0,home battery discharger,0.0
capital,Link,FR0 0,residential rural air heat pump,527703799.85536
capital,Link,FR0 0,residential rural ground heat pump,2513467689.28789
capital,Link,FR0 0,residential urban decentral air heat pump,4126885424.64175
capital,Link,FR0 0,services rural air heat pump,185354886.81237
capital,Link,FR0 0,services rural ground heat pump,894681111.93395
capital,Link,FR0 0,services urban decentral air heat pump,1464727911.66873
capital,Link,FR0 0,urban central air heat pump,7887331364.63376
capital,Link,FR5 0,BEV charger,0.0
capital,Link,FR5 0,DC,86712734.62363
capital,Link,FR5 0,H2 Electrolysis,2395.0474
capital,Link,FR5 0,V2G,0.0
capital,Link,FR5 0,battery charger,8868.86066
capital,Link,FR5 0,battery discharger,0.0
capital,Link,FR5 0,electricity distribution grid,61901784.91074
capital,Link,FR5 0,home battery charger,8897.67765
capital,Link,FR5 0,home battery discharger,0.0
capital,Link,FR5 0,residential rural air heat pump,20939864.88126
capital,Link,FR5 0,residential rural ground heat pump,61413663.91835
capital,Link,FR5 0,residential urban decentral air heat pump,0.0
capital,Link,FR5 0,services rural air heat pump,7301018.01287
capital,Link,FR5 0,services rural ground heat pump,21832648.17445
capital,Link,FR5 0,services urban decentral air heat pump,0.0
capital,Link,GB2 0,BEV charger,0.0
capital,Link,GB2 0,DC,9489043893.641
capital,Link,GB2 0,H2 Electrolysis,0.0
capital,Link,GB2 0,V2G,0.0
capital,Link,GB2 0,battery charger,56196.01452
capital,Link,GB2 0,battery discharger,0.0
capital,Link,GB2 0,electricity distribution grid,4548304268.28613
capital,Link,GB2 0,home battery charger,9255.52878
capital,Link,GB2 0,home battery discharger,0.0
capital,Link,GB2 0,residential rural air heat pump,107683278.33063
capital,Link,GB2 0,residential rural ground heat pump,1186435367.18673
capital,Link,GB2 0,residential urban decentral air heat pump,2445788840.67977
capital,Link,GB2 0,services rural air heat pump,39956331.59718
capital,Link,GB2 0,services rural ground heat pump,428132888.16611
capital,Link,GB2 0,services urban decentral air heat pump,885277463.83786
capital,Link,GB2 0,urban central air heat pump,4698683932.71152
capital,Link,GB3 0,BEV charger,0.0
capital,Link,GB3 0,DC,789116334.48179
capital,Link,GB3 0,H2 Electrolysis,0.0
capital,Link,GB3 0,V2G,0.0
capital,Link,GB3 0,battery charger,41856616.27634
capital,Link,GB3 0,battery discharger,0.0
capital,Link,GB3 0,electricity distribution grid,145110597.52399
capital,Link,GB3 0,home battery charger,9246.43975
capital,Link,GB3 0,home battery discharger,0.0
capital,Link,GB3 0,residential rural air heat pump,23727679.11721
capital,Link,GB3 0,residential rural ground heat pump,130838172.52941
capital,Link,GB3 0,residential urban decentral air heat pump,27617703.57292
capital,Link,GB3 0,services rural air heat pump,8804330.63922
capital,Link,GB3 0,services rural ground heat pump,47052093.33016
capital,Link,GB3 0,services urban decentral air heat pump,9993500.07263
capital,Link,GB3 0,urban central air heat pump,53053029.30172
capital,Link,GR0 0,BEV charger,0.0
capital,Link,GR0 0,DC,0.0
capital,Link,GR0 0,H2 Electrolysis,0.0
capital,Link,GR0 0,V2G,0.0
capital,Link,GR0 0,battery charger,9051.81784
capital,Link,GR0 0,battery discharger,0.0
capital,Link,GR0 0,electricity distribution grid,471673147.67965
capital,Link,GR0 0,home battery charger,9082.19286
capital,Link,GR0 0,home battery discharger,0.0
capital,Link,GR0 0,residential rural air heat pump,62482832.26252
capital,Link,GR0 0,residential rural ground heat pump,120800346.61702
capital,Link,GR0 0,residential urban decentral air heat pump,274436070.16009
capital,Link,GR0 0,services rural air heat pump,29628722.55953
capital,Link,GR0 0,services rural ground heat pump,57849950.52098
capital,Link,GR0 0,services urban decentral air heat pump,130897168.83655
capital,Link,GR0 0,urban central air heat pump,571748684.46456
capital,Link,HR0 0,BEV charger,0.0
capital,Link,HR0 0,H2 Electrolysis,2382.97226
capital,Link,HR0 0,V2G,0.0
capital,Link,HR0 0,battery charger,8922.5485
capital,Link,HR0 0,battery discharger,0.0
capital,Link,HR0 0,electricity distribution grid,255849670.04872
capital,Link,HR0 0,home battery charger,9014.83638
capital,Link,HR0 0,home battery discharger,0.0
capital,Link,HR0 0,residential rural air heat pump,50994402.08788
capital,Link,HR0 0,residential rural ground heat pump,241514754.34909
capital,Link,HR0 0,residential urban decentral air heat pump,130278225.74847
capital,Link,HR0 0,services rural air heat pump,10327493.54407
capital,Link,HR0 0,services rural ground heat pump,50602352.21811
capital,Link,HR0 0,services urban decentral air heat pump,27095211.60323
capital,Link,HR0 0,urban central air heat pump,221985394.67891
capital,Link,HU0 0,BEV charger,0.0
capital,Link,HU0 0,H2 Electrolysis,2374.65845
capital,Link,HU0 0,V2G,0.0
capital,Link,HU0 0,battery charger,9515.51594
capital,Link,HU0 0,battery discharger,0.0
capital,Link,HU0 0,electricity distribution grid,725106083.52436
capital,Link,HU0 0,home battery charger,8773.98473
capital,Link,HU0 0,home battery discharger,0.0
capital,Link,HU0 0,residential rural air heat pump,29512763.07318
capital,Link,HU0 0,residential rural ground heat pump,517486806.85672
capital,Link,HU0 0,residential urban decentral air heat pump,402099202.40976
capital,Link,HU0 0,services rural air heat pump,9898498.56902
capital,Link,HU0 0,services rural ground heat pump,167700357.85312
capital,Link,HU0 0,services urban decentral air heat pump,130629759.03016
capital,Link,HU0 0,urban central air heat pump,751448576.95927
capital,Link,IE3 0,BEV charger,0.0
capital,Link,IE3 0,DC,1937155588.53229
capital,Link,IE3 0,H2 Electrolysis,2374.68536
capital,Link,IE3 0,V2G,0.0
capital,Link,IE3 0,battery charger,42191196.2916
capital,Link,IE3 0,battery discharger,0.0
capital,Link,IE3 0,electricity distribution grid,329875819.6122
capital,Link,IE3 0,home battery charger,9183.97667
capital,Link,IE3 0,home battery discharger,0.0
capital,Link,IE3 0,residential rural air heat pump,36775660.99613
capital,Link,IE3 0,residential rural ground heat pump,211195725.11254
capital,Link,IE3 0,residential urban decentral air heat pump,149694272.90348
capital,Link,IE3 0,services rural air heat pump,16558396.27287
capital,Link,IE3 0,services rural ground heat pump,90840890.40063
capital,Link,IE3 0,services urban decentral air heat pump,64956361.83762
capital,Link,IE3 0,urban central air heat pump,302778576.31744
capital,Link,IT0 0,BEV charger,0.0
capital,Link,IT0 0,DC,1681149994.09984
capital,Link,IT0 0,H2 Electrolysis,2372.18036
capital,Link,IT0 0,V2G,0.0
capital,Link,IT0 0,battery charger,8899.19787
capital,Link,IT0 0,battery discharger,0.0
capital,Link,IT0 0,electricity distribution grid,4230330581.39785
capital,Link,IT0 0,home battery charger,8904.85332
capital,Link,IT0 0,home battery discharger,0.0
capital,Link,IT0 0,residential rural air heat pump,579697438.66737
capital,Link,IT0 0,residential rural ground heat pump,2085643024.8221
capital,Link,IT0 0,residential urban decentral air heat pump,2393310930.79115
capital,Link,IT0 0,services rural air heat pump,316551940.0364
capital,Link,IT0 0,services rural ground heat pump,1126643882.79889
capital,Link,IT0 0,services urban decentral air heat pump,1296651528.75317
capital,Link,IT0 0,urban central air heat pump,5204930120.92499
capital,Link,IT4 0,BEV charger,0.0
capital,Link,IT4 0,DC,492498391.40684
capital,Link,IT4 0,H2 Electrolysis,2372.1776
capital,Link,IT4 0,V2G,0.0
capital,Link,IT4 0,battery charger,8258.48554
capital,Link,IT4 0,battery discharger,0.0
capital,Link,IT4 0,electricity distribution grid,107503223.30852
capital,Link,IT4 0,home battery charger,8818.34986
capital,Link,IT4 0,home battery discharger,0.0
capital,Link,IT4 0,residential rural air heat pump,75997236.7772
capital,Link,IT4 0,residential rural ground heat pump,194778276.88898
capital,Link,IT4 0,residential urban decentral air heat pump,25708632.48898
capital,Link,IT4 0,services rural air heat pump,41750217.89863
capital,Link,IT4 0,services rural ground heat pump,105648903.79896
capital,Link,IT4 0,services urban decentral air heat pump,14005842.42277
capital,Link,IT4 0,urban central air heat pump,56019865.40786
capital,Link,LT0 0,BEV charger,0.0
capital,Link,LT0 0,DC,919770995.42274
capital,Link,LT0 0,H2 Electrolysis,2374.63562
capital,Link,LT0 0,V2G,0.0
capital,Link,LT0 0,battery charger,24460.42481
capital,Link,LT0 0,battery discharger,0.0
capital,Link,LT0 0,electricity distribution grid,252386310.46298
capital,Link,LT0 0,home battery charger,8991.46924
capital,Link,LT0 0,home battery discharger,0.0
capital,Link,LT0 0,residential rural air heat pump,4545585.45901
capital,Link,LT0 0,residential rural ground heat pump,156443416.70507
capital,Link,LT0 0,residential urban decentral air heat pump,108148631.67782
capital,Link,LT0 0,services rural air heat pump,1115524.26659
capital,Link,LT0 0,services rural ground heat pump,39603264.92735
capital,Link,LT0 0,services urban decentral air heat pump,27346223.08557
capital,Link,LT0 0,urban central air heat pump,191049790.55619
capital,Link,LU0 0,BEV charger,0.0
capital,Link,LU0 0,H2 Electrolysis,2374.64167
capital,Link,LU0 0,V2G,0.0
capital,Link,LU0 0,battery charger,74688.43998
capital,Link,LU0 0,battery discharger,0.0
capital,Link,LU0 0,electricity distribution grid,96710169.72614
capital,Link,LU0 0,home battery charger,8000.07783
capital,Link,LU0 0,home battery discharger,0.0
capital,Link,LU0 0,residential rural air heat pump,335833.94016
capital,Link,LU0 0,residential rural ground heat pump,11934581.21201
capital,Link,LU0 0,residential urban decentral air heat pump,40991291.01329
capital,Link,LU0 0,services rural air heat pump,202572.76509
capital,Link,LU0 0,services rural ground heat pump,7785892.56278
capital,Link,LU0 0,services urban decentral air heat pump,26668775.70101
capital,Link,LU0 0,urban central air heat pump,95438902.01972
capital,Link,LV0 0,BEV charger,0.0
capital,Link,LV0 0,H2 Electrolysis,2382.79489
capital,Link,LV0 0,V2G,0.0
capital,Link,LV0 0,battery charger,25861.60313
capital,Link,LV0 0,battery discharger,0.0
capital,Link,LV0 0,electricity distribution grid,179351979.03515
capital,Link,LV0 0,home battery charger,9215.69419
capital,Link,LV0 0,home battery discharger,0.0
capital,Link,LV0 0,residential rural air heat pump,14044926.67804
capital,Link,LV0 0,residential rural ground heat pump,120644838.67479
capital,Link,LV0 0,residential urban decentral air heat pump,85995376.01371
capital,Link,LV0 0,services rural air heat pump,6179406.51376
capital,Link,LV0 0,services rural ground heat pump,49743489.76596
capital,Link,LV0 0,services urban decentral air heat pump,35777345.23023
capital,Link,LV0 0,urban central air heat pump,171768309.86429
capital,Link,ME0 0,BEV charger,0.0
capital,Link,ME0 0,DC,0.0
capital,Link,ME0 0,H2 Electrolysis,2382.98121
capital,Link,ME0 0,V2G,0.0
capital,Link,ME0 0,battery charger,8122.03468
capital,Link,ME0 0,battery discharger,0.0
capital,Link,ME0 0,electricity distribution grid,28973923.13872
capital,Link,ME0 0,home battery charger,8408.2153
capital,Link,ME0 0,home battery discharger,0.0
capital,Link,ME0 0,residential rural air heat pump,3165647.29685
capital,Link,ME0 0,residential rural ground heat pump,14867673.09037
capital,Link,ME0 0,residential urban decentral air heat pump,10589051.56657
capital,Link,ME0 0,services rural air heat pump,229807.68941
capital,Link,ME0 0,services rural ground heat pump,1394977.47746
capital,Link,ME0 0,services urban decentral air heat pump,943612.46018
capital,Link,ME0 0,urban central air heat pump,16267650.11233
capital,Link,MK0 0,BEV charger,0.0
capital,Link,MK0 0,H2 Electrolysis,2374.6474
capital,Link,MK0 0,V2G,0.0
capital,Link,MK0 0,battery charger,8331.45081
capital,Link,MK0 0,battery discharger,0.0
capital,Link,MK0 0,electricity distribution grid,72481084.78369
capital,Link,MK0 0,home battery charger,8247.32919
capital,Link,MK0 0,home battery discharger,0.0
capital,Link,MK0 0,residential rural air heat pump,12036186.59444
capital,Link,MK0 0,residential rural ground heat pump,49702460.08951
capital,Link,MK0 0,residential urban decentral air heat pump,29382254.03655
capital,Link,MK0 0,services rural air heat pump,3901904.54123
capital,Link,MK0 0,services rural ground heat pump,16176011.97889
capital,Link,MK0 0,services urban decentral air heat pump,9553443.81106
capital,Link,MK0 0,urban central air heat pump,54921361.84337
capital,Link,NL0 0,BEV charger,0.0
capital,Link,NL0 0,DC,2081996970.85593
capital,Link,NL0 0,H2 Electrolysis,0.0
capital,Link,NL0 0,V2G,0.0
capital,Link,NL0 0,battery charger,78746782.1617
capital,Link,NL0 0,battery discharger,0.0
capital,Link,NL0 0,electricity distribution grid,1930929078.04842
capital,Link,NL0 0,home battery charger,9578.27626
capital,Link,NL0 0,home battery discharger,0.0
capital,Link,NL0 0,residential rural air heat pump,4754425.83585
capital,Link,NL0 0,residential rural ground heat pump,207881490.50536
capital,Link,NL0 0,residential urban decentral air heat pump,1076555609.85643
capital,Link,NL0 0,services rural air heat pump,2676398.94666
capital,Link,NL0 0,services rural ground heat pump,115020798.95646
capital,Link,NL0 0,services urban decentral air heat pump,595965245.25007
capital,Link,NL0 0,urban central air heat pump,2359198572.05004
capital,Link,NO1 0,BEV charger,0.0
capital,Link,NO1 0,DC,1626175296.76456
capital,Link,NO1 0,H2 Electrolysis,0.0
capital,Link,NO1 0,V2G,0.0
capital,Link,NO1 0,battery charger,80906949.03076
capital,Link,NO1 0,battery discharger,0.0
capital,Link,NO1 0,electricity distribution grid,979698259.15842
capital,Link,NO1 0,home battery charger,9687.43359
capital,Link,NO1 0,home battery discharger,0.0
capital,Link,NO1 0,residential rural air heat pump,13141253.13588
capital,Link,NO1 0,residential rural ground heat pump,151391868.95809
capital,Link,NO1 0,residential urban decentral air heat pump,255773712.89937
capital,Link,NO1 0,services rural air heat pump,10837357.94403
capital,Link,NO1 0,services rural ground heat pump,123271200.19879
capital,Link,NO1 0,services urban decentral air heat pump,208541710.49854
capital,Link,NO1 0,urban central air heat pump,654946860.91284
capital,Link,PL0 0,BEV charger,0.0
capital,Link,PL0 0,DC,1935861127.55599
capital,Link,PL0 0,H2 Electrolysis,0.0
capital,Link,PL0 0,V2G,0.0
capital,Link,PL0 0,battery charger,126556074.87033
capital,Link,PL0 0,battery discharger,0.0
capital,Link,PL0 0,electricity distribution grid,2871796143.63154
capital,Link,PL0 0,home battery charger,9229.56313
capital,Link,PL0 0,home battery discharger,0.0
capital,Link,PL0 0,residential rural air heat pump,154077579.57865
capital,Link,PL0 0,residential rural ground heat pump,2659003196.34369
capital,Link,PL0 0,residential urban decentral air heat pump,1294641880.26092
capital,Link,PL0 0,services rural air heat pump,43563788.75697
capital,Link,PL0 0,services rural ground heat pump,764327943.55005
capital,Link,PL0 0,services urban decentral air heat pump,371705196.7037
capital,Link,PL0 0,urban central air heat pump,2350490059.66268
capital,Link,PT0 0,BEV charger,0.0
capital,Link,PT0 0,H2 Electrolysis,0.0
capital,Link,PT0 0,V2G,0.0
capital,Link,PT0 0,battery charger,9228.53484
capital,Link,PT0 0,battery discharger,0.0
capital,Link,PT0 0,electricity distribution grid,492482837.09016
capital,Link,PT0 0,home battery charger,9650.34338
capital,Link,PT0 0,home battery discharger,0.0
capital,Link,PT0 0,residential rural air heat pump,50865647.62182
capital,Link,PT0 0,residential rural ground heat pump,75377434.82531
capital,Link,PT0 0,residential urban decentral air heat pump,84138886.4864
capital,Link,PT0 0,services rural air heat pump,68616203.20088
capital,Link,PT0 0,services rural ground heat pump,80399250.20965
capital,Link,PT0 0,services urban decentral air heat pump,101011353.72911
capital,Link,PT0 0,urban central air heat pump,261166359.15064
capital,Link,RO0 0,BEV charger,0.0
capital,Link,RO0 0,H2 Electrolysis,0.0
capital,Link,RO0 0,V2G,0.0
capital,Link,RO0 0,battery charger,9003.75874
capital,Link,RO0 0,battery discharger,0.0
capital,Link,RO0 0,electricity distribution grid,975522673.38314
capital,Link,RO0 0,home battery charger,9397.19802
capital,Link,RO0 0,home battery discharger,0.0
capital,Link,RO0 0,residential rural air heat pump,148379717.03821
capital,Link,RO0 0,residential rural ground heat pump,958634794.54798
capital,Link,RO0 0,residential urban decentral air heat pump,419866558.50042
capital,Link,RO0 0,services rural air heat pump,28096019.78676
capital,Link,RO0 0,services rural ground heat pump,181997635.78202
capital,Link,RO0 0,services urban decentral air heat pump,79676090.77444
capital,Link,RO0 0,urban central air heat pump,704637135.76372
capital,Link,RS0 0,BEV charger,0.0
capital,Link,RS0 0,H2 Electrolysis,2383.07952
capital,Link,RS0 0,V2G,0.0
capital,Link,RS0 0,battery charger,8783.60775
capital,Link,RS0 0,battery discharger,0.0
capital,Link,RS0 0,electricity distribution grid,413061515.63732
capital,Link,RS0 0,home battery charger,8697.19851
capital,Link,RS0 0,home battery discharger,0.0
capital,Link,RS0 0,residential rural air heat pump,50947690.07751
capital,Link,RS0 0,residential rural ground heat pump,323863705.6594
capital,Link,RS0 0,residential urban decentral air heat pump,150759015.13897
capital,Link,RS0 0,services rural air heat pump,13461542.0531
capital,Link,RS0 0,services rural ground heat pump,83316094.06961
capital,Link,RS0 0,services urban decentral air heat pump,38966200.36336
capital,Link,RS0 0,urban central air heat pump,267619664.06418
capital,Link,SE1 0,BEV charger,0.0
capital,Link,SE1 0,DC,1661095700.56166
capital,Link,SE1 0,H2 Electrolysis,2374.64055
capital,Link,SE1 0,V2G,0.0
capital,Link,SE1 0,battery charger,178194368.2151
capital,Link,SE1 0,battery discharger,0.0
capital,Link,SE1 0,electricity distribution grid,1572867259.94862
capital,Link,SE1 0,home battery charger,9144.73862
capital,Link,SE1 0,home battery discharger,0.0
capital,Link,SE1 0,residential rural air heat pump,14035952.17562
capital,Link,SE1 0,residential rural ground heat pump,327351210.45252
capital,Link,SE1 0,residential urban decentral air heat pump,751825766.94233
capital,Link,SE1 0,services rural air heat pump,3910542.4787
capital,Link,SE1 0,services rural ground heat pump,96177137.81016
capital,Link,SE1 0,services urban decentral air heat pump,220269741.26893
capital,Link,SE1 0,urban central air heat pump,1371203437.6623
capital,Link,SI0 0,BEV charger,0.0
capital,Link,SI0 0,DC,0.0
capital,Link,SI0 0,H2 Electrolysis,2383.04962
capital,Link,SI0 0,V2G,0.0
capital,Link,SI0 0,battery charger,8627.56958
capital,Link,SI0 0,battery discharger,0.0
capital,Link,SI0 0,electricity distribution grid,176739927.41698
capital,Link,SI0 0,home battery charger,8552.24271
capital,Link,SI0 0,home battery discharger,0.0
capital,Link,SI0 0,residential rural air heat pump,28439940.9806
capital,Link,SI0 0,residential rural ground heat pump,135489096.42955
capital,Link,SI0 0,residential urban decentral air heat pump,69796763.62509
capital,Link,SI0 0,services rural air heat pump,8799847.73896
capital,Link,SI0 0,services rural ground heat pump,41081311.44528
capital,Link,SI0 0,services urban decentral air heat pump,21257831.3489
capital,Link,SI0 0,urban central air heat pump,128438430.71302
capital,Link,SK0 0,BEV charger,0.0
capital,Link,SK0 0,H2 Electrolysis,2374.65
capital,Link,SK0 0,V2G,0.0
capital,Link,SK0 0,battery charger,9049265.88009
capital,Link,SK0 0,battery discharger,0.0
capital,Link,SK0 0,electricity distribution grid,389317532.21523
capital,Link,SK0 0,home battery charger,8640.86411
capital,Link,SK0 0,home battery discharger,0.0
capital,Link,SK0 0,residential rural air heat pump,21665704.77093
capital,Link,SK0 0,residential rural ground heat pump,350686249.6768
capital,Link,SK0 0,residential urban decentral air heat pump,158048582.30103
capital,Link,SK0 0,services rural air heat pump,11319933.9141
capital,Link,SK0 0,services rural ground heat pump,192695184.73354
capital,Link,SK0 0,services urban decentral air heat pump,86519031.9162
capital,Link,SK0 0,urban central air heat pump,344978405.63788
capital,Link,XK0 0,BEV charger,0.0
capital,Link,XK0 0,H2 Electrolysis,2374.66797
capital,Link,XK0 0,V2G,0.0
capital,Link,XK0 0,battery charger,8092.24011
capital,Link,XK0 0,battery discharger,0.0
capital,Link,XK0 0,electricity distribution grid,69942192.85084
capital,Link,XK0 0,home battery charger,7979.09324
capital,Link,XK0 0,home battery discharger,0.0
capital,Link,XK0 0,residential rural air heat pump,6554594.16723
capital,Link,XK0 0,residential rural ground heat pump,40398242.65224
capital,Link,XK0 0,residential urban decentral air heat pump,23692776.14465
capital,Link,XK0 0,services rural air heat pump,1587012.0066
capital,Link,XK0 0,services rural ground heat pump,10117290.52592
capital,Link,XK0 0,services urban decentral air heat pump,5898438.43442
capital,Link,XK0 0,urban central air heat pump,41729318.32875
capital,StorageUnit,AL0 0,hydro,308888750.57444
capital,StorageUnit,AT0 0,PHS,968906199.16096
capital,StorageUnit,AT0 0,hydro,795309515.52648
capital,StorageUnit,BA0 0,PHS,80387443.22041
capital,StorageUnit,BA0 0,hydro,324016205.79865
capital,StorageUnit,BE0 0,PHS,238969944.84614
capital,StorageUnit,BE0 0,hydro,2326790.57208
capital,StorageUnit,BG0 0,PHS,157851706.68736
capital,StorageUnit,BG0 0,hydro,351720641.91216
capital,StorageUnit,CH0 0,PHS,933142921.86461
capital,StorageUnit,CH0 0,hydro,1974036076.42945
capital,StorageUnit,CZ0 0,PHS,214672758.22305
capital,StorageUnit,CZ0 0,hydro,122953307.34807
capital,StorageUnit,DE0 0,PHS,768968011.97303
capital,StorageUnit,DE0 1,PHS,595672050.45568
capital,StorageUnit,ES0 0,PHS,1369939056.52681
capital,StorageUnit,ES0 0,hydro,2495507959.01041
capital,StorageUnit,ES6 0,PHS,250735743.35386
capital,StorageUnit,ES6 0,hydro,245465798.35455
capital,StorageUnit,FI1 0,hydro,213940218.20706
capital,StorageUnit,FR0 0,PHS,956665383.94331
capital,StorageUnit,FR0 0,hydro,1174055117.17553
capital,StorageUnit,FR5 0,hydro,441059997.29543
capital,StorageUnit,GB3 0,PHS,80387443.22041
capital,StorageUnit,GB3 0,hydro,40467769.7121
capital,StorageUnit,GR0 0,PHS,127706415.4797
capital,StorageUnit,GR0 0,hydro,468804952.96269
capital,StorageUnit,HR0 0,PHS,44889079.08922
capital,StorageUnit,HR0 0,hydro,265352456.70155
capital,StorageUnit,HU0 0,hydro,5115564.56857
capital,StorageUnit,IE3 0,PHS,71617903.96001
capital,StorageUnit,IE3 0,hydro,182698.73459
capital,StorageUnit,IT0 0,PHS,1233563586.09072
capital,StorageUnit,IT0 0,hydro,747749380.93753
capital,StorageUnit,IT4 0,PHS,149812962.36532
capital,StorageUnit,IT4 0,hydro,18635270.92837
capital,StorageUnit,LT0 0,PHS,164428861.13267
capital,StorageUnit,LU0 0,PHS,236412162.56186
capital,StorageUnit,ME0 0,PHS,56088511.5197
capital,StorageUnit,ME0 0,hydro,63023938.18354
capital,StorageUnit,MK0 0,hydro,67781230.53358
capital,StorageUnit,NO1 0,PHS,42806313.51487
capital,StorageUnit,NO1 0,hydro,5680394149.44865
capital,StorageUnit,PL0 0,PHS,465516375.74004
capital,StorageUnit,PL0 0,hydro,26949227.03851
capital,StorageUnit,PT0 0,PHS,716727135.80383
capital,StorageUnit,PT0 0,hydro,326921115.67866
capital,StorageUnit,RO0 0,hydro,812998407.00966
capital,StorageUnit,RS0 0,PHS,112177023.0394
capital,StorageUnit,RS0 0,hydro,144350270.20102
capital,StorageUnit,SE1 0,PHS,16808283.58245
capital,StorageUnit,SE1 0,hydro,2159259090.9128
capital,StorageUnit,SI0 0,PHS,32885772.22653
capital,StorageUnit,SI0 0,hydro,105269183.88448
capital,StorageUnit,SK0 0,PHS,150273363.17649
capital,StorageUnit,SK0 0,hydro,51594122.64874
capital,StorageUnit,XK0 0,hydro,6394455.71071
capital,Store,AL0 0,EV battery,0.0
capital,Store,AL0 0,battery,12587.38777
capital,Store,AL0 0,home battery,8354.62907
capital,Store,AT0 0,EV battery,0.0
capital,Store,AT0 0,H2 Store,3186.73714
capital,Store,AT0 0,battery,26074.76082
capital,Store,AT0 0,home battery,11295.4665
capital,Store,BA0 0,EV battery,0.0
capital,Store,BA0 0,battery,16564.51933
capital,Store,BA0 0,home battery,9737.71874
capital,Store,BE0 0,EV battery,0.0
capital,Store,BE0 0,H2 Store,3186.67966
capital,Store,BE0 0,battery,74754430.57537
capital,Store,BE0 0,home battery,30126.66932
capital,Store,BG0 0,EV battery,0.0
capital,Store,BG0 0,H2 Store,3186.73008
capital,Store,BG0 0,battery,17382.58051
capital,Store,BG0 0,home battery,9442.05783
capital,Store,CH0 0,EV battery,0.0
capital,Store,CH0 0,H2 Store,3186.72576
capital,Store,CH0 0,battery,20652.80067
capital,Store,CH0 0,home battery,10358.5638
capital,Store,CZ0 0,EV battery,0.0
capital,Store,CZ0 0,H2 Store,3337.61095
capital,Store,CZ0 0,battery,1640988236.05751
capital,Store,CZ0 0,home battery,18322.84476
capital,Store,DE0 0,EV battery,0.0
capital,Store,DE0 0,battery,4312781187.51748
capital,Store,DE0 0,home battery,29945.9931
capital,Store,DE0 1,EV battery,0.0
capital,Store,DE0 1,battery,2748993978.88871
capital,Store,DE0 1,home battery,30426.84942
capital,Store,DK0 0,EV battery,0.0
capital,Store,DK0 0,battery,1766028.77931
capital,Store,DK0 0,home battery,20617.17427
capital,Store,DK1 0,EV battery,0.0
capital,Store,DK1 0,battery,4718886905.25877
capital,Store,DK1 0,home battery,74197.66254
capital,Store,EE0 0,EV battery,0.0
capital,Store,EE0 0,H2 Store,3338.05554
capital,Store,EE0 0,battery,531370696.88126
capital,Store,EE0 0,home battery,26948.58718
capital,Store,ES0 0,EV battery,0.0
capital,Store,ES0 0,battery,8628.44743
capital,Store,ES0 0,home battery,6989.22979
capital,Store,ES6 0,EV battery,0.0
capital,Store,ES6 0,H2 Store,3186.73936
capital,Store,ES6 0,battery,6202.82358
capital,Store,ES6 0,home battery,6572.85044
capital,Store,EU,co2,0.0
capital,Store,EU,co2 sequestered,2074.61934
capital,Store,EU,co2 stored,4700.00044
capital,Store,FI1 0,EV battery,0.0
capital,Store,FI1 0,H2 Store,3186.68987
capital,Store,FI1 0,battery,4778023.57482
capital,Store,FI1 0,home battery,18802.90454
capital,Store,FR0 0,EV battery,0.0
capital,Store,FR0 0,battery,63100.59595
capital,Store,FR0 0,home battery,13860.04593
capital,Store,FR5 0,EV battery,0.0
capital,Store,FR5 0,H2 Store,3213.45123
capital,Store,FR5 0,battery,24350.01413
capital,Store,FR5 0,home battery,16819.00455
capital,Store,GB2 0,EV battery,0.0
capital,Store,GB2 0,battery,909518.67945
capital,Store,GB2 0,home battery,18406.2584
capital,Store,GB3 0,EV battery,0.0
capital,Store,GB3 0,battery,654967022.04489
capital,Store,GB3 0,home battery,19048.15843
capital,Store,GR0 0,EV battery,0.0
capital,Store,GR0 0,battery,18508.63481
capital,Store,GR0 0,home battery,9657.57138
capital,Store,HR0 0,EV battery,0.0
capital,Store,HR0 0,H2 Store,3186.73375
capital,Store,HR0 0,battery,16780.24948
capital,Store,HR0 0,home battery,9221.3381
capital,Store,HU0 0,EV battery,0.0
capital,Store,HU0 0,H2 Store,3186.70021
capital,Store,HU0 0,battery,135537.62813
capital,Store,HU0 0,home battery,14067.29126
capital,Store,IE3 0,EV battery,0.0
capital,Store,IE3 0,H2 Store,3186.72853
capital,Store,IE3 0,battery,660202537.21373
capital,Store,IE3 0,home battery,19170.50443
capital,Store,IT0 0,EV battery,0.0
capital,Store,IT0 0,H2 Store,3185.65586
capital,Store,IT0 0,battery,16390.3516
capital,Store,IT0 0,home battery,9402.96805
capital,Store,IT4 0,EV battery,0.0
capital,Store,IT4 0,H2 Store,3186.74031
capital,Store,IT4 0,battery,21258.67927
capital,Store,IT4 0,home battery,13356.01261
capital,Store,LT0 0,EV battery,0.0
capital,Store,LT0 0,H2 Store,3186.72471
capital,Store,LT0 0,battery,404753.40035
capital,Store,LT0 0,home battery,16621.95103
capital,Store,LU0 0,EV battery,0.0
capital,Store,LU0 0,H2 Store,3186.72613
capital,Store,LU0 0,battery,1215279.76544
capital,Store,LU0 0,home battery,18500.51007
capital,Store,LV0 0,EV battery,0.0
capital,Store,LV0 0,H2 Store,3331.72099
capital,Store,LV0 0,battery,427919.20443
capital,Store,LV0 0,home battery,24467.818
capital,Store,ME0 0,EV battery,0.0
capital,Store,ME0 0,H2 Store,3186.73606
capital,Store,ME0 0,battery,14302.7194
capital,Store,ME0 0,home battery,8801.18967
capital,Store,MK0 0,EV battery,0.0
capital,Store,MK0 0,H2 Store,3186.73471
capital,Store,MK0 0,battery,14374.70833
capital,Store,MK0 0,home battery,9071.00307
capital,Store,NL0 0,EV battery,0.0
capital,Store,NL0 0,battery,1531209476.78142
capital,Store,NL0 0,home battery,23647.67304
capital,Store,NO1 0,EV battery,0.0
capital,Store,NO1 0,battery,1318770664.58511
capital,Store,NO1 0,home battery,18992.83035
capital,Store,PL0 0,EV battery,0.0
capital,Store,PL0 0,battery,4650505301.88205
capital,Store,PL0 0,home battery,18768.10856
capital,Store,PT0 0,EV battery,0.0
capital,Store,PT0 0,battery,8649.11832
capital,Store,PT0 0,home battery,6988.13115
capital,Store,RO0 0,EV battery,0.0
capital,Store,RO0 0,battery,19562.42319
capital,Store,RO0 0,home battery,12205.69355
capital,Store,RS0 0,EV battery,0.0
capital,Store,RS0 0,H2 Store,3337.69938
capital,Store,RS0 0,battery,15979.35446
capital,Store,RS0 0,home battery,10739.15666
capital,Store,SE1 0,EV battery,0.0
capital,Store,SE1 0,H2 Store,3186.68954
capital,Store,SE1 0,battery,5576740152.16774
capital,Store,SE1 0,home battery,25829.28859
capital,Store,SI0 0,EV battery,0.0
capital,Store,SI0 0,H2 Store,3186.71838
capital,Store,SI0 0,battery,18039.88142
capital,Store,SI0 0,home battery,9426.6374
capital,Store,SK0 0,EV battery,0.0
capital,Store,SK0 0,H2 Store,3186.695
capital,Store,SK0 0,battery,147500411.37312
capital,Store,SK0 0,home battery,17205.58329
capital,Store,XK0 0,EV battery,0.0
capital,Store,XK0 0,H2 Store,3186.74083
capital,Store,XK0 0,battery,13625.7772
capital,Store,XK0 0,home battery,8467.62058
marginal,Generator,AL0 0,load,12126.5571
marginal,Generator,AL0 0,offwind-ac,145574.83194
marginal,Generator,AL0 0,offwind-dc,367977.88703
marginal,Generator,AL0 0,onwind,0.66081
marginal,Generator,AL0 0,ror,1544.37032
marginal,Generator,AL0 0,solar,29.09177
marginal,Generator,AL0 0,solar rooftop,56.49386
marginal,Generator,AL0 0,solar-hsat,10.28585
marginal,Generator,AT0 0,load,13346.73785
marginal,Generator,AT0 0,onwind,1.51354
marginal,Generator,AT0 0,ror,180347.66672
marginal,Generator,AT0 0,solar,3766925.41304
marginal,Generator,AT0 0,solar rooftop,10755.08725
marginal,Generator,AT0 0,solar-hsat,14.18965
marginal,Generator,BA0 0,load,12128.88873
marginal,Generator,BA0 0,offwind-ac,0.89606
marginal,Generator,BA0 0,onwind,0.27764
marginal,Generator,BA0 0,solar,21.27993
marginal,Generator,BA0 0,solar rooftop,10.56595
marginal,Generator,BA0 0,solar-hsat,9.27545
marginal,Generator,BE0 0,load,13428.55356
marginal,Generator,BE0 0,offwind-ac,91762.9231
marginal,Generator,BE0 0,offwind-dc,105156.96993
marginal,Generator,BE0 0,onwind,75.28216
marginal,Generator,BE0 0,ror,2643.57338
marginal,Generator,BE0 0,solar,13.64483
marginal,Generator,BE0 0,solar rooftop,6.77704
marginal,Generator,BE0 0,solar-hsat,6.55244
marginal,Generator,BG0 0,load,13233.64342
marginal,Generator,BG0 0,offwind-ac,8.15741
marginal,Generator,BG0 0,offwind-dc,265489.52834
marginal,Generator,BG0 0,onwind,1.99559
marginal,Generator,BG0 0,ror,2140.7316
marginal,Generator,BG0 0,solar,46.20303
marginal,Generator,BG0 0,solar rooftop,23.57379
marginal,Generator,BG0 0,solar-hsat,11.25477
marginal,Generator,CH0 0,load,13359.41549
marginal,Generator,CH0 0,onwind,0.15551
marginal,Generator,CH0 0,ror,98806.05209
marginal,Generator,CH0 0,solar,3113764.86993
marginal,Generator,CH0 0,solar rooftop,414563.95239
marginal,Generator,CH0 0,solar-hsat,21.96242
marginal,Generator,CZ0 0,load,13332.57456
marginal,Generator,CZ0 0,onwind,3.74184
marginal,Generator,CZ0 0,ror,1482.36586
marginal,Generator,CZ0 0,solar,7.08311
marginal,Generator,CZ0 0,solar rooftop,4.36627
marginal,Generator,CZ0 0,solar-hsat,4.48986
marginal,Generator,DE0 0,load,12087.37779
marginal,Generator,DE0 0,offwind-ac,231352.66017
marginal,Generator,DE0 0,offwind-dc,2749380.27598
marginal,Generator,DE0 0,onwind,6.94976
marginal,Generator,DE0 0,ror,62373.50322
marginal,Generator,DE0 0,solar,7.88427
marginal,Generator,DE0 0,solar rooftop,4.98849
marginal,Generator,DE0 0,solar-hsat,4.55403
marginal,Generator,DE0 1,load,12099.95407
marginal,Generator,DE0 1,offwind-ac,237228.01895
marginal,Generator,DE0 1,offwind-dc,31193.51665
marginal,Generator,DE0 1,onwind,2.46607
marginal,Generator,DE0 1,ror,153112.05455
marginal,Generator,DE0 1,solar,19.14142
marginal,Generator,DE0 1,solar rooftop,8.23777
marginal,Generator,DE0 1,solar-hsat,6.44453
marginal,Generator,DK0 0,load,12070.66796
marginal,Generator,DK0 0,offwind-ac,13.98957
marginal,Generator,DK0 0,offwind-dc,55.45416
marginal,Generator,DK0 0,onwind,617716.70061
marginal,Generator,DK0 0,solar,2.26303
marginal,Generator,DK0 0,solar rooftop,1.75705
marginal,Generator,DK0 0,solar-hsat,2.12815
marginal,Generator,DK1 0,load,12100.50445
marginal,Generator,DK1 0,offwind-ac,1141598.18176
marginal,Generator,DK1 0,offwind-dc,259660.93393
marginal,Generator,DK1 0,onwind,1556328.77732
marginal,Generator,DK1 0,solar,5.56179
marginal,Generator,DK1 0,solar rooftop,3.82276
marginal,Generator,DK1 0,solar-hsat,3.69444
marginal,Generator,EE0 0,load,13278.29547
marginal,Generator,EE0 0,offwind-ac,27.76948
marginal,Generator,EE0 0,offwind-dc,15.06096
marginal,Generator,EE0 0,onwind,945232.66983
marginal,Generator,EE0 0,solar,2.66741
marginal,Generator,EE0 0,solar rooftop,2.18839
marginal,Generator,EE0 0,solar-hsat,2.28028
marginal,Generator,ES0 0,load,12031.18751
marginal,Generator,ES0 0,offwind-ac,3.98513
marginal,Generator,ES0 0,offwind-dc,6.33907
marginal,Generator,ES0 0,onwind,994809.85109
marginal,Generator,ES0 0,ror,3052.81789
marginal,Generator,ES0 0,solar,6675402.0075
marginal,Generator,ES0 0,solar rooftop,2027762.25964
marginal,Generator,ES0 0,solar-hsat,19.57939
marginal,Generator,ES6 0,load,13271.31039
marginal,Generator,ES6 0,offwind-ac,2.22658
marginal,Generator,ES6 0,offwind-dc,2.42382
marginal,Generator,ES6 0,onwind,71139.7638
marginal,Generator,ES6 0,ror,3464.45448
marginal,Generator,ES6 0,solar,12.78201
marginal,Generator,ES6 0,solar rooftop,11.02832
marginal,Generator,ES6 0,solar-hsat,7.34293
marginal,Generator,EU,biogas,0.0
marginal,Generator,EU,load,8195.01987
marginal,Generator,EU,solid biomass,0.0
marginal,Generator,FI1 0,load,13326.44595
marginal,Generator,FI1 0,offwind-ac,56821.7927
marginal,Generator,FI1 0,offwind-dc,3651577.59539
marginal,Generator,FI1 0,onwind,51.21061
marginal,Generator,FI1 0,ror,65361.53512
marginal,Generator,FI1 0,solar,1.95849
marginal,Generator,FI1 0,solar rooftop,1.74936
marginal,Generator,FI1 0,solar-hsat,1.84258
marginal,Generator,FR0 0,load,12013.66853
marginal,Generator,FR0 0,offwind-ac,15.65007
marginal,Generator,FR0 0,offwind-dc,20199220.54434
marginal,Generator,FR0 0,onwind,4.13683
marginal,Generator,FR0 0,ror,305374.53463
marginal,Generator,FR0 0,solar,10.14956
marginal,Generator,FR0 0,solar rooftop,6.71109
marginal,Generator,FR0 0,solar-hsat,5.94408
marginal,Generator,FR5 0,load,12597.79947
marginal,Generator,FR5 0,offwind-ac,1.94076
marginal,Generator,FR5 0,offwind-dc,3.51452
marginal,Generator,FR5 0,onwind,2.05805
marginal,Generator,FR5 0,ror,5806.07882
marginal,Generator,FR5 0,solar,92178.3477
marginal,Generator,FR5 0,solar rooftop,11385.96938
marginal,Generator,FR5 0,solar-hsat,13.19302
marginal,Generator,GB2 0,load,12024.30548
marginal,Generator,GB2 0,offwind-ac,10981160.57257
marginal,Generator,GB2 0,offwind-dc,8.79203
marginal,Generator,GB2 0,onwind,6300896.01985
marginal,Generator,GB2 0,ror,27446.5697
marginal,Generator,GB2 0,solar,3.23927
marginal,Generator,GB2 0,solar rooftop,2.60324
marginal,Generator,GB2 0,solar-hsat,2.69777
marginal,Generator,GB3 0,load,12071.42804
marginal,Generator,GB3 0,offwind-ac,91486.22585
marginal,Generator,GB3 0,offwind-dc,734718.14215
marginal,Generator,GB3 0,onwind,860781.60288
marginal,Generator,GB3 0,ror,15542.4931
marginal,Generator,GB3 0,solar,1.7181
marginal,Generator,GB3 0,solar rooftop,1.45564
marginal,Generator,GB3 0,solar-hsat,1.6434
marginal,Generator,GR0 0,load,12045.68717
marginal,Generator,GR0 0,offwind-ac,3.78313
marginal,Generator,GR0 0,offwind-dc,6.17665
marginal,Generator,GR0 0,onwind,154638.1378
marginal,Generator,GR0 0,ror,2319.9145
marginal,Generator,GR0 0,solar,2552156.33455
marginal,Generator,GR0 0,solar rooftop,451064.35023
marginal,Generator,GR0 0,solar-hsat,18.16673
marginal,Generator,HR0 0,load,13341.50205
marginal,Generator,HR0 0,offwind-ac,93691.38445
marginal,Generator,HR0 0,offwind-dc,65.9101
marginal,Generator,HR0 0,onwind,3.04869
marginal,Generator,HR0 0,ror,10749.14617
marginal,Generator,HR0 0,solar,11.05842
marginal,Generator,HR0 0,solar rooftop,7.20946
marginal,Generator,HR0 0,solar-hsat,6.00526
marginal,Generator,HU0 0,load,13355.36706
marginal,Generator,HU0 0,onwind,2112375.55338
marginal,Generator,HU0 0,ror,701.48147
marginal,Generator,HU0 0,solar,6.15016
marginal,Generator,HU0 0,solar rooftop,5.12701
marginal,Generator,HU0 0,solar-hsat,4.61483
marginal,Generator,IE3 0,load,13270.46818
marginal,Generator,IE3 0,offwind-ac,1189465.47813
marginal,Generator,IE3 0,offwind-dc,946296.94866
marginal,Generator,IE3 0,onwind,15.35238
marginal,Generator,IE3 0,ror,5617.43985
marginal,Generator,IE3 0,solar,2.42333
marginal,Generator,IE3 0,solar rooftop,2.21185
marginal,Generator,IE3 0,solar-hsat,2.17178
marginal,Generator,IT0 0,load,13233.05554
marginal,Generator,IT0 0,offwind-ac,2.86291
marginal,Generator,IT0 0,offwind-dc,6522468.59848
marginal,Generator,IT0 0,onwind,4.70122
marginal,Generator,IT0 0,ror,299983.21038
marginal,Generator,IT0 0,solar,3943570.47592
marginal,Generator,IT0 0,solar rooftop,266.85168
marginal,Generator,IT0 0,solar-hsat,16.27175
marginal,Generator,IT4 0,load,13347.75775
marginal,Generator,IT4 0,offwind-ac,5.09363
marginal,Generator,IT4 0,offwind-dc,7.42903
marginal,Generator,IT4 0,onwind,107493.80554
marginal,Generator,IT4 0,ror,5162.14133
marginal,Generator,IT4 0,solar,355775.62306
marginal,Generator,IT4 0,solar rooftop,71539.35028
marginal,Generator,IT4 0,solar-hsat,16.73854
marginal,Generator,LT0 0,load,13298.15351
marginal,Generator,LT0 0,offwind-ac,8.78378
marginal,Generator,LT0 0,offwind-dc,31.12543
marginal,Generator,LT0 0,onwind,4.26434
marginal,Generator,LT0 0,ror,4523.05256
marginal,Generator,LT0 0,solar,5.99217
marginal,Generator,LT0 0,solar rooftop,4.44285
marginal,Generator,LT0 0,solar-hsat,3.93528
marginal,Generator,LU0 0,load,13396.81039
marginal,Generator,LU0 0,onwind,3.62143
marginal,Generator,LU0 0,solar,21.22231
marginal,Generator,LU0 0,solar rooftop,6.72227
marginal,Generator,LU0 0,solar-hsat,6.94872
marginal,Generator,LV0 0,load,13008.66883
marginal,Generator,LV0 0,offwind-ac,11.7118
marginal,Generator,LV0 0,offwind-dc,49.55213
marginal,Generator,LV0 0,onwind,7.23678
marginal,Generator,LV0 0,ror,29003.3033
marginal,Generator,LV0 0,solar,6.16468
marginal,Generator,LV0 0,solar rooftop,4.67839
marginal,Generator,LV0 0,solar-hsat,3.86027
marginal,Generator,ME0 0,load,13344.33885
marginal,Generator,ME0 0,offwind-ac,108863.9696
marginal,Generator,ME0 0,offwind-dc,123627.06688
marginal,Generator,ME0 0,onwind,0.23537
marginal,Generator,ME0 0,ror,233.15492
marginal,Generator,ME0 0,solar,39.93609
marginal,Generator,ME0 0,solar rooftop,15.78256
marginal,Generator,ME0 0,solar-hsat,12.09356
marginal,Generator,MK0 0,load,13345.24599
marginal,Generator,MK0 0,onwind,0.10168
marginal,Generator,MK0 0,ror,5192.27233
marginal,Generator,MK0 0,solar,367250.50527
marginal,Generator,MK0 0,solar rooftop,30234.73374
marginal,Generator,MK0 0,solar-hsat,14.78017
marginal,Generator,NL0 0,load,12085.18568
marginal,Generator,NL0 0,offwind-ac,447914.97916
marginal,Generator,NL0 0,offwind-dc,451390.5618
marginal,Generator,NL0 0,onwind,670515.56483
marginal,Generator,NL0 0,solar,8.1798
marginal,Generator,NL0 0,solar rooftop,5.28525
marginal,Generator,NL0 0,solar-hsat,4.67385
marginal,Generator,NO1 0,load,12078.37977
marginal,Generator,NO1 0,offwind-ac,7912652.3906
marginal,Generator,NO1 0,offwind-dc,22.84893
marginal,Generator,NO1 0,onwind,6.16311
marginal,Generator,NO1 0,ror,44064.07266
marginal,Generator,NO1 0,solar,1.77258
marginal,Generator,NO1 0,solar rooftop,1.41324
marginal,Generator,NO1 0,solar-hsat,1.54253
marginal,Generator,PL0 0,load,11946.60424
marginal,Generator,PL0 0,offwind-ac,696641.85703
marginal,Generator,PL0 0,offwind-dc,2002501.21536
marginal,Generator,PL0 0,onwind,2619913.23329
marginal,Generator,PL0 0,ror,10796.3335
marginal,Generator,PL0 0,solar,5.04226
marginal,Generator,PL0 0,solar rooftop,3.67146
marginal,Generator,PL0 0,solar-hsat,3.99678
marginal,Generator,PT0 0,load,12035.2201
marginal,Generator,PT0 0,offwind-ac,5.07374
marginal,Generator,PT0 0,offwind-dc,4.08672
marginal,Generator,PT0 0,onwind,2.94594
marginal,Generator,PT0 0,ror,69560.15138
marginal,Generator,PT0 0,solar,9.54701
marginal,Generator,PT0 0,solar rooftop,9.31753
marginal,Generator,PT0 0,solar-hsat,7.20667
marginal,Generator,RO0 0,load,11978.15297
marginal,Generator,RO0 0,offwind-ac,135285.229
marginal,Generator,RO0 0,offwind-dc,1596297.66002
marginal,Generator,RO0 0,onwind,2.15032
marginal,Generator,RO0 0,ror,67886.38589
marginal,Generator,RO0 0,solar,411.92506
marginal,Generator,RO0 0,solar rooftop,49.32342
marginal,Generator,RO0 0,solar-hsat,12.27258
marginal,Generator,RS0 0,load,13338.28576
marginal,Generator,RS0 0,onwind,7.494
marginal,Generator,RS0 0,ror,61750.3265
marginal,Generator,RS0 0,solar,21.84689
marginal,Generator,RS0 0,solar rooftop,13.77895
marginal,Generator,RS0 0,solar-hsat,8.04965
marginal,Generator,SE1 0,load,13307.20453
marginal,Generator,SE1 0,offwind-ac,1574064.68143
marginal,Generator,SE1 0,offwind-dc,5358774.4893
marginal,Generator,SE1 0,onwind,13.03648
marginal,Generator,SE1 0,ror,67358.54714
marginal,Generator,SE1 0,solar,3.32487
marginal,Generator,SE1 0,solar rooftop,2.76644
marginal,Generator,SE1 0,solar-hsat,2.49187
marginal,Generator,SI0 0,load,13378.42499
marginal,Generator,SI0 0,offwind-ac,1.75056
marginal,Generator,SI0 0,onwind,0.48276
marginal,Generator,SI0 0,ror,20526.23621
marginal,Generator,SI0 0,solar,5.08731
marginal,Generator,SI0 0,solar rooftop,4.40113
marginal,Generator,SI0 0,solar-hsat,3.86062
marginal,Generator,SK0 0,load,13356.24006
marginal,Generator,SK0 0,onwind,10.42084
marginal,Generator,SK0 0,ror,34372.14602
marginal,Generator,SK0 0,solar,10.05063
marginal,Generator,SK0 0,solar rooftop,6.52512
marginal,Generator,SK0 0,solar-hsat,5.95189
marginal,Generator,XK0 0,load,13380.70044
marginal,Generator,XK0 0,onwind,0.25493
marginal,Generator,XK0 0,ror,581.04282
marginal,Generator,XK0 0,solar,32.68931
marginal,Generator,XK0 0,solar rooftop,32.41472
marginal,Generator,XK0 0,solar-hsat,11.79927
marginal,Link,AL0 0,BEV charger,23911.01464
marginal,Link,AL0 0,H2 Electrolysis,0.0
marginal,Link,AL0 0,V2G,386.61937
marginal,Link,AL0 0,battery charger,27.91361
marginal,Link,AL0 0,battery discharger,25.64207
marginal,Link,AL0 0,electricity distribution grid,89097.46637
marginal,Link,AL0 0,home battery charger,22.81472
marginal,Link,AL0 0,home battery discharger,21.63807
marginal,Link,AL0 0,residential rural air heat pump,-886.12753
marginal,Link,AL0 0,residential rural ground heat pump,-9555.21903
marginal,Link,AL0 0,residential urban decentral air heat pump,-6849.74801
marginal,Link,AL0 0,services rural air heat pump,-547.40852
marginal,Link,AL0 0,services rural ground heat pump,-3419.67158
marginal,Link,AL0 0,services urban decentral air heat pump,-2234.67711
marginal,Link,AL0 0,urban central air heat pump,-15043.36756
marginal,Link,AT0 0,BEV charger,235949.10896
marginal,Link,AT0 0,H2 Electrolysis,0.00038
marginal,Link,AT0 0,V2G,510.48354
marginal,Link,AT0 0,battery charger,32.53773
marginal,Link,AT0 0,battery discharger,30.88944
marginal,Link,AT0 0,electricity distribution grid,1025280.99726
marginal,Link,AT0 0,home battery charger,24.94654
marginal,Link,AT0 0,home battery discharger,24.38801
marginal,Link,AT0 0,residential rural air heat pump,-3212.1759
marginal,Link,AT0 0,residential rural ground heat pump,-215023.08054
marginal,Link,AT0 0,residential urban decentral air heat pump,-127060.70098
marginal,Link,AT0 0,services rural air heat pump,-1295.37816
marginal,Link,AT0 0,services rural ground heat pump,-67648.94423
marginal,Link,AT0 0,services urban decentral air heat pump,-43259.5251
marginal,Link,AT0 0,urban central air heat pump,-307659.95704
marginal,Link,BA0 0,BEV charger,37276.2205
marginal,Link,BA0 0,H2 Electrolysis,0.0
marginal,Link,BA0 0,V2G,384.39994
marginal,Link,BA0 0,battery charger,32.58343
marginal,Link,BA0 0,battery discharger,35.63798
marginal,Link,BA0 0,electricity distribution grid,162424.77116
marginal,Link,BA0 0,home battery charger,25.58663
marginal,Link,BA0 0,home battery discharger,21.83452
marginal,Link,BA0 0,residential rural air heat pump,-2438.54832
marginal,Link,BA0 0,residential rural ground heat pump,-34423.32599
marginal,Link,BA0 0,residential urban decentral air heat pump,-15044.71756
marginal,Link,BA0 0,services rural air heat pump,-967.31575
marginal,Link,BA0 0,services rural ground heat pump,-11259.74899
marginal,Link,BA0 0,services urban decentral air heat pump,-4350.967
marginal,Link,BA0 0,urban central air heat pump,-38999.78363
marginal,Link,BE0 0,BEV charger,342408.18122
marginal,Link,BE0 0,DC,91809.21631
marginal,Link,BE0 0,H2 Electrolysis,0.00039
marginal,Link,BE0 0,V2G,458.84509
marginal,Link,BE0 0,battery charger,1528.69941
marginal,Link,BE0 0,battery discharger,1554.60771
marginal,Link,BE0 0,electricity distribution grid,1398817.58256
marginal,Link,BE0 0,home battery charger,23.48781
marginal,Link,BE0 0,home battery discharger,20.57281
marginal,Link,BE0 0,residential rural air heat pump,-70.97665
marginal,Link,BE0 0,residential rural ground heat pump,-28677.98109
marginal,Link,BE0 0,residential urban decentral air heat pump,-244685.84963
marginal,Link,BE0 0,services rural air heat pump,-27.35497
marginal,Link,BE0 0,services rural ground heat pump,-14295.18345
marginal,Link,BE0 0,services urban decentral air heat pump,-119642.89605
marginal,Link,BE0 0,urban central air heat pump,-585287.82033
marginal,Link,BG0 0,BEV charger,96168.66911
marginal,Link,BG0 0,H2 Electrolysis,0.00039
marginal,Link,BG0 0,V2G,475.37229
marginal,Link,BG0 0,battery charger,32.92695
marginal,Link,BG0 0,battery discharger,34.6675
marginal,Link,BG0 0,electricity distribution grid,438905.6185
marginal,Link,BG0 0,home battery charger,27.69414
marginal,Link,BG0 0,home battery discharger,26.83926
marginal,Link,BG0 0,residential rural air heat pump,-1436.22066
marginal,Link,BG0 0,residential rural ground heat pump,-25923.53273
marginal,Link,BG0 0,residential urban decentral air heat pump,-38452.30138
marginal,Link,BG0 0,services rural air heat pump,-837.28188
marginal,Link,BG0 0,services rural ground heat pump,-9550.99115
marginal,Link,BG0 0,services urban decentral air heat pump,-14467.54703
marginal,Link,BG0 0,urban central air heat pump,-92800.0057
marginal,Link,CH0 0,BEV charger,150744.48042
marginal,Link,CH0 0,DC,151451.99067
marginal,Link,CH0 0,H2 Electrolysis,0.00038
marginal,Link,CH0 0,V2G,459.90068
marginal,Link,CH0 0,battery charger,36.47029
marginal,Link,CH0 0,battery discharger,35.15499
marginal,Link,CH0 0,electricity distribution grid,658054.35017
marginal,Link,CH0 0,home battery charger,24.1242
marginal,Link,CH0 0,home battery discharger,24.44609
marginal,Link,CH0 0,residential rural air heat pump,-2525.59484
marginal,Link,CH0 0,residential rural ground heat pump,-91683.31659
marginal,Link,CH0 0,residential urban decentral air heat pump,-142315.06692
marginal,Link,CH0 0,services rural air heat pump,-1501.27558
marginal,Link,CH0 0,services rural ground heat pump,-38135.75302
marginal,Link,CH0 0,services urban decentral air heat pump,-70028.78217
marginal,Link,CH0 0,urban central air heat pump,-365107.67558
marginal,Link,CZ0 0,BEV charger,212132.98921
marginal,Link,CZ0 0,H2 Electrolysis,0.00036
marginal,Link,CZ0 0,V2G,454.88813
marginal,Link,CZ0 0,battery charger,20741.0242
marginal,Link,CZ0 0,battery discharger,22903.31142
marginal,Link,CZ0 0,electricity distribution grid,1133784.27827
marginal,Link,CZ0 0,home battery charger,25.26074
marginal,Link,CZ0 0,home battery discharger,25.61302
marginal,Link,CZ0 0,residential rural air heat pump,-2356.05175
marginal,Link,CZ0 0,residential rural ground heat pump,-142310.85594
marginal,Link,CZ0 0,residential urban decentral air heat pump,-149298.47226
marginal,Link,CZ0 0,services rural air heat pump,-1084.86588
marginal,Link,CZ0 0,services rural ground heat pump,-48757.67595
marginal,Link,CZ0 0,services urban decentral air heat pump,-52091.88081
marginal,Link,CZ0 0,urban central air heat pump,-408907.96207
marginal,Link,DE0 0,BEV charger,1180868.21413
marginal,Link,DE0 0,DC,136108.09945
marginal,Link,DE0 0,H2 Electrolysis,0.0
marginal,Link,DE0 0,V2G,554.30567
marginal,Link,DE0 0,battery charger,47072.76758
marginal,Link,DE0 0,battery discharger,43849.03436
marginal,Link,DE0 0,electricity distribution grid,5548173.14847
marginal,Link,DE0 0,home battery charger,26.06068
marginal,Link,DE0 0,home battery discharger,22.87846
marginal,Link,DE0 0,residential rural air heat pump,-1520.77836
marginal,Link,DE0 0,residential rural ground heat pump,-420134.72453
marginal,Link,DE0 0,residential urban decentral air heat pump,-1137510.42956
marginal,Link,DE0 0,services rural air heat pump,-1263.31907
marginal,Link,DE0 0,services rural ground heat pump,-138556.60377
marginal,Link,DE0 0,services urban decentral air heat pump,-434040.16113
marginal,Link,DE0 0,urban central air heat pump,-2731569.5906
marginal,Link,DE0 1,BEV charger,696631.26991
marginal,Link,DE0 1,DC,5078.85631
marginal,Link,DE0 1,H2 Electrolysis,0.0
marginal,Link,DE0 1,V2G,498.38307
marginal,Link,DE0 1,battery charger,26052.35854
marginal,Link,DE0 1,battery discharger,25798.89589
marginal,Link,DE0 1,electricity distribution grid,3701832.76259
marginal,Link,DE0 1,home battery charger,23.62001
marginal,Link,DE0 1,home battery discharger,24.96143
marginal,Link,DE0 1,residential rural air heat pump,-3130.3296
marginal,Link,DE0 1,residential rural ground heat pump,-701005.97905
marginal,Link,DE0 1,residential urban decentral air heat pump,-488198.17431
marginal,Link,DE0 1,services rural air heat pump,-1875.51359
marginal,Link,DE0 1,services rural ground heat pump,-264576.26047
marginal,Link,DE0 1,services urban decentral air heat pump,-167671.73145
marginal,Link,DE0 1,urban central air heat pump,-1127384.58851
marginal,Link,DK0 0,BEV charger,101501.13613
marginal,Link,DK0 0,DC,150458.21093
marginal,Link,DK0 0,H2 Electrolysis,0.0
marginal,Link,DK0 0,V2G,352.79512
marginal,Link,DK0 0,battery charger,408.01702
marginal,Link,DK0 0,battery discharger,409.1062
marginal,Link,DK0 0,electricity distribution grid,337827.98157
marginal,Link,DK0 0,home battery charger,26.95487
marginal,Link,DK0 0,home battery discharger,27.51424
marginal,Link,DK0 0,residential rural air heat pump,-348.01616
marginal,Link,DK0 0,residential rural ground heat pump,-21390.89013
marginal,Link,DK0 0,residential urban decentral air heat pump,-106140.31085
marginal,Link,DK0 0,services rural air heat pump,-99.53518
marginal,Link,DK0 0,services rural ground heat pump,-5734.13355
marginal,Link,DK0 0,services urban decentral air heat pump,-24683.31463
marginal,Link,DK0 0,urban central air heat pump,-210341.05048
marginal,Link,DK1 0,BEV charger,60515.02612
marginal,Link,DK1 0,DC,1253093.77251
marginal,Link,DK1 0,H2 Electrolysis,0.0
marginal,Link,DK1 0,V2G,338.03285
marginal,Link,DK1 0,battery charger,61254.83247
marginal,Link,DK1 0,battery discharger,59661.61749
marginal,Link,DK1 0,electricity distribution grid,260418.94206
marginal,Link,DK1 0,home battery charger,24.94649
marginal,Link,DK1 0,home battery discharger,23.3267
marginal,Link,DK1 0,residential rural air heat pump,-379.37541
marginal,Link,DK1 0,residential rural ground heat pump,-9731.05551
marginal,Link,DK1 0,residential urban decentral air heat pump,-56099.31215
marginal,Link,DK1 0,services rural air heat pump,-120.88764
marginal,Link,DK1 0,services rural ground heat pump,-2532.7476
marginal,Link,DK1 0,services urban decentral air heat pump,-15178.07651
marginal,Link,DK1 0,urban central air heat pump,-137133.10156
marginal,Link,EE0 0,BEV charger,27070.54091
marginal,Link,EE0 0,DC,4457.61201
marginal,Link,EE0 0,H2 Electrolysis,0.00039
marginal,Link,EE0 0,V2G,398.53757
marginal,Link,EE0 0,battery charger,16290.78915
marginal,Link,EE0 0,battery discharger,13126.93277
marginal,Link,EE0 0,electricity distribution grid,145655.44017
marginal,Link,EE0 0,home battery charger,29.32432
marginal,Link,EE0 0,home battery discharger,24.847
marginal,Link,EE0 0,residential rural air heat pump,-838.19272
marginal,Link,EE0 0,residential rural ground heat pump,-19298.13914
marginal,Link,EE0 0,residential urban decentral air heat pump,-18872.23183
marginal,Link,EE0 0,services rural air heat pump,-493.77695
marginal,Link,EE0 0,services rural ground heat pump,-7023.29882
marginal,Link,EE0 0,services urban decentral air heat pump,-6002.35938
marginal,Link,EE0 0,urban central air heat pump,-43246.74928
marginal,Link,ES0 0,BEV charger,886614.35674
marginal,Link,ES0 0,DC,728160.93725
marginal,Link,ES0 0,H2 Electrolysis,0.0
marginal,Link,ES0 0,V2G,677.51219
marginal,Link,ES0 0,battery charger,39.48705
marginal,Link,ES0 0,battery discharger,37.386
marginal,Link,ES0 0,electricity distribution grid,2516606.04248
marginal,Link,ES0 0,home battery charger,26.80671
marginal,Link,ES0 0,home battery discharger,26.38075
marginal,Link,ES0 0,residential rural air heat pump,-13659.09903
marginal,Link,ES0 0,residential rural ground heat pump,-130780.60495
marginal,Link,ES0 0,residential urban decentral air heat pump,-234902.69076
marginal,Link,ES0 0,services rural air heat pump,-6147.77229
marginal,Link,ES0 0,services rural ground heat pump,-55151.37588
marginal,Link,ES0 0,services urban decentral air heat pump,-100919.24516
marginal,Link,ES0 0,urban central air heat pump,-632609.72268
marginal,Link,ES6 0,BEV charger,15621.66566
marginal,Link,ES6 0,DC,3351.88098
marginal,Link,ES6 0,H2 Electrolysis,0.00039
marginal,Link,ES6 0,V2G,239.39506
marginal,Link,ES6 0,battery charger,32.79107
marginal,Link,ES6 0,battery discharger,30.65559
marginal,Link,ES6 0,electricity distribution grid,140038.32877
marginal,Link,ES6 0,home battery charger,24.20342
marginal,Link,ES6 0,home battery discharger,28.1803
marginal,Link,ES6 0,residential rural air heat pump,-745.78518
marginal,Link,ES6 0,residential rural ground heat pump,-210.39258
marginal,Link,ES6 0,residential urban decentral air heat pump,-4457.48668
marginal,Link,ES6 0,services rural air heat pump,-275.98234
marginal,Link,ES6 0,services rural ground heat pump,-134.02766
marginal,Link,ES6 0,services urban decentral air heat pump,-1962.02078
marginal,Link,ES6 0,urban central air heat pump,-12271.36589
marginal,Link,EU,co2 sequestered,0.00057
marginal,Link,FI1 0,BEV charger,156385.93925
marginal,Link,FI1 0,DC,49144.61132
marginal,Link,FI1 0,H2 Electrolysis,0.00039
marginal,Link,FI1 0,V2G,520.72507
marginal,Link,FI1 0,battery charger,637.23317
marginal,Link,FI1 0,battery discharger,588.68538
marginal,Link,FI1 0,electricity distribution grid,1044752.34121
marginal,Link,FI1 0,home battery charger,25.8449
marginal,Link,FI1 0,home battery discharger,26.66323
marginal,Link,FI1 0,residential rural air heat pump,-1716.37671
marginal,Link,FI1 0,residential rural ground heat pump,-78975.15232
marginal,Link,FI1 0,residential urban decentral air heat pump,-174303.77942
marginal,Link,FI1 0,services rural air heat pump,-988.08702
marginal,Link,FI1 0,services rural ground heat pump,-24626.18244
marginal,Link,FI1 0,services urban decentral air heat pump,-58296.13859
marginal,Link,FI1 0,urban central air heat pump,-394045.30163
marginal,Link,FR0 0,BEV charger,1519480.87252
marginal,Link,FR0 0,DC,1004457.60601
marginal,Link,FR0 0,H2 Electrolysis,0.0
marginal,Link,FR0 0,V2G,605.06832
marginal,Link,FR0 0,battery charger,40.07133
marginal,Link,FR0 0,battery discharger,42.26974
marginal,Link,FR0 0,electricity distribution grid,6836782.00779
marginal,Link,FR0 0,home battery charger,29.5985
marginal,Link,FR0 0,home battery discharger,24.46201
marginal,Link,FR0 0,residential rural air heat pump,-13209.83612
marginal,Link,FR0 0,residential rural ground heat pump,-659025.12239
marginal,Link,FR0 0,residential urban decentral air heat pump,-1160859.1318
marginal,Link,FR0 0,services rural air heat pump,-3651.14494
marginal,Link,FR0 0,services rural ground heat pump,-244388.59234
marginal,Link,FR0 0,services urban decentral air heat pump,-388473.04018
marginal,Link,FR0 0,urban central air heat pump,-3046627.36412
marginal,Link,FR5 0,BEV charger,6242.63995
marginal,Link,FR5 0,DC,81608.36087
marginal,Link,FR5 0,H2 Electrolysis,9e-05
marginal,Link,FR5 0,V2G,260.3525
marginal,Link,FR5 0,battery charger,34.13578
marginal,Link,FR5 0,battery discharger,37.61996
marginal,Link,FR5 0,electricity distribution grid,66728.03136
marginal,Link,FR5 0,home battery charger,27.06393
marginal,Link,FR5 0,home battery discharger,26.27208
marginal,Link,FR5 0,residential rural air heat pump,-1400.00506
marginal,Link,FR5 0,residential rural ground heat pump,-12884.9579
marginal,Link,FR5 0,residential urban decentral air heat pump,0.0
marginal,Link,FR5 0,services rural air heat pump,-923.48203
marginal,Link,FR5 0,services rural ground heat pump,-4315.66906
marginal,Link,FR5 0,services urban decentral air heat pump,0.0
marginal,Link,GB2 0,BEV charger,1057523.99909
marginal,Link,GB2 0,DC,2882753.11301
marginal,Link,GB2 0,H2 Electrolysis,0.0
marginal,Link,GB2 0,V2G,607.92494
marginal,Link,GB2 0,battery charger,260.50927
marginal,Link,GB2 0,battery discharger,214.27455
marginal,Link,GB2 0,electricity distribution grid,4979323.28834
marginal,Link,GB2 0,home battery charger,30.13736
marginal,Link,GB2 0,home battery discharger,29.06766
marginal,Link,GB2 0,residential rural air heat pump,-2207.50472
marginal,Link,GB2 0,residential rural ground heat pump,-411282.84744
marginal,Link,GB2 0,residential urban decentral air heat pump,-998372.13529
marginal,Link,GB2 0,services rural air heat pump,-1628.93107
marginal,Link,GB2 0,services rural ground heat pump,-135295.25593
marginal,Link,GB2 0,services urban decentral air heat pump,-308713.89961
marginal,Link,GB2 0,urban central air heat pump,-2168215.4378
marginal,Link,GB3 0,BEV charger,28951.79867
marginal,Link,GB3 0,DC,326058.59354
marginal,Link,GB3 0,H2 Electrolysis,0.0
marginal,Link,GB3 0,V2G,351.65864
marginal,Link,GB3 0,battery charger,10037.39016
marginal,Link,GB3 0,battery discharger,11748.89203
marginal,Link,GB3 0,electricity distribution grid,169083.98683
marginal,Link,GB3 0,home battery charger,25.46097
marginal,Link,GB3 0,home battery discharger,27.47903
marginal,Link,GB3 0,residential rural air heat pump,-2742.80151
marginal,Link,GB3 0,residential rural ground heat pump,-41563.3032
marginal,Link,GB3 0,residential urban decentral air heat pump,-11094.57343
marginal,Link,GB3 0,services rural air heat pump,-1704.60857
marginal,Link,GB3 0,services rural ground heat pump,-13888.37297
marginal,Link,GB3 0,services urban decentral air heat pump,-3505.74776
marginal,Link,GB3 0,urban central air heat pump,-25427.26638
marginal,Link,GR0 0,BEV charger,159724.77099
marginal,Link,GR0 0,DC,24932.97818
marginal,Link,GR0 0,H2 Electrolysis,0.0
marginal,Link,GR0 0,V2G,529.25417
marginal,Link,GR0 0,battery charger,37.87709
marginal,Link,GR0 0,battery discharger,37.42694
marginal,Link,GR0 0,electricity distribution grid,383070.87711
marginal,Link,GR0 0,home battery charger,25.82521
marginal,Link,GR0 0,home battery discharger,27.87956
marginal,Link,GR0 0,residential rural air heat pump,-2337.75124
marginal,Link,GR0 0,residential rural ground heat pump,-34769.60473
marginal,Link,GR0 0,residential urban decentral air heat pump,-60952.75738
marginal,Link,GR0 0,services rural air heat pump,-1740.37489
marginal,Link,GR0 0,services rural ground heat pump,-13320.90679
marginal,Link,GR0 0,services urban decentral air heat pump,-29705.51323
marginal,Link,GR0 0,urban central air heat pump,-171909.45202
marginal,Link,HR0 0,BEV charger,66827.17596
marginal,Link,HR0 0,H2 Electrolysis,0.00036
marginal,Link,HR0 0,V2G,481.36425
marginal,Link,HR0 0,battery charger,31.96436
marginal,Link,HR0 0,battery discharger,33.81104
marginal,Link,HR0 0,electricity distribution grid,290222.16386
marginal,Link,HR0 0,home battery charger,24.27294
marginal,Link,HR0 0,home battery discharger,22.58034
marginal,Link,HR0 0,residential rural air heat pump,-2378.70182
marginal,Link,HR0 0,residential rural ground heat pump,-63182.58522
marginal,Link,HR0 0,residential urban decentral air heat pump,-38489.24156
marginal,Link,HR0 0,services rural air heat pump,-861.08992
marginal,Link,HR0 0,services rural ground heat pump,-13692.71442
marginal,Link,HR0 0,services urban decentral air heat pump,-8294.31698
marginal,Link,HR0 0,urban central air heat pump,-79005.15986
marginal,Link,HU0 0,BEV charger,167084.532
marginal,Link,HU0 0,H2 Electrolysis,0.00035
marginal,Link,HU0 0,V2G,449.24828
marginal,Link,HU0 0,battery charger,38.09497
marginal,Link,HU0 0,battery discharger,38.19033
marginal,Link,HU0 0,electricity distribution grid,670863.53431
marginal,Link,HU0 0,home battery charger,26.35133
marginal,Link,HU0 0,home battery discharger,22.99583
marginal,Link,HU0 0,residential rural air heat pump,-1820.54332
marginal,Link,HU0 0,residential rural ground heat pump,-123065.59135
marginal,Link,HU0 0,residential urban decentral air heat pump,-123592.98717
marginal,Link,HU0 0,services rural air heat pump,-1021.25468
marginal,Link,HU0 0,services rural ground heat pump,-35921.12853
marginal,Link,HU0 0,services urban decentral air heat pump,-42870.08515
marginal,Link,HU0 0,urban central air heat pump,-262399.32912
marginal,Link,IE3 0,BEV charger,119317.03931
marginal,Link,IE3 0,DC,682091.85831
marginal,Link,IE3 0,H2 Electrolysis,0.00046
marginal,Link,IE3 0,V2G,494.50586
marginal,Link,IE3 0,battery charger,11172.63594
marginal,Link,IE3 0,battery discharger,10579.11206
marginal,Link,IE3 0,electricity distribution grid,394555.03615
marginal,Link,IE3 0,home battery charger,26.44574
marginal,Link,IE3 0,home battery discharger,24.60028
marginal,Link,IE3 0,residential rural air heat pump,-3012.47908
marginal,Link,IE3 0,residential rural ground heat pump,-64009.9399
marginal,Link,IE3 0,residential urban decentral air heat pump,-62293.30275
marginal,Link,IE3 0,services rural air heat pump,-1370.74924
marginal,Link,IE3 0,services rural ground heat pump,-29134.16208
marginal,Link,IE3 0,services urban decentral air heat pump,-22465.27341
marginal,Link,IE3 0,urban central air heat pump,-127372.4138
marginal,Link,IT0 0,BEV charger,1060406.67942
marginal,Link,IT0 0,DC,420436.8149
marginal,Link,IT0 0,H2 Electrolysis,0.00039
marginal,Link,IT0 0,V2G,573.77706
marginal,Link,IT0 0,battery charger,35.5495
marginal,Link,IT0 0,battery discharger,38.43861
marginal,Link,IT0 0,electricity distribution grid,5409494.86806
marginal,Link,IT0 0,home battery charger,24.50422
marginal,Link,IT0 0,home battery discharger,25.41539
marginal,Link,IT0 0,residential rural air heat pump,-21870.08092
marginal,Link,IT0 0,residential rural ground heat pump,-568047.67467
marginal,Link,IT0 0,residential urban decentral air heat pump,-721990.39716
marginal,Link,IT0 0,services rural air heat pump,-9989.52677
marginal,Link,IT0 0,services rural ground heat pump,-293554.58283
marginal,Link,IT0 0,services urban decentral air heat pump,-328659.66445
marginal,Link,IT0 0,urban central air heat pump,-1895160.29442
marginal,Link,IT4 0,BEV charger,31843.9614
marginal,Link,IT4 0,DC,114388.52657
marginal,Link,IT4 0,H2 Electrolysis,0.0004
marginal,Link,IT4 0,V2G,457.88307
marginal,Link,IT4 0,battery charger,28.42952
marginal,Link,IT4 0,battery discharger,31.44458
marginal,Link,IT4 0,electricity distribution grid,102054.27124
marginal,Link,IT4 0,home battery charger,26.16352
marginal,Link,IT4 0,home battery discharger,26.39283
marginal,Link,IT4 0,residential rural air heat pump,-3313.0535
marginal,Link,IT4 0,residential rural ground heat pump,-42771.6796
marginal,Link,IT4 0,residential urban decentral air heat pump,-5398.56185
marginal,Link,IT4 0,services rural air heat pump,-2360.92463
marginal,Link,IT4 0,services rural ground heat pump,-20102.80568
marginal,Link,IT4 0,services urban decentral air heat pump,-2522.48498
marginal,Link,IT4 0,urban central air heat pump,-14442.24428
marginal,Link,LT0 0,BEV charger,72850.88761
marginal,Link,LT0 0,DC,38835.36869
marginal,Link,LT0 0,H2 Electrolysis,0.00039
marginal,Link,LT0 0,V2G,469.5249
marginal,Link,LT0 0,battery charger,92.56639
marginal,Link,LT0 0,battery discharger,105.63995
marginal,Link,LT0 0,electricity distribution grid,250779.97633
marginal,Link,LT0 0,home battery charger,24.58233
marginal,Link,LT0 0,home battery discharger,26.28008
marginal,Link,LT0 0,residential rural air heat pump,-681.05458
marginal,Link,LT0 0,residential rural ground heat pump,-35701.92737
marginal,Link,LT0 0,residential urban decentral air heat pump,-32656.08131
marginal,Link,LT0 0,services rural air heat pump,-267.85703
marginal,Link,LT0 0,services rural ground heat pump,-8944.66452
marginal,Link,LT0 0,services urban decentral air heat pump,-7590.48028
marginal,Link,LT0 0,urban central air heat pump,-70808.06088
marginal,Link,LU0 0,BEV charger,32937.61436
marginal,Link,LU0 0,H2 Electrolysis,0.00034
marginal,Link,LU0 0,V2G,337.026
marginal,Link,LU0 0,battery charger,222.68681
marginal,Link,LU0 0,battery discharger,211.70567
marginal,Link,LU0 0,electricity distribution grid,113072.13036
marginal,Link,LU0 0,home battery charger,20.73261
marginal,Link,LU0 0,home battery discharger,18.1182
marginal,Link,LU0 0,residential rural air heat pump,-64.67683
marginal,Link,LU0 0,residential rural ground heat pump,-3063.19059
marginal,Link,LU0 0,residential urban decentral air heat pump,-14891.59348
marginal,Link,LU0 0,services rural air heat pump,-44.94767
marginal,Link,LU0 0,services rural ground heat pump,-1920.99352
marginal,Link,LU0 0,services urban decentral air heat pump,-8331.0315
marginal,Link,LU0 0,urban central air heat pump,-38105.75912
marginal,Link,LV0 0,BEV charger,34646.08181
marginal,Link,LV0 0,H2 Electrolysis,0.00024
marginal,Link,LV0 0,V2G,382.77468
marginal,Link,LV0 0,battery charger,119.15615
marginal,Link,LV0 0,battery discharger,113.43833
marginal,Link,LV0 0,electricity distribution grid,151532.01268
marginal,Link,LV0 0,home battery charger,28.45926
marginal,Link,LV0 0,home battery discharger,27.62393
marginal,Link,LV0 0,residential rural air heat pump,-1071.40011
marginal,Link,LV0 0,residential rural ground heat pump,-28269.49083
marginal,Link,LV0 0,residential urban decentral air heat pump,-23335.79546
marginal,Link,LV0 0,services rural air heat pump,-675.20165
marginal,Link,LV0 0,services rural ground heat pump,-10808.87796
marginal,Link,LV0 0,services urban decentral air heat pump,-8579.6247
marginal,Link,LV0 0,urban central air heat pump,-58973.04681
marginal,Link,ME0 0,BEV charger,8791.34309
marginal,Link,ME0 0,DC,4652.42392
marginal,Link,ME0 0,H2 Electrolysis,0.00036
marginal,Link,ME0 0,V2G,288.50303
marginal,Link,ME0 0,battery charger,28.30583
marginal,Link,ME0 0,battery discharger,26.4373
marginal,Link,ME0 0,electricity distribution grid,41701.36016
marginal,Link,ME0 0,home battery charger,20.50568
marginal,Link,ME0 0,home battery discharger,22.21855
marginal,Link,ME0 0,residential rural air heat pump,-535.30448
marginal,Link,ME0 0,residential rural ground heat pump,-4109.49956
marginal,Link,ME0 0,residential urban decentral air heat pump,-3596.54026
marginal,Link,ME0 0,services rural air heat pump,-51.61045
marginal,Link,ME0 0,services rural ground heat pump,-459.11946
marginal,Link,ME0 0,services urban decentral air heat pump,-390.94424
marginal,Link,ME0 0,urban central air heat pump,-6633.62448
marginal,Link,MK0 0,BEV charger,20734.41232
marginal,Link,MK0 0,H2 Electrolysis,0.0004
marginal,Link,MK0 0,V2G,466.73585
marginal,Link,MK0 0,battery charger,32.64682
marginal,Link,MK0 0,battery discharger,31.97065
marginal,Link,MK0 0,electricity distribution grid,79550.03594
marginal,Link,MK0 0,home battery charger,20.16614
marginal,Link,MK0 0,home battery discharger,19.52793
marginal,Link,MK0 0,residential rural air heat pump,-871.46443
marginal,Link,MK0 0,residential rural ground heat pump,-12988.71957
marginal,Link,MK0 0,residential urban decentral air heat pump,-8405.5857
marginal,Link,MK0 0,services rural air heat pump,-482.21013
marginal,Link,MK0 0,services rural ground heat pump,-3561.31906
marginal,Link,MK0 0,services urban decentral air heat pump,-2424.00691
marginal,Link,MK0 0,urban central air heat pump,-17199.63748
marginal,Link,NL0 0,BEV charger,419356.71497
marginal,Link,NL0 0,DC,1787.84604
marginal,Link,NL0 0,H2 Electrolysis,0.0
marginal,Link,NL0 0,V2G,513.45364
marginal,Link,NL0 0,battery charger,16723.37507
marginal,Link,NL0 0,battery discharger,18436.91375
marginal,Link,NL0 0,electricity distribution grid,1962110.94448
marginal,Link,NL0 0,home battery charger,28.86893
marginal,Link,NL0 0,home battery discharger,28.98855
marginal,Link,NL0 0,residential rural air heat pump,-693.64726
marginal,Link,NL0 0,residential rural ground heat pump,-45998.5961
marginal,Link,NL0 0,residential urban decentral air heat pump,-292205.56991
marginal,Link,NL0 0,services rural air heat pump,-628.02499
marginal,Link,NL0 0,services rural ground heat pump,-23388.00783
marginal,Link,NL0 0,services urban decentral air heat pump,-157573.13381
marginal,Link,NL0 0,urban central air heat pump,-830477.13327
marginal,Link,NO1 0,BEV charger,112726.91823
marginal,Link,NO1 0,DC,2829479.35991
marginal,Link,NO1 0,H2 Electrolysis,0.0
marginal,Link,NO1 0,V2G,450.3751
marginal,Link,NO1 0,battery charger,19959.23447
marginal,Link,NO1 0,battery discharger,17228.33907
marginal,Link,NO1 0,electricity distribution grid,1248043.1788
marginal,Link,NO1 0,home battery charger,30.73776
marginal,Link,NO1 0,home battery discharger,30.78752
marginal,Link,NO1 0,residential rural air heat pump,-1420.92954
marginal,Link,NO1 0,residential rural ground heat pump,-46357.66341
marginal,Link,NO1 0,residential urban decentral air heat pump,-112086.78572
marginal,Link,NO1 0,services rural air heat pump,-1504.36804
marginal,Link,NO1 0,services rural ground heat pump,-37073.70683
marginal,Link,NO1 0,services urban decentral air heat pump,-82593.2407
marginal,Link,NO1 0,urban central air heat pump,-343556.78964
marginal,Link,PL0 0,BEV charger,737019.7862
marginal,Link,PL0 0,DC,1260.24827
marginal,Link,PL0 0,H2 Electrolysis,0.0
marginal,Link,PL0 0,V2G,544.45475
marginal,Link,PL0 0,battery charger,65315.59659
marginal,Link,PL0 0,battery discharger,69540.4436
marginal,Link,PL0 0,electricity distribution grid,2851642.01559
marginal,Link,PL0 0,home battery charger,28.83112
marginal,Link,PL0 0,home battery discharger,25.33941
marginal,Link,PL0 0,residential rural air heat pump,-17823.82939
marginal,Link,PL0 0,residential rural ground heat pump,-626250.71836
marginal,Link,PL0 0,residential urban decentral air heat pump,-360335.46005
marginal,Link,PL0 0,services rural air heat pump,-3327.59292
marginal,Link,PL0 0,services rural ground heat pump,-180472.04635
marginal,Link,PL0 0,services urban decentral air heat pump,-116919.13043
marginal,Link,PL0 0,urban central air heat pump,-910391.39818
marginal,Link,PT0 0,BEV charger,232208.86239
marginal,Link,PT0 0,H2 Electrolysis,0.0
marginal,Link,PT0 0,V2G,508.93791
marginal,Link,PT0 0,battery charger,43.42233
marginal,Link,PT0 0,battery discharger,40.15819
marginal,Link,PT0 0,electricity distribution grid,697506.4337
marginal,Link,PT0 0,home battery charger,27.47518
marginal,Link,PT0 0,home battery discharger,26.9209
marginal,Link,PT0 0,residential rural air heat pump,-6364.81434
marginal,Link,PT0 0,residential rural ground heat pump,-33065.61307
marginal,Link,PT0 0,residential urban decentral air heat pump,-31450.31938
marginal,Link,PT0 0,services rural air heat pump,-8149.42532
marginal,Link,PT0 0,services rural ground heat pump,-28016.07265
marginal,Link,PT0 0,services urban decentral air heat pump,-26863.0504
marginal,Link,PT0 0,urban central air heat pump,-105466.64532
marginal,Link,RO0 0,BEV charger,215622.29332
marginal,Link,RO0 0,H2 Electrolysis,0.0
marginal,Link,RO0 0,V2G,479.35619
marginal,Link,RO0 0,battery charger,35.95767
marginal,Link,RO0 0,battery discharger,33.67018
marginal,Link,RO0 0,electricity distribution grid,1033931.43144
marginal,Link,RO0 0,home battery charger,27.06695
marginal,Link,RO0 0,home battery discharger,26.65708
marginal,Link,RO0 0,residential rural air heat pump,-4153.67821
marginal,Link,RO0 0,residential rural ground heat pump,-218591.50516
marginal,Link,RO0 0,residential urban decentral air heat pump,-113167.54323
marginal,Link,RO0 0,services rural air heat pump,-950.90789
marginal,Link,RO0 0,services rural ground heat pump,-46805.98254
marginal,Link,RO0 0,services urban decentral air heat pump,-22878.30285
marginal,Link,RO0 0,urban central air heat pump,-244593.56523
marginal,Link,RS0 0,BEV charger,68436.90812
marginal,Link,RS0 0,H2 Electrolysis,0.00034
marginal,Link,RS0 0,V2G,458.87303
marginal,Link,RS0 0,battery charger,38.4862
marginal,Link,RS0 0,battery discharger,35.30413
marginal,Link,RS0 0,electricity distribution grid,485318.30026
marginal,Link,RS0 0,home battery charger,21.86254
marginal,Link,RS0 0,home battery discharger,25.22739
marginal,Link,RS0 0,residential rural air heat pump,-2185.50763
marginal,Link,RS0 0,residential rural ground heat pump,-75036.0543
marginal,Link,RS0 0,residential urban decentral air heat pump,-39475.71024
marginal,Link,RS0 0,services rural air heat pump,-789.60252
marginal,Link,RS0 0,services rural ground heat pump,-21694.2232
marginal,Link,RS0 0,services urban decentral air heat pump,-11146.79299
marginal,Link,RS0 0,urban central air heat pump,-96061.50651
marginal,Link,SE1 0,BEV charger,245010.85214
marginal,Link,SE1 0,DC,2137649.39063
marginal,Link,SE1 0,H2 Electrolysis,0.00039
marginal,Link,SE1 0,V2G,527.40633
marginal,Link,SE1 0,battery charger,60527.56146
marginal,Link,SE1 0,battery discharger,59010.32207
marginal,Link,SE1 0,electricity distribution grid,1797262.66832
marginal,Link,SE1 0,home battery charger,27.04582
marginal,Link,SE1 0,home battery discharger,28.04585
marginal,Link,SE1 0,residential rural air heat pump,-2161.40294
marginal,Link,SE1 0,residential rural ground heat pump,-86823.59866
marginal,Link,SE1 0,residential urban decentral air heat pump,-257460.03573
marginal,Link,SE1 0,services rural air heat pump,-654.96867
marginal,Link,SE1 0,services rural ground heat pump,-26448.63728
marginal,Link,SE1 0,services urban decentral air heat pump,-76359.27751
marginal,Link,SE1 0,urban central air heat pump,-613482.19686
marginal,Link,SI0 0,BEV charger,64178.06075
marginal,Link,SI0 0,DC,2405.13056
marginal,Link,SI0 0,H2 Electrolysis,0.00037
marginal,Link,SI0 0,V2G,422.41304
marginal,Link,SI0 0,battery charger,33.04016
marginal,Link,SI0 0,battery discharger,31.601
marginal,Link,SI0 0,electricity distribution grid,219996.47221
marginal,Link,SI0 0,home battery charger,21.81527
marginal,Link,SI0 0,home battery discharger,23.74937
marginal,Link,SI0 0,residential rural air heat pump,-1602.56663
marginal,Link,SI0 0,residential rural ground heat pump,-34827.90487
marginal,Link,SI0 0,residential urban decentral air heat pump,-22351.24715
marginal,Link,SI0 0,services rural air heat pump,-1100.13957
marginal,Link,SI0 0,services rural ground heat pump,-9894.51292
marginal,Link,SI0 0,services urban decentral air heat pump,-6865.17248
marginal,Link,SI0 0,urban central air heat pump,-49000.19093
marginal,Link,SK0 0,BEV charger,107398.82335
marginal,Link,SK0 0,H2 Electrolysis,0.00035
marginal,Link,SK0 0,V2G,479.18816
marginal,Link,SK0 0,battery charger,4597.62909
marginal,Link,SK0 0,battery discharger,3955.74914
marginal,Link,SK0 0,electricity distribution grid,405411.84744
marginal,Link,SK0 0,home battery charger,23.06232
marginal,Link,SK0 0,home battery discharger,24.55288
marginal,Link,SK0 0,residential rural air heat pump,-2167.72088
marginal,Link,SK0 0,residential rural ground heat pump,-82363.35224
marginal,Link,SK0 0,residential urban decentral air heat pump,-45173.69483
marginal,Link,SK0 0,services rural air heat pump,-913.96079
marginal,Link,SK0 0,services rural ground heat pump,-45914.90034
marginal,Link,SK0 0,services urban decentral air heat pump,-24347.64106
marginal,Link,SK0 0,urban central air heat pump,-141464.75574
marginal,Link,XK0 0,BEV charger,13401.34473
marginal,Link,XK0 0,H2 Electrolysis,0.00034
marginal,Link,XK0 0,V2G,426.0286
marginal,Link,XK0 0,battery charger,27.97306
marginal,Link,XK0 0,battery discharger,28.07639
marginal,Link,XK0 0,electricity distribution grid,89897.23822
marginal,Link,XK0 0,home battery charger,21.1375
marginal,Link,XK0 0,home battery discharger,21.31062
marginal,Link,XK0 0,residential rural air heat pump,-635.11774
marginal,Link,XK0 0,residential rural ground heat pump,-9886.20028
marginal,Link,XK0 0,residential urban decentral air heat pump,-7295.1861
marginal,Link,XK0 0,services rural air heat pump,-289.77279
marginal,Link,XK0 0,services rural ground heat pump,-2639.84875
marginal,Link,XK0 0,services urban decentral air heat pump,-1832.48471
marginal,Link,XK0 0,urban central air heat pump,-15811.75411
marginal,StorageUnit,AL0 0,hydro,53030.1706
marginal,StorageUnit,AT0 0,PHS,45339.89918
marginal,StorageUnit,AT0 0,hydro,195662.44595
marginal,StorageUnit,BA0 0,PHS,469.07441
marginal,StorageUnit,BA0 0,hydro,65066.33337
marginal,StorageUnit,BE0 0,PHS,848.52545
marginal,StorageUnit,BE0 0,hydro,514.33573
marginal,StorageUnit,BG0 0,PHS,3903.85721
marginal,StorageUnit,BG0 0,hydro,34221.67022
marginal,StorageUnit,CH0 0,PHS,15539.62129
marginal,StorageUnit,CH0 0,hydro,219657.08775
marginal,StorageUnit,CZ0 0,PHS,686.82573
marginal,StorageUnit,CZ0 0,hydro,23082.71487
marginal,StorageUnit,DE0 0,PHS,1786.97683
marginal,StorageUnit,DE0 1,PHS,1612.83451
marginal,StorageUnit,ES0 0,PHS,67365.51761
marginal,StorageUnit,ES0 0,hydro,306141.71637
marginal,StorageUnit,ES6 0,PHS,3805.32919
marginal,StorageUnit,ES6 0,hydro,26486.2446
marginal,StorageUnit,FI1 0,hydro,47931.61708
marginal,StorageUnit,FR0 0,PHS,8714.95107
marginal,StorageUnit,FR0 0,hydro,244223.6415
marginal,StorageUnit,FR5 0,hydro,101681.79114
marginal,StorageUnit,GB3 0,PHS,1167.14259
marginal,StorageUnit,GB3 0,hydro,2472.07298
marginal,StorageUnit,GR0 0,PHS,1110.60233
marginal,StorageUnit,GR0 0,hydro,53722.37636
marginal,StorageUnit,HR0 0,PHS,1240.96748
marginal,StorageUnit,HR0 0,hydro,65908.365
marginal,StorageUnit,HU0 0,hydro,899.38497
marginal,StorageUnit,IE3 0,PHS,723.97174
marginal,StorageUnit,IE3 0,hydro,16.46772
marginal,StorageUnit,IT0 0,PHS,26906.7411
marginal,StorageUnit,IT0 0,hydro,155437.54306
marginal,StorageUnit,IT4 0,PHS,2074.59368
marginal,StorageUnit,IT4 0,hydro,3811.94205
marginal,StorageUnit,LT0 0,PHS,1538.5266
marginal,StorageUnit,LU0 0,PHS,958.61817
marginal,StorageUnit,ME0 0,PHS,631.19798
marginal,StorageUnit,ME0 0,hydro,17440.54439
marginal,StorageUnit,MK0 0,hydro,8383.50475
marginal,StorageUnit,NO1 0,PHS,2815.11131
marginal,StorageUnit,NO1 0,hydro,1026601.96206
marginal,StorageUnit,PL0 0,PHS,2181.87946
marginal,StorageUnit,PL0 0,hydro,10344.44676
marginal,StorageUnit,PT0 0,PHS,27932.15813
marginal,StorageUnit,PT0 0,hydro,48796.11458
marginal,StorageUnit,RO0 0,hydro,74429.80045
marginal,StorageUnit,RS0 0,PHS,872.40764
marginal,StorageUnit,RS0 0,hydro,26246.89124
marginal,StorageUnit,SE1 0,PHS,1313.35453
marginal,StorageUnit,SE1 0,hydro,529220.09364
marginal,StorageUnit,SI0 0,PHS,520.08583
marginal,StorageUnit,SI0 0,hydro,22397.73223
marginal,StorageUnit,SK0 0,PHS,953.34026
marginal,StorageUnit,SK0 0,hydro,7206.72764
marginal,StorageUnit,XK0 0,hydro,586.23853
marginal,Store,AL0 0,EV battery,-0.0
marginal,Store,AL0 0,battery,0.0
marginal,Store,AL0 0,home battery,0.0
marginal,Store,AT0 0,EV battery,0.0
marginal,Store,AT0 0,H2 Store,-0.00039
marginal,Store,AT0 0,battery,0.0
marginal,Store,AT0 0,home battery,-0.0
marginal,Store,BA0 0,EV battery,0.0
marginal,Store,BA0 0,battery,0.0
marginal,Store,BA0 0,home battery,-0.0
marginal,Store,BE0 0,EV battery,0.0
marginal,Store,BE0 0,H2 Store,-0.00036
marginal,Store,BE0 0,battery,-0.0
marginal,Store,BE0 0,home battery,-0.0
marginal,Store,BG0 0,EV battery,-0.0
marginal,Store,BG0 0,H2 Store,-0.00036
marginal,Store,BG0 0,battery,0.0
marginal,Store,BG0 0,home battery,0.0
marginal,Store,CH0 0,EV battery,0.0
marginal,Store,CH0 0,H2 Store,-0.00037
marginal,Store,CH0 0,battery,-0.0
marginal,Store,CH0 0,home battery,-0.0
marginal,Store,CZ0 0,EV battery,0.0
marginal,Store,CZ0 0,H2 Store,-0.00039
marginal,Store,CZ0 0,battery,-0.0
marginal,Store,CZ0 0,home battery,0.0
marginal,Store,DE0 0,EV battery,0.0
marginal,Store,DE0 0,battery,-0.0
marginal,Store,DE0 0,home battery,0.0
marginal,Store,DE0 1,EV battery,-0.0
marginal,Store,DE0 1,battery,-0.0
marginal,Store,DE0 1,home battery,0.0
marginal,Store,DK0 0,EV battery,-0.0
marginal,Store,DK0 0,battery,-0.0
marginal,Store,DK0 0,home battery,0.0
marginal,Store,DK1 0,EV battery,0.0
marginal,Store,DK1 0,battery,0.0
marginal,Store,DK1 0,home battery,0.0
marginal,Store,EE0 0,EV battery,0.0
marginal,Store,EE0 0,H2 Store,-0.00037
marginal,Store,EE0 0,battery,0.0
marginal,Store,EE0 0,home battery,-0.0
marginal,Store,ES0 0,EV battery,-0.0
marginal,Store,ES0 0,battery,-0.0
marginal,Store,ES0 0,home battery,0.0
marginal,Store,ES6 0,EV battery,0.0
marginal,Store,ES6 0,H2 Store,-0.00039
marginal,Store,ES6 0,battery,0.0
marginal,Store,ES6 0,home battery,0.0
marginal,Store,EU,co2,0.0
marginal,Store,EU,co2 sequestered,0.00728
marginal,Store,EU,co2 stored,-0.0
marginal,Store,FI1 0,EV battery,-0.0
marginal,Store,FI1 0,H2 Store,-0.00041
marginal,Store,FI1 0,battery,-0.0
marginal,Store,FI1 0,home battery,0.0
marginal,Store,FR0 0,EV battery,-0.0
marginal,Store,FR0 0,battery,0.0
marginal,Store,FR0 0,home battery,-0.0
marginal,Store,FR5 0,EV battery,0.0
marginal,Store,FR5 0,H2 Store,-0.00013
marginal,Store,FR5 0,battery,0.0
marginal,Store,FR5 0,home battery,0.0
marginal,Store,GB2 0,EV battery,0.0
marginal,Store,GB2 0,battery,-0.0
marginal,Store,GB2 0,home battery,-0.0
marginal,Store,GB3 0,EV battery,-0.0
marginal,Store,GB3 0,battery,0.0
marginal,Store,GB3 0,home battery,0.0
marginal,Store,GR0 0,EV battery,0.0
marginal,Store,GR0 0,battery,0.0
marginal,Store,GR0 0,home battery,0.0
marginal,Store,HR0 0,EV battery,0.0
marginal,Store,HR0 0,H2 Store,-0.00042
marginal,Store,HR0 0,battery,-0.0
marginal,Store,HR0 0,home battery,-0.0
marginal,Store,HU0 0,EV battery,-0.0
marginal,Store,HU0 0,H2 Store,-0.00041
marginal,Store,HU0 0,battery,0.0
marginal,Store,HU0 0,home battery,0.0
marginal,Store,IE3 0,EV battery,0.0
marginal,Store,IE3 0,H2 Store,-0.0004
marginal,Store,IE3 0,battery,0.0
marginal,Store,IE3 0,home battery,-0.0
marginal,Store,IT0 0,EV battery,-0.0
marginal,Store,IT0 0,H2 Store,-0.00036
marginal,Store,IT0 0,battery,0.0
marginal,Store,IT0 0,home battery,0.0
marginal,Store,IT4 0,EV battery,-0.0
marginal,Store,IT4 0,H2 Store,-0.00042
marginal,Store,IT4 0,battery,0.0
marginal,Store,IT4 0,home battery,-0.0
marginal,Store,LT0 0,EV battery,-0.0
marginal,Store,LT0 0,H2 Store,-0.00035
marginal,Store,LT0 0,battery,-0.0
marginal,Store,LT0 0,home battery,-0.0
marginal,Store,LU0 0,EV battery,0.0
marginal,Store,LU0 0,H2 Store,-0.00039
marginal,Store,LU0 0,battery,-0.0
marginal,Store,LU0 0,home battery,0.0
marginal,Store,LV0 0,EV battery,0.0
marginal,Store,LV0 0,H2 Store,-0.0003
marginal,Store,LV0 0,battery,-0.0
marginal,Store,LV0 0,home battery,0.0
marginal,Store,ME0 0,EV battery,0.0
marginal,Store,ME0 0,H2 Store,-0.00037
marginal,Store,ME0 0,battery,-0.0
marginal,Store,ME0 0,home battery,0.0
marginal,Store,MK0 0,EV battery,0.0
marginal,Store,MK0 0,H2 Store,-0.00042
marginal,Store,MK0 0,battery,-0.0
marginal,Store,MK0 0,home battery,-0.0
marginal,Store,NL0 0,EV battery,-0.0
marginal,Store,NL0 0,battery,0.0
marginal,Store,NL0 0,home battery,-0.0
marginal,Store,NO1 0,EV battery,-0.0
marginal,Store,NO1 0,battery,-0.0
marginal,Store,NO1 0,home battery,-0.0
marginal,Store,PL0 0,EV battery,-0.0
marginal,Store,PL0 0,battery,-0.0
marginal,Store,PL0 0,home battery,0.0
marginal,Store,PT0 0,EV battery,0.0
marginal,Store,PT0 0,battery,-0.0
marginal,Store,PT0 0,home battery,-0.0
marginal,Store,RO0 0,EV battery,-0.0
marginal,Store,RO0 0,battery,0.0
marginal,Store,RO0 0,home battery,-0.0
marginal,Store,RS0 0,EV battery,0.0
marginal,Store,RS0 0,H2 Store,-0.00041
marginal,Store,RS0 0,battery,0.0
marginal,Store,RS0 0,home battery,0.0
marginal,Store,SE1 0,EV battery,-0.0
marginal,Store,SE1 0,H2 Store,-0.00037
marginal,Store,SE1 0,battery,0.0
marginal,Store,SE1 0,home battery,0.0
marginal,Store,SI0 0,EV battery,-0.0
marginal,Store,SI0 0,H2 Store,-0.00037
marginal,Store,SI0 0,battery,0.0
marginal,Store,SI0 0,home battery,-0.0
marginal,Store,SK0 0,EV battery,0.0
marginal,Store,SK0 0,H2 Store,-0.00041
marginal,Store,SK0 0,battery,-0.0
marginal,Store,SK0 0,home battery,0.0
marginal,Store,XK0 0,EV battery,0.0
marginal,Store,XK0 0,H2 Store,-0.00035
marginal,Store,XK0 0,battery,-0.0
marginal,Store,XK0 0,home battery,-0.0
