component,carrier,location,bus_carrier,0
Generator,biogas,EU,biogas,0.0
Generator,load,AL0 0,AC,0.02025
Generator,load,AL0 0,EV battery,0.02045
Generator,load,AL0 0,H2,0.0
Generator,load,AL0 0,battery,0.02011
Generator,load,AL0 0,home battery,0.02017
Generator,load,AL0 0,low voltage,0.02012
Generator,load,AL0 0,residential rural heat,0.0
Generator,load,AL0 0,residential urban decentral heat,0.0
Generator,load,AL0 0,services rural heat,0.0
Generator,load,AL0 0,services urban decentral heat,0.0
Generator,load,AL0 0,urban central heat,0.0
Generator,load,AT0 0,AC,0.02024
Generator,load,AT0 0,EV battery,0.02064
Generator,load,AT0 0,H2,0.00969
Generator,load,AT0 0,battery,0.02001
Generator,load,AT0 0,home battery,0.02007
Generator,load,AT0 0,low voltage,0.02007
Generator,load,AT0 0,residential rural heat,0.0
Generator,load,AT0 0,residential urban decentral heat,0.0
Generator,load,AT0 0,services rural heat,0.0
Generator,load,AT0 0,services urban decentral heat,0.0
Generator,load,AT0 0,urban central heat,0.0
Generator,load,BA0 0,AC,0.02029
Generator,load,BA0 0,EV battery,0.02053
Generator,load,BA0 0,H2,0.0
Generator,load,BA0 0,battery,0.02018
Generator,load,BA0 0,home battery,0.02018
Generator,load,BA0 0,low voltage,0.02018
Generator,load,BA0 0,residential rural heat,0.0
Generator,load,BA0 0,residential urban decentral heat,0.0
Generator,load,BA0 0,services rural heat,0.0
Generator,load,BA0 0,services urban decentral heat,0.0
Generator,load,BA0 0,urban central heat,0.0
Generator,load,BE0 0,AC,0.02025
Generator,load,BE0 0,EV battery,0.02057
Generator,load,BE0 0,H2,0.01007
Generator,load,BE0 0,battery,0.02011
Generator,load,BE0 0,home battery,0.02008
Generator,load,BE0 0,low voltage,0.02008
Generator,load,BE0 0,residential rural heat,0.0
Generator,load,BE0 0,residential urban decentral heat,0.0
Generator,load,BE0 0,services rural heat,0.0
Generator,load,BE0 0,services urban decentral heat,0.0
Generator,load,BE0 0,urban central heat,0.0
Generator,load,BG0 0,AC,0.02022
Generator,load,BG0 0,EV battery,0.02077
Generator,load,BG0 0,H2,0.00876
Generator,load,BG0 0,battery,0.01996
Generator,load,BG0 0,home battery,0.02
Generator,load,BG0 0,low voltage,0.02001
Generator,load,BG0 0,residential rural heat,0.0
Generator,load,BG0 0,residential urban decentral heat,0.0
Generator,load,BG0 0,services rural heat,0.0
Generator,load,BG0 0,services urban decentral heat,0.0
Generator,load,BG0 0,urban central heat,0.0
Generator,load,CH0 0,AC,0.02023
Generator,load,CH0 0,EV battery,0.02067
Generator,load,CH0 0,H2,0.00964
Generator,load,CH0 0,battery,0.02001
Generator,load,CH0 0,home battery,0.02002
Generator,load,CH0 0,low voltage,0.02002
Generator,load,CH0 0,residential rural heat,0.0
Generator,load,CH0 0,residential urban decentral heat,0.0
Generator,load,CH0 0,services rural heat,0.0
Generator,load,CH0 0,services urban decentral heat,0.0
Generator,load,CH0 0,urban central heat,0.0
Generator,load,CZ0 0,AC,0.02022
Generator,load,CZ0 0,EV battery,0.0206
Generator,load,CZ0 0,H2,0.00957
Generator,load,CZ0 0,battery,0.01992
Generator,load,CZ0 0,home battery,0.02003
Generator,load,CZ0 0,low voltage,0.02003
Generator,load,CZ0 0,residential rural heat,0.0
Generator,load,CZ0 0,residential urban decentral heat,0.0
Generator,load,CZ0 0,services rural heat,0.0
Generator,load,CZ0 0,services urban decentral heat,0.0
Generator,load,CZ0 0,urban central heat,0.0
Generator,load,DE0 0,AC,0.02022
Generator,load,DE0 0,EV battery,0.02021
Generator,load,DE0 0,H2,0.0
Generator,load,DE0 0,battery,0.02007
Generator,load,DE0 0,home battery,0.02006
Generator,load,DE0 0,low voltage,0.0201
Generator,load,DE0 0,residential rural heat,0.0
Generator,load,DE0 0,residential urban decentral heat,0.0
Generator,load,DE0 0,services rural heat,0.0
Generator,load,DE0 0,services urban decentral heat,0.0
Generator,load,DE0 0,urban central heat,0.0
Generator,load,DE0 1,AC,0.02032
Generator,load,DE0 1,EV battery,0.02032
Generator,load,DE0 1,H2,0.0
Generator,load,DE0 1,battery,0.02005
Generator,load,DE0 1,home battery,0.0201
Generator,load,DE0 1,low voltage,0.02009
Generator,load,DE0 1,residential rural heat,0.0
Generator,load,DE0 1,residential urban decentral heat,0.0
Generator,load,DE0 1,services rural heat,0.0
Generator,load,DE0 1,services urban decentral heat,0.0
Generator,load,DE0 1,urban central heat,0.0
Generator,load,DK0 0,AC,0.02019
Generator,load,DK0 0,EV battery,0.02046
Generator,load,DK0 0,H2,0.0
Generator,load,DK0 0,battery,0.02003
Generator,load,DK0 0,home battery,0.02003
Generator,load,DK0 0,low voltage,0.02007
Generator,load,DK0 0,residential rural heat,0.0
Generator,load,DK0 0,residential urban decentral heat,0.0
Generator,load,DK0 0,services rural heat,0.0
Generator,load,DK0 0,services urban decentral heat,0.0
Generator,load,DK0 0,urban central heat,0.0
Generator,load,DK1 0,AC,0.02023
Generator,load,DK1 0,EV battery,0.02041
Generator,load,DK1 0,H2,0.0
Generator,load,DK1 0,battery,0.02012
Generator,load,DK1 0,home battery,0.02012
Generator,load,DK1 0,low voltage,0.02014
Generator,load,DK1 0,residential rural heat,0.0
Generator,load,DK1 0,residential urban decentral heat,0.0
Generator,load,DK1 0,services rural heat,0.0
Generator,load,DK1 0,services urban decentral heat,0.0
Generator,load,DK1 0,urban central heat,0.0
Generator,load,EE0 0,AC,0.0202
Generator,load,EE0 0,EV battery,0.02052
Generator,load,EE0 0,H2,0.00923
Generator,load,EE0 0,battery,0.01996
Generator,load,EE0 0,home battery,0.01996
Generator,load,EE0 0,low voltage,0.01996
Generator,load,EE0 0,residential rural heat,0.0
Generator,load,EE0 0,residential urban decentral heat,0.0
Generator,load,EE0 0,services rural heat,0.0
Generator,load,EE0 0,services urban decentral heat,0.0
Generator,load,EE0 0,urban central heat,0.0
Generator,load,ES0 0,AC,0.02019
Generator,load,ES0 0,EV battery,0.02023
Generator,load,ES0 0,H2,0.0
Generator,load,ES0 0,battery,0.02
Generator,load,ES0 0,home battery,0.02001
Generator,load,ES0 0,low voltage,0.02003
Generator,load,ES0 0,residential rural heat,0.0
Generator,load,ES0 0,residential urban decentral heat,0.0
Generator,load,ES0 0,services rural heat,0.0
Generator,load,ES0 0,services urban decentral heat,0.0
Generator,load,ES0 0,urban central heat,0.0
Generator,load,ES6 0,AC,0.02019
Generator,load,ES6 0,EV battery,0.02039
Generator,load,ES6 0,H2,0.00924
Generator,load,ES6 0,battery,0.01997
Generator,load,ES6 0,home battery,0.01995
Generator,load,ES6 0,low voltage,0.01989
Generator,load,ES6 0,residential rural heat,0.0
Generator,load,ES6 0,residential urban decentral heat,0.0
Generator,load,ES6 0,services rural heat,0.0
Generator,load,ES6 0,services urban decentral heat,0.0
Generator,load,ES6 0,urban central heat,0.0
Generator,load,EU,biogas,0.0
Generator,load,EU,co2,0.0
Generator,load,EU,co2 sequestered,0.02281
Generator,load,EU,co2 stored,0.04557
Generator,load,EU,land transport oil,947055924.06722
Generator,load,EU,none,0.0
Generator,load,EU,oil,247997.72251
Generator,load,EU,solid biomass,0.0
Generator,load,FI1 0,AC,0.02012
Generator,load,FI1 0,EV battery,0.02071
Generator,load,FI1 0,H2,0.00995
Generator,load,FI1 0,battery,0.0198
Generator,load,FI1 0,home battery,0.01977
Generator,load,FI1 0,low voltage,0.01977
Generator,load,FI1 0,residential rural heat,0.0
Generator,load,FI1 0,residential urban decentral heat,0.0
Generator,load,FI1 0,services rural heat,0.0
Generator,load,FI1 0,services urban decentral heat,0.0
Generator,load,FI1 0,urban central heat,0.0
Generator,load,FR0 0,AC,0.02017
Generator,load,FR0 0,EV battery,0.02009
Generator,load,FR0 0,H2,0.0
Generator,load,FR0 0,battery,0.01997
Generator,load,FR0 0,home battery,0.01999
Generator,load,FR0 0,low voltage,0.02002
Generator,load,FR0 0,residential rural heat,0.0
Generator,load,FR0 0,residential urban decentral heat,0.0
Generator,load,FR0 0,services rural heat,0.0
Generator,load,FR0 0,services urban decentral heat,0.0
Generator,load,FR0 0,urban central heat,0.0
Generator,load,FR5 0,AC,0.02017
Generator,load,FR5 0,EV battery,0.02027
Generator,load,FR5 0,H2,0.00389
Generator,load,FR5 0,battery,0.02009
Generator,load,FR5 0,home battery,0.0201
Generator,load,FR5 0,low voltage,0.02013
Generator,load,FR5 0,residential rural heat,0.0
Generator,load,FR5 0,residential urban decentral heat,0.0
Generator,load,FR5 0,services rural heat,0.0
Generator,load,FR5 0,services urban decentral heat,0.0
Generator,load,GB2 0,AC,0.02013
Generator,load,GB2 0,EV battery,0.02017
Generator,load,GB2 0,H2,0.0
Generator,load,GB2 0,battery,0.02002
Generator,load,GB2 0,home battery,0.02002
Generator,load,GB2 0,low voltage,0.02006
Generator,load,GB2 0,residential rural heat,0.0
Generator,load,GB2 0,residential urban decentral heat,0.0
Generator,load,GB2 0,services rural heat,0.0
Generator,load,GB2 0,services urban decentral heat,0.0
Generator,load,GB2 0,urban central heat,0.0
Generator,load,GB3 0,AC,0.02022
Generator,load,GB3 0,EV battery,0.02038
Generator,load,GB3 0,H2,0.0
Generator,load,GB3 0,battery,0.02006
Generator,load,GB3 0,home battery,0.02004
Generator,load,GB3 0,low voltage,0.02008
Generator,load,GB3 0,residential rural heat,0.0
Generator,load,GB3 0,residential urban decentral heat,0.0
Generator,load,GB3 0,services rural heat,0.0
Generator,load,GB3 0,services urban decentral heat,0.0
Generator,load,GB3 0,urban central heat,0.0
Generator,load,GR0 0,AC,0.02014
Generator,load,GR0 0,EV battery,0.02052
Generator,load,GR0 0,H2,0.0
Generator,load,GR0 0,battery,0.01994
Generator,load,GR0 0,home battery,0.01996
Generator,load,GR0 0,low voltage,0.02
Generator,load,GR0 0,residential rural heat,0.0
Generator,load,GR0 0,residential urban decentral heat,0.0
Generator,load,GR0 0,services rural heat,0.0
Generator,load,GR0 0,services urban decentral heat,0.0
Generator,load,GR0 0,urban central heat,0.0
Generator,load,HR0 0,AC,0.02024
Generator,load,HR0 0,EV battery,0.02084
Generator,load,HR0 0,H2,0.00953
Generator,load,HR0 0,battery,0.02006
Generator,load,HR0 0,home battery,0.02012
Generator,load,HR0 0,low voltage,0.02009
Generator,load,HR0 0,residential rural heat,0.0
Generator,load,HR0 0,residential urban decentral heat,0.0
Generator,load,HR0 0,services rural heat,0.0
Generator,load,HR0 0,services urban decentral heat,0.0
Generator,load,HR0 0,urban central heat,0.0
Generator,load,HU0 0,AC,0.02015
Generator,load,HU0 0,EV battery,0.02072
Generator,load,HU0 0,H2,0.00953
Generator,load,HU0 0,battery,0.01983
Generator,load,HU0 0,home battery,0.01992
Generator,load,HU0 0,low voltage,0.0199
Generator,load,HU0 0,residential rural heat,0.0
Generator,load,HU0 0,residential urban decentral heat,0.0
Generator,load,HU0 0,services rural heat,0.0
Generator,load,HU0 0,services urban decentral heat,0.0
Generator,load,HU0 0,urban central heat,0.0
Generator,load,IE3 0,AC,0.02015
Generator,load,IE3 0,EV battery,0.02082
Generator,load,IE3 0,H2,0.00898
Generator,load,IE3 0,battery,0.01992
Generator,load,IE3 0,home battery,0.01986
Generator,load,IE3 0,low voltage,0.01987
Generator,load,IE3 0,residential rural heat,0.0
Generator,load,IE3 0,residential urban decentral heat,0.0
Generator,load,IE3 0,services rural heat,0.0
Generator,load,IE3 0,services urban decentral heat,0.0
Generator,load,IE3 0,urban central heat,0.0
Generator,load,IT0 0,AC,0.02011
Generator,load,IT0 0,EV battery,0.01981
Generator,load,IT0 0,H2,0.00972
Generator,load,IT0 0,battery,0.0198
Generator,load,IT0 0,home battery,0.01985
Generator,load,IT0 0,low voltage,0.01969
Generator,load,IT0 0,residential rural heat,0.0
Generator,load,IT0 0,residential urban decentral heat,0.0
Generator,load,IT0 0,services rural heat,0.0
Generator,load,IT0 0,services urban decentral heat,0.0
Generator,load,IT0 0,urban central heat,0.0
Generator,load,IT4 0,AC,0.02017
Generator,load,IT4 0,EV battery,0.02062
Generator,load,IT4 0,H2,0.0088
Generator,load,IT4 0,battery,0.01994
Generator,load,IT4 0,home battery,0.01999
Generator,load,IT4 0,low voltage,0.01983
Generator,load,IT4 0,residential rural heat,0.0
Generator,load,IT4 0,residential urban decentral heat,0.0
Generator,load,IT4 0,services rural heat,0.0
Generator,load,IT4 0,services urban decentral heat,0.0
Generator,load,IT4 0,urban central heat,0.0
Generator,load,LT0 0,AC,0.0202
Generator,load,LT0 0,EV battery,0.02081
Generator,load,LT0 0,H2,0.00926
Generator,load,LT0 0,battery,0.01998
Generator,load,LT0 0,home battery,0.01997
Generator,load,LT0 0,low voltage,0.01996
Generator,load,LT0 0,residential rural heat,0.0
Generator,load,LT0 0,residential urban decentral heat,0.0
Generator,load,LT0 0,services rural heat,0.0
Generator,load,LT0 0,services urban decentral heat,0.0
Generator,load,LT0 0,urban central heat,0.0
Generator,load,LU0 0,AC,0.02025
Generator,load,LU0 0,EV battery,0.02042
Generator,load,LU0 0,H2,0.00898
Generator,load,LU0 0,battery,0.02018
Generator,load,LU0 0,home battery,0.02018
Generator,load,LU0 0,low voltage,0.02017
Generator,load,LU0 0,residential rural heat,0.0
Generator,load,LU0 0,residential urban decentral heat,0.0
Generator,load,LU0 0,services rural heat,0.0
Generator,load,LU0 0,services urban decentral heat,0.0
Generator,load,LU0 0,urban central heat,0.0
Generator,load,LV0 0,AC,0.0201
Generator,load,LV0 0,EV battery,0.02051
Generator,load,LV0 0,H2,0.00512
Generator,load,LV0 0,battery,0.01981
Generator,load,LV0 0,home battery,0.01984
Generator,load,LV0 0,low voltage,0.01981
Generator,load,LV0 0,residential rural heat,0.0
Generator,load,LV0 0,residential urban decentral heat,0.0
Generator,load,LV0 0,services rural heat,0.0
Generator,load,LV0 0,services urban decentral heat,0.0
Generator,load,LV0 0,urban central heat,0.0
Generator,load,ME0 0,AC,0.02025
Generator,load,ME0 0,EV battery,0.02035
Generator,load,ME0 0,H2,0.00939
Generator,load,ME0 0,battery,0.02013
Generator,load,ME0 0,home battery,0.02014
Generator,load,ME0 0,low voltage,0.02013
Generator,load,ME0 0,residential rural heat,0.0
Generator,load,ME0 0,residential urban decentral heat,0.0
Generator,load,ME0 0,services rural heat,0.0
Generator,load,ME0 0,services urban decentral heat,0.0
Generator,load,ME0 0,urban central heat,0.0
Generator,load,MK0 0,AC,0.02025
Generator,load,MK0 0,EV battery,0.02057
Generator,load,MK0 0,H2,0.00865
Generator,load,MK0 0,battery,0.02014
Generator,load,MK0 0,home battery,0.02018
Generator,load,MK0 0,low voltage,0.02015
Generator,load,MK0 0,residential rural heat,0.0
Generator,load,MK0 0,residential urban decentral heat,0.0
Generator,load,MK0 0,services rural heat,0.0
Generator,load,MK0 0,services urban decentral heat,0.0
Generator,load,MK0 0,urban central heat,0.0
Generator,load,NL0 0,AC,0.0202
Generator,load,NL0 0,EV battery,0.02051
Generator,load,NL0 0,H2,0.0
Generator,load,NL0 0,battery,0.02006
Generator,load,NL0 0,home battery,0.02005
Generator,load,NL0 0,low voltage,0.0201
Generator,load,NL0 0,residential rural heat,0.0
Generator,load,NL0 0,residential urban decentral heat,0.0
Generator,load,NL0 0,services rural heat,0.0
Generator,load,NL0 0,services urban decentral heat,0.0
Generator,load,NL0 0,urban central heat,0.0
Generator,load,NO1 0,AC,0.02019
Generator,load,NO1 0,EV battery,0.0205
Generator,load,NO1 0,H2,0.0
Generator,load,NO1 0,battery,0.02003
Generator,load,NO1 0,home battery,0.02001
Generator,load,NO1 0,low voltage,0.02006
Generator,load,NO1 0,residential rural heat,0.0
Generator,load,NO1 0,residential urban decentral heat,0.0
Generator,load,NO1 0,services rural heat,0.0
Generator,load,NO1 0,services urban decentral heat,0.0
Generator,load,NO1 0,urban central heat,0.0
Generator,load,PL0 0,AC,0.02
Generator,load,PL0 0,EV battery,0.01989
Generator,load,PL0 0,H2,0.0
Generator,load,PL0 0,battery,0.01968
Generator,load,PL0 0,home battery,0.01986
Generator,load,PL0 0,low voltage,0.01997
Generator,load,PL0 0,residential rural heat,0.0
Generator,load,PL0 0,residential urban decentral heat,0.0
Generator,load,PL0 0,services rural heat,0.0
Generator,load,PL0 0,services urban decentral heat,0.0
Generator,load,PL0 0,urban central heat,0.0
Generator,load,PT0 0,AC,0.02014
Generator,load,PT0 0,EV battery,0.02053
Generator,load,PT0 0,H2,0.0
Generator,load,PT0 0,battery,0.01995
Generator,load,PT0 0,home battery,0.01992
Generator,load,PT0 0,low voltage,0.02
Generator,load,PT0 0,residential rural heat,0.0
Generator,load,PT0 0,residential urban decentral heat,0.0
Generator,load,PT0 0,services rural heat,0.0
Generator,load,PT0 0,services urban decentral heat,0.0
Generator,load,PT0 0,urban central heat,0.0
Generator,load,RO0 0,AC,0.02009
Generator,load,RO0 0,EV battery,0.02052
Generator,load,RO0 0,H2,0.0
Generator,load,RO0 0,battery,0.01982
Generator,load,RO0 0,home battery,0.01985
Generator,load,RO0 0,low voltage,0.01991
Generator,load,RO0 0,residential rural heat,0.0
Generator,load,RO0 0,residential urban decentral heat,0.0
Generator,load,RO0 0,services rural heat,0.0
Generator,load,RO0 0,services urban decentral heat,0.0
Generator,load,RO0 0,urban central heat,0.0
Generator,load,RS0 0,AC,0.02
Generator,load,RS0 0,EV battery,0.02081
Generator,load,RS0 0,H2,0.00974
Generator,load,RS0 0,battery,0.01988
Generator,load,RS0 0,home battery,0.0199
Generator,load,RS0 0,low voltage,0.01985
Generator,load,RS0 0,residential rural heat,0.0
Generator,load,RS0 0,residential urban decentral heat,0.0
Generator,load,RS0 0,services rural heat,0.0
Generator,load,RS0 0,services urban decentral heat,0.0
Generator,load,RS0 0,urban central heat,0.0
Generator,load,SE1 0,AC,0.02011
Generator,load,SE1 0,EV battery,0.02059
Generator,load,SE1 0,H2,0.00985
Generator,load,SE1 0,battery,0.01985
Generator,load,SE1 0,home battery,0.01978
Generator,load,SE1 0,low voltage,0.01977
Generator,load,SE1 0,residential rural heat,0.0
Generator,load,SE1 0,residential urban decentral heat,0.0
Generator,load,SE1 0,services rural heat,0.0
Generator,load,SE1 0,services urban decentral heat,0.0
Generator,load,SE1 0,urban central heat,0.0
Generator,load,SI0 0,AC,0.02022
Generator,load,SI0 0,EV battery,0.02069
Generator,load,SI0 0,H2,0.00915
Generator,load,SI0 0,battery,0.02012
Generator,load,SI0 0,home battery,0.02014
Generator,load,SI0 0,low voltage,0.02012
Generator,load,SI0 0,residential rural heat,0.0
Generator,load,SI0 0,residential urban decentral heat,0.0
Generator,load,SI0 0,services rural heat,0.0
Generator,load,SI0 0,services urban decentral heat,0.0
Generator,load,SI0 0,urban central heat,0.0
Generator,load,SK0 0,AC,0.02016
Generator,load,SK0 0,EV battery,0.02087
Generator,load,SK0 0,H2,0.00967
Generator,load,SK0 0,battery,0.02006
Generator,load,SK0 0,home battery,0.02005
Generator,load,SK0 0,low voltage,0.02002
Generator,load,SK0 0,residential rural heat,0.0
Generator,load,SK0 0,residential urban decentral heat,0.0
Generator,load,SK0 0,services rural heat,0.0
Generator,load,SK0 0,services urban decentral heat,0.0
Generator,load,SK0 0,urban central heat,0.0
Generator,load,XK0 0,AC,0.02024
Generator,load,XK0 0,EV battery,0.02051
Generator,load,XK0 0,H2,0.00906
Generator,load,XK0 0,battery,0.0202
Generator,load,XK0 0,home battery,0.02019
Generator,load,XK0 0,low voltage,0.02017
Generator,load,XK0 0,residential rural heat,0.0
Generator,load,XK0 0,residential urban decentral heat,0.0
Generator,load,XK0 0,services rural heat,0.0
Generator,load,XK0 0,services urban decentral heat,0.0
Generator,load,XK0 0,urban central heat,0.0
Generator,offwind-ac,AL0 0,AC,5960002.88636
Generator,offwind-ac,BA0 0,AC,36.10229
Generator,offwind-ac,BE0 0,AC,3752522.54057
Generator,offwind-ac,BG0 0,AC,170.5008
Generator,offwind-ac,DE0 0,AC,9095882.57327
Generator,offwind-ac,DE0 1,AC,9545803.03693
Generator,offwind-ac,DK0 0,AC,434.1633
Generator,offwind-ac,DK1 0,AC,47955516.38115
Generator,offwind-ac,EE0 0,AC,820.84411
Generator,offwind-ac,ES0 0,AC,136.11672
Generator,offwind-ac,ES6 0,AC,72.09463
Generator,offwind-ac,FI1 0,AC,11275435.65449
Generator,offwind-ac,FR0 0,AC,524.3925
Generator,offwind-ac,FR5 0,AC,66.50035
Generator,offwind-ac,GB2 0,AC,401432508.29705
Generator,offwind-ac,GB3 0,AC,10862632.59422
Generator,offwind-ac,GR0 0,AC,132.27108
Generator,offwind-ac,HR0 0,AC,2372787.34099
Generator,offwind-ac,IE3 0,AC,47277361.574
Generator,offwind-ac,IT0 0,AC,98.23369
Generator,offwind-ac,IT4 0,AC,162.65523
Generator,offwind-ac,LT0 0,AC,148.86359
Generator,offwind-ac,LV0 0,AC,321.06082
Generator,offwind-ac,ME0 0,AC,4825797.93165
Generator,offwind-ac,NL0 0,AC,17605142.47054
Generator,offwind-ac,NO1 0,AC,153586169.35165
Generator,offwind-ac,PL0 0,AC,26169459.53807
Generator,offwind-ac,PT0 0,AC,173.16662
Generator,offwind-ac,RO0 0,AC,4712296.91108
Generator,offwind-ac,SE1 0,AC,217914334.80594
Generator,offwind-ac,SI0 0,AC,46.5822
Generator,offwind-dc,AL0 0,AC,14499693.03773
Generator,offwind-dc,BE0 0,AC,4228659.06577
Generator,offwind-dc,BG0 0,AC,10715190.18049
Generator,offwind-dc,DE0 0,AC,110621603.69807
Generator,offwind-dc,DE0 1,AC,1264356.30982
Generator,offwind-dc,DK0 0,AC,1660.31307
Generator,offwind-dc,DK1 0,AC,7339187.90208
Generator,offwind-dc,EE0 0,AC,439.9622
Generator,offwind-dc,ES0 0,AC,207.59191
Generator,offwind-dc,ES6 0,AC,64.94174
Generator,offwind-dc,FI1 0,AC,125660606.85249
Generator,offwind-dc,FR0 0,AC,847842111.81454
Generator,offwind-dc,FR5 0,AC,117.26329
Generator,offwind-dc,GB2 0,AC,274.47796
Generator,offwind-dc,GB3 0,AC,14281631.98261
Generator,offwind-dc,GR0 0,AC,200.60104
Generator,offwind-dc,HR0 0,AC,854.502
Generator,offwind-dc,IE3 0,AC,71047516.77011
Generator,offwind-dc,IT0 0,AC,244880565.81571
Generator,offwind-dc,IT4 0,AC,251.78193
Generator,offwind-dc,LT0 0,AC,435.74129
Generator,offwind-dc,LV0 0,AC,1273.84449
Generator,offwind-dc,ME0 0,AC,4875035.24382
Generator,offwind-dc,NL0 0,AC,10667.02633
Generator,offwind-dc,NO1 0,AC,681.45216
Generator,offwind-dc,PL0 0,AC,79449719.3802
Generator,offwind-dc,PT0 0,AC,136.76561
Generator,offwind-dc,RO0 0,AC,55004015.06873
Generator,offwind-dc,SE1 0,AC,148906264.7701
Generator,onwind,AL0 0,AC,22.12008
Generator,onwind,AT0 0,AC,48.59694
Generator,onwind,BA0 0,AC,9.37208
Generator,onwind,BE0 0,AC,930.56331
Generator,onwind,BG0 0,AC,64.15773
Generator,onwind,CH0 0,AC,5.37536
Generator,onwind,CZ0 0,AC,104.34221
Generator,onwind,DE0 0,AC,230.44404
Generator,onwind,DE0 1,AC,88.15301
Generator,onwind,DK0 0,AC,19670313.54116
Generator,onwind,DK1 0,AC,30562164.47348
Generator,onwind,EE0 0,AC,37201067.1279
Generator,onwind,ES0 0,AC,54276123.82751
Generator,onwind,ES6 0,AC,2713481.39988
Generator,onwind,FI1 0,AC,2891.65158
Generator,onwind,FR0 0,AC,139.13808
Generator,onwind,FR5 0,AC,66.88729
Generator,onwind,GB2 0,AC,253030250.27402
Generator,onwind,GB3 0,AC,9666833.85186
Generator,onwind,GR0 0,AC,6607119.69099
Generator,onwind,HR0 0,AC,121.69507
Generator,onwind,HU0 0,AC,82757600.10786
Generator,onwind,IE3 0,AC,521.30533
Generator,onwind,IT0 0,AC,165.78746
Generator,onwind,IT4 0,AC,4228701.63714
Generator,onwind,LT0 0,AC,141.06303
Generator,onwind,LU0 0,AC,80.99556
Generator,onwind,LV0 0,AC,249.70962
Generator,onwind,ME0 0,AC,8.10326
Generator,onwind,MK0 0,AC,3.41619
Generator,onwind,NL0 0,AC,36395302.94258
Generator,onwind,NO1 0,AC,205.92036
Generator,onwind,PL0 0,AC,99936635.16842
Generator,onwind,PT0 0,AC,96.52317
Generator,onwind,RO0 0,AC,77.63244
Generator,onwind,RS0 0,AC,298.36131
Generator,onwind,SE1 0,AC,448.32331
Generator,onwind,SI0 0,AC,16.52709
Generator,onwind,SK0 0,AC,228.01994
Generator,onwind,XK0 0,AC,8.56916
Generator,ror,AL0 0,AC,152207.80022
Generator,ror,AT0 0,AC,19501322.5768
Generator,ror,BE0 0,AC,280354.41376
Generator,ror,BG0 0,AC,198381.25852
Generator,ror,CH0 0,AC,9943255.73257
Generator,ror,CZ0 0,AC,137917.75493
Generator,ror,DE0 0,AC,6918151.63634
Generator,ror,DE0 1,AC,15153060.3651
Generator,ror,ES0 0,AC,283118.06181
Generator,ror,ES6 0,AC,340720.50825
Generator,ror,FI1 0,AC,6945413.08344
Generator,ror,FR0 0,AC,29261215.5845
Generator,ror,FR5 0,AC,577051.22023
Generator,ror,GB2 0,AC,2656130.39254
Generator,ror,GB3 0,AC,1716756.622
Generator,ror,GR0 0,AC,222813.79866
Generator,ror,HR0 0,AC,1185074.55828
Generator,ror,HU0 0,AC,65019.89514
Generator,ror,IE3 0,AC,564148.90887
Generator,ror,IT0 0,AC,32448389.74806
Generator,ror,IT4 0,AC,502303.95706
Generator,ror,LT0 0,AC,494051.08749
Generator,ror,LV0 0,AC,2813202.03518
Generator,ror,ME0 0,AC,20277.37711
Generator,ror,MK0 0,AC,493536.80274
Generator,ror,NO1 0,AC,4346521.66063
Generator,ror,PL0 0,AC,1173407.55544
Generator,ror,PT0 0,AC,6691015.98453
Generator,ror,RO0 0,AC,6576105.79517
Generator,ror,RS0 0,AC,6785663.05298
Generator,ror,SE1 0,AC,6365189.83733
Generator,ror,SI0 0,AC,2044239.58968
Generator,ror,SK0 0,AC,3487592.60483
Generator,ror,XK0 0,AC,53623.25576
Generator,solar,AL0 0,AC,1046.22873
Generator,solar,AT0 0,AC,177564406.82588
Generator,solar,BA0 0,AC,759.93041
Generator,solar,BE0 0,AC,437.51196
Generator,solar,BG0 0,AC,4985.18142
Generator,solar,CH0 0,AC,153247184.6803
Generator,solar,CZ0 0,AC,250.5197
Generator,solar,DE0 0,AC,290.85621
Generator,solar,DE0 1,AC,591.33278
Generator,solar,DK0 0,AC,98.84153
Generator,solar,DK1 0,AC,206.07723
Generator,solar,EE0 0,AC,114.16777
Generator,solar,ES0 0,AC,279049021.34308
Generator,solar,ES6 0,AC,267.87262
Generator,solar,FI1 0,AC,89.39163
Generator,solar,FR0 0,AC,437.45736
Generator,solar,FR5 0,AC,3734103.39781
Generator,solar,GB2 0,AC,134.39902
Generator,solar,GB3 0,AC,75.13459
Generator,solar,GR0 0,AC,114748196.41605
Generator,solar,HR0 0,AC,381.05831
Generator,solar,HU0 0,AC,257.15638
Generator,solar,IE3 0,AC,103.93877
Generator,solar,IT0 0,AC,176825427.94782
Generator,solar,IT4 0,AC,18103298.58418
Generator,solar,LT0 0,AC,229.30803
Generator,solar,LU0 0,AC,418.17948
Generator,solar,LV0 0,AC,266.35409
Generator,solar,ME0 0,AC,984.94702
Generator,solar,MK0 0,AC,6805243.5479
Generator,solar,NL0 0,AC,300.44276
Generator,solar,NO1 0,AC,77.52439
Generator,solar,PL0 0,AC,207.6484
Generator,solar,PT0 0,AC,390.91188
Generator,solar,RO0 0,AC,11646428.94452
Generator,solar,RS0 0,AC,930.37819
Generator,solar,SE1 0,AC,144.40067
Generator,solar,SI0 0,AC,156.06258
Generator,solar,SK0 0,AC,317.3312
Generator,solar,XK0 0,AC,650.76901
Generator,solar rooftop,AL0 0,low voltage,1251.95162
Generator,solar rooftop,AT0 0,low voltage,1244.57222
Generator,solar rooftop,BA0 0,low voltage,811.85715
Generator,solar rooftop,BE0 0,low voltage,241.0081
Generator,solar rooftop,BG0 0,low voltage,1778.94834
Generator,solar rooftop,CH0 0,low voltage,19759228.85506
Generator,solar rooftop,CZ0 0,low voltage,161.22582
Generator,solar rooftop,DE0 0,low voltage,190.30549
Generator,solar rooftop,DE0 1,low voltage,298.43069
Generator,solar rooftop,DK0 0,low voltage,60.55585
Generator,solar rooftop,DK1 0,low voltage,105.8288
Generator,solar rooftop,EE0 0,low voltage,63.77318
Generator,solar rooftop,ES0 0,low voltage,98488841.47256
Generator,solar rooftop,ES6 0,low voltage,264.22723
Generator,solar rooftop,FI1 0,low voltage,70.20913
Generator,solar rooftop,FR0 0,low voltage,298.66948
Generator,solar rooftop,FR5 0,low voltage,420294.71407
Generator,solar rooftop,GB2 0,low voltage,106.92042
Generator,solar rooftop,GB3 0,low voltage,41.93109
Generator,solar rooftop,GR0 0,low voltage,23612591.99311
Generator,solar rooftop,HR0 0,low voltage,218.32196
Generator,solar rooftop,HU0 0,low voltage,188.03047
Generator,solar rooftop,IE3 0,low voltage,81.04127
Generator,solar rooftop,IT0 0,low voltage,17899.40782
Generator,solar rooftop,IT4 0,low voltage,3756755.24923
Generator,solar rooftop,LT0 0,low voltage,131.80768
Generator,solar rooftop,LU0 0,low voltage,172.17967
Generator,solar rooftop,LV0 0,low voltage,151.62708
Generator,solar rooftop,ME0 0,low voltage,2152.01198
Generator,solar rooftop,MK0 0,low voltage,1310846.7591
Generator,solar rooftop,NL0 0,low voltage,186.11702
Generator,solar rooftop,NO1 0,low voltage,53.57703
Generator,solar rooftop,PL0 0,low voltage,149.57189
Generator,solar rooftop,PT0 0,low voltage,314.00891
Generator,solar rooftop,RO0 0,low voltage,1843.79403
Generator,solar rooftop,RS0 0,low voltage,501.30846
Generator,solar rooftop,SE1 0,low voltage,110.78069
Generator,solar rooftop,SI0 0,low voltage,129.39912
Generator,solar rooftop,SK0 0,low voltage,204.81046
Generator,solar rooftop,XK0 0,low voltage,615.76806
Generator,solar-hsat,AL0 0,AC,421.11503
Generator,solar-hsat,AT0 0,AC,623.80763
Generator,solar-hsat,BA0 0,AC,346.30957
Generator,solar-hsat,BE0 0,AC,241.60778
Generator,solar-hsat,BG0 0,AC,540.53927
Generator,solar-hsat,CH0 0,AC,883.80058
Generator,solar-hsat,CZ0 0,AC,171.5089
Generator,solar-hsat,DE0 0,AC,188.11598
Generator,solar-hsat,DE0 1,AC,245.0095
Generator,solar-hsat,DK0 0,AC,88.77457
Generator,solar-hsat,DK1 0,AC,145.88576
Generator,solar-hsat,EE0 0,AC,93.64661
Generator,solar-hsat,ES0 0,AC,848.74962
Generator,solar-hsat,ES6 0,AC,183.24529
Generator,solar-hsat,FI1 0,AC,78.26986
Generator,solar-hsat,FR0 0,AC,264.70509
Generator,solar-hsat,FR5 0,AC,376.32684
Generator,solar-hsat,GB2 0,AC,108.45047
Generator,solar-hsat,GB3 0,AC,67.21897
Generator,solar-hsat,GR0 0,AC,774.85783
Generator,solar-hsat,HR0 0,AC,235.43357
Generator,solar-hsat,HU0 0,AC,183.70633
Generator,solar-hsat,IE3 0,AC,90.42317
Generator,solar-hsat,IT0 0,AC,719.10241
Generator,solar-hsat,IT4 0,AC,502.18541
Generator,solar-hsat,LT0 0,AC,162.88393
Generator,solar-hsat,LU0 0,AC,168.19257
Generator,solar-hsat,LV0 0,AC,160.8951
Generator,solar-hsat,ME0 0,AC,334.86316
Generator,solar-hsat,MK0 0,AC,544.83625
Generator,solar-hsat,NL0 0,AC,183.88912
Generator,solar-hsat,NO1 0,AC,68.1675
Generator,solar-hsat,PL0 0,AC,160.87275
Generator,solar-hsat,PT0 0,AC,298.7244
Generator,solar-hsat,RO0 0,AC,508.1262
Generator,solar-hsat,RS0 0,AC,348.67756
Generator,solar-hsat,SE1 0,AC,112.00441
Generator,solar-hsat,SI0 0,AC,127.22222
Generator,solar-hsat,SK0 0,AC,215.61348
Generator,solar-hsat,XK0 0,AC,375.15989
Generator,solid biomass,EU,solid biomass,0.0
Line,AC,AL0 0,AC,-18628030.49383
Line,AC,AT0 0,AC,-106671404.32276
Line,AC,BA0 0,AC,8337241.5478
Line,AC,BE0 0,AC,77394689.16257
Line,AC,BG0 0,AC,29421982.94257
Line,AC,CH0 0,AC,-119900884.45715
Line,AC,CZ0 0,AC,99345263.21737
Line,AC,DE0 0,AC,161247207.54263
Line,AC,DE0 1,AC,103143173.76742
Line,AC,DK0 0,AC,-46264977.48808
Line,AC,DK1 0,AC,3061268.42953
Line,AC,EE0 0,AC,-28438334.14218
Line,AC,ES0 0,AC,-82764518.77
Line,AC,FI1 0,AC,-33042455.17445
Line,AC,FR0 0,AC,-165395703.43225
Line,AC,GB3 0,AC,7595351.58294
Line,AC,GR0 0,AC,-90884807.59313
Line,AC,HR0 0,AC,16477350.35151
Line,AC,HU0 0,AC,-14349503.31504
Line,AC,IE3 0,AC,-7690813.69799
Line,AC,IT0 0,AC,4152040.03528
Line,AC,LT0 0,AC,-1830451.26819
Line,AC,LU0 0,AC,10145803.40943
Line,AC,LV0 0,AC,11545854.07581
Line,AC,ME0 0,AC,-10839839.89129
Line,AC,MK0 0,AC,-108975.4985
Line,AC,NL0 0,AC,-37888063.20284
Line,AC,NO1 0,AC,15241983.57233
Line,AC,PL0 0,AC,12476125.81991
Line,AC,PT0 0,AC,56405389.05106
Line,AC,RO0 0,AC,3505878.46143
Line,AC,RS0 0,AC,36004731.26985
Line,AC,SE1 0,AC,12791432.77582
Line,AC,SI0 0,AC,-10935966.53296
Line,AC,SK0 0,AC,38044087.56395
Line,AC,XK0 0,AC,8046442.75405
Link,BEV charger,AL0 0,EV battery,1475816.80846
Link,BEV charger,AL0 0,low voltage,-1639796.45385
Link,BEV charger,AT0 0,EV battery,15402042.57722
Link,BEV charger,AT0 0,low voltage,-17113380.64136
Link,BEV charger,BA0 0,EV battery,2453383.81243
Link,BEV charger,BA0 0,low voltage,-2725982.01381
Link,BEV charger,BE0 0,EV battery,20552669.78742
Link,BEV charger,BE0 0,low voltage,-22836299.7638
Link,BEV charger,BG0 0,EV battery,5774310.28966
Link,BEV charger,BG0 0,low voltage,-6415900.32184
Link,BEV charger,CH0 0,EV battery,9110207.49433
Link,BEV charger,CH0 0,low voltage,-10122452.77148
Link,BEV charger,CZ0 0,EV battery,14535483.37782
Link,BEV charger,CZ0 0,low voltage,-16150537.08647
Link,BEV charger,DE0 0,EV battery,74169327.6484
Link,BEV charger,DE0 0,low voltage,-82410364.05378
Link,BEV charger,DE0 1,EV battery,43399372.73591
Link,BEV charger,DE0 1,low voltage,-48221525.26212
Link,BEV charger,DK0 0,EV battery,6106520.55704
Link,BEV charger,DK0 0,low voltage,-6785022.84116
Link,BEV charger,DK1 0,EV battery,3537583.42124
Link,BEV charger,DK1 0,low voltage,-3930648.24582
Link,BEV charger,EE0 0,EV battery,1762160.41672
Link,BEV charger,EE0 0,low voltage,-1957956.01858
Link,BEV charger,ES0 0,EV battery,56680863.10136
Link,BEV charger,ES0 0,low voltage,-62978736.77929
Link,BEV charger,ES6 0,EV battery,943374.29915
Link,BEV charger,ES6 0,low voltage,-1048193.66572
Link,BEV charger,FI1 0,EV battery,9555624.97708
Link,BEV charger,FI1 0,low voltage,-10617361.08564
Link,BEV charger,FR0 0,EV battery,94637626.96526
Link,BEV charger,FR0 0,low voltage,-105152918.85029
Link,BEV charger,FR5 0,EV battery,408347.80026
Link,BEV charger,FR5 0,low voltage,-453719.77807
Link,BEV charger,GB2 0,EV battery,70953624.23965
Link,BEV charger,GB2 0,low voltage,-78837360.26628
Link,BEV charger,GB3 0,EV battery,1951989.70926
Link,BEV charger,GB3 0,low voltage,-2168877.45473
Link,BEV charger,GR0 0,EV battery,10993482.43825
Link,BEV charger,GR0 0,low voltage,-12214980.48695
Link,BEV charger,HR0 0,EV battery,4610353.17587
Link,BEV charger,HR0 0,low voltage,-5122614.63985
Link,BEV charger,HU0 0,EV battery,9860730.34684
Link,BEV charger,HU0 0,low voltage,-10956367.05204
Link,BEV charger,IE3 0,EV battery,7709622.56013
Link,BEV charger,IE3 0,low voltage,-8566247.28904
Link,BEV charger,IT0 0,EV battery,73251030.65559
Link,BEV charger,IT0 0,low voltage,-81390034.06177
Link,BEV charger,IT4 0,EV battery,1869873.00449
Link,BEV charger,IT4 0,low voltage,-2077636.67166
Link,BEV charger,LT0 0,EV battery,4874292.3682
Link,BEV charger,LT0 0,low voltage,-5415880.40912
Link,BEV charger,LU0 0,EV battery,2182187.45582
Link,BEV charger,LU0 0,low voltage,-2424652.72869
Link,BEV charger,LV0 0,EV battery,2334394.6403
Link,BEV charger,LV0 0,low voltage,-2593771.82255
Link,BEV charger,ME0 0,EV battery,507380.97262
Link,BEV charger,ME0 0,low voltage,-563756.63625
Link,BEV charger,MK0 0,EV battery,1423661.04564
Link,BEV charger,MK0 0,low voltage,-1581845.60627
Link,BEV charger,NL0 0,EV battery,25307612.96521
Link,BEV charger,NL0 0,low voltage,-28119569.96135
Link,BEV charger,NO1 0,EV battery,6551134.81768
Link,BEV charger,NO1 0,low voltage,-7279038.68631
Link,BEV charger,PL0 0,EV battery,44934862.81501
Link,BEV charger,PL0 0,low voltage,-49927625.35001
Link,BEV charger,PT0 0,EV battery,13665696.99519
Link,BEV charger,PT0 0,low voltage,-15184107.77243
Link,BEV charger,RO0 0,EV battery,14334136.41683
Link,BEV charger,RO0 0,low voltage,-15926818.24093
Link,BEV charger,RS0 0,EV battery,4181994.49137
Link,BEV charger,RS0 0,low voltage,-4646660.54597
Link,BEV charger,SE1 0,EV battery,14851791.33251
Link,BEV charger,SE1 0,low voltage,-16501990.36946
Link,BEV charger,SI0 0,EV battery,4087342.96191
Link,BEV charger,SI0 0,low voltage,-4541492.1799
Link,BEV charger,SK0 0,EV battery,6315078.1969
Link,BEV charger,SK0 0,low voltage,-7016753.55211
Link,BEV charger,XK0 0,EV battery,830905.78262
Link,BEV charger,XK0 0,low voltage,-923228.64735
Link,DC,BE0 0,AC,54858902.02196
Link,DC,CH0 0,AC,-7234638.94562
Link,DC,DE0 0,AC,259543347.0761
Link,DC,DE0 1,AC,222376516.85945
Link,DC,DK0 0,AC,60022451.90911
Link,DC,DK1 0,AC,-61194101.47729
Link,DC,EE0 0,AC,3964321.43766
Link,DC,ES0 0,AC,-57419744.71497
Link,DC,ES6 0,AC,7636030.53767
Link,DC,FI1 0,AC,-4642199.37799
Link,DC,FR0 0,AC,-80170102.60636
Link,DC,FR5 0,AC,-7258917.47412
Link,DC,GB2 0,AC,-151430504.25136
Link,DC,GB3 0,AC,-27073355.95367
Link,DC,GR0 0,AC,-62926.27934
Link,DC,IE3 0,AC,-72910908.25064
Link,DC,IT0 0,AC,-4472499.46536
Link,DC,IT4 0,AC,-13265544.23227
Link,DC,LT0 0,AC,22919753.88811
Link,DC,ME0 0,AC,3244293.84859
Link,DC,NL0 0,AC,171398979.48567
Link,DC,NO1 0,AC,-171506295.10661
Link,DC,PL0 0,AC,49473041.03315
Link,DC,SE1 0,AC,-268257156.4694
Link,DC,SI0 0,AC,26638943.73217
Link,H2 Electrolysis,AL0 0,AC,0.0
Link,H2 Electrolysis,AL0 0,H2,0.0
Link,H2 Electrolysis,AL0 0,urban central heat,0.0
Link,H2 Electrolysis,AT0 0,AC,-0.02313
Link,H2 Electrolysis,AT0 0,H2,0.01618
Link,H2 Electrolysis,AT0 0,urban central heat,0.00081
Link,H2 Electrolysis,BA0 0,AC,0.0
Link,H2 Electrolysis,BA0 0,H2,0.0
Link,H2 Electrolysis,BA0 0,urban central heat,0.0
Link,H2 Electrolysis,BE0 0,AC,-0.02402
Link,H2 Electrolysis,BE0 0,H2,0.0168
Link,H2 Electrolysis,BE0 0,urban central heat,0.00084
Link,H2 Electrolysis,BG0 0,AC,-0.02443
Link,H2 Electrolysis,BG0 0,H2,0.01708
Link,H2 Electrolysis,BG0 0,urban central heat,0.00086
Link,H2 Electrolysis,CH0 0,AC,-0.02285
Link,H2 Electrolysis,CH0 0,H2,0.01598
Link,H2 Electrolysis,CH0 0,urban central heat,0.0008
Link,H2 Electrolysis,CZ0 0,AC,-0.02236
Link,H2 Electrolysis,CZ0 0,H2,0.01564
Link,H2 Electrolysis,CZ0 0,urban central heat,0.00079
Link,H2 Electrolysis,DE0 0,AC,0.0
Link,H2 Electrolysis,DE0 0,H2,0.0
Link,H2 Electrolysis,DE0 0,urban central heat,0.0
Link,H2 Electrolysis,DE0 1,AC,0.0
Link,H2 Electrolysis,DE0 1,H2,0.0
Link,H2 Electrolysis,DE0 1,urban central heat,0.0
Link,H2 Electrolysis,DK0 0,AC,0.0
Link,H2 Electrolysis,DK0 0,H2,0.0
Link,H2 Electrolysis,DK0 0,urban central heat,0.0
Link,H2 Electrolysis,DK1 0,AC,0.0
Link,H2 Electrolysis,DK1 0,H2,0.0
Link,H2 Electrolysis,DK1 0,urban central heat,0.0
Link,H2 Electrolysis,EE0 0,AC,-0.02449
Link,H2 Electrolysis,EE0 0,H2,0.01713
Link,H2 Electrolysis,EE0 0,urban central heat,0.00086
Link,H2 Electrolysis,ES0 0,AC,0.0
Link,H2 Electrolysis,ES0 0,H2,0.0
Link,H2 Electrolysis,ES0 0,urban central heat,0.0
Link,H2 Electrolysis,ES6 0,AC,-0.0249
Link,H2 Electrolysis,ES6 0,H2,0.01742
Link,H2 Electrolysis,ES6 0,urban central heat,0.00088
Link,H2 Electrolysis,FI1 0,AC,-0.02365
Link,H2 Electrolysis,FI1 0,H2,0.01654
Link,H2 Electrolysis,FI1 0,urban central heat,0.00083
Link,H2 Electrolysis,FR0 0,AC,0.0
Link,H2 Electrolysis,FR0 0,H2,0.0
Link,H2 Electrolysis,FR0 0,urban central heat,0.0
Link,H2 Electrolysis,FR5 0,AC,-0.00625
Link,H2 Electrolysis,FR5 0,H2,0.00437
Link,H2 Electrolysis,GB2 0,AC,0.0
Link,H2 Electrolysis,GB2 0,H2,0.0
Link,H2 Electrolysis,GB2 0,urban central heat,0.0
Link,H2 Electrolysis,GB3 0,AC,0.0
Link,H2 Electrolysis,GB3 0,H2,0.0
Link,H2 Electrolysis,GB3 0,urban central heat,0.0
Link,H2 Electrolysis,GR0 0,AC,0.0
Link,H2 Electrolysis,GR0 0,H2,0.0
Link,H2 Electrolysis,GR0 0,urban central heat,0.0
Link,H2 Electrolysis,HR0 0,AC,-0.02543
Link,H2 Electrolysis,HR0 0,H2,0.01779
Link,H2 Electrolysis,HR0 0,urban central heat,0.00089
Link,H2 Electrolysis,HU0 0,AC,-0.02281
Link,H2 Electrolysis,HU0 0,H2,0.01595
Link,H2 Electrolysis,HU0 0,urban central heat,0.0008
Link,H2 Electrolysis,IE3 0,AC,-0.02849
Link,H2 Electrolysis,IE3 0,H2,0.01993
Link,H2 Electrolysis,IE3 0,urban central heat,0.001
Link,H2 Electrolysis,IT0 0,AC,-0.02527
Link,H2 Electrolysis,IT0 0,H2,0.01767
Link,H2 Electrolysis,IT0 0,urban central heat,0.00089
Link,H2 Electrolysis,IT4 0,AC,-0.0247
Link,H2 Electrolysis,IT4 0,H2,0.01727
Link,H2 Electrolysis,IT4 0,urban central heat,0.00087
Link,H2 Electrolysis,LT0 0,AC,-0.02596
Link,H2 Electrolysis,LT0 0,H2,0.01816
Link,H2 Electrolysis,LT0 0,urban central heat,0.00091
Link,H2 Electrolysis,LU0 0,AC,-0.02389
Link,H2 Electrolysis,LU0 0,H2,0.01671
Link,H2 Electrolysis,LU0 0,urban central heat,0.00084
Link,H2 Electrolysis,LV0 0,AC,-0.01796
Link,H2 Electrolysis,LV0 0,H2,0.01256
Link,H2 Electrolysis,LV0 0,urban central heat,0.00063
Link,H2 Electrolysis,ME0 0,AC,-0.02457
Link,H2 Electrolysis,ME0 0,H2,0.01719
Link,H2 Electrolysis,ME0 0,urban central heat,0.00086
Link,H2 Electrolysis,MK0 0,AC,-0.02549
Link,H2 Electrolysis,MK0 0,H2,0.01783
Link,H2 Electrolysis,MK0 0,urban central heat,0.0009
Link,H2 Electrolysis,NL0 0,AC,0.0
Link,H2 Electrolysis,NL0 0,H2,0.0
Link,H2 Electrolysis,NL0 0,urban central heat,0.0
Link,H2 Electrolysis,NO1 0,AC,0.0
Link,H2 Electrolysis,NO1 0,H2,0.0
Link,H2 Electrolysis,NO1 0,urban central heat,0.0
Link,H2 Electrolysis,PL0 0,AC,0.0
Link,H2 Electrolysis,PL0 0,H2,0.0
Link,H2 Electrolysis,PL0 0,urban central heat,0.0
Link,H2 Electrolysis,PT0 0,AC,0.0
Link,H2 Electrolysis,PT0 0,H2,0.0
Link,H2 Electrolysis,PT0 0,urban central heat,0.0
Link,H2 Electrolysis,RO0 0,AC,0.0
Link,H2 Electrolysis,RO0 0,H2,0.0
Link,H2 Electrolysis,RO0 0,urban central heat,0.0
Link,H2 Electrolysis,RS0 0,AC,-0.02493
Link,H2 Electrolysis,RS0 0,H2,0.01744
Link,H2 Electrolysis,RS0 0,urban central heat,0.00088
Link,H2 Electrolysis,SE1 0,AC,-0.02385
Link,H2 Electrolysis,SE1 0,H2,0.01668
Link,H2 Electrolysis,SE1 0,urban central heat,0.00084
Link,H2 Electrolysis,SI0 0,AC,-0.02399
Link,H2 Electrolysis,SI0 0,H2,0.01678
Link,H2 Electrolysis,SI0 0,urban central heat,0.00084
Link,H2 Electrolysis,SK0 0,AC,-0.02535
Link,H2 Electrolysis,SK0 0,H2,0.01773
Link,H2 Electrolysis,SK0 0,urban central heat,0.00089
Link,H2 Electrolysis,XK0 0,AC,-0.02443
Link,H2 Electrolysis,XK0 0,H2,0.01709
Link,H2 Electrolysis,XK0 0,urban central heat,0.00086
Link,V2G,AL0 0,EV battery,-29768.66177
Link,V2G,AL0 0,low voltage,26791.79559
Link,V2G,AT0 0,EV battery,-45771.72559
Link,V2G,AT0 0,low voltage,41194.55303
Link,V2G,BA0 0,EV battery,-37622.73894
Link,V2G,BA0 0,low voltage,33860.46505
Link,V2G,BE0 0,EV battery,-44693.25135
Link,V2G,BE0 0,low voltage,40223.92621
Link,V2G,BG0 0,EV battery,-47240.58467
Link,V2G,BG0 0,low voltage,42516.5262
Link,V2G,CH0 0,EV battery,-47005.39511
Link,V2G,CH0 0,low voltage,42304.85559
Link,V2G,CZ0 0,EV battery,-44336.71707
Link,V2G,CZ0 0,low voltage,39903.04536
Link,V2G,DE0 0,EV battery,-53795.775
Link,V2G,DE0 0,low voltage,48416.1975
Link,V2G,DE0 1,EV battery,-50588.03416
Link,V2G,DE0 1,low voltage,45529.23074
Link,V2G,DK0 0,EV battery,-37151.89211
Link,V2G,DK0 0,low voltage,33436.7029
Link,V2G,DK1 0,EV battery,-33520.76893
Link,V2G,DK1 0,low voltage,30168.69203
Link,V2G,EE0 0,EV battery,-41570.35526
Link,V2G,EE0 0,low voltage,37413.31973
Link,V2G,ES0 0,EV battery,-58919.29616
Link,V2G,ES0 0,low voltage,53027.36654
Link,V2G,ES6 0,EV battery,-20163.99527
Link,V2G,ES6 0,low voltage,18147.59574
Link,V2G,FI1 0,EV battery,-51015.17184
Link,V2G,FI1 0,low voltage,45913.65466
Link,V2G,FR0 0,EV battery,-52133.38959
Link,V2G,FR0 0,low voltage,46920.05063
Link,V2G,FR5 0,EV battery,-21405.59254
Link,V2G,FR5 0,low voltage,19265.03329
Link,V2G,GB2 0,EV battery,-53977.38693
Link,V2G,GB2 0,low voltage,48579.64823
Link,V2G,GB3 0,EV battery,-32064.52906
Link,V2G,GB3 0,low voltage,28858.07616
Link,V2G,GR0 0,EV battery,-50121.0877
Link,V2G,GR0 0,low voltage,45108.97893
Link,V2G,HR0 0,EV battery,-47028.65933
Link,V2G,HR0 0,low voltage,42325.7934
Link,V2G,HU0 0,EV battery,-47019.09235
Link,V2G,HU0 0,low voltage,42317.18311
Link,V2G,IE3 0,EV battery,-51932.74286
Link,V2G,IE3 0,low voltage,46739.46858
Link,V2G,IT0 0,EV battery,-54197.91399
Link,V2G,IT0 0,low voltage,48778.12259
Link,V2G,IT4 0,EV battery,-41662.47638
Link,V2G,IT4 0,low voltage,37496.22875
Link,V2G,LT0 0,EV battery,-47159.74867
Link,V2G,LT0 0,low voltage,42443.7738
Link,V2G,LU0 0,EV battery,-28655.44396
Link,V2G,LU0 0,low voltage,25789.89956
Link,V2G,LV0 0,EV battery,-37261.90628
Link,V2G,LV0 0,low voltage,33535.71565
Link,V2G,ME0 0,EV battery,-21693.97805
Link,V2G,ME0 0,low voltage,19524.58024
Link,V2G,MK0 0,EV battery,-38474.82153
Link,V2G,MK0 0,low voltage,34627.33938
Link,V2G,NL0 0,EV battery,-48776.3342
Link,V2G,NL0 0,low voltage,43898.70078
Link,V2G,NO1 0,EV battery,-44398.51199
Link,V2G,NO1 0,low voltage,39958.66079
Link,V2G,PL0 0,EV battery,-49538.29769
Link,V2G,PL0 0,low voltage,44584.46792
Link,V2G,PT0 0,EV battery,-52470.43887
Link,V2G,PT0 0,low voltage,47223.39498
Link,V2G,RO0 0,EV battery,-48832.7038
Link,V2G,RO0 0,low voltage,43949.43342
Link,V2G,RS0 0,EV battery,-50198.81459
Link,V2G,RS0 0,low voltage,45178.93313
Link,V2G,SE1 0,EV battery,-46524.35058
Link,V2G,SE1 0,low voltage,41871.91552
Link,V2G,SI0 0,EV battery,-40001.31623
Link,V2G,SI0 0,low voltage,36001.18461
Link,V2G,SK0 0,EV battery,-46314.33197
Link,V2G,SK0 0,low voltage,41682.89877
Link,V2G,XK0 0,EV battery,-48872.6707
Link,V2G,XK0 0,low voltage,43985.40363
Link,battery charger,AL0 0,AC,-1978.51111
Link,battery charger,AL0 0,battery,1938.53707
Link,battery charger,AT0 0,AC,-2712.16074
Link,battery charger,AT0 0,battery,2657.36396
Link,battery charger,BA0 0,AC,-2799.72401
Link,battery charger,BA0 0,battery,2743.1581
Link,battery charger,BE0 0,AC,-357371.43513
Link,battery charger,BE0 0,battery,350151.06588
Link,battery charger,BG0 0,AC,-2556.51109
Link,battery charger,BG0 0,battery,2504.85908
Link,battery charger,CH0 0,AC,-2833.62708
Link,battery charger,CH0 0,battery,2776.37619
Link,battery charger,CZ0 0,AC,-2088405.39674
Link,battery charger,CZ0 0,battery,2046211.03924
Link,battery charger,DE0 0,AC,-4655363.6648
Link,battery charger,DE0 0,battery,4561306.21834
Link,battery charger,DE0 1,AC,-3419613.80346
Link,battery charger,DE0 1,battery,3350523.57434
Link,battery charger,DK0 0,AC,-513255.50987
Link,battery charger,DK0 0,battery,502885.64274
Link,battery charger,DK1 0,AC,-6062602.32197
Link,battery charger,DK1 0,battery,5940112.8809
Link,battery charger,EE0 0,AC,-1582684.69457
Link,battery charger,EE0 0,battery,1550707.97016
Link,battery charger,ES0 0,AC,-3363.19146
Link,battery charger,ES0 0,battery,3295.2412
Link,battery charger,ES6 0,AC,-2578.37422
Link,battery charger,ES6 0,battery,2526.28048
Link,battery charger,FI1 0,AC,-26465.87489
Link,battery charger,FI1 0,battery,25931.15563
Link,battery charger,FR0 0,AC,-3367.09669
Link,battery charger,FR0 0,battery,3299.06752
Link,battery charger,FR5 0,AC,-3003.1459
Link,battery charger,FR5 0,battery,2942.47003
Link,battery charger,GB2 0,AC,-28094.45326
Link,battery charger,GB2 0,battery,27526.83004
Link,battery charger,GB3 0,AC,-1098382.62556
Link,battery charger,GB3 0,battery,1076190.78999
Link,battery charger,GR0 0,AC,-3252.78802
Link,battery charger,GR0 0,battery,3187.06836
Link,battery charger,HR0 0,AC,-2898.8872
Link,battery charger,HR0 0,battery,2840.31779
Link,battery charger,HU0 0,AC,-4822.95663
Link,battery charger,HU0 0,battery,4725.51311
Link,battery charger,IE3 0,AC,-1235903.93456
Link,battery charger,IE3 0,battery,1210933.6043
Link,battery charger,IT0 0,AC,-3121.40954
Link,battery charger,IT0 0,battery,3058.34426
Link,battery charger,IT4 0,AC,-2750.44703
Link,battery charger,IT4 0,battery,2694.87671
Link,battery charger,LT0 0,AC,-12774.77633
Link,battery charger,LT0 0,battery,12516.67344
Link,battery charger,LU0 0,AC,-116113.85064
Link,battery charger,LU0 0,battery,113767.87446
Link,battery charger,LV0 0,AC,-15860.99559
Link,battery charger,LV0 0,battery,15540.53841
Link,battery charger,ME0 0,AC,-2599.78935
Link,battery charger,ME0 0,battery,2547.26294
Link,battery charger,MK0 0,AC,-2541.15979
Link,battery charger,MK0 0,battery,2489.81793
Link,battery charger,NL0 0,AC,-2150385.98621
Link,battery charger,NL0 0,battery,2106939.3665
Link,battery charger,NO1 0,AC,-2185934.49894
Link,battery charger,NO1 0,battery,2141769.65342
Link,battery charger,PL0 0,AC,-6015597.25071
Link,battery charger,PL0 0,battery,5894057.50493
Link,battery charger,PT0 0,AC,-3337.65141
Link,battery charger,PT0 0,battery,3270.21716
Link,battery charger,RO0 0,AC,-3227.47342
Link,battery charger,RO0 0,battery,3162.26521
Link,battery charger,RS0 0,AC,-3117.79188
Link,battery charger,RS0 0,battery,3054.79969
Link,battery charger,SE1 0,AC,-6100584.26344
Link,battery charger,SE1 0,battery,5977327.43131
Link,battery charger,SI0 0,AC,-2869.19526
Link,battery charger,SI0 0,battery,2811.22574
Link,battery charger,SK0 0,AC,-531859.56615
Link,battery charger,SK0 0,battery,521113.82076
Link,battery charger,XK0 0,AC,-2300.28252
Link,battery charger,XK0 0,battery,2253.80738
Link,battery discharger,AL0 0,AC,1899.38566
Link,battery discharger,AL0 0,battery,-1938.55237
Link,battery discharger,AT0 0,AC,2603.68914
Link,battery discharger,AT0 0,battery,-2657.3791
Link,battery discharger,BA0 0,AC,2687.75008
Link,battery discharger,BA0 0,battery,-2743.17343
Link,battery discharger,BE0 0,AC,343076.59263
Link,battery discharger,BE0 0,battery,-350151.0811
Link,battery discharger,BG0 0,AC,2454.26542
Link,battery discharger,BG0 0,battery,-2504.87415
Link,battery discharger,CH0 0,AC,2720.29686
Link,battery discharger,CH0 0,battery,-2776.39136
Link,battery discharger,CZ0 0,AC,2004869.19561
Link,battery discharger,CZ0 0,battery,-2046211.05428
Link,battery discharger,DE0 0,AC,4469149.13309
Link,battery discharger,DE0 0,battery,-4561306.23353
Link,battery discharger,DE0 1,AC,3282829.26618
Link,battery discharger,DE0 1,battery,-3350523.5895
Link,battery discharger,DK0 0,AC,492725.30425
Link,battery discharger,DK0 0,battery,-502885.65782
Link,battery discharger,DK1 0,AC,5820098.24405
Link,battery discharger,DK1 0,battery,-5940112.89616
Link,battery discharger,EE0 0,AC,1519377.32155
Link,battery discharger,EE0 0,battery,-1550707.98523
Link,battery discharger,ES0 0,AC,3228.67862
Link,battery discharger,ES0 0,battery,-3295.25632
Link,battery discharger,ES6 0,AC,2475.25407
Link,battery discharger,ES6 0,battery,-2526.2956
Link,battery discharger,FI1 0,AC,25407.25457
Link,battery discharger,FI1 0,battery,-25931.17061
Link,battery discharger,FR0 0,AC,3232.42755
Link,battery discharger,FR0 0,battery,-3299.08255
Link,battery discharger,FR5 0,AC,2883.03535
Link,battery discharger,FR5 0,battery,-2942.48563
Link,battery discharger,GB2 0,AC,26970.69016
Link,battery discharger,GB2 0,battery,-27526.84538
Link,battery discharger,GB3 0,AC,1054447.33539
Link,battery discharger,GB3 0,battery,-1076190.80515
Link,battery discharger,GR0 0,AC,3122.69134
Link,battery discharger,GR0 0,battery,-3187.0835
Link,battery discharger,HR0 0,AC,2782.9466
Link,battery discharger,HR0 0,battery,-2840.33298
Link,battery discharger,HU0 0,AC,4630.05299
Link,battery discharger,HU0 0,battery,-4725.52805
Link,battery discharger,IE3 0,AC,1186467.79199
Link,battery discharger,IE3 0,battery,-1210933.61942
Link,battery discharger,IT0 0,AC,2996.56786
Link,battery discharger,IT0 0,battery,-3058.35927
Link,battery discharger,IT4 0,AC,2640.44392
Link,battery discharger,IT4 0,battery,-2694.89179
Link,battery discharger,LT0 0,AC,12263.80008
Link,battery discharger,LT0 0,battery,-12516.68855
Link,battery discharger,LU0 0,AC,111469.31159
Link,battery discharger,LU0 0,battery,-113767.88974
Link,battery discharger,LV0 0,AC,15226.57024
Link,battery discharger,LV0 0,battery,-15540.55317
Link,battery discharger,ME0 0,AC,2495.81273
Link,battery discharger,ME0 0,battery,-2547.2782
Link,battery discharger,MK0 0,AC,2439.52836
Link,battery discharger,MK0 0,battery,-2489.83321
Link,battery discharger,NL0 0,AC,2064370.56158
Link,battery discharger,NL0 0,battery,-2106939.38162
Link,battery discharger,NO1 0,AC,2098497.13385
Link,battery discharger,NO1 0,battery,-2141769.66859
Link,battery discharger,PL0 0,AC,5774973.3755
Link,battery discharger,PL0 0,battery,-5894057.52006
Link,battery discharger,PT0 0,AC,3204.16002
Link,battery discharger,PT0 0,battery,-3270.23212
Link,battery discharger,RO0 0,AC,3098.38908
Link,battery discharger,RO0 0,battery,-3162.28012
Link,battery discharger,RS0 0,AC,2993.09489
Link,battery discharger,RS0 0,battery,-3054.81468
Link,battery discharger,SE1 0,AC,5856560.90747
Link,battery discharger,SE1 0,battery,-5977327.44618
Link,battery discharger,SI0 0,AC,2754.44247
Link,battery discharger,SI0 0,battery,-2811.24107
Link,battery discharger,SK0 0,AC,510585.19834
Link,battery discharger,SK0 0,battery,-521113.8359
Link,battery discharger,XK0 0,AC,2208.28625
Link,battery discharger,XK0 0,battery,-2253.82271
Link,co2 sequestered,EU,co2 sequestered,0.0458
Link,co2 sequestered,EU,co2 stored,-0.0458
Link,electricity distribution grid,AL0 0,AC,-7436259.41147
Link,electricity distribution grid,AL0 0,low voltage,7211640.47923
Link,electricity distribution grid,AT0 0,AC,-106928283.41499
Link,electricity distribution grid,AT0 0,low voltage,103717382.86086
Link,electricity distribution grid,BA0 0,AC,-14746656.28258
Link,electricity distribution grid,BA0 0,low voltage,14302206.99072
Link,electricity distribution grid,BE0 0,AC,-140519194.8556
Link,electricity distribution grid,BE0 0,low voltage,136301506.63288
Link,electricity distribution grid,BG0 0,AC,-43599765.89011
Link,electricity distribution grid,BG0 0,low voltage,42288192.62175
Link,electricity distribution grid,CH0 0,AC,-58604597.49546
Link,electricity distribution grid,CH0 0,low voltage,56843228.80057
Link,electricity distribution grid,CZ0 0,AC,-101655344.91129
Link,electricity distribution grid,CZ0 0,low voltage,98602594.45318
Link,electricity distribution grid,DE0 0,AC,-547181295.21649
Link,electricity distribution grid,DE0 0,low voltage,530764031.39205
Link,electricity distribution grid,DE0 1,AC,-351290289.70404
Link,electricity distribution grid,DE0 1,low voltage,340749445.68301
Link,electricity distribution grid,DK0 0,AC,-33409539.8426
Link,electricity distribution grid,DK0 0,low voltage,32404309.39581
Link,electricity distribution grid,DK1 0,AC,-27481883.55923
Link,electricity distribution grid,DK1 0,low voltage,26654585.84808
Link,electricity distribution grid,EE0 0,AC,-12665215.62138
Link,electricity distribution grid,EE0 0,low voltage,12281185.97466
Link,electricity distribution grid,ES0 0,AC,-220543880.09289
Link,electricity distribution grid,ES0 0,low voltage,213924377.3428
Link,electricity distribution grid,ES6 0,AC,-13418661.34757
Link,electricity distribution grid,ES6 0,low voltage,13013344.59118
Link,electricity distribution grid,FI1 0,AC,-111217025.33037
Link,electricity distribution grid,FI1 0,low voltage,107876364.4805
Link,electricity distribution grid,FR0 0,AC,-657179155.89906
Link,electricity distribution grid,FR0 0,low voltage,637460435.0328
Link,electricity distribution grid,FR5 0,AC,-6734707.95728
Link,electricity distribution grid,FR5 0,low voltage,6530449.30142
Link,electricity distribution grid,GB2 0,AC,-505687778.22813
Link,electricity distribution grid,GB2 0,low voltage,490513777.03601
Link,electricity distribution grid,GB3 0,AC,-17196037.98252
Link,electricity distribution grid,GB3 0,low voltage,16677435.82549
Link,electricity distribution grid,GR0 0,AC,-36042923.46721
Link,electricity distribution grid,GR0 0,low voltage,34957498.09541
Link,electricity distribution grid,HR0 0,AC,-26409806.97827
Link,electricity distribution grid,HR0 0,low voltage,25613990.62071
Link,electricity distribution grid,HU0 0,AC,-68570718.30806
Link,electricity distribution grid,HU0 0,low voltage,66509782.80842
Link,electricity distribution grid,IE3 0,AC,-38216180.07144
Link,electricity distribution grid,IE3 0,low voltage,37065401.67108
Link,electricity distribution grid,IT0 0,AC,-468907915.04988
Link,electricity distribution grid,IT0 0,low voltage,454836654.79603
Link,electricity distribution grid,IT4 0,AC,-9870267.0405
Link,electricity distribution grid,IT4 0,low voltage,9570243.84245
Link,electricity distribution grid,LT0 0,AC,-21534223.605
Link,electricity distribution grid,LT0 0,low voltage,20884331.9409
Link,electricity distribution grid,LU0 0,AC,-10110295.06342
Link,electricity distribution grid,LU0 0,low voltage,9804552.49221
Link,electricity distribution grid,LV0 0,AC,-14360693.52789
Link,electricity distribution grid,LV0 0,low voltage,13925671.87811
Link,electricity distribution grid,ME0 0,AC,-3801207.14179
Link,electricity distribution grid,ME0 0,low voltage,3684978.80483
Link,electricity distribution grid,MK0 0,AC,-8084421.84957
Link,electricity distribution grid,MK0 0,low voltage,7839223.52704
Link,electricity distribution grid,NL0 0,AC,-187436497.62192
Link,electricity distribution grid,NL0 0,low voltage,181811023.07426
Link,electricity distribution grid,NO1 0,AC,-112278247.37597
Link,electricity distribution grid,NO1 0,low voltage,108905244.05192
Link,electricity distribution grid,PL0 0,AC,-269314028.86703
Link,electricity distribution grid,PL0 0,low voltage,261231866.63889
Link,electricity distribution grid,PT0 0,AC,-67095073.51107
Link,electricity distribution grid,PT0 0,low voltage,65078443.50365
Link,electricity distribution grid,RO0 0,AC,-88947424.77907
Link,electricity distribution grid,RO0 0,low voltage,86275741.62195
Link,electricity distribution grid,RS0 0,AC,-45616248.83268
Link,electricity distribution grid,RS0 0,low voltage,44243843.73138
Link,electricity distribution grid,SE1 0,AC,-166333149.94956
Link,electricity distribution grid,SE1 0,low voltage,161338625.17859
Link,electricity distribution grid,SI0 0,AC,-19899227.04521
Link,electricity distribution grid,SI0 0,low voltage,19298795.50496
Link,electricity distribution grid,SK0 0,AC,-42196664.6972
Link,electricity distribution grid,SK0 0,low voltage,40926965.15302
Link,electricity distribution grid,XK0 0,AC,-8158798.17308
Link,electricity distribution grid,XK0 0,low voltage,7911536.36927
Link,home battery charger,AL0 0,home battery,1597.82913
Link,home battery charger,AL0 0,low voltage,-1630.77753
Link,home battery charger,AT0 0,home battery,2083.11077
Link,home battery charger,AT0 0,low voltage,-2126.06603
Link,home battery charger,BA0 0,home battery,2136.31225
Link,home battery charger,BA0 0,low voltage,-2180.36456
Link,home battery charger,BE0 0,home battery,1721.29054
Link,home battery charger,BE0 0,low voltage,-1756.7848
Link,home battery charger,BG0 0,home battery,2113.87266
Link,home battery charger,BG0 0,low voltage,-2157.46225
Link,home battery charger,CH0 0,home battery,2090.23842
Link,home battery charger,CH0 0,low voltage,-2133.34066
Link,home battery charger,CZ0 0,home battery,2187.67259
Link,home battery charger,CZ0 0,low voltage,-2232.78399
Link,home battery charger,DE0 0,home battery,2191.1585
Link,home battery charger,DE0 0,low voltage,-2236.34178
Link,home battery charger,DE0 1,home battery,2221.35796
Link,home battery charger,DE0 1,low voltage,-2267.16397
Link,home battery charger,DK0 0,home battery,2296.76351
Link,home battery charger,DK0 0,low voltage,-2344.12445
Link,home battery charger,DK1 0,home battery,2212.0147
Link,home battery charger,DK1 0,low voltage,-2257.62805
Link,home battery charger,EE0 0,home battery,2305.0435
Link,home battery charger,EE0 0,low voltage,-2352.57517
Link,home battery charger,ES0 0,home battery,2264.68254
Link,home battery charger,ES0 0,low voltage,-2311.38193
Link,home battery charger,ES6 0,home battery,2103.5888
Link,home battery charger,ES6 0,low voltage,-2146.96633
Link,home battery charger,FI1 0,home battery,2338.01583
Link,home battery charger,FI1 0,low voltage,-2386.22741
Link,home battery charger,FR0 0,home battery,2240.88611
Link,home battery charger,FR0 0,low voltage,-2287.09481
Link,home battery charger,FR5 0,home battery,2117.01736
Link,home battery charger,FR5 0,low voltage,-2160.6718
Link,home battery charger,GB2 0,home battery,2269.21918
Link,home battery charger,GB2 0,low voltage,-2316.01213
Link,home battery charger,GB3 0,home battery,2283.28089
Link,home battery charger,GB3 0,low voltage,-2330.3638
Link,home battery charger,GR0 0,home battery,2199.07495
Link,home battery charger,GR0 0,low voltage,-2244.42147
Link,home battery charger,HR0 0,home battery,2033.42458
Link,home battery charger,HR0 0,low voltage,-2075.35527
Link,home battery charger,HU0 0,home battery,2112.4961
Link,home battery charger,HU0 0,low voltage,-2156.0573
Link,home battery charger,IE3 0,home battery,2300.5469
Link,home battery charger,IE3 0,low voltage,-2347.98584
Link,home battery charger,IT0 0,home battery,2098.54094
Link,home battery charger,IT0 0,low voltage,-2141.81437
Link,home battery charger,IT4 0,home battery,2036.0439
Link,home battery charger,IT4 0,low voltage,-2078.0286
Link,home battery charger,LT0 0,home battery,2150.9351
Link,home battery charger,LT0 0,low voltage,-2195.28894
Link,home battery charger,LU0 0,home battery,1517.98284
Link,home battery charger,LU0 0,low voltage,-1549.28475
Link,home battery charger,LV0 0,home battery,2407.45847
Link,home battery charger,LV0 0,low voltage,-2457.10201
Link,home battery charger,ME0 0,home battery,1848.27028
Link,home battery charger,ME0 0,low voltage,-1886.38295
Link,home battery charger,MK0 0,home battery,1791.49254
Link,home battery charger,MK0 0,low voltage,-1828.43441
Link,home battery charger,NL0 0,home battery,2370.79605
Link,home battery charger,NL0 0,low voltage,-2419.68359
Link,home battery charger,NO1 0,home battery,2371.85346
Link,home battery charger,NO1 0,low voltage,-2420.76281
Link,home battery charger,PL0 0,home battery,2167.026
Link,home battery charger,PL0 0,low voltage,-2211.71165
Link,home battery charger,PT0 0,home battery,2391.56278
Link,home battery charger,PT0 0,low voltage,-2440.87854
Link,home battery charger,RO0 0,home battery,2328.99525
Link,home battery charger,RO0 0,low voltage,-2377.02082
Link,home battery charger,RS0 0,home battery,2181.71487
Link,home battery charger,RS0 0,low voltage,-2226.70341
Link,home battery charger,SE1 0,home battery,2255.68003
Link,home battery charger,SE1 0,low voltage,-2302.19379
Link,home battery charger,SI0 0,home battery,2020.41775
Link,home battery charger,SI0 0,low voltage,-2062.08023
Link,home battery charger,SK0 0,home battery,2073.87775
Link,home battery charger,SK0 0,low voltage,-2116.64261
Link,home battery charger,XK0 0,home battery,1601.48177
Link,home battery charger,XK0 0,low voltage,-1634.50549
Link,home battery discharger,AL0 0,home battery,-1597.84697
Link,home battery discharger,AL0 0,low voltage,1565.56391
Link,home battery discharger,AT0 0,home battery,-2083.12964
Link,home battery discharger,AT0 0,low voltage,2041.04187
Link,home battery discharger,BA0 0,home battery,-2136.33003
Link,home battery discharger,BA0 0,low voltage,2093.1674
Link,home battery discharger,BE0 0,home battery,-1721.30942
Link,home battery discharger,BE0 0,low voltage,1686.53191
Link,home battery discharger,BG0 0,home battery,-2113.89145
Link,home battery discharger,BG0 0,low voltage,2071.18217
Link,home battery discharger,CH0 0,home battery,-2090.25722
Link,home battery discharger,CH0 0,low voltage,2048.02545
Link,home battery discharger,CZ0 0,home battery,-2187.69139
Link,home battery discharger,CZ0 0,low voltage,2143.49104
Link,home battery discharger,DE0 0,home battery,-2191.17613
Link,home battery discharger,DE0 0,low voltage,2146.90539
Link,home battery discharger,DE0 1,home battery,-2221.37564
Link,home battery discharger,DE0 1,low voltage,2176.49474
Link,home battery discharger,DK0 0,home battery,-2296.78109
Link,home battery discharger,DK0 0,low voltage,2250.37669
Link,home battery discharger,DK1 0,home battery,-2212.03238
Link,home battery discharger,DK1 0,low voltage,2167.34025
Link,home battery discharger,EE0 0,home battery,-2305.06226
Link,home battery discharger,EE0 0,low voltage,2258.49054
Link,home battery discharger,ES0 0,home battery,-2264.70012
Link,home battery discharger,ES0 0,low voltage,2218.94389
Link,home battery discharger,ES6 0,home battery,-2103.60762
Link,home battery discharger,ES6 0,low voltage,2061.10611
Link,home battery discharger,FI1 0,home battery,-2338.03441
Link,home battery discharger,FI1 0,low voltage,2290.79652
Link,home battery discharger,FR0 0,home battery,-2240.90363
Link,home battery discharger,FR0 0,low voltage,2195.62818
Link,home battery discharger,FR5 0,home battery,-2117.03502
Link,home battery discharger,FR5 0,low voltage,2074.26223
Link,home battery discharger,GB2 0,home battery,-2269.23678
Link,home battery discharger,GB2 0,low voltage,2223.38889
Link,home battery discharger,GB3 0,home battery,-2283.29846
Link,home battery discharger,GB3 0,low voltage,2237.16647
Link,home battery discharger,GR0 0,home battery,-2199.09249
Link,home battery discharger,GR0 0,low voltage,2154.6618
Link,home battery discharger,HR0 0,home battery,-2033.44354
Link,home battery discharger,HR0 0,low voltage,1992.35964
Link,home battery discharger,HU0 0,home battery,-2112.51485
Link,home battery discharger,HU0 0,low voltage,2069.83338
Link,home battery discharger,IE3 0,home battery,-2300.56555
Link,home battery discharger,IE3 0,low voltage,2254.08468
Link,home battery discharger,IT0 0,home battery,-2098.55964
Link,home battery discharger,IT0 0,low voltage,2056.16012
Link,home battery discharger,IT4 0,home battery,-2036.06272
Link,home battery discharger,IT4 0,low voltage,1994.9259
Link,home battery discharger,LT0 0,home battery,-2150.95387
Link,home battery discharger,LT0 0,low voltage,2107.49577
Link,home battery discharger,LU0 0,home battery,-1518.00184
Link,home battery discharger,LU0 0,low voltage,1487.33197
Link,home battery discharger,LV0 0,home battery,-2407.47712
Link,home battery discharger,LV0 0,low voltage,2358.8362
Link,home battery discharger,ME0 0,home battery,-1848.28922
Link,home battery discharger,ME0 0,low voltage,1810.9462
Link,home battery discharger,MK0 0,home battery,-1791.51153
Link,home battery discharger,MK0 0,low voltage,1755.31564
Link,home battery discharger,NL0 0,home battery,-2370.81368
Link,home battery discharger,NL0 0,low voltage,2322.91351
Link,home battery discharger,NO1 0,home battery,-2371.87101
Link,home battery discharger,NO1 0,low voltage,2323.94949
Link,home battery discharger,PL0 0,home battery,-2167.04352
Link,home battery discharger,PL0 0,low voltage,2123.26035
Link,home battery discharger,PT0 0,home battery,-2391.58028
Link,home battery discharger,PT0 0,low voltage,2343.26055
Link,home battery discharger,RO0 0,home battery,-2329.01273
Link,home battery discharger,RO0 0,low voltage,2281.95711
Link,home battery discharger,RS0 0,home battery,-2181.7336
Link,home battery discharger,RS0 0,low voltage,2137.65363
Link,home battery discharger,SE1 0,home battery,-2255.69859
Link,home battery discharger,SE1 0,low voltage,2210.12422
Link,home battery discharger,SI0 0,home battery,-2020.4367
Link,home battery discharger,SI0 0,low voltage,1979.61558
Link,home battery discharger,SK0 0,home battery,-2073.89659
Link,home battery discharger,SK0 0,low voltage,2031.99537
Link,home battery discharger,XK0 0,home battery,-1601.50078
Link,home battery discharger,XK0 0,low voltage,1569.14389
Link,land transport oil,EU,co2,63760.21449
Link,land transport oil,EU,land transport oil,247997.72262
Link,land transport oil,EU,oil,-247997.72262
Link,residential rural air heat pump,AL0 0,low voltage,-39534.23042
Link,residential rural air heat pump,AL0 0,residential rural heat,103672.43074
Link,residential rural air heat pump,AT0 0,low voltage,-114447.18932
Link,residential rural air heat pump,AT0 0,residential rural heat,284925.19212
Link,residential rural air heat pump,BA0 0,low voltage,-72202.13316
Link,residential rural air heat pump,BA0 0,residential rural heat,170325.76388
Link,residential rural air heat pump,BE0 0,low voltage,-2635.60179
Link,residential rural air heat pump,BE0 0,residential rural heat,6808.87167
Link,residential rural air heat pump,BG0 0,low voltage,-41816.44459
Link,residential rural air heat pump,BG0 0,residential rural heat,113698.02813
Link,residential rural air heat pump,CH0 0,low voltage,-65538.61796
Link,residential rural air heat pump,CH0 0,residential rural heat,149830.87135
Link,residential rural air heat pump,CZ0 0,low voltage,-78492.96669
Link,residential rural air heat pump,CZ0 0,residential rural heat,221453.26268
Link,residential rural air heat pump,DE0 0,low voltage,-759.97227
Link,residential rural air heat pump,DE0 0,residential rural heat,1940.80242
Link,residential rural air heat pump,DE0 1,low voltage,-178684.11554
Link,residential rural air heat pump,DE0 1,residential rural heat,530400.55635
Link,residential rural air heat pump,DK0 0,low voltage,-567.58
Link,residential rural air heat pump,DK0 0,residential rural heat,1422.53191
Link,residential rural air heat pump,DK1 0,low voltage,-12476.60865
Link,residential rural air heat pump,DK1 0,residential rural heat,31982.39213
Link,residential rural air heat pump,EE0 0,low voltage,-34443.46978
Link,residential rural air heat pump,EE0 0,residential rural heat,84447.17648
Link,residential rural air heat pump,ES0 0,low voltage,-627703.62124
Link,residential rural air heat pump,ES0 0,residential rural heat,1630540.64305
Link,residential rural air heat pump,ES6 0,low voltage,-32003.85257
Link,residential rural air heat pump,ES6 0,residential rural heat,90612.97814
Link,residential rural air heat pump,FI1 0,low voltage,-57964.61871
Link,residential rural air heat pump,FI1 0,residential rural heat,136036.97312
Link,residential rural air heat pump,FR0 0,low voltage,-434252.0558
Link,residential rural air heat pump,FR0 0,residential rural heat,899363.79459
Link,residential rural air heat pump,FR5 0,low voltage,-50926.28388
Link,residential rural air heat pump,FR5 0,residential rural heat,129497.25371
Link,residential rural air heat pump,GB2 0,low voltage,-99595.70722
Link,residential rural air heat pump,GB2 0,residential rural heat,241321.47836
Link,residential rural air heat pump,GB3 0,low voltage,-73251.37457
Link,residential rural air heat pump,GB3 0,residential rural heat,178356.19774
Link,residential rural air heat pump,GR0 0,low voltage,-112922.37892
Link,residential rural air heat pump,GR0 0,residential rural heat,288615.04111
Link,residential rural air heat pump,HR0 0,low voltage,-106508.47012
Link,residential rural air heat pump,HR0 0,residential rural heat,262479.33066
Link,residential rural air heat pump,HU0 0,low voltage,-76954.32679
Link,residential rural air heat pump,HU0 0,residential rural heat,211278.79055
Link,residential rural air heat pump,IE3 0,low voltage,-80639.35566
Link,residential rural air heat pump,IE3 0,residential rural heat,193136.35184
Link,residential rural air heat pump,IT0 0,low voltage,-689972.4482
Link,residential rural air heat pump,IT0 0,residential rural heat,1518077.91568
Link,residential rural air heat pump,IT4 0,low voltage,-145828.52658
Link,residential rural air heat pump,IT4 0,residential rural heat,378628.57756
Link,residential rural air heat pump,LT0 0,low voltage,-27625.78854
Link,residential rural air heat pump,LT0 0,residential rural heat,67504.07569
Link,residential rural air heat pump,LU0 0,low voltage,-3000.25564
Link,residential rural air heat pump,LU0 0,residential rural heat,7519.77958
Link,residential rural air heat pump,LV0 0,low voltage,-54954.77316
Link,residential rural air heat pump,LV0 0,residential rural heat,143971.03595
Link,residential rural air heat pump,ME0 0,low voltage,-18811.6929
Link,residential rural air heat pump,ME0 0,residential rural heat,46816.68152
Link,residential rural air heat pump,MK0 0,low voltage,-36695.71361
Link,residential rural air heat pump,MK0 0,residential rural heat,92983.03464
Link,residential rural air heat pump,NL0 0,low voltage,-25396.65772
Link,residential rural air heat pump,NL0 0,residential rural heat,67070.35799
Link,residential rural air heat pump,NO1 0,low voltage,-50954.52396
Link,residential rural air heat pump,NO1 0,residential rural heat,114476.03629
Link,residential rural air heat pump,PL0 0,low voltage,-435498.90603
Link,residential rural air heat pump,PL0 0,residential rural heat,1275681.50219
Link,residential rural air heat pump,PT0 0,low voltage,-314520.96406
Link,residential rural air heat pump,PT0 0,residential rural heat,826308.09881
Link,residential rural air heat pump,RO0 0,low voltage,-409804.28671
Link,residential rural air heat pump,RO0 0,residential rural heat,1213200.32799
Link,residential rural air heat pump,RS0 0,low voltage,-100324.73839
Link,residential rural air heat pump,RS0 0,residential rural heat,260635.28144
Link,residential rural air heat pump,SE1 0,low voltage,-75267.98612
Link,residential rural air heat pump,SE1 0,residential rural heat,177030.45671
Link,residential rural air heat pump,SI0 0,low voltage,-60676.02297
Link,residential rural air heat pump,SI0 0,residential rural heat,153784.25763
Link,residential rural air heat pump,SK0 0,low voltage,-96691.05518
Link,residential rural air heat pump,SK0 0,residential rural heat,273159.25152
Link,residential rural air heat pump,XK0 0,low voltage,-29908.83633
Link,residential rural air heat pump,XK0 0,residential rural heat,75918.29965
Link,residential rural ground heat pump,AL0 0,low voltage,-251495.63117
Link,residential rural ground heat pump,AL0 0,residential rural heat,909984.04955
Link,residential rural ground heat pump,AT0 0,low voltage,-7011194.27696
Link,residential rural ground heat pump,AT0 0,residential rural heat,22226569.88459
Link,residential rural ground heat pump,BA0 0,low voltage,-1142529.74437
Link,residential rural ground heat pump,BA0 0,residential rural heat,3902704.09463
Link,residential rural ground heat pump,BE0 0,low voltage,-899512.60733
Link,residential rural ground heat pump,BE0 0,residential rural heat,2990569.3926
Link,residential rural ground heat pump,BG0 0,low voltage,-817823.52333
Link,residential rural ground heat pump,BG0 0,residential rural heat,2874341.4802
Link,residential rural ground heat pump,CH0 0,low voltage,-2974454.68838
Link,residential rural ground heat pump,CH0 0,residential rural heat,9267531.94243
Link,residential rural ground heat pump,CZ0 0,low voltage,-4622379.60438
Link,residential rural ground heat pump,CZ0 0,residential rural heat,14876595.87884
Link,residential rural ground heat pump,DE0 0,low voltage,-12559385.40824
Link,residential rural ground heat pump,DE0 0,residential rural heat,41021427.61196
Link,residential rural ground heat pump,DE0 1,low voltage,-21603075.99958
Link,residential rural ground heat pump,DE0 1,residential rural heat,69885315.15188
Link,residential rural ground heat pump,DK0 0,low voltage,-757814.56535
Link,residential rural ground heat pump,DK0 0,residential rural heat,2391615.2452
Link,residential rural ground heat pump,DK1 0,low voltage,-322044.18672
Link,residential rural ground heat pump,DK1 0,residential rural heat,1015706.12239
Link,residential rural ground heat pump,EE0 0,low voltage,-633528.83071
Link,residential rural ground heat pump,EE0 0,residential rural heat,1936083.39718
Link,residential rural ground heat pump,ES0 0,low voltage,-3405561.98998
Link,residential rural ground heat pump,ES0 0,residential rural heat,12640125.96662
Link,residential rural ground heat pump,ES6 0,low voltage,-1920.03206
Link,residential rural ground heat pump,ES6 0,residential rural heat,8259.94664
Link,residential rural ground heat pump,FI1 0,low voltage,-2583653.93614
Link,residential rural ground heat pump,FI1 0,residential rural heat,7702510.00727
Link,residential rural ground heat pump,FR0 0,low voltage,-19915344.8491
Link,residential rural ground heat pump,FR0 0,residential rural heat,68418970.70133
Link,residential rural ground heat pump,FR5 0,low voltage,-383348.83202
Link,residential rural ground heat pump,FR5 0,residential rural heat,1393889.50973
Link,residential rural ground heat pump,GB2 0,low voltage,-11755816.99072
Link,residential rural ground heat pump,GB2 0,residential rural heat,38740369.25099
Link,residential rural ground heat pump,GB3 0,low voltage,-1400484.01861
Link,residential rural ground heat pump,GB3 0,residential rural heat,4639607.34728
Link,residential rural ground heat pump,GR0 0,low voltage,-831378.00967
Link,residential rural ground heat pump,GR0 0,residential rural heat,3171917.23781
Link,residential rural ground heat pump,HR0 0,low voltage,-1737782.71204
Link,residential rural ground heat pump,HR0 0,residential rural heat,6042356.3902
Link,residential rural ground heat pump,HU0 0,low voltage,-3606533.36099
Link,residential rural ground heat pump,HU0 0,residential rural heat,12347722.25586
Link,residential rural ground heat pump,IE3 0,low voltage,-2148559.47425
Link,residential rural ground heat pump,IE3 0,residential rural heat,7208594.50911
Link,residential rural ground heat pump,IT0 0,low voltage,-16379489.82582
Link,residential rural ground heat pump,IT0 0,residential rural heat,58615956.825
Link,residential rural ground heat pump,IT4 0,low voltage,-1073827.79503
Link,residential rural ground heat pump,IT4 0,residential rural heat,4120586.00841
Link,residential rural ground heat pump,LT0 0,low voltage,-1070527.30442
Link,residential rural ground heat pump,LT0 0,residential rural heat,3331909.90562
Link,residential rural ground heat pump,LU0 0,low voltage,-91391.5808
Link,residential rural ground heat pump,LU0 0,residential rural heat,298897.64362
Link,residential rural ground heat pump,LV0 0,low voltage,-918443.58675
Link,residential rural ground heat pump,LV0 0,residential rural heat,2853422.24771
Link,residential rural ground heat pump,ME0 0,low voltage,-123808.4222
Link,residential rural ground heat pump,ME0 0,residential rural heat,420581.08722
Link,residential rural ground heat pump,MK0 0,low voltage,-347640.55126
Link,residential rural ground heat pump,MK0 0,residential rural heat,1206144.97462
Link,residential rural ground heat pump,NL0 0,low voltage,-1435966.75245
Link,residential rural ground heat pump,NL0 0,residential rural heat,4747427.55372
Link,residential rural ground heat pump,NO1 0,low voltage,-1738154.01683
Link,residential rural ground heat pump,NO1 0,residential rural heat,5111160.55973
Link,residential rural ground heat pump,PL0 0,low voltage,-19962037.4256
Link,residential rural ground heat pump,PL0 0,residential rural heat,63709646.49541
Link,residential rural ground heat pump,PT0 0,low voltage,-742490.64954
Link,residential rural ground heat pump,PT0 0,residential rural heat,2874317.43788
Link,residential rural ground heat pump,RO0 0,low voltage,-6415264.92154
Link,residential rural ground heat pump,RO0 0,residential rural heat,21602947.06824
Link,residential rural ground heat pump,RS0 0,low voltage,-2300614.91144
Link,residential rural ground heat pump,RS0 0,residential rural heat,7973460.92557
Link,residential rural ground heat pump,SE1 0,low voltage,-3243672.02743
Link,residential rural ground heat pump,SE1 0,residential rural heat,9588729.06549
Link,residential rural ground heat pump,SI0 0,low voltage,-1128338.93463
Link,residential rural ground heat pump,SI0 0,residential rural heat,3746806.03245
Link,residential rural ground heat pump,SK0 0,low voltage,-2612199.77563
Link,residential rural ground heat pump,SK0 0,residential rural heat,8474669.21504
Link,residential rural ground heat pump,XK0 0,low voltage,-277832.34166
Link,residential rural ground heat pump,XK0 0,residential rural heat,964882.57669
Link,residential urban decentral air heat pump,AL0 0,low voltage,-434026.03539
Link,residential urban decentral air heat pump,AL0 0,residential urban decentral heat,1089156.73159
Link,residential urban decentral air heat pump,AT0 0,low voltage,-8278351.5775
Link,residential urban decentral air heat pump,AT0 0,residential urban decentral heat,17641465.84133
Link,residential urban decentral air heat pump,BA0 0,low voltage,-1059439.93079
Link,residential urban decentral air heat pump,BA0 0,residential urban decentral heat,2413708.82079
Link,residential urban decentral air heat pump,BE0 0,low voltage,-18438117.7477
Link,residential urban decentral air heat pump,BE0 0,residential urban decentral heat,41691387.53687
Link,residential urban decentral air heat pump,BG0 0,low voltage,-2272352.40539
Link,residential urban decentral air heat pump,BG0 0,residential urban decentral heat,5291891.44411
Link,residential urban decentral air heat pump,CH0 0,low voltage,-11508961.45573
Link,residential urban decentral air heat pump,CH0 0,residential urban decentral heat,23630396.6983
Link,residential urban decentral air heat pump,CZ0 0,low voltage,-10810201.50754
Link,residential urban decentral air heat pump,CZ0 0,residential urban decentral heat,23349279.8387
Link,residential urban decentral air heat pump,DE0 0,low voltage,-78205346.86941
Link,residential urban decentral air heat pump,DE0 0,residential urban decentral heat,174823987.41447
Link,residential urban decentral air heat pump,DE0 1,low voltage,-33271030.76072
Link,residential urban decentral air heat pump,DE0 1,residential urban decentral heat,73065867.23247
Link,residential urban decentral air heat pump,DK0 0,low voltage,-4682060.19494
Link,residential urban decentral air heat pump,DK0 0,residential urban decentral heat,10521417.42176
Link,residential urban decentral air heat pump,DK1 0,low voltage,-3057985.12935
Link,residential urban decentral air heat pump,DK1 0,residential urban decentral heat,6873011.0694
Link,residential urban decentral air heat pump,EE0 0,low voltage,-1067363.63837
Link,residential urban decentral air heat pump,EE0 0,residential urban decentral heat,2130669.36512
Link,residential urban decentral air heat pump,ES0 0,low voltage,-15663539.28642
Link,residential urban decentral air heat pump,ES0 0,residential urban decentral heat,40074169.69673
Link,residential urban decentral air heat pump,ES6 0,low voltage,-266065.77498
Link,residential urban decentral air heat pump,ES6 0,residential urban decentral heat,758695.09056
Link,residential urban decentral air heat pump,FI1 0,low voltage,-11802824.76637
Link,residential urban decentral air heat pump,FI1 0,residential urban decentral heat,22222297.6673
Link,residential urban decentral air heat pump,FR0 0,low voltage,-82011679.72306
Link,residential urban decentral air heat pump,FR0 0,residential urban decentral heat,191749457.63506
Link,residential urban decentral air heat pump,FR5 0,low voltage,0.0
Link,residential urban decentral air heat pump,FR5 0,residential urban decentral heat,0.0
Link,residential urban decentral air heat pump,GB2 0,low voltage,-66509858.49351
Link,residential urban decentral air heat pump,GB2 0,residential urban decentral heat,157923629.15659
Link,residential urban decentral air heat pump,GB3 0,low voltage,-746948.57539
Link,residential urban decentral air heat pump,GB3 0,residential urban decentral heat,1804488.97484
Link,residential urban decentral air heat pump,GR0 0,low voltage,-3987074.46207
Link,residential urban decentral air heat pump,GR0 0,residential urban decentral heat,10336421.4051
Link,residential urban decentral air heat pump,HR0 0,low voltage,-2383397.68193
Link,residential urban decentral air heat pump,HR0 0,residential urban decentral heat,5509000.61243
Link,residential urban decentral air heat pump,HU0 0,low voltage,-8369817.19019
Link,residential urban decentral air heat pump,HU0 0,residential urban decentral heat,18774218.10087
Link,residential urban decentral air heat pump,IE3 0,low voltage,-3915943.76337
Link,residential urban decentral air heat pump,IE3 0,residential urban decentral heat,9529248.17834
Link,residential urban decentral air heat pump,IT0 0,low voltage,-44995703.20481
Link,residential urban decentral air heat pump,IT0 0,residential urban decentral heat,109518563.48013
Link,residential urban decentral air heat pump,IT4 0,low voltage,-328204.48186
Link,residential urban decentral air heat pump,IT4 0,residential urban decentral heat,851221.69023
Link,residential urban decentral air heat pump,LT0 0,low voltage,-1582715.27242
Link,residential urban decentral air heat pump,LT0 0,residential urban decentral heat,3183134.08609
Link,residential urban decentral air heat pump,LU0 0,low voltage,-961421.57049
Link,residential urban decentral air heat pump,LU0 0,residential urban decentral heat,2107729.00324
Link,residential urban decentral air heat pump,LV0 0,low voltage,-1383478.29551
Link,residential urban decentral air heat pump,LV0 0,residential urban decentral heat,2799744.13848
Link,residential urban decentral air heat pump,ME0 0,low voltage,-250992.46812
Link,residential urban decentral air heat pump,ME0 0,residential urban decentral heat,580248.44417
Link,residential urban decentral air heat pump,MK0 0,low voltage,-416112.10866
Link,residential urban decentral air heat pump,MK0 0,residential urban decentral heat,952693.97106
Link,residential urban decentral air heat pump,NL0 0,low voltage,-22933199.60666
Link,residential urban decentral air heat pump,NL0 0,residential urban decentral heat,52631170.32157
Link,residential urban decentral air heat pump,NO1 0,low voltage,-8799324.84093
Link,residential urban decentral air heat pump,NO1 0,residential urban decentral heat,17143587.3828
Link,residential urban decentral air heat pump,PL0 0,low voltage,-24182075.7767
Link,residential urban decentral air heat pump,PL0 0,residential urban decentral heat,51663383.14305
Link,residential urban decentral air heat pump,PT0 0,low voltage,-1798448.30628
Link,residential urban decentral air heat pump,PT0 0,residential urban decentral heat,4859314.94873
Link,residential urban decentral air heat pump,RO0 0,low voltage,-7385604.31004
Link,residential urban decentral air heat pump,RO0 0,residential urban decentral heat,16251921.02129
Link,residential urban decentral air heat pump,RS0 0,low voltage,-2182624.09115
Link,residential urban decentral air heat pump,RS0 0,residential urban decentral heat,4974399.01909
Link,residential urban decentral air heat pump,SE1 0,low voltage,-16728373.98181
Link,residential urban decentral air heat pump,SE1 0,residential urban decentral heat,32297464.67702
Link,residential urban decentral air heat pump,SI0 0,low voltage,-1406202.38646
Link,residential urban decentral air heat pump,SI0 0,residential urban decentral heat,3148880.8184
Link,residential urban decentral air heat pump,SK0 0,low voltage,-3160966.19063
Link,residential urban decentral air heat pump,SK0 0,residential urban decentral heat,6789557.0447
Link,residential urban decentral air heat pump,XK0 0,low voltage,-480518.46058
Link,residential urban decentral air heat pump,XK0 0,residential urban decentral heat,1086522.13744
Link,services rural air heat pump,AL0 0,low voltage,-21991.77161
Link,services rural air heat pump,AL0 0,services rural heat,55846.28014
Link,services rural air heat pump,AT0 0,low voltage,-61667.80039
Link,services rural air heat pump,AT0 0,services rural heat,155550.37377
Link,services rural air heat pump,BA0 0,low voltage,-33943.54335
Link,services rural air heat pump,BA0 0,services rural heat,84045.45563
Link,services rural air heat pump,BE0 0,low voltage,-1063.02546
Link,services rural air heat pump,BE0 0,services rural heat,2746.92837
Link,services rural air heat pump,BG0 0,low voltage,-31976.46493
Link,services rural air heat pump,BG0 0,services rural heat,88567.68571
Link,services rural air heat pump,CH0 0,low voltage,-54058.3683
Link,services rural air heat pump,CH0 0,services rural heat,129399.04792
Link,services rural air heat pump,CZ0 0,low voltage,-33722.05413
Link,services rural air heat pump,CZ0 0,services rural heat,89543.17243
Link,services rural air heat pump,DE0 0,low voltage,-758.80356
Link,services rural air heat pump,DE0 0,services rural heat,1936.47521
Link,services rural air heat pump,DE0 1,low voltage,-44266.55567
Link,services rural air heat pump,DE0 1,services rural heat,117755.76011
Link,services rural air heat pump,DK0 0,low voltage,-408.35627
Link,services rural air heat pump,DK0 0,services rural heat,1035.92623
Link,services rural air heat pump,DK1 0,low voltage,-4371.36764
Link,services rural air heat pump,DK1 0,services rural heat,11067.15941
Link,services rural air heat pump,EE0 0,low voltage,-21501.68246
Link,services rural air heat pump,EE0 0,services rural heat,50273.92936
Link,services rural air heat pump,ES0 0,low voltage,-238665.88057
Link,services rural air heat pump,ES0 0,services rural heat,572055.90478
Link,services rural air heat pump,ES6 0,low voltage,-12635.83644
Link,services rural air heat pump,ES6 0,services rural heat,35415.52019
Link,services rural air heat pump,FI1 0,low voltage,-41493.2726
Link,services rural air heat pump,FI1 0,services rural heat,96025.99883
Link,services rural air heat pump,FR0 0,low voltage,-183588.28316
Link,services rural air heat pump,FR0 0,services rural heat,402649.30115
Link,services rural air heat pump,FR5 0,low voltage,-33470.70665
Link,services rural air heat pump,FR5 0,services rural heat,87908.24901
Link,services rural air heat pump,GB2 0,low voltage,-70632.19397
Link,services rural air heat pump,GB2 0,services rural heat,179165.95432
Link,services rural air heat pump,GB3 0,low voltage,-48256.55036
Link,services rural air heat pump,GB3 0,services rural heat,119196.19661
Link,services rural air heat pump,GR0 0,low voltage,-87475.22912
Link,services rural air heat pump,GR0 0,services rural heat,241165.34106
Link,services rural air heat pump,HR0 0,low voltage,-40441.51361
Link,services rural air heat pump,HR0 0,services rural heat,106021.64074
Link,services rural air heat pump,HU0 0,low voltage,-38847.87424
Link,services rural air heat pump,HU0 0,services rural heat,105736.17484
Link,services rural air heat pump,IE3 0,low voltage,-73580.86048
Link,services rural air heat pump,IE3 0,services rural heat,184074.89395
Link,services rural air heat pump,IT0 0,low voltage,-395270.81584
Link,services rural air heat pump,IT0 0,services rural heat,881092.0392
Link,services rural air heat pump,IT4 0,low voltage,-88004.17263
Link,services rural air heat pump,IT4 0,services rural heat,229355.1514
Link,services rural air heat pump,LT0 0,low voltage,-10091.13681
Link,services rural air heat pump,LT0 0,services rural heat,24437.96744
Link,services rural air heat pump,LU0 0,low voltage,-1874.53584
Link,services rural air heat pump,LU0 0,services rural heat,4710.87902
Link,services rural air heat pump,LV0 0,low voltage,-27235.8194
Link,services rural air heat pump,LV0 0,services rural heat,66207.83492
Link,services rural air heat pump,ME0 0,low voltage,-2334.593
Link,services rural air heat pump,ME0 0,services rural heat,5931.15505
Link,services rural air heat pump,MK0 0,low voltage,-17468.7836
Link,services rural air heat pump,MK0 0,services rural heat,44313.91487
Link,services rural air heat pump,NL0 0,low voltage,-18653.5198
Link,services rural air heat pump,NL0 0,services rural heat,49230.54725
Link,services rural air heat pump,NO1 0,low voltage,-55020.89064
Link,services rural air heat pump,NO1 0,services rural heat,125331.53778
Link,services rural air heat pump,PL0 0,low voltage,-91379.83339
Link,services rural air heat pump,PL0 0,services rural heat,248300.93844
Link,services rural air heat pump,PT0 0,low voltage,-406051.91031
Link,services rural air heat pump,PT0 0,services rural heat,1048887.90274
Link,services rural air heat pump,RO0 0,low voltage,-85337.17392
Link,services rural air heat pump,RO0 0,services rural heat,244636.88069
Link,services rural air heat pump,RS0 0,low voltage,-43302.80206
Link,services rural air heat pump,RS0 0,services rural heat,114127.64501
Link,services rural air heat pump,SE1 0,low voltage,-31078.5807
Link,services rural air heat pump,SE1 0,services rural heat,70622.62732
Link,services rural air heat pump,SI0 0,low voltage,-30215.23363
Link,services rural air heat pump,SI0 0,services rural heat,76667.70441
Link,services rural air heat pump,SK0 0,low voltage,-52396.32323
Link,services rural air heat pump,SK0 0,services rural heat,140863.58453
Link,services rural air heat pump,XK0 0,low voltage,-10986.55323
Link,services rural air heat pump,XK0 0,services rural heat,27749.0499
Link,services rural ground heat pump,AL0 0,low voltage,-90509.03452
Link,services rural ground heat pump,AL0 0,services rural heat,323560.83552
Link,services rural ground heat pump,AT0 0,low voltage,-2243341.0688
Link,services rural ground heat pump,AT0 0,services rural heat,7107049.8457
Link,services rural ground heat pump,BA0 0,low voltage,-302236.1919
Link,services rural ground heat pump,BA0 0,services rural heat,1030065.7881
Link,services rural ground heat pump,BE0 0,low voltage,-400600.56453
Link,services rural ground heat pump,BE0 0,services rural heat,1331527.44417
Link,services rural ground heat pump,BG0 0,low voltage,-292522.49062
Link,services rural ground heat pump,BG0 0,services rural heat,1025167.30888
Link,services rural ground heat pump,CH0 0,low voltage,-1314096.92249
Link,services rural ground heat pump,CH0 0,services rural heat,4089513.19318
Link,services rural ground heat pump,CZ0 0,low voltage,-1470487.56201
Link,services rural ground heat pump,CZ0 0,services rural heat,4721392.70147
Link,services rural ground heat pump,DE0 0,low voltage,-4681390.68906
Link,services rural ground heat pump,DE0 0,services rural heat,15261409.43625
Link,services rural ground heat pump,DE0 1,low voltage,-8078559.40684
Link,services rural ground heat pump,DE0 1,services rural heat,26081444.06183
Link,services rural ground heat pump,DK0 0,low voltage,-203286.25398
Link,services rural ground heat pump,DK0 0,services rural heat,637178.26664
Link,services rural ground heat pump,DK1 0,low voltage,-85857.95388
Link,services rural ground heat pump,DK1 0,services rural heat,268347.43491
Link,services rural ground heat pump,EE0 0,low voltage,-210220.36327
Link,services rural ground heat pump,EE0 0,services rural heat,640134.03007
Link,services rural ground heat pump,ES0 0,low voltage,-1514424.16098
Link,services rural ground heat pump,ES0 0,services rural heat,5617104.7006
Link,services rural ground heat pump,ES6 0,low voltage,-1759.60849
Link,services rural ground heat pump,ES6 0,services rural heat,7465.47674
Link,services rural ground heat pump,FI1 0,low voltage,-867435.46193
Link,services rural ground heat pump,FI1 0,services rural heat,2580550.10376
Link,services rural ground heat pump,FR0 0,low voltage,-7193185.70618
Link,services rural ground heat pump,FR0 0,services rural heat,24738401.45858
Link,services rural ground heat pump,FR5 0,low voltage,-127660.52114
Link,services rural ground heat pump,FR5 0,services rural heat,464608.54506
Link,services rural ground heat pump,GB2 0,low voltage,-4096480.61303
Link,services rural ground heat pump,GB2 0,services rural heat,13473261.66875
Link,services rural ground heat pump,GB3 0,low voltage,-474324.8432
Link,services rural ground heat pump,GB3 0,services rural heat,1568183.1181
Link,services rural ground heat pump,GR0 0,low voltage,-371684.28971
Link,services rural ground heat pump,GR0 0,services rural heat,1414726.52515
Link,services rural ground heat pump,HR0 0,low voltage,-374540.63521
Link,services rural ground heat pump,HR0 0,services rural heat,1307183.92458
Link,services rural ground heat pump,HU0 0,low voltage,-1154734.38126
Link,services rural ground heat pump,HU0 0,services rural heat,3949038.4556
Link,services rural ground heat pump,IE3 0,low voltage,-856146.82668
Link,services rural ground heat pump,IE3 0,services rural heat,2863445.22446
Link,services rural ground heat pump,IT0 0,low voltage,-8660761.59002
Link,services rural ground heat pump,IT0 0,services rural heat,30938073.38792
Link,services rural ground heat pump,IT4 0,low voltage,-561768.46086
Link,services rural ground heat pump,IT4 0,services rural heat,2151347.45438
Link,services rural ground heat pump,LT0 0,low voltage,-282297.76582
Link,services rural ground heat pump,LT0 0,services rural heat,881829.67192
Link,services rural ground heat pump,LU0 0,low voltage,-61028.66101
Link,services rural ground heat pump,LU0 0,services rural heat,199923.43906
Link,services rural ground heat pump,LV0 0,low voltage,-352871.93562
Link,services rural ground heat pump,LV0 0,services rural heat,1089034.52649
Link,services rural ground heat pump,ME0 0,low voltage,-14294.0308
Link,services rural ground heat pump,ME0 0,services rural heat,49185.60211
Link,services rural ground heat pump,MK0 0,low voltage,-112611.46237
Link,services rural ground heat pump,MK0 0,services rural heat,390938.78675
Link,services rural ground heat pump,NL0 0,low voltage,-771908.41051
Link,services rural ground heat pump,NL0 0,services rural heat,2546520.27353
Link,services rural ground heat pump,NO1 0,low voltage,-1387974.34702
Link,services rural ground heat pump,NO1 0,services rural heat,4078129.0335
Link,services rural ground heat pump,PL0 0,low voltage,-5629527.90735
Link,services rural ground heat pump,PL0 0,services rural heat,17921734.93827
Link,services rural ground heat pump,PT0 0,low voltage,-658493.7035
Link,services rural ground heat pump,PT0 0,services rural heat,2515263.23064
Link,services rural ground heat pump,RO0 0,low voltage,-1268363.7673
Link,services rural ground heat pump,RO0 0,services rural heat,4281109.10581
Link,services rural ground heat pump,RS0 0,low voltage,-566912.41589
Link,services rural ground heat pump,RS0 0,services rural heat,1958961.75355
Link,services rural ground heat pump,SE1 0,low voltage,-958359.76832
Link,services rural ground heat pump,SE1 0,services rural heat,2834640.34759
Link,services rural ground heat pump,SI0 0,low voltage,-329558.61069
Link,services rural ground heat pump,SI0 0,services rural heat,1092010.87385
Link,services rural ground heat pump,SK0 0,low voltage,-1412144.42406
Link,services rural ground heat pump,SK0 0,services rural heat,4574516.5371
Link,services rural ground heat pump,XK0 0,low voltage,-70411.91653
Link,services rural ground heat pump,XK0 0,services rural heat,244818.64112
Link,services urban decentral air heat pump,AL0 0,low voltage,-167831.74915
Link,services urban decentral air heat pump,AL0 0,services urban decentral heat,407666.52418
Link,services urban decentral air heat pump,AT0 0,low voltage,-2673998.41922
Link,services urban decentral air heat pump,AT0 0,services urban decentral heat,5691444.0047
Link,services urban decentral air heat pump,BA0 0,low voltage,-290934.07965
Link,services urban decentral air heat pump,BA0 0,services urban decentral heat,660230.89193
Link,services urban decentral air heat pump,BE0 0,low voltage,-8213817.73093
Link,services urban decentral air heat pump,BE0 0,services urban decentral heat,18558802.07359
Link,services urban decentral air heat pump,BG0 0,low voltage,-849467.8659
Link,services urban decentral air heat pump,BG0 0,services urban decentral heat,1972452.06177
Link,services urban decentral air heat pump,CH0 0,low voltage,-5176385.65638
Link,services urban decentral air heat pump,CH0 0,services urban decentral heat,10586251.35973
Link,services urban decentral air heat pump,CZ0 0,low voltage,-3465580.52843
Link,services urban decentral air heat pump,CZ0 0,services urban decentral heat,7440159.11942
Link,services urban decentral air heat pump,DE0 0,low voltage,-29254695.90661
Link,services urban decentral air heat pump,DE0 0,services urban decentral heat,65045828.67437
Link,services urban decentral air heat pump,DE0 1,low voltage,-12449640.78707
Link,services urban decentral air heat pump,DE0 1,services urban decentral heat,27185227.56651
Link,services urban decentral air heat pump,DK0 0,low voltage,-1263757.1564
Link,services urban decentral air heat pump,DK0 0,services urban decentral heat,2806022.53418
Link,services urban decentral air heat pump,DK1 0,low voltage,-826018.71651
Link,services urban decentral air heat pump,DK1 0,services urban decentral heat,1833006.25432
Link,services urban decentral air heat pump,EE0 0,low voltage,-366549.34684
Link,services urban decentral air heat pump,EE0 0,services urban decentral heat,728041.9845
Link,services urban decentral air heat pump,ES0 0,low voltage,-6829141.97127
Link,services urban decentral air heat pump,ES0 0,services urban decentral heat,17380090.16426
Link,services urban decentral air heat pump,ES6 0,low voltage,-116040.6304
Link,services urban decentral air heat pump,ES6 0,services urban decentral heat,329044.59858
Link,services urban decentral air heat pump,FI1 0,low voltage,-4059865.32156
Link,services urban decentral air heat pump,FI1 0,services urban decentral heat,7588099.04819
Link,services urban decentral air heat pump,FR0 0,low voltage,-29634913.65366
Link,services urban decentral air heat pump,FR0 0,services urban decentral heat,69545566.58941
Link,services urban decentral air heat pump,FR5 0,low voltage,0.0
Link,services urban decentral air heat pump,FR5 0,services urban decentral heat,0.0
Link,services urban decentral air heat pump,GB2 0,low voltage,-23388423.74773
Link,services urban decentral air heat pump,GB2 0,services urban decentral heat,55309066.29993
Link,services urban decentral air heat pump,GB3 0,low voltage,-262559.53878
Link,services urban decentral air heat pump,GB3 0,services urban decentral heat,631980.15952
Link,services urban decentral air heat pump,GR0 0,low voltage,-1906835.51608
Link,services urban decentral air heat pump,GR0 0,services urban decentral heat,4946058.79987
Link,services urban decentral air heat pump,HR0 0,low voltage,-525916.5569
Link,services urban decentral air heat pump,HR0 0,services urban decentral heat,1234822.0746
Link,services urban decentral air heat pump,HU0 0,low voltage,-2706269.68906
Link,services urban decentral air heat pump,HU0 0,services urban decentral heat,6061407.51007
Link,services urban decentral air heat pump,IE3 0,low voltage,-1621959.32315
Link,services urban decentral air heat pump,IE3 0,services urban decentral heat,3923484.39606
Link,services urban decentral air heat pump,IT0 0,low voltage,-23919332.81276
Link,services urban decentral air heat pump,IT0 0,services urban decentral heat,57950365.44185
Link,services urban decentral air heat pump,IT4 0,low voltage,-174542.48214
Link,services urban decentral air heat pump,IT4 0,services urban decentral heat,450413.21264
Link,services urban decentral air heat pump,LT0 0,low voltage,-416806.29938
Link,services urban decentral air heat pump,LT0 0,services urban decentral heat,848608.4454
Link,services urban decentral air heat pump,LU0 0,low voltage,-638814.69116
Link,services urban decentral air heat pump,LU0 0,services urban decentral heat,1407601.70478
Link,services urban decentral air heat pump,LV0 0,low voltage,-542340.12474
Link,services urban decentral air heat pump,LV0 0,services urban decentral heat,1079065.28232
Link,services urban decentral air heat pump,ME0 0,low voltage,-28303.8009
Link,services urban decentral air heat pump,ME0 0,services urban decentral heat,68424.40151
Link,services urban decentral air heat pump,MK0 0,low voltage,-138527.04108
Link,services urban decentral air heat pump,MK0 0,services urban decentral heat,319185.34722
Link,services urban decentral air heat pump,NL0 0,low voltage,-12419438.88625
Link,services urban decentral air heat pump,NL0 0,services urban decentral heat,28376251.49419
Link,services urban decentral air heat pump,NO1 0,low voltage,-7094903.6325
Link,services urban decentral air heat pump,NO1 0,services urban decentral heat,13790165.5214
Link,services urban decentral air heat pump,PL0 0,low voltage,-6799382.49405
Link,services urban decentral air heat pump,PL0 0,services urban decentral heat,14445191.77092
Link,services urban decentral air heat pump,PT0 0,low voltage,-1786199.8239
Link,services urban decentral air heat pump,PT0 0,services urban decentral heat,4680109.54102
Link,services urban decentral air heat pump,RO0 0,low voltage,-1451332.78862
Link,services urban decentral air heat pump,RO0 0,services urban decentral heat,3223684.74649
Link,services urban decentral air heat pump,RS0 0,low voltage,-552718.02823
Link,services urban decentral air heat pump,RS0 0,services urban decentral heat,1252399.00184
Link,services urban decentral air heat pump,SE1 0,low voltage,-4960741.90487
Link,services urban decentral air heat pump,SE1 0,services urban decentral heat,9608328.78348
Link,services urban decentral air heat pump,SI0 0,low voltage,-422741.86475
Link,services urban decentral air heat pump,SI0 0,services urban decentral heat,943454.52465
Link,services urban decentral air heat pump,SK0 0,low voltage,-1710498.60066
Link,services urban decentral air heat pump,SK0 0,services urban decentral heat,3659804.53842
Link,services urban decentral air heat pump,XK0 0,low voltage,-124519.00112
Link,services urban decentral air heat pump,XK0 0,services urban decentral heat,284541.29601
Link,urban central air heat pump,AL0 0,low voltage,-275805.67393
Link,urban central air heat pump,AL0 0,urban central heat,847827.50085
Link,urban central air heat pump,AT0 0,low voltage,-7708863.16687
Link,urban central air heat pump,AT0 0,urban central heat,20926592.76545
Link,urban central air heat pump,BA0 0,low voltage,-837668.774
Link,urban central air heat pump,BA0 0,urban central heat,2379446.16202
Link,urban central air heat pump,BE0 0,low voltage,-12219606.65181
Link,urban central air heat pump,BE0 0,urban central heat,34634354.57542
Link,urban central air heat pump,BG0 0,low voltage,-2131875.32639
Link,urban central air heat pump,BG0 0,urban central heat,6183834.33293
Link,urban central air heat pump,CH0 0,low voltage,-8076733.04789
Link,urban central air heat pump,CH0 0,urban central heat,21435235.34652
Link,urban central air heat pump,CZ0 0,low voltage,-11082953.61365
Link,urban central air heat pump,CZ0 0,urban central heat,26939768.11337
Link,urban central air heat pump,DE0 0,low voltage,-59479634.73772
Link,urban central air heat pump,DE0 0,urban central heat,165458109.49197
Link,urban central air heat pump,DE0 1,low voltage,-25195995.91812
Link,urban central air heat pump,DE0 1,urban central heat,69168981.85934
Link,urban central air heat pump,DK0 0,low voltage,-6127135.83256
Link,urban central air heat pump,DK0 0,urban central heat,21735150.30387
Link,urban central air heat pump,DK1 0,low voltage,-3356080.12587
Link,urban central air heat pump,DK1 0,urban central heat,11885790.85392
Link,urban central air heat pump,EE0 0,low voltage,-1619935.18093
Link,urban central air heat pump,EE0 0,urban central heat,4239099.05915
Link,urban central air heat pump,ES0 0,low voltage,-10292736.39472
Link,urban central air heat pump,ES0 0,urban central heat,32543121.81679
Link,urban central air heat pump,ES6 0,low voltage,-175832.55022
Link,urban central air heat pump,ES6 0,urban central heat,616115.24096
Link,urban central air heat pump,FI1 0,low voltage,-15852025.80127
Link,urban central air heat pump,FI1 0,urban central heat,38563244.53203
Link,urban central air heat pump,FR0 0,low voltage,-57532321.44921
Link,urban central air heat pump,FR0 0,urban central heat,164960203.0971
Link,urban central air heat pump,GB2 0,low voltage,-43042137.04613
Link,urban central air heat pump,GB2 0,urban central heat,126679274.77817
Link,urban central air heat pump,GB3 0,low voltage,-482542.30459
Link,urban central air heat pump,GB3 0,urban central heat,1445864.76691
Link,urban central air heat pump,GR0 0,low voltage,-2755318.23294
Link,urban central air heat pump,GR0 0,urban central heat,8836581.78851
Link,urban central air heat pump,HR0 0,low voltage,-1641764.94491
Link,urban central air heat pump,HR0 0,urban central heat,4723406.26407
Link,urban central air heat pump,HU0 0,low voltage,-6268063.39497
Link,urban central air heat pump,HU0 0,urban central heat,17539779.17392
Link,urban central air heat pump,IE3 0,low voltage,-2524697.87991
Link,urban central air heat pump,IE3 0,urban central heat,7619868.67361
Link,urban central air heat pump,IT0 0,low voltage,-30386799.49003
Link,urban central air heat pump,IT0 0,urban central heat,103091943.88459
Link,urban central air heat pump,IT4 0,low voltage,-217060.30058
Link,urban central air heat pump,IT4 0,urban central heat,796824.00692
Link,urban central air heat pump,LT0 0,low voltage,-2425009.62326
Link,urban central air heat pump,LT0 0,urban central heat,6375623.67969
Link,urban central air heat pump,LU0 0,low voltage,-888203.78525
Link,urban central air heat pump,LU0 0,urban central heat,2459116.3213
Link,urban central air heat pump,LV0 0,low voltage,-2039106.56543
Link,urban central air heat pump,LV0 0,urban central heat,5383737.40949
Link,urban central air heat pump,ME0 0,low voltage,-126987.36404
Link,urban central air heat pump,ME0 0,urban central heat,367419.91695
Link,urban central air heat pump,MK0 0,low voltage,-529710.94706
Link,urban central air heat pump,MK0 0,urban central heat,1514256.70759
Link,urban central air heat pump,NL0 0,low voltage,-17414951.96822
Link,urban central air heat pump,NL0 0,urban central heat,49957917.72918
Link,urban central air heat pump,NO1 0,low voltage,-7496214.4432
Link,urban central air heat pump,NO1 0,urban central heat,19286610.77243
Link,urban central air heat pump,PL0 0,low voltage,-28273742.95197
Link,urban central air heat pump,PL0 0,urban central heat,68397226.45788
Link,urban central air heat pump,PT0 0,low voltage,-1636644.64583
Link,urban central air heat pump,PT0 0,urban central heat,5415057.7331
Link,urban central air heat pump,RO0 0,low voltage,-5671324.08571
Link,urban central air heat pump,RO0 0,urban central heat,15738078.0267
Link,urban central air heat pump,RS0 0,low voltage,-2841918.56783
Link,urban central air heat pump,RS0 0,urban central heat,8075612.52041
Link,urban central air heat pump,SE1 0,low voltage,-21790823.51529
Link,urban central air heat pump,SE1 0,urban central heat,57593288.39545
Link,urban central air heat pump,SI0 0,low voltage,-1120020.65575
Link,urban central air heat pump,SI0 0,urban central heat,3131267.19257
Link,urban central air heat pump,SK0 0,low voltage,-3506646.35065
Link,urban central air heat pump,SK0 0,urban central heat,9524506.8584
Link,urban central air heat pump,XK0 0,low voltage,-302337.86265
Link,urban central air heat pump,XK0 0,urban central heat,856046.27455
Load,electricity,AL0 0,low voltage,-4318628.45575
Load,electricity,AT0 0,low voltage,-58554492.84121
Load,electricity,BA0 0,low voltage,-7871855.72685
Load,electricity,BE0 0,low voltage,-73330247.64067
Load,electricity,BG0 0,low voltage,-29478666.99285
Load,electricity,CH0 0,low voltage,-37351995.6871
Load,electricity,CZ0 0,low voltage,-50928214.5278
Load,electricity,DE0 0,low voltage,-264220212.04058
Load,electricity,DE0 1,low voltage,-191752403.8936
Load,electricity,DK0 0,low voltage,-12617660.14802
Load,electricity,DK1 0,low voltage,-15089287.76626
Load,electricity,EE0 0,low voltage,-6407070.47174
Load,electricity,ES0 0,low voltage,-210915643.68018
Load,electricity,ES6 0,low voltage,-11377218.62223
Load,electricity,FI1 0,low voltage,-62039628.6686
Load,electricity,FR0 0,low voltage,-335449357.7366
Load,electricity,FR5 0,low voltage,-5920796.53585
Load,electricity,GB2 0,low voltage,-262762065.94199
Load,electricity,GB3 0,low voltage,-11048997.99448
Load,electricity,GR0 0,low voltage,-36347440.72144
Load,electricity,HR0 0,low voltage,-13723484.60559
Load,electricity,HU0 0,low voltage,-33374614.54792
Load,electricity,IE3 0,low voltage,-17324353.5268
Load,electricity,IT0 0,low voltage,-248085882.44237
Load,electricity,IT4 0,low voltage,-8697539.34585
Load,electricity,LT0 0,low voltage,-9695866.14902
Load,electricity,LU0 0,low voltage,-4760064.82962
Load,electricity,LV0 0,low voltage,-6047058.05139
Load,electricity,ME0 0,low voltage,-2577290.9719
Load,electricity,MK0 0,low voltage,-6004012.31259
Load,electricity,NL0 0,low voltage,-98715925.38123
Load,electricity,NO1 0,low voltage,-75043574.1169
Load,electricity,PL0 0,low voltage,-125975241.6039
Load,electricity,PT0 0,low voltage,-42598925.53495
Load,electricity,RO0 0,low voltage,-47707590.23154
Load,electricity,RS0 0,low voltage,-31054358.84176
Load,electricity,SE1 0,low voltage,-97090207.69077
Load,electricity,SI0 0,low voltage,-10295597.75502
Load,electricity,SK0 0,low voltage,-21400471.96242
Load,electricity,XK0 0,low voltage,-5736328.57961
Load,land transport EV,AL0 0,EV battery,-1446048.16295
Load,land transport EV,AT0 0,EV battery,-15356270.87118
Load,land transport EV,BA0 0,EV battery,-2415761.0898
Load,land transport EV,BE0 0,EV battery,-20507976.55555
Load,land transport EV,BG0 0,EV battery,-5727069.72466
Load,land transport EV,CH0 0,EV battery,-9063202.11877
Load,land transport EV,CZ0 0,EV battery,-14491146.68024
Load,land transport EV,DE0 0,EV battery,-74115531.88934
Load,land transport EV,DE0 1,EV battery,-43348784.71778
Load,land transport EV,DK0 0,EV battery,-6069368.68103
Load,land transport EV,DK1 0,EV battery,-3504062.66837
Load,land transport EV,EE0 0,EV battery,-1720590.0809
Load,land transport EV,ES0 0,EV battery,-56621943.82116
Load,land transport EV,ES6 0,EV battery,-923210.32336
Load,land transport EV,FI1 0,EV battery,-9504609.82483
Load,land transport EV,FR0 0,EV battery,-94585493.59158
Load,land transport EV,FR5 0,EV battery,-386942.22367
Load,land transport EV,GB2 0,EV battery,-70899646.86859
Load,land transport EV,GB3 0,EV battery,-1919925.1962
Load,land transport EV,GR0 0,EV battery,-10943361.36674
Load,land transport EV,HR0 0,EV battery,-4563324.53635
Load,land transport EV,HU0 0,EV battery,-9813711.27417
Load,land transport EV,IE3 0,EV battery,-7657689.83698
Load,land transport EV,IT0 0,EV battery,-73196832.7606
Load,land transport EV,IT4 0,EV battery,-1828210.54796
Load,land transport EV,LT0 0,EV battery,-4827132.63926
Load,land transport EV,LU0 0,EV battery,-2153532.03119
Load,land transport EV,LV0 0,EV battery,-2297132.75346
Load,land transport EV,ME0 0,EV battery,-485687.01385
Load,land transport EV,MK0 0,EV battery,-1385186.24365
Load,land transport EV,NL0 0,EV battery,-25258836.64723
Load,land transport EV,NO1 0,EV battery,-6506736.32197
Load,land transport EV,PL0 0,EV battery,-44885324.53341
Load,land transport EV,PT0 0,EV battery,-13613226.5725
Load,land transport EV,RO0 0,EV battery,-14285303.72947
Load,land transport EV,RS0 0,EV battery,-4131795.69651
Load,land transport EV,SE1 0,EV battery,-14805267.00141
Load,land transport EV,SI0 0,EV battery,-4047341.66531
Load,land transport EV,SK0 0,EV battery,-6268763.88473
Load,land transport EV,XK0 0,EV battery,-782033.13139
Load,land transport oil,EU,land transport oil,-947303921.78965
Load,residential rural heat,AL0 0,residential rural heat,-1013656.48029
Load,residential rural heat,AT0 0,residential rural heat,-22511495.07671
Load,residential rural heat,BA0 0,residential rural heat,-4073029.85851
Load,residential rural heat,BE0 0,residential rural heat,-2997378.26427
Load,residential rural heat,BG0 0,residential rural heat,-2988039.50833
Load,residential rural heat,CH0 0,residential rural heat,-9417362.81377
Load,residential rural heat,CZ0 0,residential rural heat,-15098049.14152
Load,residential rural heat,DE0 0,residential rural heat,-41023368.41438
Load,residential rural heat,DE0 1,residential rural heat,-70415715.70823
Load,residential rural heat,DK0 0,residential rural heat,-2393037.77711
Load,residential rural heat,DK1 0,residential rural heat,-1047688.51452
Load,residential rural heat,EE0 0,residential rural heat,-2020530.57366
Load,residential rural heat,ES0 0,residential rural heat,-14270666.60967
Load,residential rural heat,ES6 0,residential rural heat,-98872.92478
Load,residential rural heat,FI1 0,residential rural heat,-7838546.98039
Load,residential rural heat,FR0 0,residential rural heat,-69318334.49592
Load,residential rural heat,FR5 0,residential rural heat,-1523386.76343
Load,residential rural heat,GB2 0,residential rural heat,-38981690.72935
Load,residential rural heat,GB3 0,residential rural heat,-4817963.54502
Load,residential rural heat,GR0 0,residential rural heat,-3460532.27892
Load,residential rural heat,HR0 0,residential rural heat,-6304835.72086
Load,residential rural heat,HU0 0,residential rural heat,-12559001.04641
Load,residential rural heat,IE3 0,residential rural heat,-7401730.86094
Load,residential rural heat,IT0 0,residential rural heat,-60134034.74067
Load,residential rural heat,IT4 0,residential rural heat,-4499214.58596
Load,residential rural heat,LT0 0,residential rural heat,-3399413.98131
Load,residential rural heat,LU0 0,residential rural heat,-306417.4232
Load,residential rural heat,LV0 0,residential rural heat,-2997393.28366
Load,residential rural heat,ME0 0,residential rural heat,-467397.76874
Load,residential rural heat,MK0 0,residential rural heat,-1299128.00926
Load,residential rural heat,NL0 0,residential rural heat,-4814497.91171
Load,residential rural heat,NO1 0,residential rural heat,-5225636.59602
Load,residential rural heat,PL0 0,residential rural heat,-64985327.99762
Load,residential rural heat,PT0 0,residential rural heat,-3700625.53669
Load,residential rural heat,RO0 0,residential rural heat,-22816147.39623
Load,residential rural heat,RS0 0,residential rural heat,-8234096.20701
Load,residential rural heat,SE1 0,residential rural heat,-9765759.5222
Load,residential rural heat,SI0 0,residential rural heat,-3900590.29007
Load,residential rural heat,SK0 0,residential rural heat,-8747828.46656
Load,residential rural heat,XK0 0,residential rural heat,-1040800.87635
Load,residential urban decentral heat,AL0 0,residential urban decentral heat,-1089156.73159
Load,residential urban decentral heat,AT0 0,residential urban decentral heat,-17641465.84133
Load,residential urban decentral heat,BA0 0,residential urban decentral heat,-2413708.82079
Load,residential urban decentral heat,BE0 0,residential urban decentral heat,-41691387.53687
Load,residential urban decentral heat,BG0 0,residential urban decentral heat,-5291891.44411
Load,residential urban decentral heat,CH0 0,residential urban decentral heat,-23630396.6983
Load,residential urban decentral heat,CZ0 0,residential urban decentral heat,-23349279.8387
Load,residential urban decentral heat,DE0 0,residential urban decentral heat,-174823987.4145
Load,residential urban decentral heat,DE0 1,residential urban decentral heat,-73065867.23246
Load,residential urban decentral heat,DK0 0,residential urban decentral heat,-10521417.42176
Load,residential urban decentral heat,DK1 0,residential urban decentral heat,-6873011.0694
Load,residential urban decentral heat,EE0 0,residential urban decentral heat,-2130669.36512
Load,residential urban decentral heat,ES0 0,residential urban decentral heat,-40074169.69673
Load,residential urban decentral heat,ES6 0,residential urban decentral heat,-758695.09056
Load,residential urban decentral heat,FI1 0,residential urban decentral heat,-22222297.6673
Load,residential urban decentral heat,FR0 0,residential urban decentral heat,-191749457.63505
Load,residential urban decentral heat,FR5 0,residential urban decentral heat,0.0
Load,residential urban decentral heat,GB2 0,residential urban decentral heat,-157923629.1566
Load,residential urban decentral heat,GB3 0,residential urban decentral heat,-1804488.97484
Load,residential urban decentral heat,GR0 0,residential urban decentral heat,-10336421.4051
Load,residential urban decentral heat,HR0 0,residential urban decentral heat,-5509000.61243
Load,residential urban decentral heat,HU0 0,residential urban decentral heat,-18774218.10087
Load,residential urban decentral heat,IE3 0,residential urban decentral heat,-9529248.17834
Load,residential urban decentral heat,IT0 0,residential urban decentral heat,-109518563.48014
Load,residential urban decentral heat,IT4 0,residential urban decentral heat,-851221.69023
Load,residential urban decentral heat,LT0 0,residential urban decentral heat,-3183134.08609
Load,residential urban decentral heat,LU0 0,residential urban decentral heat,-2107729.00324
Load,residential urban decentral heat,LV0 0,residential urban decentral heat,-2799744.13848
Load,residential urban decentral heat,ME0 0,residential urban decentral heat,-580248.44417
Load,residential urban decentral heat,MK0 0,residential urban decentral heat,-952693.97106
Load,residential urban decentral heat,NL0 0,residential urban decentral heat,-52631170.32156
Load,residential urban decentral heat,NO1 0,residential urban decentral heat,-17143587.3828
Load,residential urban decentral heat,PL0 0,residential urban decentral heat,-51663383.14305
Load,residential urban decentral heat,PT0 0,residential urban decentral heat,-4859314.94873
Load,residential urban decentral heat,RO0 0,residential urban decentral heat,-16251921.02129
Load,residential urban decentral heat,RS0 0,residential urban decentral heat,-4974399.01909
Load,residential urban decentral heat,SE1 0,residential urban decentral heat,-32297464.67702
Load,residential urban decentral heat,SI0 0,residential urban decentral heat,-3148880.8184
Load,residential urban decentral heat,SK0 0,residential urban decentral heat,-6789557.0447
Load,residential urban decentral heat,XK0 0,residential urban decentral heat,-1086522.13744
Load,services rural heat,AL0 0,services rural heat,-379407.11566
Load,services rural heat,AT0 0,services rural heat,-7262600.21948
Load,services rural heat,BA0 0,services rural heat,-1114111.24374
Load,services rural heat,BE0 0,services rural heat,-1334274.37254
Load,services rural heat,BG0 0,services rural heat,-1113734.99459
Load,services rural heat,CH0 0,services rural heat,-4218912.24109
Load,services rural heat,CZ0 0,services rural heat,-4810935.8739
Load,services rural heat,DE0 0,services rural heat,-15263345.91146
Load,services rural heat,DE0 1,services rural heat,-26199199.82194
Load,services rural heat,DK0 0,services rural heat,-638214.19287
Load,services rural heat,DK1 0,services rural heat,-279414.59432
Load,services rural heat,EE0 0,services rural heat,-690407.95943
Load,services rural heat,ES0 0,services rural heat,-6189160.60538
Load,services rural heat,ES6 0,services rural heat,-42880.99693
Load,services rural heat,FI1 0,services rural heat,-2676576.1026
Load,services rural heat,FR0 0,services rural heat,-25141050.75973
Load,services rural heat,FR5 0,services rural heat,-552516.79407
Load,services rural heat,GB2 0,services rural heat,-13652427.62307
Load,services rural heat,GB3 0,services rural heat,-1687379.3147
Load,services rural heat,GR0 0,services rural heat,-1655891.86621
Load,services rural heat,HR0 0,services rural heat,-1413205.56532
Load,services rural heat,HU0 0,services rural heat,-4054774.63044
Load,services rural heat,IE3 0,services rural heat,-3047520.11841
Load,services rural heat,IT0 0,services rural heat,-31819165.42712
Load,services rural heat,IT4 0,services rural heat,-2380702.60578
Load,services rural heat,LT0 0,services rural heat,-906267.63935
Load,services rural heat,LU0 0,services rural heat,-204634.31808
Load,services rural heat,LV0 0,services rural heat,-1155242.3614
Load,services rural heat,ME0 0,services rural heat,-55116.75717
Load,services rural heat,MK0 0,services rural heat,-435252.70162
Load,services rural heat,NL0 0,services rural heat,-2595750.82078
Load,services rural heat,NO1 0,services rural heat,-4203460.57128
Load,services rural heat,PL0 0,services rural heat,-18170035.87671
Load,services rural heat,PT0 0,services rural heat,-3564151.13339
Load,services rural heat,RO0 0,services rural heat,-4525745.9865
Load,services rural heat,RS0 0,services rural heat,-2073089.39857
Load,services rural heat,SE1 0,services rural heat,-2905262.97491
Load,services rural heat,SI0 0,services rural heat,-1168678.57827
Load,services rural heat,SK0 0,services rural heat,-4715380.12163
Load,services rural heat,XK0 0,services rural heat,-272567.69102
Load,services urban decentral heat,AL0 0,services urban decentral heat,-407666.52418
Load,services urban decentral heat,AT0 0,services urban decentral heat,-5691444.0047
Load,services urban decentral heat,BA0 0,services urban decentral heat,-660230.89193
Load,services urban decentral heat,BE0 0,services urban decentral heat,-18558802.0736
Load,services urban decentral heat,BG0 0,services urban decentral heat,-1972452.06177
Load,services urban decentral heat,CH0 0,services urban decentral heat,-10586251.35973
Load,services urban decentral heat,CZ0 0,services urban decentral heat,-7440159.11942
Load,services urban decentral heat,DE0 0,services urban decentral heat,-65045828.67438
Load,services urban decentral heat,DE0 1,services urban decentral heat,-27185227.56651
Load,services urban decentral heat,DK0 0,services urban decentral heat,-2806022.53418
Load,services urban decentral heat,DK1 0,services urban decentral heat,-1833006.25432
Load,services urban decentral heat,EE0 0,services urban decentral heat,-728041.9845
Load,services urban decentral heat,ES0 0,services urban decentral heat,-17380090.16426
Load,services urban decentral heat,ES6 0,services urban decentral heat,-329044.59858
Load,services urban decentral heat,FI1 0,services urban decentral heat,-7588099.04819
Load,services urban decentral heat,FR0 0,services urban decentral heat,-69545566.58942
Load,services urban decentral heat,FR5 0,services urban decentral heat,0.0
Load,services urban decentral heat,GB2 0,services urban decentral heat,-55309066.29993
Load,services urban decentral heat,GB3 0,services urban decentral heat,-631980.15952
Load,services urban decentral heat,GR0 0,services urban decentral heat,-4946058.79987
Load,services urban decentral heat,HR0 0,services urban decentral heat,-1234822.0746
Load,services urban decentral heat,HU0 0,services urban decentral heat,-6061407.51007
Load,services urban decentral heat,IE3 0,services urban decentral heat,-3923484.39606
Load,services urban decentral heat,IT0 0,services urban decentral heat,-57950365.44186
Load,services urban decentral heat,IT4 0,services urban decentral heat,-450413.21264
Load,services urban decentral heat,LT0 0,services urban decentral heat,-848608.4454
Load,services urban decentral heat,LU0 0,services urban decentral heat,-1407601.70478
Load,services urban decentral heat,LV0 0,services urban decentral heat,-1079065.28232
Load,services urban decentral heat,ME0 0,services urban decentral heat,-68424.40151
Load,services urban decentral heat,MK0 0,services urban decentral heat,-319185.34722
Load,services urban decentral heat,NL0 0,services urban decentral heat,-28376251.49419
Load,services urban decentral heat,NO1 0,services urban decentral heat,-13790165.5214
Load,services urban decentral heat,PL0 0,services urban decentral heat,-14445191.77092
Load,services urban decentral heat,PT0 0,services urban decentral heat,-4680109.54101
Load,services urban decentral heat,RO0 0,services urban decentral heat,-3223684.7465
Load,services urban decentral heat,RS0 0,services urban decentral heat,-1252399.00184
Load,services urban decentral heat,SE1 0,services urban decentral heat,-9608328.78348
Load,services urban decentral heat,SI0 0,services urban decentral heat,-943454.52465
Load,services urban decentral heat,SK0 0,services urban decentral heat,-3659804.53842
Load,services urban decentral heat,XK0 0,services urban decentral heat,-284541.29601
Load,urban central heat,AL0 0,urban central heat,-847827.50085
Load,urban central heat,AT0 0,urban central heat,-20926592.76626
Load,urban central heat,BA0 0,urban central heat,-2379446.16202
Load,urban central heat,BE0 0,urban central heat,-34634354.57627
Load,urban central heat,BG0 0,urban central heat,-6183834.33379
Load,urban central heat,CH0 0,urban central heat,-21435235.34733
Load,urban central heat,CZ0 0,urban central heat,-26939768.11415
Load,urban central heat,DE0 0,urban central heat,-165458109.49196
Load,urban central heat,DE0 1,urban central heat,-69168981.85934
Load,urban central heat,DK0 0,urban central heat,-21735150.30387
Load,urban central heat,DK1 0,urban central heat,-11885790.85393
Load,urban central heat,EE0 0,urban central heat,-4239099.06001
Load,urban central heat,ES0 0,urban central heat,-32543121.81679
Load,urban central heat,ES6 0,urban central heat,-616115.24183
Load,urban central heat,FI1 0,urban central heat,-38563244.53285
Load,urban central heat,FR0 0,urban central heat,-164960203.0971
Load,urban central heat,GB2 0,urban central heat,-126679274.77818
Load,urban central heat,GB3 0,urban central heat,-1445864.76691
Load,urban central heat,GR0 0,urban central heat,-8836581.78851
Load,urban central heat,HR0 0,urban central heat,-4723406.26496
Load,urban central heat,HU0 0,urban central heat,-17539779.17472
Load,urban central heat,IE3 0,urban central heat,-7619868.67461
Load,urban central heat,IT0 0,urban central heat,-103091943.88547
Load,urban central heat,IT4 0,urban central heat,-796824.00779
Load,urban central heat,LT0 0,urban central heat,-6375623.6806
Load,urban central heat,LU0 0,urban central heat,-2459116.32214
Load,urban central heat,LV0 0,urban central heat,-5383737.41012
Load,urban central heat,ME0 0,urban central heat,-367419.91781
Load,urban central heat,MK0 0,urban central heat,-1514256.70849
Load,urban central heat,NL0 0,urban central heat,-49957917.72918
Load,urban central heat,NO1 0,urban central heat,-19286610.77243
Load,urban central heat,PL0 0,urban central heat,-68397226.45788
Load,urban central heat,PT0 0,urban central heat,-5415057.7331
Load,urban central heat,RO0 0,urban central heat,-15738078.02671
Load,urban central heat,RS0 0,urban central heat,-8075612.52129
Load,urban central heat,SE1 0,urban central heat,-57593288.39629
Load,urban central heat,SI0 0,urban central heat,-3131267.19341
Load,urban central heat,SK0 0,urban central heat,-9524506.85929
Load,urban central heat,XK0 0,urban central heat,-856046.27541
StorageUnit,PHS,AT0 0,AC,-1254947.42307
StorageUnit,PHS,BA0 0,AC,-15076.82719
StorageUnit,PHS,BE0 0,AC,-33565.53078
StorageUnit,PHS,BG0 0,AC,-131098.1174
StorageUnit,PHS,CH0 0,AC,-506038.86603
StorageUnit,PHS,CZ0 0,AC,-22502.95366
StorageUnit,PHS,DE0 0,AC,-59392.15628
StorageUnit,PHS,DE0 1,AC,-56760.55516
StorageUnit,PHS,ES0 0,AC,-2154384.88386
StorageUnit,PHS,ES6 0,AC,-147643.39935
StorageUnit,PHS,FR0 0,AC,-284712.57977
StorageUnit,PHS,GB3 0,AC,-36596.16351
StorageUnit,PHS,GR0 0,AC,-40812.18784
StorageUnit,PHS,HR0 0,AC,-46615.16306
StorageUnit,PHS,IE3 0,AC,-24172.24491
StorageUnit,PHS,IT0 0,AC,-836759.68985
StorageUnit,PHS,IT4 0,AC,-63991.07116
StorageUnit,PHS,LT0 0,AC,-49736.91796
StorageUnit,PHS,LU0 0,AC,-31531.17943
StorageUnit,PHS,ME0 0,AC,-21687.71485
StorageUnit,PHS,NO1 0,AC,-83715.6464
StorageUnit,PHS,PL0 0,AC,-75699.56485
StorageUnit,PHS,PT0 0,AC,-1029739.21133
StorageUnit,PHS,RS0 0,AC,-30740.46223
StorageUnit,PHS,SE1 0,AC,-43648.95834
StorageUnit,PHS,SI0 0,AC,-16370.149
StorageUnit,PHS,SK0 0,AC,-33027.79846
StorageUnit,hydro,AL0 0,AC,5450975.90241
StorageUnit,hydro,AT0 0,AC,17788341.88143
StorageUnit,hydro,BA0 0,AC,6423451.87025
StorageUnit,hydro,BE0 0,AC,50318.41952
StorageUnit,hydro,BG0 0,AC,3389651.56787
StorageUnit,hydro,CH0 0,AC,23054943.55328
StorageUnit,hydro,CZ0 0,AC,2277676.7692
StorageUnit,hydro,ES0 0,AC,29273207.34954
StorageUnit,hydro,ES6 0,AC,2875587.33611
StorageUnit,hydro,FI1 0,AC,5018223.6615
StorageUnit,hydro,FR0 0,AC,25925116.07903
StorageUnit,hydro,FR5 0,AC,9681963.98045
StorageUnit,hydro,GB3 0,AC,226576.45641
StorageUnit,hydro,GR0 0,AC,5452362.0229
StorageUnit,hydro,HR0 0,AC,6419733.20651
StorageUnit,hydro,HU0 0,AC,97353.69224
StorageUnit,hydro,IE3 0,AC,1767.54424
StorageUnit,hydro,IT0 0,AC,15909892.40609
StorageUnit,hydro,IT4 0,AC,364691.61256
StorageUnit,hydro,ME0 0,AC,1696106.45218
StorageUnit,hydro,MK0 0,AC,894170.38771
StorageUnit,hydro,NO1 0,AC,110779987.89364
StorageUnit,hydro,PL0 0,AC,951595.2927
StorageUnit,hydro,PT0 0,AC,5027445.12257
StorageUnit,hydro,RO0 0,AC,7502242.94897
StorageUnit,hydro,RS0 0,AC,2855142.21397
StorageUnit,hydro,SE1 0,AC,48900051.83215
StorageUnit,hydro,SI0 0,AC,2168148.76215
StorageUnit,hydro,SK0 0,AC,718525.74402
StorageUnit,hydro,XK0 0,AC,57789.65145
Store,EV battery,AL0 0,EV battery,-0.0
Store,EV battery,AT0 0,EV battery,-0.0
Store,EV battery,BA0 0,EV battery,0.0
Store,EV battery,BE0 0,EV battery,-0.0
Store,EV battery,BG0 0,EV battery,-0.0
Store,EV battery,CH0 0,EV battery,-0.0
Store,EV battery,CZ0 0,EV battery,0.0
Store,EV battery,DE0 0,EV battery,0.0
Store,EV battery,DE0 1,EV battery,0.0
Store,EV battery,DK0 0,EV battery,0.0
Store,EV battery,DK1 0,EV battery,-0.0
Store,EV battery,EE0 0,EV battery,0.0
Store,EV battery,ES0 0,EV battery,0.0
Store,EV battery,ES6 0,EV battery,0.0
Store,EV battery,FI1 0,EV battery,0.0
Store,EV battery,FR0 0,EV battery,-0.0
Store,EV battery,FR5 0,EV battery,-0.0
Store,EV battery,GB2 0,EV battery,0.0
Store,EV battery,GB3 0,EV battery,0.0
Store,EV battery,GR0 0,EV battery,-0.0
Store,EV battery,HR0 0,EV battery,0.0
Store,EV battery,HU0 0,EV battery,0.0
Store,EV battery,IE3 0,EV battery,0.0
Store,EV battery,IT0 0,EV battery,-0.0
Store,EV battery,IT4 0,EV battery,0.0
Store,EV battery,LT0 0,EV battery,-0.0
Store,EV battery,LU0 0,EV battery,0.0
Store,EV battery,LV0 0,EV battery,-0.0
Store,EV battery,ME0 0,EV battery,0.0
Store,EV battery,MK0 0,EV battery,0.0
Store,EV battery,NL0 0,EV battery,0.0
Store,EV battery,NO1 0,EV battery,-0.0
Store,EV battery,PL0 0,EV battery,0.0
Store,EV battery,PT0 0,EV battery,0.0
Store,EV battery,RO0 0,EV battery,0.0
Store,EV battery,RS0 0,EV battery,-0.0
Store,EV battery,SE1 0,EV battery,-0.0
Store,EV battery,SI0 0,EV battery,0.0
Store,EV battery,SK0 0,EV battery,0.0
Store,EV battery,XK0 0,EV battery,0.0
Store,H2 Store,AT0 0,H2,-0.02586
Store,H2 Store,BE0 0,H2,-0.02686
Store,H2 Store,BG0 0,H2,-0.02584
Store,H2 Store,CH0 0,H2,-0.02562
Store,H2 Store,CZ0 0,H2,-0.02521
Store,H2 Store,EE0 0,H2,-0.02636
Store,H2 Store,ES6 0,H2,-0.02665
Store,H2 Store,FI1 0,H2,-0.02649
Store,H2 Store,FR5 0,H2,-0.00826
Store,H2 Store,HR0 0,H2,-0.02731
Store,H2 Store,HU0 0,H2,-0.02548
Store,H2 Store,IE3 0,H2,-0.0289
Store,H2 Store,IT0 0,H2,-0.0274
Store,H2 Store,IT4 0,H2,-0.02608
Store,H2 Store,LT0 0,H2,-0.02742
Store,H2 Store,LU0 0,H2,-0.02569
Store,H2 Store,LV0 0,H2,-0.01769
Store,H2 Store,ME0 0,H2,-0.02658
Store,H2 Store,MK0 0,H2,-0.02648
Store,H2 Store,RS0 0,H2,-0.02717
Store,H2 Store,SE1 0,H2,-0.02653
Store,H2 Store,SI0 0,H2,-0.02593
Store,H2 Store,SK0 0,H2,-0.0274
Store,H2 Store,XK0 0,H2,-0.02614
Store,battery,AL0 0,battery,0.0
Store,battery,AT0 0,battery,0.0
Store,battery,BA0 0,battery,0.0
Store,battery,BE0 0,battery,0.0
Store,battery,BG0 0,battery,0.0
Store,battery,CH0 0,battery,0.0
Store,battery,CZ0 0,battery,0.0
Store,battery,DE0 0,battery,0.0
Store,battery,DE0 1,battery,0.0
Store,battery,DK0 0,battery,-0.0
Store,battery,DK1 0,battery,-0.0
Store,battery,EE0 0,battery,0.0
Store,battery,ES0 0,battery,0.0
Store,battery,ES6 0,battery,-0.0
Store,battery,FI1 0,battery,-0.0
Store,battery,FR0 0,battery,0.0
Store,battery,FR5 0,battery,0.0
Store,battery,GB2 0,battery,0.0
Store,battery,GB3 0,battery,0.0
Store,battery,GR0 0,battery,0.0
Store,battery,HR0 0,battery,0.0
Store,battery,HU0 0,battery,-0.0
Store,battery,IE3 0,battery,-0.0
Store,battery,IT0 0,battery,0.0
Store,battery,IT4 0,battery,-0.0
Store,battery,LT0 0,battery,0.0
Store,battery,LU0 0,battery,0.0
Store,battery,LV0 0,battery,-0.0
Store,battery,ME0 0,battery,0.0
Store,battery,MK0 0,battery,0.0
Store,battery,NL0 0,battery,-0.0
Store,battery,NO1 0,battery,-0.0
Store,battery,PL0 0,battery,0.0
Store,battery,PT0 0,battery,0.0
Store,battery,RO0 0,battery,0.0
Store,battery,RS0 0,battery,0.0
Store,battery,SE1 0,battery,0.0
Store,battery,SI0 0,battery,-0.0
Store,battery,SK0 0,battery,-0.0
Store,battery,XK0 0,battery,0.0
Store,co2,EU,co2,-63760.21449
Store,co2 sequestered,EU,co2 sequestered,-0.06861
Store,co2 stored,EU,co2 stored,0.00023
Store,home battery,AL0 0,home battery,0.0
Store,home battery,AT0 0,home battery,-0.0
Store,home battery,BA0 0,home battery,0.0
Store,home battery,BE0 0,home battery,0.0
Store,home battery,BG0 0,home battery,0.0
Store,home battery,CH0 0,home battery,-0.0
Store,home battery,CZ0 0,home battery,-0.0
Store,home battery,DE0 0,home battery,0.0
Store,home battery,DE0 1,home battery,0.0
Store,home battery,DK0 0,home battery,0.0
Store,home battery,DK1 0,home battery,-0.0
Store,home battery,EE0 0,home battery,-0.0
Store,home battery,ES0 0,home battery,0.0
Store,home battery,ES6 0,home battery,0.0
Store,home battery,FI1 0,home battery,0.0
Store,home battery,FR0 0,home battery,0.0
Store,home battery,FR5 0,home battery,0.0
Store,home battery,GB2 0,home battery,-0.0
Store,home battery,GB3 0,home battery,0.0
Store,home battery,GR0 0,home battery,0.0
Store,home battery,HR0 0,home battery,0.0
Store,home battery,HU0 0,home battery,0.0
Store,home battery,IE3 0,home battery,0.0
Store,home battery,IT0 0,home battery,0.0
Store,home battery,IT4 0,home battery,0.0
Store,home battery,LT0 0,home battery,-0.0
Store,home battery,LU0 0,home battery,-0.0
Store,home battery,LV0 0,home battery,0.0
Store,home battery,ME0 0,home battery,-0.0
Store,home battery,MK0 0,home battery,0.0
Store,home battery,NL0 0,home battery,0.0
Store,home battery,NO1 0,home battery,-0.0
Store,home battery,PL0 0,home battery,0.0
Store,home battery,PT0 0,home battery,0.0
Store,home battery,RO0 0,home battery,-0.0
Store,home battery,RS0 0,home battery,0.0
Store,home battery,SE1 0,home battery,0.0
Store,home battery,SI0 0,home battery,0.0
Store,home battery,SK0 0,home battery,-0.0
Store,home battery,XK0 0,home battery,0.0
Store,oil,EU,oil,0.00011
