cost,component,location,carrier,0
capital,Generator,AL0 0,load,0.0
capital,Generator,AL0 0,offwind-ac,768684723.94605
capital,Generator,AL0 0,offwind-dc,1130335013.61843
capital,Generator,AL0 0,onwind,7244.52688
capital,Generator,AL0 0,ror,14853811.92575
capital,Generator,AL0 0,solar,38498.93098
capital,Generator,AL0 0,solar rooftop,62346.32186
capital,Generator,AL0 0,solar-hsat,15793.23149
capital,Generator,AT0 0,load,0.0
capital,Generator,AT0 0,onwind,7524.07495
capital,Generator,AT0 0,ror,1376929988.78063
capital,Generator,AT0 0,solar,5166141875.98368
capital,Generator,AT0 0,solar rooftop,71667.05649
capital,Generator,AT0 0,solar-hsat,29930.15389
capital,Generator,BA0 0,load,0.0
capital,Generator,BA0 0,offwind-ac,8523.77165
capital,Generator,BA0 0,onwind,4033.50784
capital,Generator,BA0 0,solar,32591.11959
capital,Generator,BA0 0,solar rooftop,41123.40276
capital,Generator,BA0 0,solar-hsat,15303.70241
capital,Generator,BE0 0,load,0.0
capital,Generator,BE0 0,offwind-ac,154061526.99421
capital,Generator,BE0 0,offwind-dc,177045953.86101
capital,Generator,BE0 0,onwind,57471.46612
capital,Generator,BE0 0,ror,18186779.19648
capital,Generator,BE0 0,solar,22520.12831
capital,Generator,BE0 0,solar rooftop,15986.66099
capital,Generator,BE0 0,solar-hsat,13119.76806
capital,Generator,BG0 0,load,0.0
capital,Generator,BG0 0,offwind-ac,21389.12816
capital,Generator,BG0 0,offwind-dc,1016202626.37246
capital,Generator,BG0 0,onwind,9713.35958
capital,Generator,BG0 0,ror,34022009.05814
capital,Generator,BG0 0,solar,205990.10225
capital,Generator,BG0 0,solar rooftop,87538.21363
capital,Generator,BG0 0,solar-hsat,23097.75002
capital,Generator,CH0 0,load,0.0
capital,Generator,CH0 0,onwind,2724.58315
capital,Generator,CH0 0,ror,1295123214.9052
capital,Generator,CH0 0,solar,3679032168.06414
capital,Generator,CH0 0,solar rooftop,565651438.18807
capital,Generator,CH0 0,solar-hsat,35082.8119
capital,Generator,CZ0 0,load,0.0
capital,Generator,CZ0 0,onwind,12408.91112
capital,Generator,CZ0 0,ror,12396579.18494
capital,Generator,CZ0 0,solar,14457.30479
capital,Generator,CZ0 0,solar rooftop,10808.98797
capital,Generator,CZ0 0,solar-hsat,10089.59718
capital,Generator,DE0 0,load,0.0
capital,Generator,DE0 0,offwind-ac,391030556.69318
capital,Generator,DE0 0,offwind-dc,4737848360.94997
capital,Generator,DE0 0,onwind,18455.04574
capital,Generator,DE0 0,ror,506429478.63486
capital,Generator,DE0 0,solar,17247.39362
capital,Generator,DE0 0,solar rooftop,13491.34991
capital,Generator,DE0 0,solar-hsat,11387.45551
capital,Generator,DE0 1,load,0.0
capital,Generator,DE0 1,offwind-ac,419738775.55311
capital,Generator,DE0 1,offwind-dc,55572569.14277
capital,Generator,DE0 1,onwind,9255.93996
capital,Generator,DE0 1,ror,1107467645.73254
capital,Generator,DE0 1,solar,33875.79763
capital,Generator,DE0 1,solar rooftop,20760.29683
capital,Generator,DE0 1,solar-hsat,14425.5443
capital,Generator,DK0 0,load,0.0
capital,Generator,DK0 0,offwind-ac,31594.95974
capital,Generator,DK0 0,offwind-dc,117984.66154
capital,Generator,DK0 0,onwind,522248473.00338
capital,Generator,DK0 0,solar,5850.53713
capital,Generator,DK0 0,solar rooftop,4136.385
capital,Generator,DK0 0,solar-hsat,5303.28158
capital,Generator,DK1 0,load,0.0
capital,Generator,DK1 0,offwind-ac,2116792860.05423
capital,Generator,DK1 0,offwind-dc,663918533.08446
capital,Generator,DK1 0,onwind,1509431038.34042
capital,Generator,DK1 0,solar,10238.30026
capital,Generator,DK1 0,solar rooftop,6604.88536
capital,Generator,DK1 0,solar-hsat,7296.97027
capital,Generator,EE0 0,load,0.0
capital,Generator,EE0 0,offwind-ac,68487.15952
capital,Generator,EE0 0,offwind-dc,40060.46061
capital,Generator,EE0 0,onwind,2498439911.6886
capital,Generator,EE0 0,solar,6455.8128
capital,Generator,EE0 0,solar rooftop,4157.53001
capital,Generator,EE0 0,solar-hsat,5370.70762
capital,Generator,ES0 0,load,0.0
capital,Generator,ES0 0,offwind-ac,14701.30767
capital,Generator,ES0 0,offwind-dc,17823.67717
capital,Generator,ES0 0,onwind,9167976706.58431
capital,Generator,ES0 0,ror,40062148.34745
capital,Generator,ES0 0,solar,6301583521.64517
capital,Generator,ES0 0,solar rooftop,2246643106.80479
capital,Generator,ES0 0,solar-hsat,30406.5783
capital,Generator,ES6 0,load,0.0
capital,Generator,ES6 0,offwind-ac,8977.12249
capital,Generator,ES6 0,offwind-dc,8485.53025
capital,Generator,ES6 0,onwind,115808208.83169
capital,Generator,ES6 0,ror,45303586.30495
capital,Generator,ES6 0,solar,10443.54665
capital,Generator,ES6 0,solar rooftop,11600.10291
capital,Generator,ES6 0,solar-hsat,7085.33196
capital,Generator,EU,biogas,0.0
capital,Generator,EU,load,0.0
capital,Generator,EU,solid biomass,0.0
capital,Generator,FI1 0,load,0.0
capital,Generator,FI1 0,offwind-ac,602949440.43048
capital,Generator,FI1 0,offwind-dc,9280810468.34407
capital,Generator,FI1 0,onwind,290101.62075
capital,Generator,FI1 0,ror,453195348.92122
capital,Generator,FI1 0,solar,5598.96166
capital,Generator,FI1 0,solar rooftop,4937.21566
capital,Generator,FI1 0,solar-hsat,4902.15776
capital,Generator,FR0 0,load,0.0
capital,Generator,FR0 0,offwind-ac,41380.61539
capital,Generator,FR0 0,offwind-dc,46647472555.53601
capital,Generator,FR0 0,onwind,12417.22497
capital,Generator,FR0 0,ror,2104829751.47617
capital,Generator,FR0 0,solar,21678.43689
capital,Generator,FR0 0,solar rooftop,17626.12627
capital,Generator,FR0 0,solar-hsat,13289.39503
capital,Generator,FR5 0,load,0.0
capital,Generator,FR5 0,offwind-ac,9908.81215
capital,Generator,FR5 0,offwind-dc,14202.82693
capital,Generator,FR5 0,onwind,8558.70816
capital,Generator,FR5 0,ror,45627745.23532
capital,Generator,FR5 0,solar,322810973.99663
capital,Generator,FR5 0,solar rooftop,11755237.80019
capital,Generator,FR5 0,solar-hsat,14470.15745
capital,Generator,GB2 0,load,0.0
capital,Generator,GB2 0,offwind-ac,21554862763.83678
capital,Generator,GB2 0,offwind-dc,23428.71126
capital,Generator,GB2 0,onwind,7188099073.59283
capital,Generator,GB2 0,ror,678984076.15559
capital,Generator,GB2 0,solar,8195.22727
capital,Generator,GB2 0,solar rooftop,7766.9945
capital,Generator,GB2 0,solar-hsat,6780.51616
capital,Generator,GB3 0,load,0.0
capital,Generator,GB3 0,offwind-ac,1095358106.92747
capital,Generator,GB3 0,offwind-dc,3678158937.06479
capital,Generator,GB3 0,onwind,1638535461.19034
capital,Generator,GB3 0,ror,441577325.90046
capital,Generator,GB3 0,solar,4871.7042
capital,Generator,GB3 0,solar rooftop,3223.41626
capital,Generator,GB3 0,solar-hsat,4538.18969
capital,Generator,GR0 0,load,0.0
capital,Generator,GR0 0,offwind-ac,16699.16002
capital,Generator,GR0 0,offwind-dc,22069.89079
capital,Generator,GR0 0,onwind,1031755301.96938
capital,Generator,GR0 0,ror,31772365.34325
capital,Generator,GR0 0,solar,3275653320.08913
capital,Generator,GR0 0,solar rooftop,566809768.31286
capital,Generator,GR0 0,solar-hsat,28928.18038
capital,Generator,HR0 0,load,0.0
capital,Generator,HR0 0,offwind-ac,284347669.64742
capital,Generator,HR0 0,offwind-dc,120282.86242
capital,Generator,HR0 0,onwind,23799.47732
capital,Generator,HR0 0,ror,85877138.08148
capital,Generator,HR0 0,solar,17009.26799
capital,Generator,HR0 0,solar rooftop,11968.54114
capital,Generator,HR0 0,solar-hsat,10781.4107
capital,Generator,HU0 0,load,0.0
capital,Generator,HU0 0,onwind,5852259494.84918
capital,Generator,HU0 0,ror,6070956.3265
capital,Generator,HU0 0,solar,12581.47253
capital,Generator,HU0 0,solar rooftop,10665.75792
capital,Generator,HU0 0,solar-hsat,9086.21324
capital,Generator,IE3 0,load,0.0
capital,Generator,IE3 0,offwind-ac,8884594239.29358
capital,Generator,IE3 0,offwind-dc,5473747642.80819
capital,Generator,IE3 0,onwind,30826.37646
capital,Generator,IE3 0,ror,66564800.33115
capital,Generator,IE3 0,solar,6490.84562
capital,Generator,IE3 0,solar rooftop,5691.16088
capital,Generator,IE3 0,solar-hsat,5817.42111
capital,Generator,IT0 0,load,0.0
capital,Generator,IT0 0,offwind-ac,16013.13982
capital,Generator,IT0 0,offwind-dc,24996858914.34171
capital,Generator,IT0 0,onwind,25317.34439
capital,Generator,IT0 0,ror,2385990614.24019
capital,Generator,IT0 0,solar,3856823110.2647
capital,Generator,IT0 0,solar rooftop,784213.61489
capital,Generator,IT0 0,solar-hsat,28881.74088
capital,Generator,IT4 0,load,0.0
capital,Generator,IT4 0,offwind-ac,19537.23307
capital,Generator,IT4 0,offwind-dc,26673.52218
capital,Generator,IT4 0,onwind,1013003892.6971
capital,Generator,IT4 0,ror,39784795.01274
capital,Generator,IT4 0,solar,1143565992.65029
capital,Generator,IT4 0,solar rooftop,93400408.92889
capital,Generator,IT4 0,solar-hsat,18878.53822
capital,Generator,LT0 0,load,0.0
capital,Generator,LT0 0,offwind-ac,15056.55672
capital,Generator,LT0 0,offwind-dc,38701.98014
capital,Generator,LT0 0,onwind,12359.15617
capital,Generator,LT0 0,ror,31125207.56225
capital,Generator,LT0 0,solar,12736.3818
capital,Generator,LT0 0,solar rooftop,8745.19962
capital,Generator,LT0 0,solar-hsat,9725.63816
capital,Generator,LU0 0,load,0.0
capital,Generator,LU0 0,onwind,6888.94714
capital,Generator,LU0 0,solar,25066.00162
capital,Generator,LU0 0,solar rooftop,11569.96816
capital,Generator,LU0 0,solar-hsat,10036.46655
capital,Generator,LV0 0,load,0.0
capital,Generator,LV0 0,offwind-ac,30050.52
capital,Generator,LV0 0,offwind-dc,110164.73255
capital,Generator,LV0 0,onwind,20168.3164
capital,Generator,LV0 0,ror,473380508.2809
capital,Generator,LV0 0,solar,15359.14532
capital,Generator,LV0 0,solar rooftop,10207.13178
capital,Generator,LV0 0,solar-hsat,9462.95066
capital,Generator,ME0 0,load,0.0
capital,Generator,ME0 0,offwind-ac,565078690.58954
capital,Generator,ME0 0,offwind-dc,425546418.83776
capital,Generator,ME0 0,onwind,3789.71492
capital,Generator,ME0 0,ror,1651793.1934
capital,Generator,ME0 0,solar,40479.7299
capital,Generator,ME0 0,solar rooftop,98581.87202
capital,Generator,ME0 0,solar-hsat,13701.89904
capital,Generator,MK0 0,load,0.0
capital,Generator,MK0 0,onwind,2395.0163
capital,Generator,MK0 0,ror,59045443.2567
capital,Generator,MK0 0,solar,149644006.80126
capital,Generator,MK0 0,solar rooftop,34561897.38427
capital,Generator,MK0 0,solar-hsat,20227.09426
capital,Generator,NL0 0,load,0.0
capital,Generator,NL0 0,offwind-ac,713042233.58912
capital,Generator,NL0 0,offwind-dc,752547.13287
capital,Generator,NL0 0,onwind,1144591343.96651
capital,Generator,NL0 0,solar,17167.46063
capital,Generator,NL0 0,solar rooftop,12673.971
capital,Generator,NL0 0,solar-hsat,10886.00678
capital,Generator,NO1 0,load,0.0
capital,Generator,NO1 0,offwind-ac,18656461257.15169
capital,Generator,NO1 0,offwind-dc,66326.29978
capital,Generator,NO1 0,onwind,20745.56524
capital,Generator,NO1 0,ror,340682346.13927
capital,Generator,NO1 0,solar,5190.06778
capital,Generator,NO1 0,solar rooftop,4265.47985
capital,Generator,NO1 0,solar-hsat,4518.60543
capital,Generator,PL0 0,load,0.0
capital,Generator,PL0 0,offwind-ac,1295029337.57613
capital,Generator,PL0 0,offwind-dc,3584476112.03316
capital,Generator,PL0 0,onwind,4481807978.85694
capital,Generator,PL0 0,ror,56210389.48212
capital,Generator,PL0 0,solar,12249.52302
capital,Generator,PL0 0,solar rooftop,10524.9159
capital,Generator,PL0 0,solar-hsat,9627.10221
capital,Generator,PT0 0,load,0.0
capital,Generator,PT0 0,offwind-ac,15651.72647
capital,Generator,PT0 0,offwind-dc,12036.51902
capital,Generator,PT0 0,onwind,10937.027
capital,Generator,PT0 0,ror,788238177.25466
capital,Generator,PT0 0,solar,14250.49973
capital,Generator,PT0 0,solar rooftop,13573.25294
capital,Generator,PT0 0,solar-hsat,10815.5632
capital,Generator,RO0 0,load,0.0
capital,Generator,RO0 0,offwind-ac,308108886.651
capital,Generator,RO0 0,offwind-dc,3926302226.72185
capital,Generator,RO0 0,onwind,11466.99114
capital,Generator,RO0 0,ror,1085206556.13942
capital,Generator,RO0 0,solar,287123939.0775
capital,Generator,RO0 0,solar rooftop,103141.90588
capital,Generator,RO0 0,solar-hsat,23998.3573
capital,Generator,RS0 0,load,0.0
capital,Generator,RS0 0,onwind,49632.01086
capital,Generator,RS0 0,ror,526478263.35986
capital,Generator,RS0 0,solar,42840.10214
capital,Generator,RS0 0,solar rooftop,27108.32105
capital,Generator,RS0 0,solar-hsat,16399.68716
capital,Generator,SE1 0,load,0.0
capital,Generator,SE1 0,offwind-ac,9959538801.15361
capital,Generator,SE1 0,offwind-dc,13887117096.20501
capital,Generator,SE1 0,onwind,41964.85044
capital,Generator,SE1 0,ror,428664987.31771
capital,Generator,SE1 0,solar,8392.26891
capital,Generator,SE1 0,solar rooftop,7423.84096
capital,Generator,SE1 0,solar-hsat,6466.52139
capital,Generator,SI0 0,load,0.0
capital,Generator,SI0 0,offwind-ac,11625.56297
capital,Generator,SI0 0,onwind,5438.56301
capital,Generator,SI0 0,ror,155445758.14368
capital,Generator,SI0 0,solar,7912.92574
capital,Generator,SI0 0,solar rooftop,7478.30392
capital,Generator,SI0 0,solar-hsat,6509.74183
capital,Generator,SK0 0,load,0.0
capital,Generator,SK0 0,onwind,31115.43833
capital,Generator,SK0 0,ror,375255980.16312
capital,Generator,SK0 0,solar,16508.75608
capital,Generator,SK0 0,solar rooftop,12065.30327
capital,Generator,SK0 0,solar-hsat,11205.29604
capital,Generator,XK0 0,load,0.0
capital,Generator,XK0 0,onwind,3858.78611
capital,Generator,XK0 0,ror,9306745.23148
capital,Generator,XK0 0,solar,28033.17366
capital,Generator,XK0 0,solar rooftop,30059.76116
capital,Generator,XK0 0,solar-hsat,14826.50932
capital,Line,AL0 0,AC,129963469.84803
capital,Line,AT0 0,AC,996536139.80768
capital,Line,BA0 0,AC,172373497.77609
capital,Line,BE0 0,AC,522803484.12797
capital,Line,BG0 0,AC,325417627.13707
capital,Line,CH0 0,AC,1490500071.85111
capital,Line,CZ0 0,AC,516426768.44749
capital,Line,DE0 0,AC,1473605929.59342
capital,Line,DE0 1,AC,147822435.88541
capital,Line,DK1 0,AC,151653642.02095
capital,Line,EE0 0,AC,80330163.42288
capital,Line,ES0 0,AC,500944201.82682
capital,Line,FI1 0,AC,281769467.30347
capital,Line,FR0 0,AC,217636330.36239
capital,Line,GB3 0,AC,47851993.96478
capital,Line,GR0 0,AC,99011380.70211
capital,Line,HR0 0,AC,287899978.13623
capital,Line,HU0 0,AC,617749825.98635
capital,Line,IT0 0,AC,50100022.30815
capital,Line,LT0 0,AC,155879781.77627
capital,Line,ME0 0,AC,70517503.51286
capital,Line,MK0 0,AC,59805860.04449
capital,Line,NO1 0,AC,402510014.0999
capital,Line,PL0 0,AC,178655523.944
capital,Line,RO0 0,AC,110210349.14482
capital,Line,RS0 0,AC,36828266.42592
capital,Link,AL0 0,BEV charger,0.0
capital,Link,AL0 0,H2 Electrolysis,0.0
capital,Link,AL0 0,V2G,0.0
capital,Link,AL0 0,battery charger,6575.72065
capital,Link,AL0 0,battery discharger,0.0
capital,Link,AL0 0,electricity distribution grid,49531749.13045
capital,Link,AL0 0,home battery charger,6736.92536
capital,Link,AL0 0,home battery discharger,0.0
capital,Link,AL0 0,residential rural air heat pump,8613862.07183
capital,Link,AL0 0,residential rural ground heat pump,30217116.25085
capital,Link,AL0 0,residential urban decentral air heat pump,33542492.02917
capital,Link,AL0 0,services rural air heat pump,4295408.93939
capital,Link,AL0 0,services rural ground heat pump,13189601.48748
capital,Link,AL0 0,services urban decentral air heat pump,15216499.81669
capital,Link,AL0 0,urban central air heat pump,22583723.62907
capital,Link,AT0 0,BEV charger,0.0
capital,Link,AT0 0,H2 Electrolysis,1853.35536
capital,Link,AT0 0,V2G,0.0
capital,Link,AT0 0,battery charger,7032.51073
capital,Link,AT0 0,battery discharger,0.0
capital,Link,AT0 0,electricity distribution grid,922956971.0674
capital,Link,AT0 0,home battery charger,7386.36207
capital,Link,AT0 0,home battery discharger,0.0
capital,Link,AT0 0,residential rural air heat pump,68907203.82964
capital,Link,AT0 0,residential rural ground heat pump,730774730.90628
capital,Link,AT0 0,residential urban decentral air heat pump,482387375.62057
capital,Link,AT0 0,services rural air heat pump,22476538.70735
capital,Link,AT0 0,services rural ground heat pump,237171284.39343
capital,Link,AT0 0,services urban decentral air heat pump,156646150.96664
capital,Link,AT0 0,urban central air heat pump,468659192.22315
capital,Link,BA0 0,BEV charger,0.0
capital,Link,BA0 0,H2 Electrolysis,0.0
capital,Link,BA0 0,V2G,0.0
capital,Link,BA0 0,battery charger,7117.12131
capital,Link,BA0 0,battery discharger,0.0
capital,Link,BA0 0,electricity distribution grid,122379600.18239
capital,Link,BA0 0,home battery charger,7588.43384
capital,Link,BA0 0,home battery discharger,0.0
capital,Link,BA0 0,residential rural air heat pump,28000188.85637
capital,Link,BA0 0,residential rural ground heat pump,143305011.66536
capital,Link,BA0 0,residential urban decentral air heat pump,80119088.49446
capital,Link,BA0 0,services rural air heat pump,7881706.47773
capital,Link,BA0 0,services rural ground heat pump,39858798.14062
capital,Link,BA0 0,services urban decentral air heat pump,22339836.86209
capital,Link,BA0 0,urban central air heat pump,64853614.99008
capital,Link,BE0 0,BEV charger,0.0
capital,Link,BE0 0,DC,251276467.43984
capital,Link,BE0 0,H2 Electrolysis,1853.28525
capital,Link,BE0 0,V2G,0.0
capital,Link,BE0 0,battery charger,7020260.35219
capital,Link,BE0 0,battery discharger,0.0
capital,Link,BE0 0,electricity distribution grid,1471942933.31787
capital,Link,BE0 0,home battery charger,6672.325
capital,Link,BE0 0,home battery discharger,0.0
capital,Link,BE0 0,residential rural air heat pump,243155.99608
capital,Link,BE0 0,residential rural ground heat pump,134435331.6508
capital,Link,BE0 0,residential urban decentral air heat pump,1402134370.80911
capital,Link,BE0 0,services rural air heat pump,108625.49082
capital,Link,BE0 0,services rural ground heat pump,60099306.09386
capital,Link,BE0 0,services urban decentral air heat pump,626822900.00647
capital,Link,BE0 0,urban central air heat pump,953729991.7329
capital,Link,BG0 0,BEV charger,0.0
capital,Link,BG0 0,H2 Electrolysis,1853.316
capital,Link,BG0 0,V2G,0.0
capital,Link,BG0 0,battery charger,6823.83573
capital,Link,BG0 0,battery discharger,0.0
capital,Link,BG0 0,electricity distribution grid,396539394.22341
capital,Link,BG0 0,home battery charger,7345.9072
capital,Link,BG0 0,home battery discharger,0.0
capital,Link,BG0 0,residential rural air heat pump,18628307.13044
capital,Link,BG0 0,residential rural ground heat pump,123416808.64536
capital,Link,BG0 0,residential urban decentral air heat pump,196492589.9868
capital,Link,BG0 0,services rural air heat pump,7210106.39155
capital,Link,BG0 0,services rural ground heat pump,46462880.13418
capital,Link,BG0 0,services urban decentral air heat pump,74322821.14914
capital,Link,BG0 0,urban central air heat pump,188511888.06987
capital,Link,CH0 0,BEV charger,0.0
capital,Link,CH0 0,DC,0.0
capital,Link,CH0 0,H2 Electrolysis,1853.31057
capital,Link,CH0 0,V2G,0.0
capital,Link,CH0 0,battery charger,7147.11212
capital,Link,CH0 0,battery discharger,0.0
capital,Link,CH0 0,electricity distribution grid,717593220.48976
capital,Link,CH0 0,home battery charger,7292.64541
capital,Link,CH0 0,home battery discharger,0.0
capital,Link,CH0 0,residential rural air heat pump,29624802.10593
capital,Link,CH0 0,residential rural ground heat pump,291007066.1189
capital,Link,CH0 0,residential urban decentral air heat pump,620555995.38399
capital,Link,CH0 0,services rural air heat pump,13532331.41476
capital,Link,CH0 0,services rural ground heat pump,132979810.98094
capital,Link,CH0 0,services urban decentral air heat pump,283558859.91438
capital,Link,CH0 0,urban central air heat pump,463146378.48471
capital,Link,CZ0 0,BEV charger,0.0
capital,Link,CZ0 0,H2 Electrolysis,1876.85543
capital,Link,CZ0 0,V2G,0.0
capital,Link,CZ0 0,battery charger,43769606.33903
capital,Link,CZ0 0,battery discharger,0.0
capital,Link,CZ0 0,electricity distribution grid,1019053124.03208
capital,Link,CZ0 0,home battery charger,7587.86432
capital,Link,CZ0 0,home battery discharger,0.0
capital,Link,CZ0 0,residential rural air heat pump,33465343.45255
capital,Link,CZ0 0,residential rural ground heat pump,585906035.84643
capital,Link,CZ0 0,residential urban decentral air heat pump,729557146.93173
capital,Link,CZ0 0,services rural air heat pump,10862173.71286
capital,Link,CZ0 0,services rural ground heat pump,192713865.81512
capital,Link,CZ0 0,services urban decentral air heat pump,239738476.99803
capital,Link,CZ0 0,urban central air heat pump,693509152.0582
capital,Link,DE0 0,BEV charger,0.0
capital,Link,DE0 0,DC,3543813950.52253
capital,Link,DE0 0,H2 Electrolysis,0.0
capital,Link,DE0 0,V2G,0.0
capital,Link,DE0 0,battery charger,130501593.48857
capital,Link,DE0 0,battery discharger,0.0
capital,Link,DE0 0,electricity distribution grid,5491701698.15767
capital,Link,DE0 0,home battery charger,7856.56085
capital,Link,DE0 0,home battery discharger,0.0
capital,Link,DE0 0,residential rural air heat pump,51853.03221
capital,Link,DE0 0,residential rural ground heat pump,1587736517.15179
capital,Link,DE0 0,residential urban decentral air heat pump,5061622541.79466
capital,Link,DE0 0,services rural air heat pump,57772.67568
capital,Link,DE0 0,services rural ground heat pump,608967360.87268
capital,Link,DE0 0,services urban decentral air heat pump,1941517706.08971
capital,Link,DE0 0,urban central air heat pump,3950109501.47849
capital,Link,DE0 1,BEV charger,0.0
capital,Link,DE0 1,DC,0.0
capital,Link,DE0 1,H2 Electrolysis,0.0
capital,Link,DE0 1,V2G,0.0
capital,Link,DE0 1,battery charger,53166689.42822
capital,Link,DE0 1,battery discharger,0.0
capital,Link,DE0 1,electricity distribution grid,3316426412.34799
capital,Link,DE0 1,home battery charger,7708.93743
capital,Link,DE0 1,home battery discharger,0.0
capital,Link,DE0 1,residential rural air heat pump,60200276.88263
capital,Link,DE0 1,residential rural ground heat pump,2740334735.4702
capital,Link,DE0 1,residential urban decentral air heat pump,2189484280.8536
capital,Link,DE0 1,services rural air heat pump,21702432.54608
capital,Link,DE0 1,services rural ground heat pump,1051233566.17769
capital,Link,DE0 1,services urban decentral air heat pump,838475390.18686
capital,Link,DE0 1,urban central air heat pump,1708347439.35134
capital,Link,DK0 0,BEV charger,0.0
capital,Link,DK0 0,DC,1339173671.33358
capital,Link,DK0 0,H2 Electrolysis,0.0
capital,Link,DK0 0,V2G,0.0
capital,Link,DK0 0,battery charger,15440691.12908
capital,Link,DK0 0,battery discharger,0.0
capital,Link,DK0 0,electricity distribution grid,370192611.80926
capital,Link,DK0 0,home battery charger,7742.44006
capital,Link,DK0 0,home battery discharger,0.0
capital,Link,DK0 0,residential rural air heat pump,51349.47902
capital,Link,DK0 0,residential rural ground heat pump,92828244.44741
capital,Link,DK0 0,residential urban decentral air heat pump,305526118.5174
capital,Link,DK0 0,services rural air heat pump,42365.03853
capital,Link,DK0 0,services rural ground heat pump,26538244.87272
capital,Link,DK0 0,services urban decentral air heat pump,87467155.63681
capital,Link,DK0 0,urban central air heat pump,524088809.26718
capital,Link,DK1 0,BEV charger,0.0
capital,Link,DK1 0,DC,885211193.52665
capital,Link,DK1 0,H2 Electrolysis,0.0
capital,Link,DK1 0,V2G,0.0
capital,Link,DK1 0,battery charger,157031081.74382
capital,Link,DK1 0,battery discharger,0.0
capital,Link,DK1 0,electricity distribution grid,277648526.00785
capital,Link,DK1 0,home battery charger,7609.1638
capital,Link,DK1 0,home battery discharger,0.0
capital,Link,DK1 0,residential rural air heat pump,1799786.06933
capital,Link,DK1 0,residential rural ground heat pump,38259948.92585
capital,Link,DK1 0,residential urban decentral air heat pump,199557664.47511
capital,Link,DK1 0,services rural air heat pump,519168.58414
capital,Link,DK1 0,services rural ground heat pump,10948024.75006
capital,Link,DK1 0,services urban decentral air heat pump,57130289.58294
capital,Link,DK1 0,urban central air heat pump,286561538.98085
capital,Link,EE0 0,BEV charger,0.0
capital,Link,EE0 0,DC,173797575.75684
capital,Link,EE0 0,H2 Electrolysis,1876.68699
capital,Link,EE0 0,V2G,0.0
capital,Link,EE0 0,battery charger,33156659.48421
capital,Link,EE0 0,battery discharger,0.0
capital,Link,EE0 0,electricity distribution grid,144723875.46322
capital,Link,EE0 0,home battery charger,7685.35214
capital,Link,EE0 0,home battery discharger,0.0
capital,Link,EE0 0,residential rural air heat pump,11705722.4096
capital,Link,EE0 0,residential rural ground heat pump,84163268.93115
capital,Link,EE0 0,residential urban decentral air heat pump,78732675.45265
capital,Link,EE0 0,services rural air heat pump,4131735.48465
capital,Link,EE0 0,services rural ground heat pump,29365492.36719
capital,Link,EE0 0,services urban decentral air heat pump,27520730.93797
capital,Link,EE0 0,urban central air heat pump,128839857.11136
capital,Link,ES0 0,BEV charger,0.0
capital,Link,ES0 0,DC,1529651397.89005
capital,Link,ES0 0,H2 Electrolysis,0.0
capital,Link,ES0 0,V2G,0.0
capital,Link,ES0 0,battery charger,7704.98936
capital,Link,ES0 0,battery discharger,0.0
capital,Link,ES0 0,electricity distribution grid,2010785631.23397
capital,Link,ES0 0,home battery charger,7677.45034
capital,Link,ES0 0,home battery discharger,0.0
capital,Link,ES0 0,residential rural air heat pump,124891424.31582
capital,Link,ES0 0,residential rural ground heat pump,366775038.67942
capital,Link,ES0 0,residential urban decentral air heat pump,1121160720.0976
capital,Link,ES0 0,services rural air heat pump,56940532.97634
capital,Link,ES0 0,services rural ground heat pump,162778402.89041
capital,Link,ES0 0,services urban decentral air heat pump,501829514.6381
capital,Link,ES0 0,urban central air heat pump,751534276.93132
capital,Link,ES6 0,BEV charger,0.0
capital,Link,ES6 0,DC,0.0
capital,Link,ES6 0,H2 Electrolysis,1855.55074
capital,Link,ES6 0,V2G,0.0
capital,Link,ES6 0,battery charger,6835.36282
capital,Link,ES6 0,battery discharger,0.0
capital,Link,ES6 0,electricity distribution grid,104354106.22329
capital,Link,ES6 0,home battery charger,7267.47491
capital,Link,ES6 0,home battery discharger,0.0
capital,Link,ES6 0,residential rural air heat pump,6595291.9018
capital,Link,ES6 0,residential rural ground heat pump,331206.13228
capital,Link,ES6 0,residential urban decentral air heat pump,52509537.30483
capital,Link,ES6 0,services rural air heat pump,2828526.9198
capital,Link,ES6 0,services rural ground heat pump,370793.55017
capital,Link,ES6 0,services urban decentral air heat pump,23832585.73598
capital,Link,ES6 0,urban central air heat pump,35359497.23117
capital,Link,EU,co2 sequestered,0.0
capital,Link,EU,land transport oil,0.0
capital,Link,FI1 0,BEV charger,0.0
capital,Link,FI1 0,DC,61056022.74299
capital,Link,FI1 0,H2 Electrolysis,1853.28467
capital,Link,FI1 0,V2G,0.0
capital,Link,FI1 0,battery charger,64647.35163
capital,Link,FI1 0,battery discharger,0.0
capital,Link,FI1 0,electricity distribution grid,1064365946.01459
capital,Link,FI1 0,home battery charger,7728.62983
capital,Link,FI1 0,home battery discharger,0.0
capital,Link,FI1 0,residential rural air heat pump,15051439.35512
capital,Link,FI1 0,residential rural ground heat pump,267418344.97615
capital,Link,FI1 0,residential urban decentral air heat pump,609780691.45854
capital,Link,FI1 0,services rural air heat pump,5416906.31654
capital,Link,FI1 0,services rural ground heat pump,94088185.66303
capital,Link,FI1 0,services urban decentral air heat pump,214888211.61699
capital,Link,FI1 0,urban central air heat pump,872347032.9089
capital,Link,FR0 0,BEV charger,0.0
capital,Link,FR0 0,DC,2296875550.69732
capital,Link,FR0 0,H2 Electrolysis,0.0
capital,Link,FR0 0,V2G,0.0
capital,Link,FR0 0,battery charger,7705.07593
capital,Link,FR0 0,battery discharger,0.0
capital,Link,FR0 0,electricity distribution grid,6849254204.29313
capital,Link,FR0 0,home battery charger,7642.31844
capital,Link,FR0 0,home battery discharger,0.0
capital,Link,FR0 0,residential rural air heat pump,527703599.7386
capital,Link,FR0 0,residential rural ground heat pump,2513468023.27328
capital,Link,FR0 0,residential urban decentral air heat pump,6660684305.14766
capital,Link,FR0 0,services rural air heat pump,185354615.56823
capital,Link,FR0 0,services rural ground heat pump,894681474.37759
capital,Link,FR0 0,services urban decentral air heat pump,2364032244.34447
capital,Link,FR0 0,urban central air heat pump,4658922314.30725
capital,Link,FR5 0,BEV charger,0.0
capital,Link,FR5 0,DC,87315395.56339
capital,Link,FR5 0,H2 Electrolysis,1937.89832
capital,Link,FR5 0,V2G,0.0
capital,Link,FR5 0,battery charger,7317.44298
capital,Link,FR5 0,battery discharger,0.0
capital,Link,FR5 0,electricity distribution grid,61483180.60257
capital,Link,FR5 0,home battery charger,7469.17183
capital,Link,FR5 0,home battery discharger,0.0
capital,Link,FR5 0,residential rural air heat pump,20925532.14153
capital,Link,FR5 0,residential rural ground heat pump,61432787.64235
capital,Link,FR5 0,residential urban decentral air heat pump,0.0
capital,Link,FR5 0,services rural air heat pump,7296812.13648
capital,Link,FR5 0,services rural ground heat pump,21838157.68599
capital,Link,FR5 0,services urban decentral air heat pump,0.0
capital,Link,GB2 0,BEV charger,0.0
capital,Link,GB2 0,DC,9349841514.06224
capital,Link,GB2 0,H2 Electrolysis,0.0
capital,Link,GB2 0,V2G,0.0
capital,Link,GB2 0,battery charger,68430.03526
capital,Link,GB2 0,battery discharger,0.0
capital,Link,GB2 0,electricity distribution grid,4427007196.0498
capital,Link,GB2 0,home battery charger,7685.56506
capital,Link,GB2 0,home battery discharger,0.0
capital,Link,GB2 0,residential rural air heat pump,107683403.51694
capital,Link,GB2 0,residential rural ground heat pump,1186435197.3196
capital,Link,GB2 0,residential urban decentral air heat pump,4031698772.59892
capital,Link,GB2 0,services rural air heat pump,39956412.72859
capital,Link,GB2 0,services rural ground heat pump,428132754.25224
capital,Link,GB2 0,services urban decentral air heat pump,1459313251.00312
capital,Link,GB2 0,urban central air heat pump,2667522072.80828
capital,Link,GB3 0,BEV charger,0.0
capital,Link,GB3 0,DC,789038268.94633
capital,Link,GB3 0,H2 Electrolysis,0.0
capital,Link,GB3 0,V2G,0.0
capital,Link,GB3 0,battery charger,43392733.01633
capital,Link,GB3 0,battery discharger,0.0
capital,Link,GB3 0,electricity distribution grid,140287422.21232
capital,Link,GB3 0,home battery charger,7693.4751
capital,Link,GB3 0,home battery discharger,0.0
capital,Link,GB3 0,residential rural air heat pump,23727591.42195
capital,Link,GB3 0,residential rural ground heat pump,130838245.86226
capital,Link,GB3 0,residential urban decentral air heat pump,45543020.41738
capital,Link,GB3 0,services rural air heat pump,8804187.74357
capital,Link,GB3 0,services rural ground heat pump,47052133.12073
capital,Link,GB3 0,services urban decentral air heat pump,16479798.06318
capital,Link,GB3 0,urban central air heat pump,30096924.17686
capital,Link,GR0 0,BEV charger,0.0
capital,Link,GR0 0,DC,0.0
capital,Link,GR0 0,H2 Electrolysis,0.0
capital,Link,GR0 0,V2G,0.0
capital,Link,GR0 0,battery charger,7613.66212
capital,Link,GR0 0,battery discharger,0.0
capital,Link,GR0 0,electricity distribution grid,456179687.25049
capital,Link,GR0 0,home battery charger,7606.40227
capital,Link,GR0 0,home battery discharger,0.0
capital,Link,GR0 0,residential rural air heat pump,62477365.7017
capital,Link,GR0 0,residential rural ground heat pump,120807649.53205
capital,Link,GR0 0,residential urban decentral air heat pump,456542171.9244
capital,Link,GR0 0,services rural air heat pump,29623511.7078
capital,Link,GR0 0,services rural ground heat pump,57856895.66271
capital,Link,GR0 0,services urban decentral air heat pump,217755915.70232
capital,Link,GR0 0,urban central air heat pump,318820503.27831
capital,Link,HR0 0,BEV charger,0.0
capital,Link,HR0 0,H2 Electrolysis,1876.82654
capital,Link,HR0 0,V2G,0.0
capital,Link,HR0 0,battery charger,7638.69387
capital,Link,HR0 0,battery discharger,0.0
capital,Link,HR0 0,electricity distribution grid,247017126.0624
capital,Link,HR0 0,home battery charger,7229.84176
capital,Link,HR0 0,home battery discharger,0.0
capital,Link,HR0 0,residential rural air heat pump,50993891.51388
capital,Link,HR0 0,residential rural ground heat pump,241515429.99778
capital,Link,HR0 0,residential urban decentral air heat pump,202415106.40275
capital,Link,HR0 0,services rural air heat pump,10326935.73457
capital,Link,HR0 0,services rural ground heat pump,50602961.0581
capital,Link,HR0 0,services urban decentral air heat pump,42098210.25876
capital,Link,HR0 0,urban central air heat pump,140041142.79348
capital,Link,HU0 0,BEV charger,0.0
capital,Link,HU0 0,H2 Electrolysis,1853.38586
capital,Link,HU0 0,V2G,0.0
capital,Link,HU0 0,battery charger,11360.07409
capital,Link,HU0 0,battery discharger,0.0
capital,Link,HU0 0,electricity distribution grid,708247210.49613
capital,Link,HU0 0,home battery charger,7360.15425
capital,Link,HU0 0,home battery discharger,0.0
capital,Link,HU0 0,residential rural air heat pump,29512618.02821
capital,Link,HU0 0,residential rural ground heat pump,517486998.31349
capital,Link,HU0 0,residential urban decentral air heat pump,622785062.00561
capital,Link,HU0 0,services rural air heat pump,9898039.90816
capital,Link,HU0 0,services rural ground heat pump,167700947.94468
capital,Link,HU0 0,services urban decentral air heat pump,202323859.60906
capital,Link,HU0 0,urban central air heat pump,476501378.83993
capital,Link,IE3 0,BEV charger,0.0
capital,Link,IE3 0,DC,2005400259.51006
capital,Link,IE3 0,H2 Electrolysis,1853.3567
capital,Link,IE3 0,V2G,0.0
capital,Link,IE3 0,battery charger,47003974.05246
capital,Link,IE3 0,battery discharger,0.0
capital,Link,IE3 0,electricity distribution grid,313340769.49957
capital,Link,IE3 0,home battery charger,7612.93125
capital,Link,IE3 0,home battery discharger,0.0
capital,Link,IE3 0,residential rural air heat pump,36775603.78206
capital,Link,IE3 0,residential rural ground heat pump,211195805.59948
capital,Link,IE3 0,residential urban decentral air heat pump,250737907.11401
capital,Link,IE3 0,services rural air heat pump,16558302.95757
capital,Link,IE3 0,services rural ground heat pump,90840967.10064
capital,Link,IE3 0,services urban decentral air heat pump,108801906.07779
capital,Link,IE3 0,urban central air heat pump,166528249.56581
capital,Link,IT0 0,BEV charger,0.0
capital,Link,IT0 0,DC,1735042958.90307
capital,Link,IT0 0,H2 Electrolysis,1855.59277
capital,Link,IT0 0,V2G,0.0
capital,Link,IT0 0,battery charger,7476.60475
capital,Link,IT0 0,battery discharger,0.0
capital,Link,IT0 0,electricity distribution grid,4129607704.21254
capital,Link,IT0 0,home battery charger,7341.08716
capital,Link,IT0 0,home battery discharger,0.0
capital,Link,IT0 0,residential rural air heat pump,569350884.44184
capital,Link,IT0 0,residential rural ground heat pump,2099474643.49852
capital,Link,IT0 0,residential urban decentral air heat pump,3897153268.00429
capital,Link,IT0 0,services rural air heat pump,310141663.80788
capital,Link,IT0 0,services rural ground heat pump,1135213353.21021
capital,Link,IT0 0,services urban decentral air heat pump,2111405449.96847
capital,Link,IT0 0,urban central air heat pump,3024577311.81952
capital,Link,IT4 0,BEV charger,0.0
capital,Link,IT4 0,DC,510640156.40429
capital,Link,IT4 0,H2 Electrolysis,1855.55244
capital,Link,IT4 0,V2G,0.0
capital,Link,IT4 0,battery charger,7053.56595
capital,Link,IT4 0,battery discharger,0.0
capital,Link,IT4 0,electricity distribution grid,105285400.41693
capital,Link,IT4 0,home battery charger,7230.60268
capital,Link,IT4 0,home battery discharger,0.0
capital,Link,IT4 0,residential rural air heat pump,75997078.44341
capital,Link,IT4 0,residential rural ground heat pump,194778484.42289
capital,Link,IT4 0,residential urban decentral air heat pump,41943880.84142
capital,Link,IT4 0,services rural air heat pump,41750070.59798
capital,Link,IT4 0,services rural ground heat pump,105649105.44926
capital,Link,IT4 0,services urban decentral air heat pump,22850666.4412
capital,Link,IT4 0,urban central air heat pump,32435160.98824
capital,Link,LT0 0,BEV charger,0.0
capital,Link,LT0 0,DC,624868896.74665
capital,Link,LT0 0,H2 Electrolysis,1853.31348
capital,Link,LT0 0,V2G,0.0
capital,Link,LT0 0,battery charger,33032.87166
capital,Link,LT0 0,battery discharger,0.0
capital,Link,LT0 0,electricity distribution grid,239150573.74512
capital,Link,LT0 0,home battery charger,7373.98861
capital,Link,LT0 0,home battery discharger,0.0
capital,Link,LT0 0,residential rural air heat pump,4542755.26342
capital,Link,LT0 0,residential rural ground heat pump,156447139.19487
capital,Link,LT0 0,residential urban decentral air heat pump,113836211.39174
capital,Link,LT0 0,services rural air heat pump,1107094.24051
capital,Link,LT0 0,services rural ground heat pump,39614468.82139
capital,Link,LT0 0,services urban decentral air heat pump,28784371.87446
capital,Link,LT0 0,urban central air heat pump,184351534.62754
capital,Link,LU0 0,BEV charger,0.0
capital,Link,LU0 0,H2 Electrolysis,1853.38092
capital,Link,LU0 0,V2G,0.0
capital,Link,LU0 0,battery charger,1691401.58092
capital,Link,LU0 0,battery discharger,0.0
capital,Link,LU0 0,electricity distribution grid,91610051.95254
capital,Link,LU0 0,home battery charger,6330.75765
capital,Link,LU0 0,home battery discharger,0.0
capital,Link,LU0 0,residential rural air heat pump,335804.89824
capital,Link,LU0 0,residential rural ground heat pump,11934588.63104
capital,Link,LU0 0,residential urban decentral air heat pump,63718507.09406
capital,Link,LU0 0,services rural air heat pump,202312.62941
capital,Link,LU0 0,services rural ground heat pump,7786213.51254
capital,Link,LU0 0,services urban decentral air heat pump,41455014.75291
capital,Link,LU0 0,urban central air heat pump,60162131.26524
capital,Link,LV0 0,BEV charger,0.0
capital,Link,LV0 0,H2 Electrolysis,1876.6982
capital,Link,LV0 0,V2G,0.0
capital,Link,LV0 0,battery charger,38343.04802
capital,Link,LV0 0,battery discharger,0.0
capital,Link,LV0 0,electricity distribution grid,179264397.84021
capital,Link,LV0 0,home battery charger,7954.9746
capital,Link,LV0 0,home battery discharger,0.0
capital,Link,LV0 0,residential rural air heat pump,14044053.04837
capital,Link,LV0 0,residential rural ground heat pump,120645911.85898
capital,Link,LV0 0,residential urban decentral air heat pump,97414485.19396
capital,Link,LV0 0,services rural air heat pump,6178590.12234
capital,Link,LV0 0,services rural ground heat pump,49744480.73989
capital,Link,LV0 0,services urban decentral air heat pump,40528128.70616
capital,Link,LV0 0,urban central air heat pump,156562542.86201
capital,Link,ME0 0,BEV charger,0.0
capital,Link,ME0 0,DC,0.0
capital,Link,ME0 0,H2 Electrolysis,1876.84762
capital,Link,ME0 0,V2G,0.0
capital,Link,ME0 0,battery charger,7300.08989
capital,Link,ME0 0,battery discharger,0.0
capital,Link,ME0 0,electricity distribution grid,28299957.66593
capital,Link,ME0 0,home battery charger,6967.12812
capital,Link,ME0 0,home battery discharger,0.0
capital,Link,ME0 0,residential rural air heat pump,2957699.55815
capital,Link,ME0 0,residential rural ground heat pump,15145559.18565
capital,Link,ME0 0,residential urban decentral air heat pump,17736661.37397
capital,Link,ME0 0,services rural air heat pump,215509.58999
capital,Link,ME0 0,services rural ground heat pump,1413976.59384
capital,Link,ME0 0,services urban decentral air heat pump,1580550.8708
capital,Link,ME0 0,urban central air heat pump,8947170.17034
capital,Link,MK0 0,BEV charger,0.0
capital,Link,MK0 0,H2 Electrolysis,1876.9816
capital,Link,MK0 0,V2G,0.0
capital,Link,MK0 0,battery charger,6814.30814
capital,Link,MK0 0,battery discharger,0.0
capital,Link,MK0 0,electricity distribution grid,70100319.91949
capital,Link,MK0 0,home battery charger,6843.40224
capital,Link,MK0 0,home battery discharger,0.0
capital,Link,MK0 0,residential rural air heat pump,10916724.65207
capital,Link,MK0 0,residential rural ground heat pump,51198917.41168
capital,Link,MK0 0,residential urban decentral air heat pump,36091256.55166
capital,Link,MK0 0,services rural air heat pump,3504480.20517
capital,Link,MK0 0,services rural ground heat pump,16707179.1
capital,Link,MK0 0,services urban decentral air heat pump,11734831.20482
capital,Link,MK0 0,urban central air heat pump,46561050.72766
capital,Link,NL0 0,BEV charger,0.0
capital,Link,NL0 0,DC,2044646784.16666
capital,Link,NL0 0,H2 Electrolysis,0.0
capital,Link,NL0 0,V2G,0.0
capital,Link,NL0 0,battery charger,74156517.19056
capital,Link,NL0 0,battery discharger,0.0
capital,Link,NL0 0,electricity distribution grid,1938855262.31186
capital,Link,NL0 0,home battery charger,8147.09687
capital,Link,NL0 0,home battery discharger,0.0
capital,Link,NL0 0,residential rural air heat pump,4755047.37243
capital,Link,NL0 0,residential rural ground heat pump,207880515.27534
capital,Link,NL0 0,residential urban decentral air heat pump,1751901014.53535
capital,Link,NL0 0,services rural air heat pump,2666880.67693
capital,Link,NL0 0,services rural ground heat pump,115033422.5349
capital,Link,NL0 0,services urban decentral air heat pump,969826461.56292
capital,Link,NL0 0,urban central air heat pump,1372549485.04118
capital,Link,NO1 0,BEV charger,0.0
capital,Link,NO1 0,DC,1466648960.15152
capital,Link,NO1 0,H2 Electrolysis,0.0
capital,Link,NO1 0,V2G,0.0
capital,Link,NO1 0,battery charger,92708082.96576
capital,Link,NO1 0,battery discharger,0.0
capital,Link,NO1 0,electricity distribution grid,986163471.97957
capital,Link,NO1 0,home battery charger,8029.14573
capital,Link,NO1 0,home battery discharger,0.0
capital,Link,NO1 0,residential rural air heat pump,13140962.06352
capital,Link,NO1 0,residential rural ground heat pump,151392054.57197
capital,Link,NO1 0,residential urban decentral air heat pump,414636174.07144
capital,Link,NO1 0,services rural air heat pump,10837308.87356
capital,Link,NO1 0,services rural ground heat pump,123271098.38554
capital,Link,NO1 0,services urban decentral air heat pump,338068114.95662
capital,Link,NO1 0,urban central air heat pump,383752793.62186
capital,Link,PL0 0,BEV charger,0.0
capital,Link,PL0 0,DC,1935955983.68528
capital,Link,PL0 0,H2 Electrolysis,0.0
capital,Link,PL0 0,V2G,0.0
capital,Link,PL0 0,battery charger,128960865.6892
capital,Link,PL0 0,battery discharger,0.0
capital,Link,PL0 0,electricity distribution grid,2802010636.62414
capital,Link,PL0 0,home battery charger,7649.48062
capital,Link,PL0 0,home battery discharger,0.0
capital,Link,PL0 0,residential rural air heat pump,154077676.67604
capital,Link,PL0 0,residential rural ground heat pump,2659003074.11853
capital,Link,PL0 0,residential urban decentral air heat pump,1703772788.78249
capital,Link,PL0 0,services rural air heat pump,43563638.53207
capital,Link,PL0 0,services rural ground heat pump,764328127.05606
capital,Link,PL0 0,services urban decentral air heat pump,489170950.86387
capital,Link,PL0 0,urban central air heat pump,1855291014.9162
capital,Link,PT0 0,BEV charger,0.0
capital,Link,PT0 0,H2 Electrolysis,0.0
capital,Link,PT0 0,V2G,0.0
capital,Link,PT0 0,battery charger,7676.59855
capital,Link,PT0 0,battery discharger,0.0
capital,Link,PT0 0,electricity distribution grid,459195026.58806
capital,Link,PT0 0,home battery charger,8123.5814
capital,Link,PT0 0,home battery discharger,0.0
capital,Link,PT0 0,residential rural air heat pump,50865888.95722
capital,Link,PT0 0,residential rural ground heat pump,75377090.51594
capital,Link,PT0 0,residential urban decentral air heat pump,140831512.90233
capital,Link,PT0 0,services rural air heat pump,68616612.60439
capital,Link,PT0 0,services rural ground heat pump,80398731.25979
capital,Link,PT0 0,services urban decentral air heat pump,169072617.43161
capital,Link,PT0 0,urban central air heat pump,143850751.98435
capital,Link,RO0 0,BEV charger,0.0
capital,Link,RO0 0,H2 Electrolysis,0.0
capital,Link,RO0 0,V2G,0.0
capital,Link,RO0 0,battery charger,7599.00732
capital,Link,RO0 0,battery discharger,0.0
capital,Link,RO0 0,electricity distribution grid,969866814.62455
capital,Link,RO0 0,home battery charger,8022.33509
capital,Link,RO0 0,home battery discharger,0.0
capital,Link,RO0 0,residential rural air heat pump,148378832.84981
capital,Link,RO0 0,residential rural ground heat pump,958635988.44764
capital,Link,RO0 0,residential urban decentral air heat pump,616475863.56732
capital,Link,RO0 0,services rural air heat pump,28095621.09379
capital,Link,RO0 0,services rural ground heat pump,181998129.14204
capital,Link,RO0 0,services urban decentral air heat pump,116985708.60554
capital,Link,RO0 0,urban central air heat pump,484665314.11048
capital,Link,RS0 0,BEV charger,0.0
capital,Link,RS0 0,H2 Electrolysis,1877.2244
capital,Link,RS0 0,V2G,0.0
capital,Link,RS0 0,battery charger,7485.70536
capital,Link,RS0 0,battery discharger,0.0
capital,Link,RS0 0,electricity distribution grid,410115773.20021
capital,Link,RS0 0,home battery charger,7540.76709
capital,Link,RS0 0,home battery discharger,0.0
capital,Link,RS0 0,residential rural air heat pump,50946984.16107
capital,Link,RS0 0,residential rural ground heat pump,323864651.80913
capital,Link,RS0 0,residential urban decentral air heat pump,177134310.70847
capital,Link,RS0 0,services rural air heat pump,13461308.84779
capital,Link,RS0 0,services rural ground heat pump,83316365.17308
capital,Link,RS0 0,services urban decentral air heat pump,45783338.63444
capital,Link,RS0 0,urban central air heat pump,236406296.94248
capital,Link,SE1 0,BEV charger,0.0
capital,Link,SE1 0,DC,1661002509.9034
capital,Link,SE1 0,H2 Electrolysis,1853.34463
capital,Link,SE1 0,V2G,0.0
capital,Link,SE1 0,battery charger,158358946.26755
capital,Link,SE1 0,battery discharger,0.0
capital,Link,SE1 0,electricity distribution grid,1554893404.13065
capital,Link,SE1 0,home battery charger,7545.40904
capital,Link,SE1 0,home battery discharger,0.0
capital,Link,SE1 0,residential rural air heat pump,14035944.577
capital,Link,SE1 0,residential rural ground heat pump,327351182.9254
capital,Link,SE1 0,residential urban decentral air heat pump,856259167.8673
capital,Link,SE1 0,services rural air heat pump,3909189.90237
capital,Link,SE1 0,services rural ground heat pump,96178764.43985
capital,Link,SE1 0,services urban decentral air heat pump,250866615.18916
capital,Link,SE1 0,urban central air heat pump,1244224160.80096
capital,Link,SI0 0,BEV charger,0.0
capital,Link,SI0 0,DC,0.0
capital,Link,SI0 0,H2 Electrolysis,1877.03705
capital,Link,SI0 0,V2G,0.0
capital,Link,SI0 0,battery charger,7201.00166
capital,Link,SI0 0,battery discharger,0.0
capital,Link,SI0 0,electricity distribution grid,166978872.17634
capital,Link,SI0 0,home battery charger,7252.6175
capital,Link,SI0 0,home battery discharger,0.0
capital,Link,SI0 0,residential rural air heat pump,26842358.57853
capital,Link,SI0 0,residential rural ground heat pump,137624824.85572
capital,Link,SI0 0,residential urban decentral air heat pump,104777832.09613
capital,Link,SI0 0,services rural air heat pump,8173503.49924
capital,Link,SI0 0,services rural ground heat pump,41918502.08378
capital,Link,SI0 0,services urban decentral air heat pump,31911930.69879
capital,Link,SI0 0,urban central air heat pump,85524196.27348
capital,Link,SK0 0,BEV charger,0.0
capital,Link,SK0 0,H2 Electrolysis,1853.43078
capital,Link,SK0 0,V2G,0.0
capital,Link,SK0 0,battery charger,11222783.7325
capital,Link,SK0 0,battery discharger,0.0
capital,Link,SK0 0,electricity distribution grid,375449366.31943
capital,Link,SK0 0,home battery charger,7296.21399
capital,Link,SK0 0,home battery discharger,0.0
capital,Link,SK0 0,residential rural air heat pump,21665203.43557
capital,Link,SK0 0,residential rural ground heat pump,350686899.66844
capital,Link,SK0 0,residential urban decentral air heat pump,220417896.14857
capital,Link,SK0 0,services rural air heat pump,11319866.53676
capital,Link,SK0 0,services rural ground heat pump,192695242.30052
capital,Link,SK0 0,services urban decentral air heat pump,120661272.0862
capital,Link,SK0 0,urban central air heat pump,254221231.13798
capital,Link,XK0 0,BEV charger,0.0
capital,Link,XK0 0,H2 Electrolysis,1853.45762
capital,Link,XK0 0,V2G,0.0
capital,Link,XK0 0,battery charger,6541.15362
capital,Link,XK0 0,battery discharger,0.0
capital,Link,XK0 0,electricity distribution grid,68332839.00953
capital,Link,XK0 0,home battery charger,6476.49103
capital,Link,XK0 0,home battery discharger,0.0
capital,Link,XK0 0,residential rural air heat pump,6549689.056
capital,Link,XK0 0,residential rural ground heat pump,40404734.39067
capital,Link,XK0 0,residential urban decentral air heat pump,38389321.40935
capital,Link,XK0 0,services rural air heat pump,1584935.25875
capital,Link,XK0 0,services rural ground heat pump,10119997.06178
capital,Link,XK0 0,services urban decentral air heat pump,9557218.93839
capital,Link,XK0 0,urban central air heat pump,24472944.8589
capital,StorageUnit,AL0 0,hydro,308888750.57444
capital,StorageUnit,AT0 0,PHS,968906199.16096
capital,StorageUnit,AT0 0,hydro,795309515.52648
capital,StorageUnit,BA0 0,PHS,80387443.22041
capital,StorageUnit,BA0 0,hydro,324016205.79865
capital,StorageUnit,BE0 0,PHS,238969944.84614
capital,StorageUnit,BE0 0,hydro,2326790.57208
capital,StorageUnit,BG0 0,PHS,157851706.68736
capital,StorageUnit,BG0 0,hydro,351720641.91216
capital,StorageUnit,CH0 0,PHS,933142921.86461
capital,StorageUnit,CH0 0,hydro,1974036076.42945
capital,StorageUnit,CZ0 0,PHS,214672758.22305
capital,StorageUnit,CZ0 0,hydro,122953307.34807
capital,StorageUnit,DE0 0,PHS,768968011.97303
capital,StorageUnit,DE0 1,PHS,595672050.45568
capital,StorageUnit,ES0 0,PHS,1369939056.52681
capital,StorageUnit,ES0 0,hydro,2495507959.01041
capital,StorageUnit,ES6 0,PHS,250735743.35386
capital,StorageUnit,ES6 0,hydro,245465798.35455
capital,StorageUnit,FI1 0,hydro,213940218.20706
capital,StorageUnit,FR0 0,PHS,956665383.94331
capital,StorageUnit,FR0 0,hydro,1174055117.17553
capital,StorageUnit,FR5 0,hydro,441059997.29543
capital,StorageUnit,GB3 0,PHS,80387443.22041
capital,StorageUnit,GB3 0,hydro,40467769.7121
capital,StorageUnit,GR0 0,PHS,127706415.4797
capital,StorageUnit,GR0 0,hydro,468804952.96269
capital,StorageUnit,HR0 0,PHS,44889079.08922
capital,StorageUnit,HR0 0,hydro,265352456.70155
capital,StorageUnit,HU0 0,hydro,5115564.56857
capital,StorageUnit,IE3 0,PHS,71617903.96001
capital,StorageUnit,IE3 0,hydro,182698.73459
capital,StorageUnit,IT0 0,PHS,1233563586.09072
capital,StorageUnit,IT0 0,hydro,747749380.93753
capital,StorageUnit,IT4 0,PHS,149812962.36532
capital,StorageUnit,IT4 0,hydro,18635270.92837
capital,StorageUnit,LT0 0,PHS,164428861.13267
capital,StorageUnit,LU0 0,PHS,236412162.56186
capital,StorageUnit,ME0 0,PHS,56088511.5197
capital,StorageUnit,ME0 0,hydro,63023938.18354
capital,StorageUnit,MK0 0,hydro,67781230.53358
capital,StorageUnit,NO1 0,PHS,42806313.51487
capital,StorageUnit,NO1 0,hydro,5680394149.44865
capital,StorageUnit,PL0 0,PHS,465516375.74004
capital,StorageUnit,PL0 0,hydro,26949227.03851
capital,StorageUnit,PT0 0,PHS,716727135.80383
capital,StorageUnit,PT0 0,hydro,326921115.67866
capital,StorageUnit,RO0 0,hydro,812998407.00966
capital,StorageUnit,RS0 0,PHS,112177023.0394
capital,StorageUnit,RS0 0,hydro,144350270.20102
capital,StorageUnit,SE1 0,PHS,16808283.58245
capital,StorageUnit,SE1 0,hydro,2159259090.9128
capital,StorageUnit,SI0 0,PHS,32885772.22653
capital,StorageUnit,SI0 0,hydro,105269183.88448
capital,StorageUnit,SK0 0,PHS,150273363.17649
capital,StorageUnit,SK0 0,hydro,51594122.64874
capital,StorageUnit,XK0 0,hydro,6394455.71071
capital,Store,AL0 0,EV battery,0.0
capital,Store,AL0 0,battery,16417.01641
capital,Store,AL0 0,home battery,8016.5112
capital,Store,AT0 0,EV battery,0.0
capital,Store,AT0 0,H2 Store,2554.46704
capital,Store,AT0 0,battery,20827.28375
capital,Store,AT0 0,home battery,9202.2271
capital,Store,BA0 0,EV battery,0.0
capital,Store,BA0 0,battery,21731.97881
capital,Store,BA0 0,home battery,12221.5993
capital,Store,BE0 0,EV battery,0.0
capital,Store,BE0 0,H2 Store,2554.82632
capital,Store,BE0 0,battery,228811237.59306
capital,Store,BE0 0,home battery,23491.17137
capital,Store,BG0 0,EV battery,0.0
capital,Store,BG0 0,H2 Store,2553.86523
capital,Store,BG0 0,battery,27412.71437
capital,Store,BG0 0,home battery,12437.45426
capital,Store,CH0 0,EV battery,0.0
capital,Store,CH0 0,H2 Store,2554.32964
capital,Store,CH0 0,battery,17761.09969
capital,Store,CH0 0,home battery,8721.26099
capital,Store,CZ0 0,EV battery,0.0
capital,Store,CZ0 0,H2 Store,2567.13476
capital,Store,CZ0 0,battery,1426885351.15369
capital,Store,CZ0 0,home battery,14204.15307
capital,Store,DE0 0,EV battery,0.0
capital,Store,DE0 0,battery,4254318738.96454
capital,Store,DE0 0,home battery,67908.57434
capital,Store,DE0 1,EV battery,0.0
capital,Store,DE0 1,battery,2599803957.67008
capital,Store,DE0 1,home battery,69701.8159
capital,Store,DK0 0,EV battery,0.0
capital,Store,DK0 0,battery,251681025.15415
capital,Store,DK0 0,home battery,80901.82545
capital,Store,DK1 0,EV battery,0.0
capital,Store,DK1 0,battery,5704574727.47255
capital,Store,DK1 0,home battery,88268.41473
capital,Store,EE0 0,EV battery,0.0
capital,Store,EE0 0,H2 Store,2567.15951
capital,Store,EE0 0,battery,570646199.53281
capital,Store,EE0 0,home battery,19073.28655
capital,Store,ES0 0,EV battery,0.0
capital,Store,ES0 0,battery,6768.55383
capital,Store,ES0 0,home battery,5888.70848
capital,Store,ES6 0,EV battery,0.0
capital,Store,ES6 0,H2 Store,2553.80883
capital,Store,ES6 0,battery,4990.99783
capital,Store,ES6 0,home battery,5409.2313
capital,Store,EU,co2,0.0
capital,Store,EU,co2 sequestered,1655.89151
capital,Store,EU,co2 stored,3768.64162
capital,Store,EU,oil,2570.96028
capital,Store,FI1 0,EV battery,0.0
capital,Store,FI1 0,H2 Store,2554.74758
capital,Store,FI1 0,battery,2006719.83534
capital,Store,FI1 0,home battery,14505.69373
capital,Store,FR0 0,EV battery,0.0
capital,Store,FR0 0,battery,47112.95786
capital,Store,FR0 0,home battery,11564.33219
capital,Store,FR5 0,EV battery,0.0
capital,Store,FR5 0,H2 Store,2675.83791
capital,Store,FR5 0,battery,32280.75031
capital,Store,FR5 0,home battery,18422.78755
capital,Store,GB2 0,EV battery,0.0
capital,Store,GB2 0,battery,1114671.53829
capital,Store,GB2 0,home battery,16098.7076
capital,Store,GB3 0,EV battery,0.0
capital,Store,GB3 0,battery,679006149.65372
capital,Store,GB3 0,home battery,14842.20651
capital,Store,GR0 0,EV battery,0.0
capital,Store,GR0 0,battery,21369.39021
capital,Store,GR0 0,home battery,11385.66798
capital,Store,HR0 0,EV battery,0.0
capital,Store,HR0 0,H2 Store,2554.74261
capital,Store,HR0 0,battery,18158.98866
capital,Store,HR0 0,home battery,8695.0548
capital,Store,HU0 0,EV battery,0.0
capital,Store,HU0 0,H2 Store,2554.28879
capital,Store,HU0 0,battery,176637.95175
capital,Store,HU0 0,home battery,13149.44888
capital,Store,IE3 0,EV battery,0.0
capital,Store,IE3 0,H2 Store,2553.8295
capital,Store,IE3 0,battery,735514256.19626
capital,Store,IE3 0,home battery,14806.18599
capital,Store,IT0 0,EV battery,0.0
capital,Store,IT0 0,H2 Store,2553.78357
capital,Store,IT0 0,battery,15830.93253
capital,Store,IT0 0,home battery,8283.12688
capital,Store,IT4 0,EV battery,0.0
capital,Store,IT4 0,H2 Store,2553.81755
capital,Store,IT4 0,battery,19543.02787
capital,Store,IT4 0,home battery,11729.81627
capital,Store,LT0 0,EV battery,0.0
capital,Store,LT0 0,H2 Store,2553.96841
capital,Store,LT0 0,battery,542242.63327
capital,Store,LT0 0,home battery,13474.15825
capital,Store,LU0 0,EV battery,0.0
capital,Store,LU0 0,H2 Store,2553.97725
capital,Store,LU0 0,battery,27567617.38989
capital,Store,LU0 0,home battery,14525.93792
capital,Store,LV0 0,EV battery,0.0
capital,Store,LV0 0,H2 Store,2565.63997
capital,Store,LV0 0,battery,632641.49402
capital,Store,LV0 0,home battery,110655.43655
capital,Store,ME0 0,EV battery,0.0
capital,Store,ME0 0,H2 Store,2554.09434
capital,Store,ME0 0,battery,14736.13503
capital,Store,ME0 0,home battery,9554.13272
capital,Store,MK0 0,EV battery,0.0
capital,Store,MK0 0,H2 Store,2553.89835
capital,Store,MK0 0,battery,17721.07107
capital,Store,MK0 0,home battery,10139.70684
capital,Store,NL0 0,EV battery,0.0
capital,Store,NL0 0,battery,1620887626.26934
capital,Store,NL0 0,home battery,32497.37276
capital,Store,NO1 0,EV battery,0.0
capital,Store,NO1 0,battery,1511131468.00791
capital,Store,NO1 0,home battery,14655.46631
capital,Store,PL0 0,EV battery,0.0
capital,Store,PL0 0,battery,4828923837.16446
capital,Store,PL0 0,home battery,14177.07724
capital,Store,PT0 0,EV battery,0.0
capital,Store,PT0 0,battery,6707.41658
capital,Store,PT0 0,home battery,5653.38821
capital,Store,RO0 0,EV battery,0.0
capital,Store,RO0 0,battery,30260.70317
capital,Store,RO0 0,home battery,25366.70861
capital,Store,RS0 0,EV battery,0.0
capital,Store,RS0 0,H2 Store,2566.64459
capital,Store,RS0 0,battery,19061.0533
capital,Store,RS0 0,home battery,10930.67146
capital,Store,SE1 0,EV battery,0.0
capital,Store,SE1 0,H2 Store,2554.73057
capital,Store,SE1 0,battery,4956048438.08661
capital,Store,SE1 0,home battery,19587.41771
capital,Store,SI0 0,EV battery,0.0
capital,Store,SI0 0,H2 Store,2553.90013
capital,Store,SI0 0,battery,16832.51825
capital,Store,SI0 0,home battery,8341.32345
capital,Store,SK0 0,EV battery,0.0
capital,Store,SK0 0,H2 Store,2553.84197
capital,Store,SK0 0,battery,182929939.15045
capital,Store,SK0 0,home battery,14458.59943
capital,Store,XK0 0,EV battery,0.0
capital,Store,XK0 0,H2 Store,2553.99591
capital,Store,XK0 0,battery,16862.76806
capital,Store,XK0 0,home battery,8136.19366
marginal,Generator,AL0 0,load,10110.5018
marginal,Generator,AL0 0,offwind-ac,151487.74632
marginal,Generator,AL0 0,offwind-dc,360297.27138
marginal,Generator,AL0 0,onwind,0.56013
marginal,Generator,AL0 0,ror,1377.97104
marginal,Generator,AL0 0,solar,21.55006
marginal,Generator,AL0 0,solar rooftop,24.48323
marginal,Generator,AL0 0,solar-hsat,8.59931
marginal,Generator,AT0 0,load,11071.3784
marginal,Generator,AT0 0,onwind,1.1711
marginal,Generator,AT0 0,ror,211400.15709
marginal,Generator,AT0 0,solar,3657417.07959
marginal,Generator,AT0 0,solar rooftop,25.49322
marginal,Generator,AT0 0,solar-hsat,13.0482
marginal,Generator,BA0 0,load,10135.68431
marginal,Generator,BA0 0,offwind-ac,0.92705
marginal,Generator,BA0 0,onwind,0.23978
marginal,Generator,BA0 0,solar,14.75519
marginal,Generator,BA0 0,solar rooftop,16.33414
marginal,Generator,BA0 0,solar-hsat,6.87758
marginal,Generator,BE0 0,load,11116.56622
marginal,Generator,BE0 0,offwind-ac,91305.91228
marginal,Generator,BE0 0,offwind-dc,106242.67727
marginal,Generator,BE0 0,onwind,23.29892
marginal,Generator,BE0 0,ror,2904.97805
marginal,Generator,BE0 0,solar,8.70068
marginal,Generator,BE0 0,solar rooftop,4.74055
marginal,Generator,BE0 0,solar-hsat,5.01234
marginal,Generator,BG0 0,load,10972.06795
marginal,Generator,BG0 0,offwind-ac,4.35834
marginal,Generator,BG0 0,offwind-dc,259784.2901
marginal,Generator,BG0 0,onwind,1.59443
marginal,Generator,BG0 0,ror,2144.19431
marginal,Generator,BG0 0,solar,101.85325
marginal,Generator,BG0 0,solar rooftop,35.73192
marginal,Generator,BG0 0,solar-hsat,10.65506
marginal,Generator,CH0 0,load,11057.75388
marginal,Generator,CH0 0,onwind,0.13748
marginal,Generator,CH0 0,ror,101570.93543
marginal,Generator,CH0 0,solar,3037518.51167
marginal,Generator,CH0 0,solar rooftop,402850.55338
marginal,Generator,CH0 0,solar-hsat,18.43566
marginal,Generator,CZ0 0,load,11038.36388
marginal,Generator,CZ0 0,onwind,2.5901
marginal,Generator,CZ0 0,ror,1465.22535
marginal,Generator,CZ0 0,solar,4.85558
marginal,Generator,CZ0 0,solar rooftop,3.35741
marginal,Generator,CZ0 0,solar-hsat,3.3097
marginal,Generator,DE0 0,load,10066.63609
marginal,Generator,DE0 0,offwind-ac,223513.7886
marginal,Generator,DE0 0,offwind-dc,2699476.76041
marginal,Generator,DE0 0,onwind,5.75236
marginal,Generator,DE0 0,ror,66906.05152
marginal,Generator,DE0 0,solar,6.08907
marginal,Generator,DE0 0,solar rooftop,3.83683
marginal,Generator,DE0 0,solar-hsat,3.92787
marginal,Generator,DE0 1,load,10087.58205
marginal,Generator,DE0 1,offwind-ac,234950.27269
marginal,Generator,DE0 1,offwind-dc,32396.96674
marginal,Generator,DE0 1,onwind,2.14769
marginal,Generator,DE0 1,ror,146971.5396
marginal,Generator,DE0 1,solar,12.00494
marginal,Generator,DE0 1,solar rooftop,5.80906
marginal,Generator,DE0 1,solar-hsat,5.06323
marginal,Generator,DK0 0,load,10079.01744
marginal,Generator,DK0 0,offwind-ac,10.99758
marginal,Generator,DK0 0,offwind-dc,41.40153
marginal,Generator,DK0 0,onwind,484728.41199
marginal,Generator,DK0 0,solar,2.04908
marginal,Generator,DK0 0,solar rooftop,1.24099
marginal,Generator,DK0 0,solar-hsat,1.83693
marginal,Generator,DK1 0,load,10102.60277
marginal,Generator,DK1 0,offwind-ac,1161616.13137
marginal,Generator,DK1 0,offwind-dc,187999.73032
marginal,Generator,DK1 0,onwind,785174.58438
marginal,Generator,DK1 0,solar,3.92587
marginal,Generator,DK1 0,solar rooftop,2.17537
marginal,Generator,DK1 0,solar-hsat,2.80799
marginal,Generator,EE0 0,load,10981.88762
marginal,Generator,EE0 0,offwind-ac,20.79177
marginal,Generator,EE0 0,offwind-dc,10.56563
marginal,Generator,EE0 0,onwind,906731.64889
marginal,Generator,EE0 0,solar,2.23013
marginal,Generator,EE0 0,solar rooftop,1.23725
marginal,Generator,EE0 0,solar-hsat,1.891
marginal,Generator,ES0 0,load,10044.92344
marginal,Generator,ES0 0,offwind-ac,3.50851
marginal,Generator,ES0 0,offwind-dc,5.21122
marginal,Generator,ES0 0,onwind,1347924.85445
marginal,Generator,ES0 0,ror,2768.82343
marginal,Generator,ES0 0,solar,5582136.3039
marginal,Generator,ES0 0,solar rooftop,2032922.79646
marginal,Generator,ES0 0,solar-hsat,16.15407
marginal,Generator,ES6 0,load,10963.22935
marginal,Generator,ES6 0,offwind-ac,1.83067
marginal,Generator,ES6 0,offwind-dc,1.67964
marginal,Generator,ES6 0,onwind,70491.00708
marginal,Generator,ES6 0,ror,3580.83426
marginal,Generator,ES6 0,solar,5.12572
marginal,Generator,ES6 0,solar rooftop,5.26601
marginal,Generator,ES6 0,solar-hsat,3.74597
marginal,Generator,EU,biogas,0.0
marginal,Generator,EU,load,94730401643798.3
marginal,Generator,EU,solid biomass,0.0
marginal,Generator,FI1 0,load,11011.88697
marginal,Generator,FI1 0,offwind-ac,280540.23299
marginal,Generator,FI1 0,offwind-dc,3162167.60744
marginal,Generator,FI1 0,onwind,70.76797
marginal,Generator,FI1 0,ror,67638.47726
marginal,Generator,FI1 0,solar,1.87598
marginal,Generator,FI1 0,solar rooftop,1.44347
marginal,Generator,FI1 0,solar-hsat,1.48834
marginal,Generator,FR0 0,load,10024.51156
marginal,Generator,FR0 0,offwind-ac,13.04501
marginal,Generator,FR0 0,offwind-dc,20697683.95714
marginal,Generator,FR0 0,onwind,3.59445
marginal,Generator,FR0 0,ror,277526.23221
marginal,Generator,FR0 0,solar,8.51857
marginal,Generator,FR0 0,solar rooftop,5.81658
marginal,Generator,FR0 0,solar-hsat,5.0743
marginal,Generator,FR5 0,load,10464.17674
marginal,Generator,FR5 0,offwind-ac,1.69777
marginal,Generator,FR5 0,offwind-dc,2.98265
marginal,Generator,FR5 0,onwind,1.72815
marginal,Generator,FR5 0,ror,6275.62632
marginal,Generator,FR5 0,solar,73743.25598
marginal,Generator,FR5 0,solar rooftop,8265.16303
marginal,Generator,FR5 0,solar-hsat,7.31993
marginal,Generator,GB2 0,load,10040.78448
marginal,Generator,GB2 0,offwind-ac,10088514.37383
marginal,Generator,GB2 0,offwind-dc,6.79552
marginal,Generator,GB2 0,onwind,6118927.47921
marginal,Generator,GB2 0,ror,28728.7652
marginal,Generator,GB2 0,solar,2.61111
marginal,Generator,GB2 0,solar rooftop,2.23543
marginal,Generator,GB2 0,solar-hsat,2.25037
marginal,Generator,GB3 0,load,10077.80882
marginal,Generator,GB3 0,offwind-ac,262547.74772
marginal,Generator,GB3 0,offwind-dc,361850.3947
marginal,Generator,GB3 0,onwind,240968.12016
marginal,Generator,GB3 0,ror,16648.4098
marginal,Generator,GB3 0,solar,1.4434
marginal,Generator,GB3 0,solar rooftop,0.85186
marginal,Generator,GB3 0,solar-hsat,1.32604
marginal,Generator,GR0 0,load,10056.92752
marginal,Generator,GR0 0,offwind-ac,3.32865
marginal,Generator,GR0 0,offwind-dc,4.82619
marginal,Generator,GR0 0,onwind,165207.27946
marginal,Generator,GR0 0,ror,2288.13643
marginal,Generator,GR0 0,solar,2233569.00411
marginal,Generator,GR0 0,solar rooftop,485138.54561
marginal,Generator,GR0 0,solar-hsat,15.55908
marginal,Generator,HR0 0,load,11087.60025
marginal,Generator,HR0 0,offwind-ac,60813.79783
marginal,Generator,HR0 0,offwind-dc,21.5948
marginal,Generator,HR0 0,onwind,2.99703
marginal,Generator,HR0 0,ror,11314.7179
marginal,Generator,HR0 0,solar,7.46921
marginal,Generator,HR0 0,solar rooftop,4.44869
marginal,Generator,HR0 0,solar-hsat,4.74074
marginal,Generator,HU0 0,load,11005.04849
marginal,Generator,HU0 0,onwind,1994017.81557
marginal,Generator,HU0 0,ror,611.98222
marginal,Generator,HU0 0,solar,5.21227
marginal,Generator,HU0 0,solar rooftop,3.64941
marginal,Generator,HU0 0,solar-hsat,3.57326
marginal,Generator,IE3 0,load,10959.35943
marginal,Generator,IE3 0,offwind-ac,1166527.89635
marginal,Generator,IE3 0,offwind-dc,1709715.56913
marginal,Generator,IE3 0,onwind,12.76331
marginal,Generator,IE3 0,ror,5456.83134
marginal,Generator,IE3 0,solar,2.0333
marginal,Generator,IE3 0,solar rooftop,1.61607
marginal,Generator,IE3 0,solar-hsat,1.82151
marginal,Generator,IT0 0,load,10899.14149
marginal,Generator,IT0 0,offwind-ac,2.53985
marginal,Generator,IT0 0,offwind-dc,6241898.19606
marginal,Generator,IT0 0,onwind,4.01057
marginal,Generator,IT0 0,ror,313263.23734
marginal,Generator,IT0 0,solar,3487802.6176
marginal,Generator,IT0 0,solar rooftop,369.0487
marginal,Generator,IT0 0,solar-hsat,14.61353
marginal,Generator,IT4 0,load,10936.15705
marginal,Generator,IT4 0,offwind-ac,4.14794
marginal,Generator,IT4 0,offwind-dc,6.28091
marginal,Generator,IT4 0,onwind,103503.81482
marginal,Generator,IT4 0,ror,5407.07717
marginal,Generator,IT4 0,solar,344177.84325
marginal,Generator,IT4 0,solar rooftop,76450.23325
marginal,Generator,IT4 0,solar-hsat,9.84107
marginal,Generator,LT0 0,load,11016.8601
marginal,Generator,LT0 0,offwind-ac,3.74364
marginal,Generator,LT0 0,offwind-dc,10.5639
marginal,Generator,LT0 0,onwind,3.61341
marginal,Generator,LT0 0,ror,5258.97998
marginal,Generator,LT0 0,solar,4.52458
marginal,Generator,LT0 0,solar rooftop,2.50593
marginal,Generator,LT0 0,solar-hsat,3.23117
marginal,Generator,LU0 0,load,11018.66459
marginal,Generator,LU0 0,onwind,2.08887
marginal,Generator,LU0 0,solar,8.39193
marginal,Generator,LU0 0,solar rooftop,3.30151
marginal,Generator,LU0 0,solar-hsat,3.34807
marginal,Generator,LV0 0,load,10520.28771
marginal,Generator,LV0 0,offwind-ac,8.18811
marginal,Generator,LV0 0,offwind-dc,31.95474
marginal,Generator,LV0 0,onwind,6.01462
marginal,Generator,LV0 0,ror,29311.44534
marginal,Generator,LV0 0,solar,5.14703
marginal,Generator,LV0 0,solar rooftop,2.98608
marginal,Generator,LV0 0,solar-hsat,3.35703
marginal,Generator,ME0 0,load,11039.36267
marginal,Generator,ME0 0,offwind-ac,116583.06414
marginal,Generator,ME0 0,offwind-dc,117651.90138
marginal,Generator,ME0 0,onwind,0.19937
marginal,Generator,ME0 0,ror,221.4024
marginal,Generator,ME0 0,solar,19.89087
marginal,Generator,ME0 0,solar rooftop,44.9528
marginal,Generator,ME0 0,solar-hsat,6.75586
marginal,Generator,MK0 0,load,10994.47156
marginal,Generator,MK0 0,onwind,0.08869
marginal,Generator,MK0 0,ror,4858.91262
marginal,Generator,MK0 0,solar,133289.5753
marginal,Generator,MK0 0,solar rooftop,26193.83932
marginal,Generator,MK0 0,solar-hsat,11.38517
marginal,Generator,NL0 0,load,10092.27505
marginal,Generator,NL0 0,offwind-ac,452782.75352
marginal,Generator,NL0 0,offwind-dc,269.94755
marginal,Generator,NL0 0,onwind,912758.15353
marginal,Generator,NL0 0,solar,6.0882
marginal,Generator,NL0 0,solar rooftop,3.63679
marginal,Generator,NL0 0,solar-hsat,3.69839
marginal,Generator,NO1 0,load,10079.50344
marginal,Generator,NO1 0,offwind-ac,3938411.40415
marginal,Generator,NO1 0,offwind-dc,17.71242
marginal,Generator,NO1 0,onwind,5.20003
marginal,Generator,NO1 0,ror,41248.77776
marginal,Generator,NO1 0,solar,1.47703
marginal,Generator,NO1 0,solar rooftop,1.05658
marginal,Generator,NO1 0,solar-hsat,1.36343
marginal,Generator,PL0 0,load,9939.21879
marginal,Generator,PL0 0,offwind-ac,675688.72808
marginal,Generator,PL0 0,offwind-dc,2029050.07017
marginal,Generator,PL0 0,onwind,2399587.62296
marginal,Generator,PL0 0,ror,10836.18043
marginal,Generator,PL0 0,solar,4.31393
marginal,Generator,PL0 0,solar rooftop,2.90488
marginal,Generator,PL0 0,solar-hsat,3.05772
marginal,Generator,PT0 0,load,10054.05978
marginal,Generator,PT0 0,offwind-ac,4.20055
marginal,Generator,PT0 0,offwind-dc,3.43932
marginal,Generator,PT0 0,onwind,2.41017
marginal,Generator,PT0 0,ror,64247.84952
marginal,Generator,PT0 0,solar,7.43993
marginal,Generator,PT0 0,solar rooftop,6.23069
marginal,Generator,PT0 0,solar-hsat,5.96307
marginal,Generator,RO0 0,load,10018.72519
marginal,Generator,RO0 0,offwind-ac,113865.86997
marginal,Generator,RO0 0,offwind-dc,1331387.06434
marginal,Generator,RO0 0,onwind,2.01663
marginal,Generator,RO0 0,ror,61095.49152
marginal,Generator,RO0 0,solar,224239.36532
marginal,Generator,RO0 0,solar rooftop,35.83611
marginal,Generator,RO0 0,solar-hsat,10.59693
marginal,Generator,RS0 0,load,11017.76916
marginal,Generator,RS0 0,onwind,7.38455
marginal,Generator,RS0 0,ror,62322.05507
marginal,Generator,RS0 0,solar,19.1233
marginal,Generator,RS0 0,solar rooftop,10.37283
marginal,Generator,RS0 0,solar-hsat,6.76321
marginal,Generator,SE1 0,load,10995.74593
marginal,Generator,SE1 0,offwind-ac,5290269.51028
marginal,Generator,SE1 0,offwind-dc,3782169.71055
marginal,Generator,SE1 0,onwind,10.84677
marginal,Generator,SE1 0,ror,64962.26432
marginal,Generator,SE1 0,solar,2.75687
marginal,Generator,SE1 0,solar rooftop,2.20592
marginal,Generator,SE1 0,solar-hsat,2.13975
marginal,Generator,SI0 0,load,11044.04924
marginal,Generator,SI0 0,offwind-ac,1.15518
marginal,Generator,SI0 0,onwind,0.41192
marginal,Generator,SI0 0,ror,19887.12911
marginal,Generator,SI0 0,solar,3.18711
marginal,Generator,SI0 0,solar rooftop,2.531
marginal,Generator,SI0 0,solar-hsat,2.52072
marginal,Generator,SK0 0,load,11082.16748
marginal,Generator,SK0 0,onwind,5.91165
marginal,Generator,SK0 0,ror,35326.31615
marginal,Generator,SK0 0,solar,6.64558
marginal,Generator,SK0 0,solar rooftop,4.27353
marginal,Generator,SK0 0,solar-hsat,4.25724
marginal,Generator,XK0 0,load,11037.03979
marginal,Generator,XK0 0,onwind,0.21152
marginal,Generator,XK0 0,ror,503.12939
marginal,Generator,XK0 0,solar,13.49914
marginal,Generator,XK0 0,solar rooftop,12.08673
marginal,Generator,XK0 0,solar-hsat,7.77118
marginal,Link,AL0 0,BEV charger,15014.89542
marginal,Link,AL0 0,H2 Electrolysis,0.0
marginal,Link,AL0 0,V2G,302.68084
marginal,Link,AL0 0,battery charger,20.33906
marginal,Link,AL0 0,battery discharger,18.63822
marginal,Link,AL0 0,electricity distribution grid,74711.50673
marginal,Link,AL0 0,home battery charger,17.05245
marginal,Link,AL0 0,home battery discharger,14.52534
marginal,Link,AL0 0,residential rural air heat pump,-999.12596
marginal,Link,AL0 0,residential rural ground heat pump,-9269.5305
marginal,Link,AL0 0,residential urban decentral air heat pump,-11303.57978
marginal,Link,AL0 0,services rural air heat pump,-523.65157
marginal,Link,AL0 0,services rural ground heat pump,-3223.29751
marginal,Link,AL0 0,services urban decentral air heat pump,-3721.24065
marginal,Link,AL0 0,urban central air heat pump,-7711.72047
marginal,Link,AT0 0,BEV charger,174026.8187
marginal,Link,AT0 0,H2 Electrolysis,0.00023
marginal,Link,AT0 0,V2G,477.86914
marginal,Link,AT0 0,battery charger,27.12126
marginal,Link,AT0 0,battery discharger,27.47433
marginal,Link,AT0 0,electricity distribution grid,1021849.11536
marginal,Link,AT0 0,home battery charger,19.58398
marginal,Link,AT0 0,home battery discharger,21.32451
marginal,Link,AT0 0,residential rural air heat pump,-2591.20843
marginal,Link,AT0 0,residential rural ground heat pump,-210242.16686
marginal,Link,AT0 0,residential urban decentral air heat pump,-160850.71449
marginal,Link,AT0 0,services rural air heat pump,-1401.14401
marginal,Link,AT0 0,services rural ground heat pump,-67900.48255
marginal,Link,AT0 0,services urban decentral air heat pump,-60978.4762
marginal,Link,AT0 0,urban central air heat pump,-225230.0847
marginal,Link,BA0 0,BEV charger,24896.95487
marginal,Link,BA0 0,H2 Electrolysis,0.0
marginal,Link,BA0 0,V2G,392.38797
marginal,Link,BA0 0,battery charger,25.39935
marginal,Link,BA0 0,battery discharger,26.30316
marginal,Link,BA0 0,electricity distribution grid,146859.69277
marginal,Link,BA0 0,home battery charger,20.83752
marginal,Link,BA0 0,home battery discharger,22.84217
marginal,Link,BA0 0,residential rural air heat pump,-1612.09933
marginal,Link,BA0 0,residential rural ground heat pump,-40734.08422
marginal,Link,BA0 0,residential urban decentral air heat pump,-22279.90598
marginal,Link,BA0 0,services rural air heat pump,-907.68388
marginal,Link,BA0 0,services rural ground heat pump,-10994.78286
marginal,Link,BA0 0,services urban decentral air heat pump,-6686.47761
marginal,Link,BA0 0,urban central air heat pump,-23588.46118
marginal,Link,BE0 0,BEV charger,215633.93482
marginal,Link,BE0 0,DC,97824.82376
marginal,Link,BE0 0,H2 Electrolysis,0.00024
marginal,Link,BE0 0,V2G,416.97604
marginal,Link,BE0 0,battery charger,3444.08422
marginal,Link,BE0 0,battery discharger,3783.1524
marginal,Link,BE0 0,electricity distribution grid,1481459.71492
marginal,Link,BE0 0,home battery charger,16.54513
marginal,Link,BE0 0,home battery discharger,16.42788
marginal,Link,BE0 0,residential rural air heat pump,-61.29839
marginal,Link,BE0 0,residential rural ground heat pump,-28638.89643
marginal,Link,BE0 0,residential urban decentral air heat pump,-405938.14207
marginal,Link,BE0 0,services rural air heat pump,-28.62103
marginal,Link,BE0 0,services rural ground heat pump,-12907.99641
marginal,Link,BE0 0,services urban decentral air heat pump,-174882.05353
marginal,Link,BE0 0,urban central air heat pump,-369283.1082
marginal,Link,BG0 0,BEV charger,69913.2953
marginal,Link,BG0 0,H2 Electrolysis,0.00024
marginal,Link,BG0 0,V2G,456.91014
marginal,Link,BG0 0,battery charger,25.50917
marginal,Link,BG0 0,battery discharger,26.95593
marginal,Link,BG0 0,electricity distribution grid,448102.22369
marginal,Link,BG0 0,home battery charger,22.63126
marginal,Link,BG0 0,home battery discharger,23.16295
marginal,Link,BG0 0,residential rural air heat pump,-1105.83342
marginal,Link,BG0 0,residential rural ground heat pump,-30731.07145
marginal,Link,BG0 0,residential urban decentral air heat pump,-57622.96949
marginal,Link,BG0 0,services rural air heat pump,-890.78162
marginal,Link,BG0 0,services rural ground heat pump,-9393.98667
marginal,Link,BG0 0,services urban decentral air heat pump,-19573.8911
marginal,Link,BG0 0,urban central air heat pump,-59031.39331
marginal,Link,CH0 0,BEV charger,101195.61065
marginal,Link,CH0 0,DC,148354.48126
marginal,Link,CH0 0,H2 Electrolysis,0.00023
marginal,Link,CH0 0,V2G,461.51517
marginal,Link,CH0 0,battery charger,28.74547
marginal,Link,CH0 0,battery discharger,25.38285
marginal,Link,CH0 0,electricity distribution grid,608326.34104
marginal,Link,CH0 0,home battery charger,23.19226
marginal,Link,CH0 0,home battery discharger,22.51593
marginal,Link,CH0 0,residential rural air heat pump,-1496.45945
marginal,Link,CH0 0,residential rural ground heat pump,-101521.43184
marginal,Link,CH0 0,residential urban decentral air heat pump,-224431.96134
marginal,Link,CH0 0,services rural air heat pump,-1178.59211
marginal,Link,CH0 0,services rural ground heat pump,-36888.10765
marginal,Link,CH0 0,services urban decentral air heat pump,-96837.65595
marginal,Link,CH0 0,urban central air heat pump,-225278.45247
marginal,Link,CZ0 0,BEV charger,163886.37896
marginal,Link,CZ0 0,H2 Electrolysis,0.00022
marginal,Link,CZ0 0,V2G,436.31598
marginal,Link,CZ0 0,battery charger,19233.67612
marginal,Link,CZ0 0,battery discharger,19031.41009
marginal,Link,CZ0 0,electricity distribution grid,1097408.38675
marginal,Link,CZ0 0,home battery charger,21.99153
marginal,Link,CZ0 0,home battery discharger,20.56136
marginal,Link,CZ0 0,residential rural air heat pump,-2001.67489
marginal,Link,CZ0 0,residential rural ground heat pump,-134121.22898
marginal,Link,CZ0 0,residential urban decentral air heat pump,-211152.33225
marginal,Link,CZ0 0,services rural air heat pump,-881.25528
marginal,Link,CZ0 0,services rural ground heat pump,-50618.4618
marginal,Link,CZ0 0,services urban decentral air heat pump,-81577.1289
marginal,Link,CZ0 0,urban central air heat pump,-285814.77075
marginal,Link,DE0 0,BEV charger,786142.6707
marginal,Link,DE0 0,DC,109659.79177
marginal,Link,DE0 0,H2 Electrolysis,0.0
marginal,Link,DE0 0,V2G,496.44446
marginal,Link,DE0 0,battery charger,47949.97844
marginal,Link,DE0 0,battery discharger,47419.87497
marginal,Link,DE0 0,electricity distribution grid,4983139.77516
marginal,Link,DE0 0,home battery charger,22.95938
marginal,Link,DE0 0,home battery discharger,20.90518
marginal,Link,DE0 0,residential rural air heat pump,-17.49723
marginal,Link,DE0 0,residential rural ground heat pump,-447513.67224
marginal,Link,DE0 0,residential urban decentral air heat pump,-1856378.46569
marginal,Link,DE0 0,services rural air heat pump,-18.90016
marginal,Link,DE0 0,services rural ground heat pump,-163567.07709
marginal,Link,DE0 0,services urban decentral air heat pump,-603618.97181
marginal,Link,DE0 0,urban central air heat pump,-1515906.47441
marginal,Link,DE0 1,BEV charger,476434.61484
marginal,Link,DE0 1,DC,6368.41776
marginal,Link,DE0 1,H2 Electrolysis,0.0
marginal,Link,DE0 1,V2G,494.29887
marginal,Link,DE0 1,battery charger,33127.15088
marginal,Link,DE0 1,battery discharger,30155.51711
marginal,Link,DE0 1,electricity distribution grid,3302095.49334
marginal,Link,DE0 1,home battery charger,20.546
marginal,Link,DE0 1,home battery discharger,23.97887
marginal,Link,DE0 1,residential rural air heat pump,-5501.80632
marginal,Link,DE0 1,residential rural ground heat pump,-679070.05748
marginal,Link,DE0 1,residential urban decentral air heat pump,-781694.94344
marginal,Link,DE0 1,services rural air heat pump,-1100.20313
marginal,Link,DE0 1,services rural ground heat pump,-283457.7612
marginal,Link,DE0 1,services urban decentral air heat pump,-288519.72001
marginal,Link,DE0 1,urban central air heat pump,-749019.07123
marginal,Link,DK0 0,BEV charger,62870.0543
marginal,Link,DK0 0,DC,122474.42265
marginal,Link,DK0 0,H2 Electrolysis,0.0
marginal,Link,DK0 0,V2G,372.01172
marginal,Link,DK0 0,battery charger,4807.07031
marginal,Link,DK0 0,battery discharger,5352.52748
marginal,Link,DK0 0,electricity distribution grid,350103.01996
marginal,Link,DK0 0,home battery charger,21.71357
marginal,Link,DK0 0,home battery discharger,21.17288
marginal,Link,DK0 0,residential rural air heat pump,-13.08853
marginal,Link,DK0 0,residential rural ground heat pump,-23860.26365
marginal,Link,DK0 0,residential urban decentral air heat pump,-105986.35158
marginal,Link,DK0 0,services rural air heat pump,-9.64694
marginal,Link,DK0 0,services rural ground heat pump,-5827.05327
marginal,Link,DK0 0,services urban decentral air heat pump,-30631.55113
marginal,Link,DK0 0,urban central air heat pump,-231142.48188
marginal,Link,DK1 0,BEV charger,39437.1082
marginal,Link,DK1 0,DC,749407.60645
marginal,Link,DK1 0,H2 Electrolysis,0.0
marginal,Link,DK1 0,V2G,349.324
marginal,Link,DK1 0,battery charger,64328.1718
marginal,Link,DK1 0,battery discharger,57693.22547
marginal,Link,DK1 0,electricity distribution grid,270670.75589
marginal,Link,DK1 0,home battery charger,22.05455
marginal,Link,DK1 0,home battery discharger,20.74213
marginal,Link,DK1 0,residential rural air heat pump,-292.56504
marginal,Link,DK1 0,residential rural ground heat pump,-11018.55373
marginal,Link,DK1 0,residential urban decentral air heat pump,-74132.94647
marginal,Link,DK1 0,services rural air heat pump,-103.43761
marginal,Link,DK1 0,services rural ground heat pump,-2626.99186
marginal,Link,DK1 0,services urban decentral air heat pump,-19103.63192
marginal,Link,DK1 0,urban central air heat pump,-121127.19198
marginal,Link,EE0 0,BEV charger,17832.89031
marginal,Link,EE0 0,DC,4877.90189
marginal,Link,EE0 0,H2 Electrolysis,0.00025
marginal,Link,EE0 0,V2G,421.47748
marginal,Link,EE0 0,battery charger,14461.38062
marginal,Link,EE0 0,battery discharger,16265.7479
marginal,Link,EE0 0,electricity distribution grid,131773.69146
marginal,Link,EE0 0,home battery charger,24.29924
marginal,Link,EE0 0,home battery discharger,23.55105
marginal,Link,EE0 0,residential rural air heat pump,-843.72832
marginal,Link,EE0 0,residential rural ground heat pump,-20429.38817
marginal,Link,EE0 0,residential urban decentral air heat pump,-19938.94912
marginal,Link,EE0 0,services rural air heat pump,-512.47591
marginal,Link,EE0 0,services rural ground heat pump,-6309.4093
marginal,Link,EE0 0,services urban decentral air heat pump,-6681.31551
marginal,Link,EE0 0,urban central air heat pump,-44153.85724
marginal,Link,ES0 0,BEV charger,572885.99958
marginal,Link,ES0 0,DC,600752.86151
marginal,Link,ES0 0,H2 Electrolysis,0.0
marginal,Link,ES0 0,V2G,577.99011
marginal,Link,ES0 0,battery charger,36.52271
marginal,Link,ES0 0,battery discharger,29.94885
marginal,Link,ES0 0,electricity distribution grid,2382010.88748
marginal,Link,ES0 0,home battery charger,23.76252
marginal,Link,ES0 0,home battery discharger,21.04819
marginal,Link,ES0 0,residential rural air heat pump,-17016.84167
marginal,Link,ES0 0,residential rural ground heat pump,-119909.85947
marginal,Link,ES0 0,residential urban decentral air heat pump,-382681.7613
marginal,Link,ES0 0,services rural air heat pump,-5291.17841
marginal,Link,ES0 0,services rural ground heat pump,-60225.29101
marginal,Link,ES0 0,services urban decentral air heat pump,-176928.79579
marginal,Link,ES0 0,urban central air heat pump,-315396.23956
marginal,Link,ES6 0,BEV charger,10858.5479
marginal,Link,ES6 0,DC,3755.12195
marginal,Link,ES6 0,H2 Electrolysis,0.00025
marginal,Link,ES6 0,V2G,218.8841
marginal,Link,ES6 0,battery charger,26.8474
marginal,Link,ES6 0,battery discharger,23.79399
marginal,Link,ES6 0,electricity distribution grid,141491.51593
marginal,Link,ES6 0,home battery charger,20.1478
marginal,Link,ES6 0,home battery discharger,21.34129
marginal,Link,ES6 0,residential rural air heat pump,-992.60451
marginal,Link,ES6 0,residential rural ground heat pump,-75.93952
marginal,Link,ES6 0,residential urban decentral air heat pump,-6859.28604
marginal,Link,ES6 0,services rural air heat pump,-335.63637
marginal,Link,ES6 0,services rural ground heat pump,-71.09255
marginal,Link,ES6 0,services urban decentral air heat pump,-3046.43737
marginal,Link,ES6 0,urban central air heat pump,-6124.87599
marginal,Link,EU,co2 sequestered,0.00045
marginal,Link,EU,land transport oil,2586.00534
marginal,Link,FI1 0,BEV charger,96723.76899
marginal,Link,FI1 0,DC,52906.50984
marginal,Link,FI1 0,H2 Electrolysis,0.00022
marginal,Link,FI1 0,V2G,520.15922
marginal,Link,FI1 0,battery charger,263.36674
marginal,Link,FI1 0,battery discharger,237.05266
marginal,Link,FI1 0,electricity distribution grid,1210011.71467
marginal,Link,FI1 0,home battery charger,22.11029
marginal,Link,FI1 0,home battery discharger,23.7336
marginal,Link,FI1 0,residential rural air heat pump,-1304.70267
marginal,Link,FI1 0,residential rural ground heat pump,-82281.69694
marginal,Link,FI1 0,residential urban decentral air heat pump,-225931.09067
marginal,Link,FI1 0,services rural air heat pump,-1045.96745
marginal,Link,FI1 0,services rural ground heat pump,-24784.65812
marginal,Link,FI1 0,services urban decentral air heat pump,-81449.89687
marginal,Link,FI1 0,urban central air heat pump,-358434.77879
marginal,Link,FR0 0,BEV charger,1056005.30549
marginal,Link,FR0 0,DC,1498104.94148
marginal,Link,FR0 0,H2 Electrolysis,0.0
marginal,Link,FR0 0,V2G,570.83881
marginal,Link,FR0 0,battery charger,30.37903
marginal,Link,FR0 0,battery discharger,30.87825
marginal,Link,FR0 0,electricity distribution grid,6115354.70218
marginal,Link,FR0 0,home battery charger,24.87477
marginal,Link,FR0 0,home battery discharger,22.84088
marginal,Link,FR0 0,residential rural air heat pump,-8305.65697
marginal,Link,FR0 0,residential rural ground heat pump,-717996.90694
marginal,Link,FR0 0,residential urban decentral air heat pump,-2066057.74117
marginal,Link,FR0 0,services rural air heat pump,-3800.57598
marginal,Link,FR0 0,services rural ground heat pump,-258898.61582
marginal,Link,FR0 0,services urban decentral air heat pump,-719494.27962
marginal,Link,FR0 0,urban central air heat pump,-1649571.44269
marginal,Link,FR5 0,BEV charger,4324.88097
marginal,Link,FR5 0,DC,78742.82754
marginal,Link,FR5 0,H2 Electrolysis,7e-05
marginal,Link,FR5 0,V2G,229.78374
marginal,Link,FR5 0,battery charger,29.37152
marginal,Link,FR5 0,battery discharger,28.74468
marginal,Link,FR5 0,electricity distribution grid,71567.80253
marginal,Link,FR5 0,home battery charger,20.98168
marginal,Link,FR5 0,home battery discharger,20.1148
marginal,Link,FR5 0,residential rural air heat pump,-1183.22588
marginal,Link,FR5 0,residential rural ground heat pump,-14937.86622
marginal,Link,FR5 0,residential urban decentral air heat pump,0.0
marginal,Link,FR5 0,services rural air heat pump,-925.47283
marginal,Link,FR5 0,services rural ground heat pump,-4348.78476
marginal,Link,FR5 0,services urban decentral air heat pump,0.0
marginal,Link,GB2 0,BEV charger,739130.83241
marginal,Link,GB2 0,DC,2687321.05362
marginal,Link,GB2 0,H2 Electrolysis,0.0
marginal,Link,GB2 0,V2G,558.51764
marginal,Link,GB2 0,battery charger,289.13679
marginal,Link,GB2 0,battery discharger,274.80335
marginal,Link,GB2 0,electricity distribution grid,5262929.96448
marginal,Link,GB2 0,home battery charger,22.97684
marginal,Link,GB2 0,home battery discharger,24.14958
marginal,Link,GB2 0,residential rural air heat pump,-2272.04688
marginal,Link,GB2 0,residential rural ground heat pump,-378419.129
marginal,Link,GB2 0,residential urban decentral air heat pump,-1446670.71865
marginal,Link,GB2 0,services rural air heat pump,-1826.79041
marginal,Link,GB2 0,services rural ground heat pump,-138380.49787
marginal,Link,GB2 0,services urban decentral air heat pump,-513919.21776
marginal,Link,GB2 0,urban central air heat pump,-1338447.95382
marginal,Link,GB3 0,BEV charger,22006.81392
marginal,Link,GB3 0,DC,252926.59679
marginal,Link,GB3 0,H2 Electrolysis,0.0
marginal,Link,GB3 0,V2G,346.25289
marginal,Link,GB3 0,battery charger,11772.27408
marginal,Link,GB3 0,battery discharger,11657.49544
marginal,Link,GB3 0,electricity distribution grid,155861.58276
marginal,Link,GB3 0,home battery charger,21.41772
marginal,Link,GB3 0,home battery discharger,24.98131
marginal,Link,GB3 0,residential rural air heat pump,-1640.89652
marginal,Link,GB3 0,residential rural ground heat pump,-46322.8949
marginal,Link,GB3 0,residential urban decentral air heat pump,-18742.22926
marginal,Link,GB3 0,services rural air heat pump,-1171.25921
marginal,Link,GB3 0,services rural ground heat pump,-16441.48805
marginal,Link,GB3 0,services urban decentral air heat pump,-6261.26046
marginal,Link,GB3 0,urban central air heat pump,-14627.51432
marginal,Link,GR0 0,BEV charger,117177.41117
marginal,Link,GR0 0,DC,26094.18648
marginal,Link,GR0 0,H2 Electrolysis,0.0
marginal,Link,GR0 0,V2G,550.45381
marginal,Link,GR0 0,battery charger,33.294
marginal,Link,GR0 0,battery discharger,32.68146
marginal,Link,GR0 0,electricity distribution grid,328834.75769
marginal,Link,GR0 0,home battery charger,24.28569
marginal,Link,GR0 0,home battery discharger,21.01403
marginal,Link,GR0 0,residential rural air heat pump,-2599.48893
marginal,Link,GR0 0,residential rural ground heat pump,-31497.25634
marginal,Link,GR0 0,residential urban decentral air heat pump,-107001.40668
marginal,Link,GR0 0,services rural air heat pump,-2457.61272
marginal,Link,GR0 0,services rural ground heat pump,-13243.12334
marginal,Link,GR0 0,services urban decentral air heat pump,-49891.51954
marginal,Link,GR0 0,urban central air heat pump,-81888.32766
marginal,Link,HR0 0,BEV charger,50779.27383
marginal,Link,HR0 0,H2 Electrolysis,0.00024
marginal,Link,HR0 0,V2G,444.03306
marginal,Link,HR0 0,battery charger,28.3958
marginal,Link,HR0 0,battery discharger,29.57627
marginal,Link,HR0 0,electricity distribution grid,240581.75762
marginal,Link,HR0 0,home battery charger,21.45095
marginal,Link,HR0 0,home battery discharger,21.82086
marginal,Link,HR0 0,residential rural air heat pump,-2511.96588
marginal,Link,HR0 0,residential rural ground heat pump,-58184.52851
marginal,Link,HR0 0,residential urban decentral air heat pump,-51418.19342
marginal,Link,HR0 0,services rural air heat pump,-982.528
marginal,Link,HR0 0,services rural ground heat pump,-12344.90059
marginal,Link,HR0 0,services urban decentral air heat pump,-11380.95505
marginal,Link,HR0 0,urban central air heat pump,-50347.27853
marginal,Link,HU0 0,BEV charger,101652.60024
marginal,Link,HU0 0,H2 Electrolysis,0.00023
marginal,Link,HU0 0,V2G,488.15753
marginal,Link,HU0 0,battery charger,47.7218
marginal,Link,HU0 0,battery discharger,43.30579
marginal,Link,HU0 0,electricity distribution grid,690761.40516
marginal,Link,HU0 0,home battery charger,21.60357
marginal,Link,HU0 0,home battery discharger,20.25079
marginal,Link,HU0 0,residential rural air heat pump,-1970.89598
marginal,Link,HU0 0,residential rural ground heat pump,-119419.07889
marginal,Link,HU0 0,residential urban decentral air heat pump,-200095.02667
marginal,Link,HU0 0,services rural air heat pump,-1054.01792
marginal,Link,HU0 0,services rural ground heat pump,-41068.49336
marginal,Link,HU0 0,services urban decentral air heat pump,-62758.67008
marginal,Link,HU0 0,urban central air heat pump,-183746.26244
marginal,Link,IE3 0,BEV charger,79263.24097
marginal,Link,IE3 0,DC,708359.89442
marginal,Link,IE3 0,H2 Electrolysis,0.00027
marginal,Link,IE3 0,V2G,562.82414
marginal,Link,IE3 0,battery charger,13281.75367
marginal,Link,IE3 0,battery discharger,11592.96283
marginal,Link,IE3 0,electricity distribution grid,404816.09695
marginal,Link,IE3 0,home battery charger,23.15708
marginal,Link,IE3 0,home battery discharger,22.31055
marginal,Link,IE3 0,residential rural air heat pump,-1745.27661
marginal,Link,IE3 0,residential rural ground heat pump,-75238.25279
marginal,Link,IE3 0,residential urban decentral air heat pump,-103152.022
marginal,Link,IE3 0,services rural air heat pump,-2014.56479
marginal,Link,IE3 0,services rural ground heat pump,-30321.04621
marginal,Link,IE3 0,services urban decentral air heat pump,-39756.16216
marginal,Link,IE3 0,urban central air heat pump,-69148.09808
marginal,Link,IT0 0,BEV charger,749851.09383
marginal,Link,IT0 0,DC,397869.25743
marginal,Link,IT0 0,H2 Electrolysis,0.00024
marginal,Link,IT0 0,V2G,489.66733
marginal,Link,IT0 0,battery charger,30.28615
marginal,Link,IT0 0,battery discharger,33.59138
marginal,Link,IT0 0,electricity distribution grid,4601614.87149
marginal,Link,IT0 0,home battery charger,19.49679
marginal,Link,IT0 0,home battery discharger,22.18364
marginal,Link,IT0 0,residential rural air heat pump,-14739.41921
marginal,Link,IT0 0,residential rural ground heat pump,-615827.58073
marginal,Link,IT0 0,residential urban decentral air heat pump,-1071463.7137
marginal,Link,IT0 0,services rural air heat pump,-8683.55116
marginal,Link,IT0 0,services rural ground heat pump,-337432.58369
marginal,Link,IT0 0,services urban decentral air heat pump,-561891.61798
marginal,Link,IT0 0,urban central air heat pump,-1093781.12917
marginal,Link,IT4 0,BEV charger,18996.08187
marginal,Link,IT4 0,DC,138444.00783
marginal,Link,IT4 0,H2 Electrolysis,0.00024
marginal,Link,IT4 0,V2G,441.57967
marginal,Link,IT4 0,battery charger,25.11245
marginal,Link,IT4 0,battery discharger,27.27458
marginal,Link,IT4 0,electricity distribution grid,90141.13624
marginal,Link,IT4 0,home battery charger,19.59288
marginal,Link,IT4 0,home battery discharger,18.88379
marginal,Link,IT4 0,residential rural air heat pump,-4033.08784
marginal,Link,IT4 0,residential rural ground heat pump,-44204.44338
marginal,Link,IT4 0,residential urban decentral air heat pump,-8186.64864
marginal,Link,IT4 0,services rural air heat pump,-2175.60849
marginal,Link,IT4 0,services rural ground heat pump,-20690.15343
marginal,Link,IT4 0,services urban decentral air heat pump,-4425.6858
marginal,Link,IT4 0,urban central air heat pump,-8550.31122
marginal,Link,LT0 0,BEV charger,54740.61824
marginal,Link,LT0 0,DC,13995.22999
marginal,Link,LT0 0,H2 Electrolysis,0.00028
marginal,Link,LT0 0,V2G,432.87018
marginal,Link,LT0 0,battery charger,126.28307
marginal,Link,LT0 0,battery discharger,132.37193
marginal,Link,LT0 0,electricity distribution grid,202630.39017
marginal,Link,LT0 0,home battery charger,23.51628
marginal,Link,LT0 0,home battery discharger,19.62448
marginal,Link,LT0 0,residential rural air heat pump,-648.53346
marginal,Link,LT0 0,residential rural ground heat pump,-35617.46409
marginal,Link,LT0 0,residential urban decentral air heat pump,-32306.73399
marginal,Link,LT0 0,services rural air heat pump,-265.27447
marginal,Link,LT0 0,services rural ground heat pump,-8904.06979
marginal,Link,LT0 0,services urban decentral air heat pump,-8988.84918
marginal,Link,LT0 0,urban central air heat pump,-63914.09167
marginal,Link,LU0 0,BEV charger,25487.97611
marginal,Link,LU0 0,H2 Electrolysis,0.00022
marginal,Link,LU0 0,V2G,310.42754
marginal,Link,LU0 0,battery charger,1276.89452
marginal,Link,LU0 0,battery discharger,1031.30193
marginal,Link,LU0 0,electricity distribution grid,110988.73735
marginal,Link,LU0 0,home battery charger,15.87151
marginal,Link,LU0 0,home battery discharger,14.83583
marginal,Link,LU0 0,residential rural air heat pump,-78.3576
marginal,Link,LU0 0,residential rural ground heat pump,-3140.7792
marginal,Link,LU0 0,residential urban decentral air heat pump,-23069.16641
marginal,Link,LU0 0,services rural air heat pump,-48.15248
marginal,Link,LU0 0,services rural ground heat pump,-1858.01357
marginal,Link,LU0 0,services urban decentral air heat pump,-13671.79106
marginal,Link,LU0 0,urban central air heat pump,-23994.05934
marginal,Link,LV0 0,BEV charger,27454.38414
marginal,Link,LV0 0,H2 Electrolysis,0.00018
marginal,Link,LV0 0,V2G,380.96673
marginal,Link,LV0 0,battery charger,154.79611
marginal,Link,LV0 0,battery discharger,142.47816
marginal,Link,LV0 0,electricity distribution grid,137652.03134
marginal,Link,LV0 0,home battery charger,23.06666
marginal,Link,LV0 0,home battery discharger,22.29171
marginal,Link,LV0 0,residential rural air heat pump,-1505.57277
marginal,Link,LV0 0,residential rural ground heat pump,-27579.91149
marginal,Link,LV0 0,residential urban decentral air heat pump,-29257.11973
marginal,Link,LV0 0,services rural air heat pump,-692.25022
marginal,Link,LV0 0,services rural ground heat pump,-10752.89856
marginal,Link,LV0 0,services urban decentral air heat pump,-11810.65686
marginal,Link,LV0 0,urban central air heat pump,-49352.4957
marginal,Link,ME0 0,BEV charger,6153.79246
marginal,Link,ME0 0,DC,5240.36529
marginal,Link,ME0 0,H2 Electrolysis,0.00022
marginal,Link,ME0 0,V2G,202.27766
marginal,Link,ME0 0,battery charger,24.40191
marginal,Link,ME0 0,battery discharger,23.482
marginal,Link,ME0 0,electricity distribution grid,41479.80564
marginal,Link,ME0 0,home battery charger,17.69127
marginal,Link,ME0 0,home battery discharger,16.92868
marginal,Link,ME0 0,residential rural air heat pump,-423.74307
marginal,Link,ME0 0,residential rural ground heat pump,-4382.49391
marginal,Link,ME0 0,residential urban decentral air heat pump,-6139.10113
marginal,Link,ME0 0,services rural air heat pump,-59.82643
marginal,Link,ME0 0,services rural ground heat pump,-468.35718
marginal,Link,ME0 0,services urban decentral air heat pump,-741.47208
marginal,Link,ME0 0,urban central air heat pump,-3915.42943
marginal,Link,MK0 0,BEV charger,14769.35189
marginal,Link,MK0 0,H2 Electrolysis,0.00026
marginal,Link,MK0 0,V2G,349.30599
marginal,Link,MK0 0,battery charger,23.0998
marginal,Link,MK0 0,battery discharger,22.48462
marginal,Link,MK0 0,electricity distribution grid,79649.60727
marginal,Link,MK0 0,home battery charger,17.73627
marginal,Link,MK0 0,home battery discharger,18.23303
marginal,Link,MK0 0,residential rural air heat pump,-1015.70671
marginal,Link,MK0 0,residential rural ground heat pump,-13201.55706
marginal,Link,MK0 0,residential urban decentral air heat pump,-10038.69542
marginal,Link,MK0 0,services rural air heat pump,-399.81804
marginal,Link,MK0 0,services rural ground heat pump,-3791.16812
marginal,Link,MK0 0,services urban decentral air heat pump,-2922.51601
marginal,Link,MK0 0,urban central air heat pump,-13639.39129
marginal,Link,NL0 0,BEV charger,260703.22298
marginal,Link,NL0 0,DC,2053.00183
marginal,Link,NL0 0,H2 Electrolysis,0.0
marginal,Link,NL0 0,V2G,519.7432
marginal,Link,NL0 0,battery charger,20088.77205
marginal,Link,NL0 0,battery discharger,22847.56203
marginal,Link,NL0 0,electricity distribution grid,1883174.41377
marginal,Link,NL0 0,home battery charger,24.7548
marginal,Link,NL0 0,home battery discharger,22.20966
marginal,Link,NL0 0,residential rural air heat pump,-622.28004
marginal,Link,NL0 0,residential rural ground heat pump,-51426.41322
marginal,Link,NL0 0,residential urban decentral air heat pump,-574415.95682
marginal,Link,NL0 0,services rural air heat pump,-517.48199
marginal,Link,NL0 0,services rural ground heat pump,-27010.25603
marginal,Link,NL0 0,services urban decentral air heat pump,-303763.05194
marginal,Link,NL0 0,urban central air heat pump,-483941.01975
marginal,Link,NO1 0,BEV charger,72352.98622
marginal,Link,NO1 0,DC,1746397.31226
marginal,Link,NO1 0,H2 Electrolysis,0.0
marginal,Link,NO1 0,V2G,411.97308
marginal,Link,NO1 0,battery charger,21090.17761
marginal,Link,NO1 0,battery discharger,20362.38374
marginal,Link,NO1 0,electricity distribution grid,1121953.59342
marginal,Link,NO1 0,home battery charger,24.41298
marginal,Link,NO1 0,home battery discharger,22.77424
marginal,Link,NO1 0,residential rural air heat pump,-1194.54942
marginal,Link,NO1 0,residential rural ground heat pump,-55931.30454
marginal,Link,NO1 0,residential urban decentral air heat pump,-182277.21104
marginal,Link,NO1 0,services rural air heat pump,-1373.30708
marginal,Link,NO1 0,services rural ground heat pump,-43254.51022
marginal,Link,NO1 0,services urban decentral air heat pump,-142694.53576
marginal,Link,NO1 0,urban central air heat pump,-186221.29968
marginal,Link,PL0 0,BEV charger,535324.75048
marginal,Link,PL0 0,DC,1700.60577
marginal,Link,PL0 0,H2 Electrolysis,0.0
marginal,Link,PL0 0,V2G,538.93124
marginal,Link,PL0 0,battery charger,61049.62961
marginal,Link,PL0 0,battery discharger,64794.18924
marginal,Link,PL0 0,electricity distribution grid,2497160.02389
marginal,Link,PL0 0,home battery charger,22.2367
marginal,Link,PL0 0,home battery discharger,22.66332
marginal,Link,PL0 0,residential rural air heat pump,-12449.2307
marginal,Link,PL0 0,residential rural ground heat pump,-578000.35505
marginal,Link,PL0 0,residential urban decentral air heat pump,-492694.49087
marginal,Link,PL0 0,services rural air heat pump,-2590.36856
marginal,Link,PL0 0,services rural ground heat pump,-186547.54254
marginal,Link,PL0 0,services urban decentral air heat pump,-131604.92742
marginal,Link,PL0 0,urban central air heat pump,-740333.26564
marginal,Link,PT0 0,BEV charger,159951.495
marginal,Link,PT0 0,H2 Electrolysis,0.0
marginal,Link,PT0 0,V2G,481.76943
marginal,Link,PT0 0,battery charger,34.48187
marginal,Link,PT0 0,battery discharger,34.2598
marginal,Link,PT0 0,electricity distribution grid,654195.95282
marginal,Link,PT0 0,home battery charger,26.20982
marginal,Link,PT0 0,home battery discharger,21.96904
marginal,Link,PT0 0,residential rural air heat pump,-8871.61153
marginal,Link,PT0 0,residential rural ground heat pump,-29384.71707
marginal,Link,PT0 0,residential urban decentral air heat pump,-45981.76386
marginal,Link,PT0 0,services rural air heat pump,-11136.58277
marginal,Link,PT0 0,services rural ground heat pump,-23259.33989
marginal,Link,PT0 0,services urban decentral air heat pump,-51063.42221
marginal,Link,PT0 0,urban central air heat pump,-53601.39374
marginal,Link,RO0 0,BEV charger,161121.36672
marginal,Link,RO0 0,H2 Electrolysis,0.0
marginal,Link,RO0 0,V2G,521.33584
marginal,Link,RO0 0,battery charger,29.32365
marginal,Link,RO0 0,battery discharger,30.04552
marginal,Link,RO0 0,electricity distribution grid,979504.95703
marginal,Link,RO0 0,home battery charger,25.48761
marginal,Link,RO0 0,home battery discharger,25.59104
marginal,Link,RO0 0,residential rural air heat pump,-13332.97704
marginal,Link,RO0 0,residential rural ground heat pump,-203730.6062
marginal,Link,RO0 0,residential urban decentral air heat pump,-154136.16527
marginal,Link,RO0 0,services rural air heat pump,-2618.39094
marginal,Link,RO0 0,services rural ground heat pump,-40961.86665
marginal,Link,RO0 0,services urban decentral air heat pump,-34386.96125
marginal,Link,RO0 0,urban central air heat pump,-169614.2256
marginal,Link,RS0 0,BEV charger,43276.98214
marginal,Link,RS0 0,H2 Electrolysis,0.00022
marginal,Link,RS0 0,V2G,494.31099
marginal,Link,RS0 0,battery charger,33.89776
marginal,Link,RS0 0,battery discharger,33.55289
marginal,Link,RS0 0,electricity distribution grid,463363.46441
marginal,Link,RS0 0,home battery charger,23.80434
marginal,Link,RS0 0,home battery discharger,20.98285
marginal,Link,RS0 0,residential rural air heat pump,-2446.4911
marginal,Link,RS0 0,residential rural ground heat pump,-75693.01715
marginal,Link,RS0 0,residential urban decentral air heat pump,-46888.03756
marginal,Link,RS0 0,services rural air heat pump,-1255.22178
marginal,Link,RS0 0,services rural ground heat pump,-21310.74497
marginal,Link,RS0 0,services urban decentral air heat pump,-13357.29615
marginal,Link,RS0 0,urban central air heat pump,-74122.74011
marginal,Link,SE1 0,BEV charger,161431.13562
marginal,Link,SE1 0,DC,2547908.12227
marginal,Link,SE1 0,H2 Electrolysis,0.00023
marginal,Link,SE1 0,V2G,499.92605
marginal,Link,SE1 0,battery charger,57780.32153
marginal,Link,SE1 0,battery discharger,64178.96954
marginal,Link,SE1 0,electricity distribution grid,1653259.12958
marginal,Link,SE1 0,home battery charger,23.9541
marginal,Link,SE1 0,home battery discharger,22.76284
marginal,Link,SE1 0,residential rural air heat pump,-1883.41132
marginal,Link,SE1 0,residential rural ground heat pump,-102485.50432
marginal,Link,SE1 0,residential urban decentral air heat pump,-304129.94223
marginal,Link,SE1 0,services rural air heat pump,-676.36893
marginal,Link,SE1 0,services rural ground heat pump,-28077.2609
marginal,Link,SE1 0,services urban decentral air heat pump,-104070.59532
marginal,Link,SE1 0,urban central air heat pump,-615796.51824
marginal,Link,SI0 0,BEV charger,47407.23606
marginal,Link,SI0 0,DC,2402.48521
marginal,Link,SI0 0,H2 Electrolysis,0.00022
marginal,Link,SI0 0,V2G,421.49981
marginal,Link,SI0 0,battery charger,26.67813
marginal,Link,SI0 0,battery discharger,26.22887
marginal,Link,SI0 0,electricity distribution grid,202129.12851
marginal,Link,SI0 0,home battery charger,20.17725
marginal,Link,SI0 0,home battery discharger,21.38369
marginal,Link,SI0 0,residential rural air heat pump,-1539.53511
marginal,Link,SI0 0,residential rural ground heat pump,-39342.89971
marginal,Link,SI0 0,residential urban decentral air heat pump,-34225.20059
marginal,Link,SI0 0,services rural air heat pump,-758.91585
marginal,Link,SI0 0,services rural ground heat pump,-11186.22033
marginal,Link,SI0 0,services urban decentral air heat pump,-10229.09302
marginal,Link,SI0 0,urban central air heat pump,-32016.44524
marginal,Link,SK0 0,BEV charger,68391.07154
marginal,Link,SK0 0,H2 Electrolysis,0.00025
marginal,Link,SK0 0,V2G,495.83033
marginal,Link,SK0 0,battery charger,5351.38952
marginal,Link,SK0 0,battery discharger,4883.17215
marginal,Link,SK0 0,electricity distribution grid,403246.94019
marginal,Link,SK0 0,home battery charger,20.18999
marginal,Link,SK0 0,home battery discharger,19.64812
marginal,Link,SK0 0,residential rural air heat pump,-2985.86612
marginal,Link,SK0 0,residential rural ground heat pump,-81845.00641
marginal,Link,SK0 0,residential urban decentral air heat pump,-74028.7463
marginal,Link,SK0 0,services rural air heat pump,-1420.70112
marginal,Link,SK0 0,services rural ground heat pump,-41338.15898
marginal,Link,SK0 0,services urban decentral air heat pump,-34541.81737
marginal,Link,SK0 0,urban central air heat pump,-95967.3897
marginal,Link,XK0 0,BEV charger,8381.29004
marginal,Link,XK0 0,H2 Electrolysis,0.00023
marginal,Link,XK0 0,V2G,485.81801
marginal,Link,XK0 0,battery charger,23.81982
marginal,Link,XK0 0,battery discharger,23.35044
marginal,Link,XK0 0,electricity distribution grid,83546.65656
marginal,Link,XK0 0,home battery charger,17.83472
marginal,Link,XK0 0,home battery discharger,15.50626
marginal,Link,XK0 0,residential rural air heat pump,-783.18669
marginal,Link,XK0 0,residential rural ground heat pump,-9687.25774
marginal,Link,XK0 0,residential urban decentral air heat pump,-9973.95684
marginal,Link,XK0 0,services rural air heat pump,-258.20245
marginal,Link,XK0 0,services rural ground heat pump,-2457.0097
marginal,Link,XK0 0,services urban decentral air heat pump,-3094.30841
marginal,Link,XK0 0,urban central air heat pump,-8228.24117
marginal,StorageUnit,AL0 0,hydro,52408.45854
marginal,StorageUnit,AT0 0,PHS,40000.14085
marginal,StorageUnit,AT0 0,hydro,186817.47983
marginal,StorageUnit,BA0 0,PHS,478.13665
marginal,StorageUnit,BA0 0,hydro,67557.04465
marginal,StorageUnit,BE0 0,PHS,924.21274
marginal,StorageUnit,BE0 0,hydro,525.2001
marginal,StorageUnit,BG0 0,PHS,4288.49016
marginal,StorageUnit,BG0 0,hydro,31192.80725
marginal,StorageUnit,CH0 0,PHS,15264.53096
marginal,StorageUnit,CH0 0,hydro,231294.84598
marginal,StorageUnit,CZ0 0,PHS,688.10495
marginal,StorageUnit,CZ0 0,hydro,23040.06102
marginal,StorageUnit,DE0 0,PHS,1747.93149
marginal,StorageUnit,DE0 1,PHS,1753.73101
marginal,StorageUnit,ES0 0,PHS,69431.42527
marginal,StorageUnit,ES0 0,hydro,307064.50085
marginal,StorageUnit,ES6 0,PHS,4583.38507
marginal,StorageUnit,ES6 0,hydro,31074.61887
marginal,StorageUnit,FI1 0,hydro,48867.85209
marginal,StorageUnit,FR0 0,PHS,9344.43531
marginal,StorageUnit,FR0 0,hydro,255552.34527
marginal,StorageUnit,FR5 0,hydro,101326.93276
marginal,StorageUnit,GB3 0,PHS,1142.04681
marginal,StorageUnit,GB3 0,hydro,2339.46373
marginal,StorageUnit,GR0 0,PHS,1303.1465
marginal,StorageUnit,GR0 0,hydro,55154.67553
marginal,StorageUnit,HR0 0,PHS,1271.20665
marginal,StorageUnit,HR0 0,hydro,62273.2049
marginal,StorageUnit,HU0 0,hydro,914.21977
marginal,StorageUnit,IE3 0,PHS,750.21451
marginal,StorageUnit,IE3 0,hydro,16.55767
marginal,StorageUnit,IT0 0,PHS,25879.73545
marginal,StorageUnit,IT0 0,hydro,145784.9944
marginal,StorageUnit,IT4 0,PHS,1766.82405
marginal,StorageUnit,IT4 0,hydro,3341.45105
marginal,StorageUnit,LT0 0,PHS,1594.28343
marginal,StorageUnit,LU0 0,PHS,967.53542
marginal,StorageUnit,ME0 0,PHS,598.36346
marginal,StorageUnit,ME0 0,hydro,18134.08572
marginal,StorageUnit,MK0 0,hydro,8733.67111
marginal,StorageUnit,NO1 0,PHS,2558.91975
marginal,StorageUnit,NO1 0,hydro,1010477.36043
marginal,StorageUnit,PL0 0,PHS,2261.18344
marginal,StorageUnit,PL0 0,hydro,10270.42653
marginal,StorageUnit,PT0 0,PHS,29244.34802
marginal,StorageUnit,PT0 0,hydro,47491.96622
marginal,StorageUnit,RO0 0,hydro,71543.25577
marginal,StorageUnit,RS0 0,PHS,833.63644
marginal,StorageUnit,RS0 0,hydro,26806.91791
marginal,StorageUnit,SE1 0,PHS,1274.26175
marginal,StorageUnit,SE1 0,hydro,534722.17044
marginal,StorageUnit,SI0 0,PHS,502.87645
marginal,StorageUnit,SI0 0,hydro,20001.34616
marginal,StorageUnit,SK0 0,PHS,957.00284
marginal,StorageUnit,SK0 0,hydro,7504.51746
marginal,StorageUnit,XK0 0,hydro,627.83703
marginal,Store,AL0 0,EV battery,0.0
marginal,Store,AL0 0,battery,0.0
marginal,Store,AL0 0,home battery,0.0
marginal,Store,AT0 0,EV battery,-0.0
marginal,Store,AT0 0,H2 Store,-0.00026
marginal,Store,AT0 0,battery,0.0
marginal,Store,AT0 0,home battery,-0.0
marginal,Store,BA0 0,EV battery,-0.0
marginal,Store,BA0 0,battery,-0.0
marginal,Store,BA0 0,home battery,-0.0
marginal,Store,BE0 0,EV battery,0.0
marginal,Store,BE0 0,H2 Store,-0.00028
marginal,Store,BE0 0,battery,0.0
marginal,Store,BE0 0,home battery,0.0
marginal,Store,BG0 0,EV battery,0.0
marginal,Store,BG0 0,H2 Store,-0.00025
marginal,Store,BG0 0,battery,0.0
marginal,Store,BG0 0,home battery,0.0
marginal,Store,CH0 0,EV battery,-0.0
marginal,Store,CH0 0,H2 Store,-0.00028
marginal,Store,CH0 0,battery,0.0
marginal,Store,CH0 0,home battery,-0.0
marginal,Store,CZ0 0,EV battery,-0.0
marginal,Store,CZ0 0,H2 Store,-0.00026
marginal,Store,CZ0 0,battery,0.0
marginal,Store,CZ0 0,home battery,0.0
marginal,Store,DE0 0,EV battery,-0.0
marginal,Store,DE0 0,battery,0.0
marginal,Store,DE0 0,home battery,0.0
marginal,Store,DE0 1,EV battery,-0.0
marginal,Store,DE0 1,battery,-0.0
marginal,Store,DE0 1,home battery,-0.0
marginal,Store,DK0 0,EV battery,0.0
marginal,Store,DK0 0,battery,0.0
marginal,Store,DK0 0,home battery,0.0
marginal,Store,DK1 0,EV battery,-0.0
marginal,Store,DK1 0,battery,0.0
marginal,Store,DK1 0,home battery,0.0
marginal,Store,EE0 0,EV battery,-0.0
marginal,Store,EE0 0,H2 Store,-0.00026
marginal,Store,EE0 0,battery,-0.0
marginal,Store,EE0 0,home battery,0.0
marginal,Store,ES0 0,EV battery,-0.0
marginal,Store,ES0 0,battery,0.0
marginal,Store,ES0 0,home battery,-0.0
marginal,Store,ES6 0,EV battery,-0.0
marginal,Store,ES6 0,H2 Store,-0.00026
marginal,Store,ES6 0,battery,-0.0
marginal,Store,ES6 0,home battery,0.0
marginal,Store,EU,co2,-662.65598
marginal,Store,EU,co2 sequestered,0.00621
marginal,Store,EU,co2 stored,0.0
marginal,Store,EU,oil,0.0
marginal,Store,FI1 0,EV battery,0.0
marginal,Store,FI1 0,H2 Store,-0.00026
marginal,Store,FI1 0,battery,0.0
marginal,Store,FI1 0,home battery,-0.0
marginal,Store,FR0 0,EV battery,0.0
marginal,Store,FR0 0,battery,-0.0
marginal,Store,FR0 0,home battery,-0.0
marginal,Store,FR5 0,EV battery,-0.0
marginal,Store,FR5 0,H2 Store,-9e-05
marginal,Store,FR5 0,battery,0.0
marginal,Store,FR5 0,home battery,0.0
marginal,Store,GB2 0,EV battery,0.0
marginal,Store,GB2 0,battery,-0.0
marginal,Store,GB2 0,home battery,-0.0
marginal,Store,GB3 0,EV battery,-0.0
marginal,Store,GB3 0,battery,-0.0
marginal,Store,GB3 0,home battery,0.0
marginal,Store,GR0 0,EV battery,-0.0
marginal,Store,GR0 0,battery,0.0
marginal,Store,GR0 0,home battery,0.0
marginal,Store,HR0 0,EV battery,0.0
marginal,Store,HR0 0,H2 Store,-0.00027
marginal,Store,HR0 0,battery,0.0
marginal,Store,HR0 0,home battery,0.0
marginal,Store,HU0 0,EV battery,0.0
marginal,Store,HU0 0,H2 Store,-0.00023
marginal,Store,HU0 0,battery,0.0
marginal,Store,HU0 0,home battery,-0.0
marginal,Store,IE3 0,EV battery,0.0
marginal,Store,IE3 0,H2 Store,-0.00028
marginal,Store,IE3 0,battery,0.0
marginal,Store,IE3 0,home battery,0.0
marginal,Store,IT0 0,EV battery,0.0
marginal,Store,IT0 0,H2 Store,-0.00029
marginal,Store,IT0 0,battery,-0.0
marginal,Store,IT0 0,home battery,-0.0
marginal,Store,IT4 0,EV battery,0.0
marginal,Store,IT4 0,H2 Store,-0.00024
marginal,Store,IT4 0,battery,-0.0
marginal,Store,IT4 0,home battery,0.0
marginal,Store,LT0 0,EV battery,0.0
marginal,Store,LT0 0,H2 Store,-0.00026
marginal,Store,LT0 0,battery,-0.0
marginal,Store,LT0 0,home battery,0.0
marginal,Store,LU0 0,EV battery,0.0
marginal,Store,LU0 0,H2 Store,-0.00026
marginal,Store,LU0 0,battery,-0.0
marginal,Store,LU0 0,home battery,0.0
marginal,Store,LV0 0,EV battery,0.0
marginal,Store,LV0 0,H2 Store,-0.00018
marginal,Store,LV0 0,battery,0.0
marginal,Store,LV0 0,home battery,-0.0
marginal,Store,ME0 0,EV battery,-0.0
marginal,Store,ME0 0,H2 Store,-0.00027
marginal,Store,ME0 0,battery,-0.0
marginal,Store,ME0 0,home battery,-0.0
marginal,Store,MK0 0,EV battery,-0.0
marginal,Store,MK0 0,H2 Store,-0.00028
marginal,Store,MK0 0,battery,-0.0
marginal,Store,MK0 0,home battery,0.0
marginal,Store,NL0 0,EV battery,-0.0
marginal,Store,NL0 0,battery,0.0
marginal,Store,NL0 0,home battery,0.0
marginal,Store,NO1 0,EV battery,-0.0
marginal,Store,NO1 0,battery,0.0
marginal,Store,NO1 0,home battery,0.0
marginal,Store,PL0 0,EV battery,0.0
marginal,Store,PL0 0,battery,0.0
marginal,Store,PL0 0,home battery,-0.0
marginal,Store,PT0 0,EV battery,0.0
marginal,Store,PT0 0,battery,-0.0
marginal,Store,PT0 0,home battery,0.0
marginal,Store,RO0 0,EV battery,-0.0
marginal,Store,RO0 0,battery,-0.0
marginal,Store,RO0 0,home battery,-0.0
marginal,Store,RS0 0,EV battery,-0.0
marginal,Store,RS0 0,H2 Store,-0.00028
marginal,Store,RS0 0,battery,-0.0
marginal,Store,RS0 0,home battery,0.0
marginal,Store,SE1 0,EV battery,0.0
marginal,Store,SE1 0,H2 Store,-0.00027
marginal,Store,SE1 0,battery,0.0
marginal,Store,SE1 0,home battery,0.0
marginal,Store,SI0 0,EV battery,0.0
marginal,Store,SI0 0,H2 Store,-0.00027
marginal,Store,SI0 0,battery,0.0
marginal,Store,SI0 0,home battery,0.0
marginal,Store,SK0 0,EV battery,0.0
marginal,Store,SK0 0,H2 Store,-0.00026
marginal,Store,SK0 0,battery,-0.0
marginal,Store,SK0 0,home battery,-0.0
marginal,Store,XK0 0,EV battery,-0.0
marginal,Store,XK0 0,H2 Store,-0.00025
marginal,Store,XK0 0,battery,-0.0
marginal,Store,XK0 0,home battery,-0.0
