component,carrier,location,bus_carrier,0
Generator,biogas,EU,biogas,0.0
Generator,coal,EU,coal,106061919.07593
Generator,gas,EU,gas,765417934.22398
Generator,load,AL0 0,AC,2.1265
Generator,load,AL0 0,EV battery,2.20082
Generator,load,AL0 0,H2,2.18786
Generator,load,AL0 0,battery,2.16781
Generator,load,AL0 0,home battery,2.18205
Generator,load,AL0 0,low voltage,2.1422
Generator,load,AL0 0,residential rural heat,0.0
Generator,load,AL0 0,residential urban decentral heat,0.0
Generator,load,AL0 0,services rural heat,0.0
Generator,load,AL0 0,services urban decentral heat,0.0
Generator,load,AL0 0,urban central heat,0.0
Generator,load,AT0 0,AC,2.15813
Generator,load,AT0 0,EV battery,2.34785
Generator,load,AT0 0,H2,2.18783
Generator,load,AT0 0,battery,2.15374
Generator,load,AT0 0,home battery,2.20699
Generator,load,AT0 0,low voltage,2.16011
Generator,load,AT0 0,residential rural heat,0.0
Generator,load,AT0 0,residential urban decentral heat,0.0
Generator,load,AT0 0,services rural heat,0.0
Generator,load,AT0 0,services urban decentral heat,0.0
Generator,load,AT0 0,urban central heat,0.0
Generator,load,BA0 0,AC,2.10548
Generator,load,BA0 0,EV battery,2.25019
Generator,load,BA0 0,H2,2.18785
Generator,load,BA0 0,battery,2.10385
Generator,load,BA0 0,home battery,2.14749
Generator,load,BA0 0,low voltage,2.09345
Generator,load,BA0 0,residential rural heat,0.0
Generator,load,BA0 0,residential urban decentral heat,0.0
Generator,load,BA0 0,services rural heat,0.0
Generator,load,BA0 0,services urban decentral heat,0.0
Generator,load,BA0 0,urban central heat,0.0
Generator,load,BE0 0,AC,0.0
Generator,load,BE0 0,EV battery,2.34166
Generator,load,BE0 0,H2,2.18381
Generator,load,BE0 0,battery,0.0
Generator,load,BE0 0,home battery,0.0
Generator,load,BE0 0,low voltage,0.0
Generator,load,BE0 0,residential rural heat,0.0
Generator,load,BE0 0,residential urban decentral heat,0.0
Generator,load,BE0 0,services rural heat,0.0
Generator,load,BE0 0,services urban decentral heat,0.0
Generator,load,BE0 0,urban central heat,0.0
Generator,load,BG0 0,AC,0.0
Generator,load,BG0 0,EV battery,2.30165
Generator,load,BG0 0,H2,2.18736
Generator,load,BG0 0,battery,0.0
Generator,load,BG0 0,home battery,0.0
Generator,load,BG0 0,low voltage,0.0
Generator,load,BG0 0,residential rural heat,0.0
Generator,load,BG0 0,residential urban decentral heat,0.0
Generator,load,BG0 0,services rural heat,0.0
Generator,load,BG0 0,services urban decentral heat,0.0
Generator,load,BG0 0,urban central heat,0.0
Generator,load,CH0 0,AC,0.0
Generator,load,CH0 0,EV battery,2.32041
Generator,load,CH0 0,H2,2.18748
Generator,load,CH0 0,battery,0.0
Generator,load,CH0 0,home battery,0.0
Generator,load,CH0 0,low voltage,0.0
Generator,load,CH0 0,residential rural heat,0.0
Generator,load,CH0 0,residential urban decentral heat,0.0
Generator,load,CH0 0,services rural heat,0.0
Generator,load,CH0 0,services urban decentral heat,0.0
Generator,load,CH0 0,urban central heat,0.0
Generator,load,CZ0 0,AC,0.0
Generator,load,CZ0 0,EV battery,2.33582
Generator,load,CZ0 0,H2,2.18505
Generator,load,CZ0 0,battery,0.0
Generator,load,CZ0 0,home battery,0.0
Generator,load,CZ0 0,low voltage,0.0
Generator,load,CZ0 0,residential rural heat,0.0
Generator,load,CZ0 0,residential urban decentral heat,0.0
Generator,load,CZ0 0,services rural heat,0.0
Generator,load,CZ0 0,services urban decentral heat,0.0
Generator,load,CZ0 0,urban central heat,0.0
Generator,load,DE0 0,AC,0.0
Generator,load,DE0 0,EV battery,2.31681
Generator,load,DE0 0,H2,2.18524
Generator,load,DE0 0,battery,0.0
Generator,load,DE0 0,home battery,0.0
Generator,load,DE0 0,low voltage,0.0
Generator,load,DE0 0,residential rural heat,0.0
Generator,load,DE0 0,residential urban decentral heat,0.0
Generator,load,DE0 0,services rural heat,0.0
Generator,load,DE0 0,services urban decentral heat,0.0
Generator,load,DE0 0,urban central heat,0.0
Generator,load,DE0 1,AC,0.0
Generator,load,DE0 1,EV battery,2.3343
Generator,load,DE0 1,H2,2.18503
Generator,load,DE0 1,battery,0.0
Generator,load,DE0 1,home battery,0.0
Generator,load,DE0 1,low voltage,0.0
Generator,load,DE0 1,residential rural heat,0.0
Generator,load,DE0 1,residential urban decentral heat,0.0
Generator,load,DE0 1,services rural heat,0.0
Generator,load,DE0 1,services urban decentral heat,0.0
Generator,load,DE0 1,urban central heat,0.0
Generator,load,DK0 0,AC,2.15344
Generator,load,DK0 0,EV battery,2.31067
Generator,load,DK0 0,H2,2.18483
Generator,load,DK0 0,battery,2.19333
Generator,load,DK0 0,home battery,2.19321
Generator,load,DK0 0,low voltage,2.15554
Generator,load,DK0 0,residential rural heat,0.0
Generator,load,DK0 0,residential urban decentral heat,0.0
Generator,load,DK0 0,services rural heat,0.0
Generator,load,DK0 0,services urban decentral heat,0.0
Generator,load,DK0 0,urban central heat,0.0
Generator,load,DK1 0,AC,1.96366
Generator,load,DK1 0,EV battery,2.27585
Generator,load,DK1 0,H2,2.18454
Generator,load,DK1 0,battery,1.9641
Generator,load,DK1 0,home battery,2.11242
Generator,load,DK1 0,low voltage,1.96753
Generator,load,DK1 0,residential rural heat,0.0
Generator,load,DK1 0,residential urban decentral heat,0.0
Generator,load,DK1 0,services rural heat,0.0
Generator,load,DK1 0,services urban decentral heat,0.0
Generator,load,DK1 0,urban central heat,0.0
Generator,load,EE0 0,AC,2.00121
Generator,load,EE0 0,EV battery,2.21527
Generator,load,EE0 0,H2,2.18267
Generator,load,EE0 0,battery,2.00492
Generator,load,EE0 0,home battery,2.10234
Generator,load,EE0 0,low voltage,2.01451
Generator,load,EE0 0,residential rural heat,0.0
Generator,load,EE0 0,residential urban decentral heat,0.0
Generator,load,EE0 0,services rural heat,0.0
Generator,load,EE0 0,services urban decentral heat,0.0
Generator,load,EE0 0,urban central heat,0.0
Generator,load,ES0 0,AC,0.0
Generator,load,ES0 0,EV battery,2.32736
Generator,load,ES0 0,H2,2.18565
Generator,load,ES0 0,battery,0.0
Generator,load,ES0 0,home battery,0.0
Generator,load,ES0 0,low voltage,0.0
Generator,load,ES0 0,residential rural heat,0.0
Generator,load,ES0 0,residential urban decentral heat,0.0
Generator,load,ES0 0,services rural heat,0.0
Generator,load,ES0 0,services urban decentral heat,0.0
Generator,load,ES0 0,urban central heat,0.0
Generator,load,ES6 0,AC,0.0
Generator,load,ES6 0,EV battery,2.08347
Generator,load,ES6 0,H2,2.18441
Generator,load,ES6 0,battery,0.0
Generator,load,ES6 0,home battery,0.0
Generator,load,ES6 0,low voltage,0.0
Generator,load,ES6 0,residential rural heat,0.0
Generator,load,ES6 0,residential urban decentral heat,0.0
Generator,load,ES6 0,services rural heat,0.0
Generator,load,ES6 0,services urban decentral heat,0.0
Generator,load,ES6 0,urban central heat,0.0
Generator,load,EU,agriculture machinery oil,2.61241
Generator,load,EU,biogas,0.0
Generator,load,EU,co2,0.0
Generator,load,EU,co2 sequestered,42.97371
Generator,load,EU,co2 stored,37.70138
Generator,load,EU,coal,0.0
Generator,load,EU,coal for industry,0.94373
Generator,load,EU,gas,0.0
Generator,load,EU,gas for industry,1.77955
Generator,load,EU,industry methanol,2.24846
Generator,load,EU,kerosene for aviation,19.09405
Generator,load,EU,land transport oil,15.61151
Generator,load,EU,methanol,2.32168
Generator,load,EU,naphtha for industry,1.75981
Generator,load,EU,non-sequestered HVC,1.50628
Generator,load,EU,none,0.0
Generator,load,EU,oil,2.3422
Generator,load,EU,oil primary,0.0
Generator,load,EU,process emissions,8.14002
Generator,load,EU,shipping methanol,2.24213
Generator,load,EU,shipping oil,12.37907
Generator,load,EU,solid biomass,1.96109
Generator,load,EU,solid biomass for industry,2.24991
Generator,load,FI1 0,AC,0.0
Generator,load,FI1 0,EV battery,2.32245
Generator,load,FI1 0,H2,2.18299
Generator,load,FI1 0,battery,0.0
Generator,load,FI1 0,home battery,0.0
Generator,load,FI1 0,low voltage,0.0
Generator,load,FI1 0,residential rural heat,0.0
Generator,load,FI1 0,residential urban decentral heat,0.0
Generator,load,FI1 0,services rural heat,0.0
Generator,load,FI1 0,services urban decentral heat,0.0
Generator,load,FI1 0,urban central heat,0.0
Generator,load,FR0 0,AC,0.0
Generator,load,FR0 0,EV battery,2.29947
Generator,load,FR0 0,H2,2.18651
Generator,load,FR0 0,battery,0.0
Generator,load,FR0 0,home battery,0.0
Generator,load,FR0 0,low voltage,0.0
Generator,load,FR0 0,residential rural heat,0.0
Generator,load,FR0 0,residential urban decentral heat,0.0
Generator,load,FR0 0,services rural heat,0.0
Generator,load,FR0 0,services urban decentral heat,0.0
Generator,load,FR0 0,urban central heat,0.0
Generator,load,FR5 0,AC,2.26404
Generator,load,FR5 0,EV battery,1.53941
Generator,load,FR5 0,H2,2.02592
Generator,load,FR5 0,battery,2.27295
Generator,load,FR5 0,home battery,2.279
Generator,load,FR5 0,low voltage,2.27761
Generator,load,FR5 0,residential rural heat,0.0
Generator,load,FR5 0,residential urban decentral heat,0.0
Generator,load,FR5 0,services rural heat,0.0
Generator,load,FR5 0,services urban decentral heat,0.0
Generator,load,GB2 0,AC,0.0
Generator,load,GB2 0,EV battery,2.32024
Generator,load,GB2 0,H2,2.18464
Generator,load,GB2 0,battery,0.0
Generator,load,GB2 0,home battery,0.0
Generator,load,GB2 0,low voltage,0.0
Generator,load,GB2 0,residential rural heat,0.0
Generator,load,GB2 0,residential urban decentral heat,0.0
Generator,load,GB2 0,services rural heat,0.0
Generator,load,GB2 0,services urban decentral heat,0.0
Generator,load,GB2 0,urban central heat,0.0
Generator,load,GB3 0,AC,0.0
Generator,load,GB3 0,EV battery,2.22733
Generator,load,GB3 0,H2,2.18375
Generator,load,GB3 0,battery,0.0
Generator,load,GB3 0,home battery,0.0
Generator,load,GB3 0,low voltage,0.0
Generator,load,GB3 0,residential rural heat,0.0
Generator,load,GB3 0,residential urban decentral heat,0.0
Generator,load,GB3 0,services rural heat,0.0
Generator,load,GB3 0,services urban decentral heat,0.0
Generator,load,GB3 0,urban central heat,0.0
Generator,load,GR0 0,AC,1.90512
Generator,load,GR0 0,EV battery,2.3322
Generator,load,GR0 0,H2,2.19087
Generator,load,GR0 0,battery,2.03695
Generator,load,GR0 0,home battery,2.01826
Generator,load,GR0 0,low voltage,1.89212
Generator,load,GR0 0,residential rural heat,0.0
Generator,load,GR0 0,residential urban decentral heat,0.0
Generator,load,GR0 0,services rural heat,0.0
Generator,load,GR0 0,services urban decentral heat,0.0
Generator,load,GR0 0,urban central heat,0.0
Generator,load,HR0 0,AC,2.01628
Generator,load,HR0 0,EV battery,2.29491
Generator,load,HR0 0,H2,2.18749
Generator,load,HR0 0,battery,2.01156
Generator,load,HR0 0,home battery,2.10674
Generator,load,HR0 0,low voltage,2.00475
Generator,load,HR0 0,residential rural heat,0.0
Generator,load,HR0 0,residential urban decentral heat,0.0
Generator,load,HR0 0,services rural heat,0.0
Generator,load,HR0 0,services urban decentral heat,0.0
Generator,load,HR0 0,urban central heat,0.0
Generator,load,HU0 0,AC,0.0
Generator,load,HU0 0,EV battery,2.32524
Generator,load,HU0 0,H2,2.18668
Generator,load,HU0 0,battery,0.0
Generator,load,HU0 0,home battery,0.0
Generator,load,HU0 0,low voltage,0.0
Generator,load,HU0 0,residential rural heat,0.0
Generator,load,HU0 0,residential urban decentral heat,0.0
Generator,load,HU0 0,services rural heat,0.0
Generator,load,HU0 0,services urban decentral heat,0.0
Generator,load,HU0 0,urban central heat,0.0
Generator,load,IE3 0,AC,1.92976
Generator,load,IE3 0,EV battery,2.32164
Generator,load,IE3 0,H2,2.18439
Generator,load,IE3 0,battery,1.92784
Generator,load,IE3 0,home battery,2.07191
Generator,load,IE3 0,low voltage,1.94065
Generator,load,IE3 0,residential rural heat,0.0
Generator,load,IE3 0,residential urban decentral heat,0.0
Generator,load,IE3 0,services rural heat,0.0
Generator,load,IE3 0,services urban decentral heat,0.0
Generator,load,IE3 0,urban central heat,0.0
Generator,load,IT0 0,AC,0.0
Generator,load,IT0 0,EV battery,2.31695
Generator,load,IT0 0,H2,2.04382
Generator,load,IT0 0,battery,0.0
Generator,load,IT0 0,home battery,0.0
Generator,load,IT0 0,low voltage,0.0
Generator,load,IT0 0,residential rural heat,0.0
Generator,load,IT0 0,residential urban decentral heat,0.0
Generator,load,IT0 0,services rural heat,0.0
Generator,load,IT0 0,services urban decentral heat,0.0
Generator,load,IT0 0,urban central heat,0.0
Generator,load,IT4 0,AC,1.92687
Generator,load,IT4 0,EV battery,2.22245
Generator,load,IT4 0,H2,2.01116
Generator,load,IT4 0,battery,1.92739
Generator,load,IT4 0,home battery,2.03907
Generator,load,IT4 0,low voltage,1.92334
Generator,load,IT4 0,residential rural heat,0.0
Generator,load,IT4 0,residential urban decentral heat,0.0
Generator,load,IT4 0,services rural heat,0.0
Generator,load,IT4 0,services urban decentral heat,0.0
Generator,load,IT4 0,urban central heat,0.0
Generator,load,LT0 0,AC,0.0
Generator,load,LT0 0,EV battery,2.29194
Generator,load,LT0 0,H2,2.18274
Generator,load,LT0 0,battery,0.0
Generator,load,LT0 0,home battery,0.0
Generator,load,LT0 0,low voltage,0.0
Generator,load,LT0 0,residential rural heat,0.0
Generator,load,LT0 0,residential urban decentral heat,0.0
Generator,load,LT0 0,services rural heat,0.0
Generator,load,LT0 0,services urban decentral heat,0.0
Generator,load,LT0 0,urban central heat,0.0
Generator,load,LU0 0,AC,2.17166
Generator,load,LU0 0,EV battery,2.24091
Generator,load,LU0 0,H2,2.18447
Generator,load,LU0 0,battery,2.18787
Generator,load,LU0 0,home battery,2.21724
Generator,load,LU0 0,low voltage,2.19375
Generator,load,LU0 0,residential rural heat,0.0
Generator,load,LU0 0,residential urban decentral heat,0.0
Generator,load,LU0 0,services rural heat,0.0
Generator,load,LU0 0,services urban decentral heat,0.0
Generator,load,LU0 0,urban central heat,0.0
Generator,load,LV0 0,AC,2.01369
Generator,load,LV0 0,EV battery,2.24188
Generator,load,LV0 0,H2,2.18227
Generator,load,LV0 0,battery,2.01364
Generator,load,LV0 0,home battery,2.11213
Generator,load,LV0 0,low voltage,2.02244
Generator,load,LV0 0,residential rural heat,0.0
Generator,load,LV0 0,residential urban decentral heat,0.0
Generator,load,LV0 0,services rural heat,0.0
Generator,load,LV0 0,services urban decentral heat,0.0
Generator,load,LV0 0,urban central heat,0.0
Generator,load,ME0 0,AC,2.09224
Generator,load,ME0 0,EV battery,1.71282
Generator,load,ME0 0,H2,2.18974
Generator,load,ME0 0,battery,2.08577
Generator,load,ME0 0,home battery,2.16184
Generator,load,ME0 0,low voltage,2.08669
Generator,load,ME0 0,residential rural heat,0.0
Generator,load,ME0 0,residential urban decentral heat,0.0
Generator,load,ME0 0,services rural heat,0.0
Generator,load,ME0 0,services urban decentral heat,0.0
Generator,load,ME0 0,urban central heat,0.0
Generator,load,MK0 0,AC,2.18199
Generator,load,MK0 0,EV battery,2.19498
Generator,load,MK0 0,H2,2.05292
Generator,load,MK0 0,battery,2.20368
Generator,load,MK0 0,home battery,2.2227
Generator,load,MK0 0,low voltage,2.19883
Generator,load,MK0 0,residential rural heat,0.0
Generator,load,MK0 0,residential urban decentral heat,0.0
Generator,load,MK0 0,services rural heat,0.0
Generator,load,MK0 0,services urban decentral heat,0.0
Generator,load,MK0 0,urban central heat,0.0
Generator,load,NL0 0,AC,0.0
Generator,load,NL0 0,EV battery,2.34031
Generator,load,NL0 0,H2,2.18415
Generator,load,NL0 0,battery,0.0
Generator,load,NL0 0,home battery,0.0
Generator,load,NL0 0,low voltage,0.0
Generator,load,NL0 0,residential rural heat,0.0
Generator,load,NL0 0,residential urban decentral heat,0.0
Generator,load,NL0 0,services rural heat,0.0
Generator,load,NL0 0,services urban decentral heat,0.0
Generator,load,NL0 0,urban central heat,0.0
Generator,load,NO1 0,AC,1.99024
Generator,load,NO1 0,EV battery,2.30868
Generator,load,NO1 0,H2,2.18427
Generator,load,NO1 0,battery,2.11191
Generator,load,NO1 0,home battery,2.11052
Generator,load,NO1 0,low voltage,2.02396
Generator,load,NO1 0,residential rural heat,0.0
Generator,load,NO1 0,residential urban decentral heat,0.0
Generator,load,NO1 0,services rural heat,0.0
Generator,load,NO1 0,services urban decentral heat,0.0
Generator,load,NO1 0,urban central heat,0.0
Generator,load,PL0 0,AC,2.04546
Generator,load,PL0 0,EV battery,2.34745
Generator,load,PL0 0,H2,2.18457
Generator,load,PL0 0,battery,2.13286
Generator,load,PL0 0,home battery,2.13094
Generator,load,PL0 0,low voltage,2.05032
Generator,load,PL0 0,residential rural heat,0.0
Generator,load,PL0 0,residential urban decentral heat,0.0
Generator,load,PL0 0,services rural heat,0.0
Generator,load,PL0 0,services urban decentral heat,0.0
Generator,load,PL0 0,urban central heat,0.0
Generator,load,PT0 0,AC,1.97232
Generator,load,PT0 0,EV battery,2.33646
Generator,load,PT0 0,H2,2.18561
Generator,load,PT0 0,battery,1.97256
Generator,load,PT0 0,home battery,1.99175
Generator,load,PT0 0,low voltage,1.87982
Generator,load,PT0 0,residential rural heat,0.0
Generator,load,PT0 0,residential urban decentral heat,0.0
Generator,load,PT0 0,services rural heat,0.0
Generator,load,PT0 0,services urban decentral heat,0.0
Generator,load,PT0 0,urban central heat,0.0
Generator,load,RO0 0,AC,0.0
Generator,load,RO0 0,EV battery,2.33568
Generator,load,RO0 0,H2,2.18667
Generator,load,RO0 0,battery,0.0
Generator,load,RO0 0,home battery,0.0
Generator,load,RO0 0,low voltage,0.0
Generator,load,RO0 0,residential rural heat,0.0
Generator,load,RO0 0,residential urban decentral heat,0.0
Generator,load,RO0 0,services rural heat,0.0
Generator,load,RO0 0,services urban decentral heat,0.0
Generator,load,RO0 0,urban central heat,0.0
Generator,load,RS0 0,AC,2.1649
Generator,load,RS0 0,EV battery,2.2846
Generator,load,RS0 0,H2,2.18783
Generator,load,RS0 0,battery,2.15281
Generator,load,RS0 0,home battery,2.20385
Generator,load,RS0 0,low voltage,2.1602
Generator,load,RS0 0,residential rural heat,0.0
Generator,load,RS0 0,residential urban decentral heat,0.0
Generator,load,RS0 0,services rural heat,0.0
Generator,load,RS0 0,services urban decentral heat,0.0
Generator,load,RS0 0,urban central heat,0.0
Generator,load,SE1 0,AC,0.0
Generator,load,SE1 0,EV battery,2.32991
Generator,load,SE1 0,H2,2.18411
Generator,load,SE1 0,battery,0.0
Generator,load,SE1 0,home battery,0.0
Generator,load,SE1 0,low voltage,0.0
Generator,load,SE1 0,residential rural heat,0.0
Generator,load,SE1 0,residential urban decentral heat,0.0
Generator,load,SE1 0,services rural heat,0.0
Generator,load,SE1 0,services urban decentral heat,0.0
Generator,load,SE1 0,urban central heat,0.0
Generator,load,SI0 0,AC,0.0
Generator,load,SI0 0,EV battery,2.2762
Generator,load,SI0 0,H2,2.18863
Generator,load,SI0 0,battery,0.0
Generator,load,SI0 0,home battery,0.0
Generator,load,SI0 0,low voltage,0.0
Generator,load,SI0 0,residential rural heat,0.0
Generator,load,SI0 0,residential urban decentral heat,0.0
Generator,load,SI0 0,services rural heat,0.0
Generator,load,SI0 0,services urban decentral heat,0.0
Generator,load,SI0 0,urban central heat,0.0
Generator,load,SK0 0,AC,0.0
Generator,load,SK0 0,EV battery,2.30512
Generator,load,SK0 0,H2,2.18518
Generator,load,SK0 0,battery,0.0
Generator,load,SK0 0,home battery,0.0
Generator,load,SK0 0,low voltage,0.0
Generator,load,SK0 0,residential rural heat,0.0
Generator,load,SK0 0,residential urban decentral heat,0.0
Generator,load,SK0 0,services rural heat,0.0
Generator,load,SK0 0,services urban decentral heat,0.0
Generator,load,SK0 0,urban central heat,0.0
Generator,load,XK0 0,AC,2.18895
Generator,load,XK0 0,EV battery,2.02762
Generator,load,XK0 0,H2,2.05242
Generator,load,XK0 0,battery,2.20817
Generator,load,XK0 0,home battery,2.22676
Generator,load,XK0 0,low voltage,2.20417
Generator,load,XK0 0,residential rural heat,0.0
Generator,load,XK0 0,residential urban decentral heat,0.0
Generator,load,XK0 0,services rural heat,0.0
Generator,load,XK0 0,services urban decentral heat,0.0
Generator,load,XK0 0,urban central heat,0.0
Generator,nuclear,BE0 0,AC,32000325.83029
Generator,nuclear,BG0 0,AC,7491755.09974
Generator,nuclear,CH0 0,AC,12441791.40408
Generator,nuclear,CZ0 0,AC,19842062.82723
Generator,nuclear,DE0 0,AC,91518547.66722
Generator,nuclear,DE0 1,AC,43189544.01384
Generator,nuclear,ES0 0,AC,11635904.11593
Generator,nuclear,ES6 0,AC,7676669.92816
Generator,nuclear,FI1 0,AC,31331299.44095
Generator,nuclear,FR0 0,AC,172095439.26504
Generator,nuclear,GB2 0,AC,59846054.70469
Generator,nuclear,GB3 0,AC,11691394.00862
Generator,nuclear,HU0 0,AC,8084201.78576
Generator,nuclear,IT0 0,AC,6524678.29508
Generator,nuclear,LT0 0,AC,15583503.84386
Generator,nuclear,NL0 0,AC,322347.25003
Generator,nuclear,RO0 0,AC,5385900.26864
Generator,nuclear,SE1 0,AC,59571080.18121
Generator,nuclear,SI0 0,AC,2870613.80273
Generator,nuclear,SK0 0,AC,8772121.58267
Generator,offwind-ac,AL0 0,AC,17964.62947
Generator,offwind-ac,BA0 0,AC,802.7982
Generator,offwind-ac,BE0 0,AC,9754250.31572
Generator,offwind-ac,BG0 0,AC,34463.60277
Generator,offwind-ac,DE0 0,AC,33541008.62889
Generator,offwind-ac,DE0 1,AC,9296462.03126
Generator,offwind-ac,DK0 0,AC,6725829.80129
Generator,offwind-ac,DK1 0,AC,4434980.75101
Generator,offwind-ac,EE0 0,AC,29355.08366
Generator,offwind-ac,ES0 0,AC,49299.67893
Generator,offwind-ac,ES6 0,AC,6185.76587
Generator,offwind-ac,FI1 0,AC,299133.75713
Generator,offwind-ac,FR0 0,AC,9588403.59388
Generator,offwind-ac,FR5 0,AC,8934.68585
Generator,offwind-ac,GB2 0,AC,102734397.87269
Generator,offwind-ac,GB3 0,AC,25760666.95104
Generator,offwind-ac,GR0 0,AC,13447.67638
Generator,offwind-ac,HR0 0,AC,7887.04061
Generator,offwind-ac,IE3 0,AC,2993731.94759
Generator,offwind-ac,IT0 0,AC,49019.0214
Generator,offwind-ac,IT4 0,AC,16261.60924
Generator,offwind-ac,LT0 0,AC,103612.00757
Generator,offwind-ac,LV0 0,AC,51583.29401
Generator,offwind-ac,ME0 0,AC,6516.12212
Generator,offwind-ac,NL0 0,AC,25122427.662
Generator,offwind-ac,NO1 0,AC,500423.8042
Generator,offwind-ac,PL0 0,AC,27872747.72582
Generator,offwind-ac,PT0 0,AC,74518.24794
Generator,offwind-ac,RO0 0,AC,5077935.80207
Generator,offwind-ac,SE1 0,AC,818193.91664
Generator,offwind-ac,SI0 0,AC,1784.47482
Generator,offwind-dc,AL0 0,AC,64991.80738
Generator,offwind-dc,BE0 0,AC,88943.14458
Generator,offwind-dc,BG0 0,AC,59337.08278
Generator,offwind-dc,DE0 0,AC,424510.24436
Generator,offwind-dc,DE0 1,AC,1208570.23325
Generator,offwind-dc,DK0 0,AC,36410.02261
Generator,offwind-dc,DK1 0,AC,22983.26203
Generator,offwind-dc,EE0 0,AC,23625.63414
Generator,offwind-dc,ES0 0,AC,26267.91703
Generator,offwind-dc,ES6 0,AC,9083.3079
Generator,offwind-dc,FI1 0,AC,29126314.21585
Generator,offwind-dc,FR0 0,AC,332686047.28825
Generator,offwind-dc,FR5 0,AC,21427.01049
Generator,offwind-dc,GB2 0,AC,38797.96827
Generator,offwind-dc,GB3 0,AC,29118.44582
Generator,offwind-dc,GR0 0,AC,17523.94701
Generator,offwind-dc,HR0 0,AC,12330.36637
Generator,offwind-dc,IE3 0,AC,558056.55744
Generator,offwind-dc,IT0 0,AC,95548.52258
Generator,offwind-dc,IT4 0,AC,35689.4852
Generator,offwind-dc,LT0 0,AC,10940674.58157
Generator,offwind-dc,LV0 0,AC,113516.77022
Generator,offwind-dc,ME0 0,AC,15819.46235
Generator,offwind-dc,NL0 0,AC,56371.3135
Generator,offwind-dc,NO1 0,AC,168420.87394
Generator,offwind-dc,PL0 0,AC,80350850.24998
Generator,offwind-dc,PT0 0,AC,21895.33424
Generator,offwind-dc,RO0 0,AC,64718690.89878
Generator,offwind-dc,SE1 0,AC,162555.05226
Generator,oil primary,EU,oil primary,1390226214.89039
Generator,onwind,AL0 0,AC,103274.66635
Generator,onwind,AT0 0,AC,3440021.7747
Generator,onwind,BA0 0,AC,159023.86966
Generator,onwind,BE0 0,AC,37909876.42524
Generator,onwind,BG0 0,AC,685983.57121
Generator,onwind,CH0 0,AC,26683.85072
Generator,onwind,CZ0 0,AC,481030.89848
Generator,onwind,DE0 0,AC,64385126.16507
Generator,onwind,DE0 1,AC,41425634.32916
Generator,onwind,DK0 0,AC,221398906.20335
Generator,onwind,DK1 0,AC,63316465.61918
Generator,onwind,EE0 0,AC,28724617.21125
Generator,onwind,ES0 0,AC,41191166.85687
Generator,onwind,ES6 0,AC,1386490.47179
Generator,onwind,FI1 0,AC,17572326.43311
Generator,onwind,FR0 0,AC,44511912.26814
Generator,onwind,FR5 0,AC,36515.35514
Generator,onwind,GB2 0,AC,1041252876.77498
Generator,onwind,GB3 0,AC,35955827.26839
Generator,onwind,GR0 0,AC,8954638.02747
Generator,onwind,HR0 0,AC,920014.99635
Generator,onwind,HU0 0,AC,409958.89625
Generator,onwind,IE3 0,AC,14108145.95937
Generator,onwind,IT0 0,AC,8846623.89194
Generator,onwind,IT4 0,AC,74240050.66049
Generator,onwind,LT0 0,AC,2303181.71264
Generator,onwind,LU0 0,AC,287967.96407
Generator,onwind,LV0 0,AC,196897.98489
Generator,onwind,ME0 0,AC,36132.12838
Generator,onwind,MK0 0,AC,14647.25079
Generator,onwind,NL0 0,AC,138181286.73736
Generator,onwind,NO1 0,AC,9807804.85533
Generator,onwind,PL0 0,AC,99069729.20503
Generator,onwind,PT0 0,AC,7241532.40494
Generator,onwind,RO0 0,AC,5662443.13367
Generator,onwind,RS0 0,AC,694049.56548
Generator,onwind,SE1 0,AC,32261887.20247
Generator,onwind,SI0 0,AC,1328.7946
Generator,onwind,SK0 0,AC,12735.65365
Generator,onwind,XK0 0,AC,42449.97919
Generator,residential rural solar thermal,AL0 0,residential rural heat,1885.82809
Generator,residential rural solar thermal,AT0 0,residential rural heat,1666.21652
Generator,residential rural solar thermal,BA0 0,residential rural heat,1417.44404
Generator,residential rural solar thermal,BE0 0,residential rural heat,599.63985
Generator,residential rural solar thermal,BG0 0,residential rural heat,1531.31016
Generator,residential rural solar thermal,CH0 0,residential rural heat,1774.95248
Generator,residential rural solar thermal,CZ0 0,residential rural heat,807.92593
Generator,residential rural solar thermal,DE0 0,residential rural heat,1108.95373
Generator,residential rural solar thermal,DE0 1,residential rural heat,1333.3859
Generator,residential rural solar thermal,DK0 0,residential rural heat,588.07725
Generator,residential rural solar thermal,DK1 0,residential rural heat,604.43047
Generator,residential rural solar thermal,EE0 0,residential rural heat,635.223
Generator,residential rural solar thermal,ES0 0,residential rural heat,4619.29958
Generator,residential rural solar thermal,ES6 0,residential rural heat,1484.37544
Generator,residential rural solar thermal,FI1 0,residential rural heat,194.2658
Generator,residential rural solar thermal,FR0 0,residential rural heat,2607.49352
Generator,residential rural solar thermal,FR5 0,residential rural heat,1635.26322
Generator,residential rural solar thermal,GB2 0,residential rural heat,1047.86233
Generator,residential rural solar thermal,GB3 0,residential rural heat,503.23233
Generator,residential rural solar thermal,GR0 0,residential rural heat,2493.06389
Generator,residential rural solar thermal,HR0 0,residential rural heat,1524.8953
Generator,residential rural solar thermal,HU0 0,residential rural heat,1331.97426
Generator,residential rural solar thermal,IE3 0,residential rural heat,686.9819
Generator,residential rural solar thermal,IT0 0,residential rural heat,4587.39001
Generator,residential rural solar thermal,IT4 0,residential rural heat,2668.8548
Generator,residential rural solar thermal,LT0 0,residential rural heat,642.96205
Generator,residential rural solar thermal,LU0 0,residential rural heat,464.01969
Generator,residential rural solar thermal,LV0 0,residential rural heat,710.10783
Generator,residential rural solar thermal,ME0 0,residential rural heat,1245.11484
Generator,residential rural solar thermal,MK0 0,residential rural heat,1556.76223
Generator,residential rural solar thermal,NL0 0,residential rural heat,687.54546
Generator,residential rural solar thermal,NO1 0,residential rural heat,302.30847
Generator,residential rural solar thermal,PL0 0,residential rural heat,1443.81746
Generator,residential rural solar thermal,PT0 0,residential rural heat,2535.20977
Generator,residential rural solar thermal,RO0 0,residential rural heat,2040.3907
Generator,residential rural solar thermal,RS0 0,residential rural heat,1606.55602
Generator,residential rural solar thermal,SE1 0,residential rural heat,489.19121
Generator,residential rural solar thermal,SI0 0,residential rural heat,989.25366
Generator,residential rural solar thermal,SK0 0,residential rural heat,991.03896
Generator,residential rural solar thermal,XK0 0,residential rural heat,1044.83085
Generator,residential urban decentral solar thermal,AL0 0,residential urban decentral heat,2015.92289
Generator,residential urban decentral solar thermal,AT0 0,residential urban decentral heat,1748.50432
Generator,residential urban decentral solar thermal,BA0 0,residential urban decentral heat,1408.90372
Generator,residential urban decentral solar thermal,BE0 0,residential urban decentral heat,1163.37852
Generator,residential urban decentral solar thermal,BG0 0,residential urban decentral heat,1911.1797
Generator,residential urban decentral solar thermal,CH0 0,residential urban decentral heat,2613.63426
Generator,residential urban decentral solar thermal,CZ0 0,residential urban decentral heat,989.79843
Generator,residential urban decentral solar thermal,DE0 0,residential urban decentral heat,1535.93906
Generator,residential urban decentral solar thermal,DE0 1,residential urban decentral heat,1448.7994
Generator,residential urban decentral solar thermal,DK0 0,residential urban decentral heat,939.77432
Generator,residential urban decentral solar thermal,DK1 0,residential urban decentral heat,971.63995
Generator,residential urban decentral solar thermal,EE0 0,residential urban decentral heat,687.95923
Generator,residential urban decentral solar thermal,ES0 0,residential urban decentral heat,6867.08924
Generator,residential urban decentral solar thermal,ES6 0,residential urban decentral heat,1776.63195
Generator,residential urban decentral solar thermal,FI1 0,residential urban decentral heat,266.92043
Generator,residential urban decentral solar thermal,FR0 0,residential urban decentral heat,3401.74207
Generator,residential urban decentral solar thermal,FR5 0,residential urban decentral heat,0.0
Generator,residential urban decentral solar thermal,GB2 0,residential urban decentral heat,1332.42644
Generator,residential urban decentral solar thermal,GB3 0,residential urban decentral heat,447.25968
Generator,residential urban decentral solar thermal,GR0 0,residential urban decentral heat,3556.40672
Generator,residential urban decentral solar thermal,HR0 0,residential urban decentral heat,1632.74515
Generator,residential urban decentral solar thermal,HU0 0,residential urban decentral heat,1567.3932
Generator,residential urban decentral solar thermal,IE3 0,residential urban decentral heat,822.69156
Generator,residential urban decentral solar thermal,IT0 0,residential urban decentral heat,5555.53842
Generator,residential urban decentral solar thermal,IT4 0,residential urban decentral heat,2259.16338
Generator,residential urban decentral solar thermal,LT0 0,residential urban decentral heat,689.38803
Generator,residential urban decentral solar thermal,LU0 0,residential urban decentral heat,686.35085
Generator,residential urban decentral solar thermal,LV0 0,residential urban decentral heat,778.55465
Generator,residential urban decentral solar thermal,ME0 0,residential urban decentral heat,1337.18547
Generator,residential urban decentral solar thermal,MK0 0,residential urban decentral heat,1463.1185
Generator,residential urban decentral solar thermal,NL0 0,residential urban decentral heat,1321.28791
Generator,residential urban decentral solar thermal,NO1 0,residential urban decentral heat,465.39506
Generator,residential urban decentral solar thermal,PL0 0,residential urban decentral heat,1487.05777
Generator,residential urban decentral solar thermal,PT0 0,residential urban decentral heat,2988.63869
Generator,residential urban decentral solar thermal,RO0 0,residential urban decentral heat,2042.5882
Generator,residential urban decentral solar thermal,RS0 0,residential urban decentral heat,1596.3293
Generator,residential urban decentral solar thermal,SE1 0,residential urban decentral heat,717.76393
Generator,residential urban decentral solar thermal,SI0 0,residential urban decentral heat,1044.12962
Generator,residential urban decentral solar thermal,SK0 0,residential urban decentral heat,1033.37569
Generator,residential urban decentral solar thermal,XK0 0,residential urban decentral heat,1077.73276
Generator,ror,AL0 0,AC,134098.19229
Generator,ror,AT0 0,AC,18114414.59602
Generator,ror,BE0 0,AC,273505.38153
Generator,ror,BG0 0,AC,167881.79182
Generator,ror,CH0 0,AC,9160787.80413
Generator,ror,CZ0 0,AC,139027.59801
Generator,ror,DE0 0,AC,6721249.3496
Generator,ror,DE0 1,AC,14861106.44018
Generator,ror,ES0 0,AC,232390.57251
Generator,ror,ES6 0,AC,275915.6329
Generator,ror,FI1 0,AC,6965990.19607
Generator,ror,FR0 0,AC,28329536.94671
Generator,ror,FR5 0,AC,527465.47896
Generator,ror,GB2 0,AC,2390645.00548
Generator,ror,GB3 0,AC,1544398.23901
Generator,ror,GR0 0,AC,195186.06498
Generator,ror,HR0 0,AC,1152615.19448
Generator,ror,HU0 0,AC,66967.24835
Generator,ror,IE3 0,AC,532979.62259
Generator,ror,IT0 0,AC,29886538.1134
Generator,ror,IT4 0,AC,423301.15122
Generator,ror,LT0 0,AC,485150.30741
Generator,ror,LV0 0,AC,2740090.09016
Generator,ror,ME0 0,AC,21918.52482
Generator,ror,MK0 0,AC,401929.63477
Generator,ror,NO1 0,AC,4362545.34213
Generator,ror,PL0 0,AC,1133713.41848
Generator,ror,PT0 0,AC,6209006.18963
Generator,ror,RO0 0,AC,6025276.32533
Generator,ror,RS0 0,AC,6596115.32045
Generator,ror,SE1 0,AC,6385705.50569
Generator,ror,SI0 0,AC,1967406.4848
Generator,ror,SK0 0,AC,3404992.47019
Generator,ror,XK0 0,AC,50766.47873
Generator,services rural solar thermal,AL0 0,services rural heat,1728.91172
Generator,services rural solar thermal,AT0 0,services rural heat,1493.04052
Generator,services rural solar thermal,BA0 0,services rural heat,1165.07849
Generator,services rural solar thermal,BE0 0,services rural heat,900.25154
Generator,services rural solar thermal,BG0 0,services rural heat,1583.04289
Generator,services rural solar thermal,CH0 0,services rural heat,1413.95556
Generator,services rural solar thermal,CZ0 0,services rural heat,832.55256
Generator,services rural solar thermal,DE0 0,services rural heat,1288.55952
Generator,services rural solar thermal,DE0 1,services rural heat,1295.59148
Generator,services rural solar thermal,DK0 0,services rural heat,698.86099
Generator,services rural solar thermal,DK1 0,services rural heat,715.13154
Generator,services rural solar thermal,EE0 0,services rural heat,640.92219
Generator,services rural solar thermal,ES0 0,services rural heat,6147.67114
Generator,services rural solar thermal,ES6 0,services rural heat,1754.43402
Generator,services rural solar thermal,FI1 0,services rural heat,233.34013
Generator,services rural solar thermal,FR0 0,services rural heat,3250.69116
Generator,services rural solar thermal,FR5 0,services rural heat,1550.7165
Generator,services rural solar thermal,GB2 0,services rural heat,835.47487
Generator,services rural solar thermal,GB3 0,services rural heat,411.79513
Generator,services rural solar thermal,GR0 0,services rural heat,3047.89124
Generator,services rural solar thermal,HR0 0,services rural heat,1485.25546
Generator,services rural solar thermal,HU0 0,services rural heat,1503.64989
Generator,services rural solar thermal,IE3 0,services rural heat,631.45765
Generator,services rural solar thermal,IT0 0,services rural heat,5139.97247
Generator,services rural solar thermal,IT4 0,services rural heat,2557.23267
Generator,services rural solar thermal,LT0 0,services rural heat,663.68784
Generator,services rural solar thermal,LU0 0,services rural heat,477.22493
Generator,services rural solar thermal,LV0 0,services rural heat,740.97133
Generator,services rural solar thermal,ME0 0,services rural heat,1049.0653
Generator,services rural solar thermal,MK0 0,services rural heat,1415.87551
Generator,services rural solar thermal,NL0 0,services rural heat,1483.3787
Generator,services rural solar thermal,NO1 0,services rural heat,294.58629
Generator,services rural solar thermal,PL0 0,services rural heat,1731.76285
Generator,services rural solar thermal,PT0 0,services rural heat,3001.36887
Generator,services rural solar thermal,RO0 0,services rural heat,1825.98373
Generator,services rural solar thermal,RS0 0,services rural heat,1244.52271
Generator,services rural solar thermal,SE1 0,services rural heat,510.19347
Generator,services rural solar thermal,SI0 0,services rural heat,903.65393
Generator,services rural solar thermal,SK0 0,services rural heat,937.93785
Generator,services rural solar thermal,XK0 0,services rural heat,978.6108
Generator,services urban decentral solar thermal,AL0 0,services urban decentral heat,1692.11854
Generator,services urban decentral solar thermal,AT0 0,services urban decentral heat,1344.4027
Generator,services urban decentral solar thermal,BA0 0,services urban decentral heat,1110.01565
Generator,services urban decentral solar thermal,BE0 0,services urban decentral heat,973.50969
Generator,services urban decentral solar thermal,BG0 0,services urban decentral heat,1518.09523
Generator,services urban decentral solar thermal,CH0 0,services urban decentral heat,2110.62157
Generator,services urban decentral solar thermal,CZ0 0,services urban decentral heat,722.96395
Generator,services urban decentral solar thermal,DE0 0,services urban decentral heat,1282.96813
Generator,services urban decentral solar thermal,DE0 1,services urban decentral heat,1128.4082
Generator,services urban decentral solar thermal,DK0 0,services urban decentral heat,647.81415
Generator,services urban decentral solar thermal,DK1 0,services urban decentral heat,685.50382
Generator,services urban decentral solar thermal,EE0 0,services urban decentral heat,577.74815
Generator,services urban decentral solar thermal,ES0 0,services urban decentral heat,5050.15533
Generator,services urban decentral solar thermal,ES6 0,services urban decentral heat,1624.61615
Generator,services urban decentral solar thermal,FI1 0,services urban decentral heat,204.61439
Generator,services urban decentral solar thermal,FR0 0,services urban decentral heat,2938.53734
Generator,services urban decentral solar thermal,FR5 0,services urban decentral heat,1109.33229
Generator,services urban decentral solar thermal,GB2 0,services urban decentral heat,1173.51948
Generator,services urban decentral solar thermal,GB3 0,services urban decentral heat,377.59003
Generator,services urban decentral solar thermal,GR0 0,services urban decentral heat,2990.18707
Generator,services urban decentral solar thermal,HR0 0,services urban decentral heat,1243.39826
Generator,services urban decentral solar thermal,HU0 0,services urban decentral heat,1224.05154
Generator,services urban decentral solar thermal,IE3 0,services urban decentral heat,651.73622
Generator,services urban decentral solar thermal,IT0 0,services urban decentral heat,4888.82021
Generator,services urban decentral solar thermal,IT4 0,services urban decentral heat,2080.60969
Generator,services urban decentral solar thermal,LT0 0,services urban decentral heat,593.69645
Generator,services urban decentral solar thermal,LU0 0,services urban decentral heat,646.36348
Generator,services urban decentral solar thermal,LV0 0,services urban decentral heat,638.74454
Generator,services urban decentral solar thermal,ME0 0,services urban decentral heat,1094.94316
Generator,services urban decentral solar thermal,MK0 0,services urban decentral heat,1433.76053
Generator,services urban decentral solar thermal,NL0 0,services urban decentral heat,1129.12175
Generator,services urban decentral solar thermal,NO1 0,services urban decentral heat,438.45013
Generator,services urban decentral solar thermal,PL0 0,services urban decentral heat,1059.03233
Generator,services urban decentral solar thermal,PT0 0,services urban decentral heat,2776.85779
Generator,services urban decentral solar thermal,RO0 0,services urban decentral heat,1436.58273
Generator,services urban decentral solar thermal,RS0 0,services urban decentral heat,1192.72209
Generator,services urban decentral solar thermal,SE1 0,services urban decentral heat,547.21935
Generator,services urban decentral solar thermal,SI0 0,services urban decentral heat,847.26236
Generator,services urban decentral solar thermal,SK0 0,services urban decentral heat,889.28515
Generator,services urban decentral solar thermal,XK0 0,services urban decentral heat,937.74709
Generator,solar,AL0 0,AC,28505526.46828
Generator,solar,AT0 0,AC,184588873.92006
Generator,solar,BA0 0,AC,467426.03962
Generator,solar,BE0 0,AC,36023349.78387
Generator,solar,BG0 0,AC,68435139.73852
Generator,solar,CH0 0,AC,149189015.93667
Generator,solar,CZ0 0,AC,1991143.15633
Generator,solar,DE0 0,AC,42340801.81399
Generator,solar,DE0 1,AC,165311506.59081
Generator,solar,DK0 0,AC,1456158.91245
Generator,solar,DK1 0,AC,498722.99027
Generator,solar,EE0 0,AC,10424663.3382
Generator,solar,ES0 0,AC,1157076564.32027
Generator,solar,ES6 0,AC,284372.33896
Generator,solar,FI1 0,AC,426029.42686
Generator,solar,FR0 0,AC,778277815.84512
Generator,solar,FR5 0,AC,14564145.96397
Generator,solar,GB2 0,AC,11288632.57732
Generator,solar,GB3 0,AC,264868.58469
Generator,solar,GR0 0,AC,183566658.9264
Generator,solar,HR0 0,AC,733027.73426
Generator,solar,HU0 0,AC,2814293.94529
Generator,solar,IE3 0,AC,1007244.52389
Generator,solar,IT0 0,AC,885232297.34642
Generator,solar,IT4 0,AC,53856404.99363
Generator,solar,LT0 0,AC,314879.62037
Generator,solar,LU0 0,AC,5557229.57278
Generator,solar,LV0 0,AC,14705401.5203
Generator,solar,ME0 0,AC,17878612.79619
Generator,solar,MK0 0,AC,57954703.00343
Generator,solar,NL0 0,AC,14491716.25108
Generator,solar,NO1 0,AC,133635.81194
Generator,solar,PL0 0,AC,9739432.43788
Generator,solar,PT0 0,AC,70264981.54673
Generator,solar,RO0 0,AC,87735277.90551
Generator,solar,RS0 0,AC,471593.1019
Generator,solar,SE1 0,AC,5224074.89835
Generator,solar,SI0 0,AC,346861.07201
Generator,solar,SK0 0,AC,22819461.60782
Generator,solar,XK0 0,AC,298200.69419
Generator,solar rooftop,AL0 0,low voltage,466898.46579
Generator,solar rooftop,AT0 0,low voltage,1275708.10354
Generator,solar rooftop,BA0 0,low voltage,965816.57547
Generator,solar rooftop,BE0 0,low voltage,36814.05266
Generator,solar rooftop,BG0 0,low voltage,221522.45287
Generator,solar rooftop,CH0 0,low voltage,18963940.4916
Generator,solar rooftop,CZ0 0,low voltage,21701.54294
Generator,solar rooftop,DE0 0,low voltage,46492.77316
Generator,solar rooftop,DE0 1,low voltage,51942.63466
Generator,solar rooftop,DK0 0,low voltage,10938.49776
Generator,solar rooftop,DK1 0,low voltage,17336.53788
Generator,solar rooftop,EE0 0,low voltage,31723.40804
Generator,solar rooftop,ES0 0,low voltage,92005862.01636
Generator,solar rooftop,ES6 0,low voltage,15985.37372
Generator,solar rooftop,FI1 0,low voltage,27271.75568
Generator,solar rooftop,FR0 0,low voltage,74929.11122
Generator,solar rooftop,FR5 0,low voltage,617922.32536
Generator,solar rooftop,GB2 0,low voltage,30270.93667
Generator,solar rooftop,GB3 0,low voltage,7277.17494
Generator,solar rooftop,GR0 0,low voltage,20995292.13027
Generator,solar rooftop,HR0 0,low voltage,45812.53779
Generator,solar rooftop,HU0 0,low voltage,40045.98737
Generator,solar rooftop,IE3 0,low voltage,19014.16409
Generator,solar rooftop,IT0 0,low voltage,138602361.83859
Generator,solar rooftop,IT4 0,low voltage,3431087.99938
Generator,solar rooftop,LT0 0,low voltage,28988.98769
Generator,solar rooftop,LU0 0,low voltage,32997.29726
Generator,solar rooftop,LV0 0,low voltage,129259.24652
Generator,solar rooftop,ME0 0,low voltage,756492.48028
Generator,solar rooftop,MK0 0,low voltage,1673360.43352
Generator,solar rooftop,NL0 0,low voltage,43844.86751
Generator,solar rooftop,NO1 0,low voltage,10610.36093
Generator,solar rooftop,PL0 0,low voltage,47348.4546
Generator,solar rooftop,PT0 0,low voltage,7534940.79014
Generator,solar rooftop,RO0 0,low voltage,116582.57758
Generator,solar rooftop,RS0 0,low voltage,50314.40907
Generator,solar rooftop,SE1 0,low voltage,36903.59603
Generator,solar rooftop,SI0 0,low voltage,16033.32636
Generator,solar rooftop,SK0 0,low voltage,40517.26375
Generator,solar rooftop,XK0 0,low voltage,97011.99383
Generator,solar-hsat,AL0 0,AC,49774.69654
Generator,solar-hsat,AT0 0,AC,60760.68186
Generator,solar-hsat,BA0 0,AC,48536.60602
Generator,solar-hsat,BE0 0,AC,68975.7839
Generator,solar-hsat,BG0 0,AC,53735.5974
Generator,solar-hsat,CH0 0,AC,86997.35869
Generator,solar-hsat,CZ0 0,AC,36342.53684
Generator,solar-hsat,DE0 0,AC,76858.33007
Generator,solar-hsat,DE0 1,AC,63701.17282
Generator,solar-hsat,DK0 0,AC,31129.38904
Generator,solar-hsat,DK1 0,AC,41233.53798
Generator,solar-hsat,EE0 0,AC,61078.91673
Generator,solar-hsat,ES0 0,AC,92032.51961
Generator,solar-hsat,ES6 0,AC,15003.2265
Generator,solar-hsat,FI1 0,AC,75098.21333
Generator,solar-hsat,FR0 0,AC,71168.08083
Generator,solar-hsat,FR5 0,AC,29599.42067
Generator,solar-hsat,GB2 0,AC,39965.80339
Generator,solar-hsat,GB3 0,AC,16153.79316
Generator,solar-hsat,GR0 0,AC,67952.91502
Generator,solar-hsat,HR0 0,AC,48224.20873
Generator,solar-hsat,HU0 0,AC,43364.84988
Generator,solar-hsat,IE3 0,AC,39921.48117
Generator,solar-hsat,IT0 0,AC,71967.06233
Generator,solar-hsat,IT4 0,AC,49266.39989
Generator,solar-hsat,LT0 0,AC,58830.04992
Generator,solar-hsat,LU0 0,AC,37795.08971
Generator,solar-hsat,LV0 0,AC,62190.56441
Generator,solar-hsat,ME0 0,AC,36237.59521
Generator,solar-hsat,MK0 0,AC,46959.20226
Generator,solar-hsat,NL0 0,AC,61961.59048
Generator,solar-hsat,NO1 0,AC,37980.1975
Generator,solar-hsat,PL0 0,AC,85712.3714
Generator,solar-hsat,PT0 0,AC,68061.21832
Generator,solar-hsat,RO0 0,AC,53155.14959
Generator,solar-hsat,RS0 0,AC,46861.1612
Generator,solar-hsat,SE1 0,AC,118578.08867
Generator,solar-hsat,SI0 0,AC,16928.93739
Generator,solar-hsat,SK0 0,AC,49801.5708
Generator,solar-hsat,XK0 0,AC,34321.47184
Generator,solid biomass,EU,solid biomass,697088353.31815
Generator,urban central solar thermal,AL0 0,urban central heat,1785.84983
Generator,urban central solar thermal,AT0 0,urban central heat,2843.20041
Generator,urban central solar thermal,BA0 0,urban central heat,1748.25432
Generator,urban central solar thermal,BE0 0,urban central heat,1402.36408
Generator,urban central solar thermal,BG0 0,urban central heat,1935.86792
Generator,urban central solar thermal,CH0 0,urban central heat,3404.1227
Generator,urban central solar thermal,CZ0 0,urban central heat,1634.02387
Generator,urban central solar thermal,DE0 0,urban central heat,2546.48644
Generator,urban central solar thermal,DE0 1,urban central heat,2500.54069
Generator,urban central solar thermal,DK0 0,urban central heat,1190.81144
Generator,urban central solar thermal,DK1 0,urban central heat,1208.87611
Generator,urban central solar thermal,EE0 0,urban central heat,892.16776
Generator,urban central solar thermal,ES0 0,urban central heat,6269.6842
Generator,urban central solar thermal,ES6 0,urban central heat,845.68549
Generator,urban central solar thermal,FI1 0,urban central heat,525.6075
Generator,urban central solar thermal,FR0 0,urban central heat,4860.31448
Generator,urban central solar thermal,GB2 0,urban central heat,1839.53606
Generator,urban central solar thermal,GB3 0,urban central heat,509.79872
Generator,urban central solar thermal,GR0 0,urban central heat,3021.09867
Generator,urban central solar thermal,HR0 0,urban central heat,2689.65983
Generator,urban central solar thermal,HU0 0,urban central heat,2741.59309
Generator,urban central solar thermal,IE3 0,urban central heat,939.19713
Generator,urban central solar thermal,IT0 0,urban central heat,10633.14784
Generator,urban central solar thermal,IT4 0,urban central heat,1709.83511
Generator,urban central solar thermal,LT0 0,urban central heat,1299.75711
Generator,urban central solar thermal,LU0 0,urban central heat,519.75487
Generator,urban central solar thermal,LV0 0,urban central heat,1475.48673
Generator,urban central solar thermal,ME0 0,urban central heat,1156.74032
Generator,urban central solar thermal,MK0 0,urban central heat,1365.48533
Generator,urban central solar thermal,NL0 0,urban central heat,2151.65427
Generator,urban central solar thermal,NO1 0,urban central heat,733.54518
Generator,urban central solar thermal,PL0 0,urban central heat,2782.01679
Generator,urban central solar thermal,PT0 0,urban central heat,3203.80436
Generator,urban central solar thermal,RO0 0,urban central heat,2529.10916
Generator,urban central solar thermal,RS0 0,urban central heat,1886.3736
Generator,urban central solar thermal,SE1 0,urban central heat,1365.16016
Generator,urban central solar thermal,SI0 0,urban central heat,1474.8833
Generator,urban central solar thermal,SK0 0,urban central heat,1759.66809
Generator,urban central solar thermal,XK0 0,urban central heat,844.38261
Line,AC,AL0 0,AC,-19260010.92209
Line,AC,AT0 0,AC,-93091927.26528
Line,AC,BA0 0,AC,9985752.63451
Line,AC,BE0 0,AC,26966134.83478
Line,AC,BG0 0,AC,10900368.0947
Line,AC,CH0 0,AC,-80739680.04065
Line,AC,CZ0 0,AC,75353649.36404
Line,AC,DE0 0,AC,143286674.1007
Line,AC,DE0 1,AC,22792953.83448
Line,AC,DK0 0,AC,-27127819.16869
Line,AC,DK1 0,AC,-14068719.67273
Line,AC,EE0 0,AC,-4620091.70662
Line,AC,ES0 0,AC,-97800970.8738
Line,AC,FI1 0,AC,18298770.35153
Line,AC,FR0 0,AC,-55705593.39504
Line,AC,GB3 0,AC,-46416907.9898
Line,AC,GR0 0,AC,-84849667.20901
Line,AC,HR0 0,AC,20600346.99803
Line,AC,HU0 0,AC,68967482.22255
Line,AC,IE3 0,AC,45611048.20122
Line,AC,IT0 0,AC,-21605508.01816
Line,AC,LT0 0,AC,-4125359.4712
Line,AC,LU0 0,AC,6036572.84201
Line,AC,LV0 0,AC,-2658862.11066
Line,AC,ME0 0,AC,-14972041.94585
Line,AC,MK0 0,AC,-45325784.62693
Line,AC,NL0 0,AC,-20344803.33031
Line,AC,NO1 0,AC,-13103719.70213
Line,AC,PL0 0,AC,42828392.30944
Line,AC,PT0 0,AC,59898289.44186
Line,AC,RO0 0,AC,-15745578.07756
Line,AC,RS0 0,AC,55273780.99581
Line,AC,SE1 0,AC,8680653.75919
Line,AC,SI0 0,AC,-49124118.60454
Line,AC,SK0 0,AC,7631951.27945
Line,AC,XK0 0,AC,10966454.12533
Link,BEV charger,AL0 0,EV battery,1446046.06947
Link,BEV charger,AL0 0,low voltage,-1606717.85496
Link,BEV charger,AT0 0,EV battery,15356268.63102
Link,BEV charger,AT0 0,low voltage,-17062520.70114
Link,BEV charger,BA0 0,EV battery,2415758.94704
Link,BEV charger,BA0 0,low voltage,-2684176.60782
Link,BEV charger,BE0 0,EV battery,20507974.32159
Link,BEV charger,BE0 0,low voltage,-22786638.1351
Link,BEV charger,BG0 0,EV battery,5727067.53161
Link,BEV charger,BG0 0,low voltage,-6363408.36846
Link,BEV charger,CH0 0,EV battery,9063199.9119
Link,BEV charger,CH0 0,low voltage,-10070222.12434
Link,BEV charger,CZ0 0,EV battery,14491144.45532
Link,BEV charger,CZ0 0,low voltage,-16101271.61702
Link,BEV charger,DE0 0,EV battery,74115529.68142
Link,BEV charger,DE0 0,low voltage,-82350588.53491
Link,BEV charger,DE0 1,EV battery,43348782.49219
Link,BEV charger,DE0 1,low voltage,-48165313.88021
Link,BEV charger,DK0 0,EV battery,6069366.47806
Link,BEV charger,DK0 0,low voltage,-6743740.53118
Link,BEV charger,DK1 0,EV battery,3504060.49986
Link,BEV charger,DK1 0,low voltage,-3893400.5554
Link,BEV charger,EE0 0,EV battery,1720587.97689
Link,BEV charger,EE0 0,low voltage,-1911764.41877
Link,BEV charger,ES0 0,EV battery,56621941.60113
Link,BEV charger,ES0 0,low voltage,-62913268.4457
Link,BEV charger,ES6 0,EV battery,923208.34722
Link,BEV charger,ES6 0,low voltage,-1025787.05247
Link,BEV charger,FI1 0,EV battery,9504607.61696
Link,BEV charger,FI1 0,low voltage,-10560675.12996
Link,BEV charger,FR0 0,EV battery,94585491.39944
Link,BEV charger,FR0 0,low voltage,-105094990.44383
Link,BEV charger,FR5 0,EV battery,386940.8249
Link,BEV charger,FR5 0,low voltage,-429934.24988
Link,BEV charger,GB2 0,EV battery,70899644.65659
Link,BEV charger,GB2 0,low voltage,-78777382.95177
Link,BEV charger,GB3 0,EV battery,1919923.07648
Link,BEV charger,GB3 0,low voltage,-2133247.86276
Link,BEV charger,GR0 0,EV battery,10943359.14188
Link,BEV charger,GR0 0,low voltage,-12159287.93542
Link,BEV charger,HR0 0,EV battery,4563322.34878
Link,BEV charger,HR0 0,low voltage,-5070358.16531
Link,BEV charger,HU0 0,EV battery,9813709.05644
Link,BEV charger,HU0 0,low voltage,-10904121.17383
Link,BEV charger,IE3 0,EV battery,7657687.62304
Link,BEV charger,IE3 0,low voltage,-8508541.80338
Link,BEV charger,IT0 0,EV battery,73196830.55099
Link,BEV charger,IT0 0,low voltage,-81329811.72332
Link,BEV charger,IT4 0,EV battery,1828208.43284
Link,BEV charger,IT4 0,low voltage,-2031342.70316
Link,BEV charger,LT0 0,EV battery,4827130.45704
Link,BEV charger,LT0 0,low voltage,-5363478.2856
Link,BEV charger,LU0 0,EV battery,2153529.89816
Link,BEV charger,LU0 0,low voltage,-2392810.99796
Link,BEV charger,LV0 0,EV battery,2297130.62173
Link,BEV charger,LV0 0,low voltage,-2552367.35748
Link,BEV charger,ME0 0,EV battery,485685.40845
Link,BEV charger,ME0 0,low voltage,-539650.45384
Link,BEV charger,MK0 0,EV battery,1385184.156
Link,BEV charger,MK0 0,low voltage,-1539093.50667
Link,BEV charger,NL0 0,EV battery,25258834.41481
Link,BEV charger,NL0 0,low voltage,-28065371.57201
Link,BEV charger,NO1 0,EV battery,6506734.12793
Link,BEV charger,NO1 0,low voltage,-7229704.58659
Link,BEV charger,PL0 0,EV battery,44885322.29567
Link,BEV charger,PL0 0,low voltage,-49872580.32852
Link,BEV charger,PT0 0,EV battery,13613224.3462
Link,BEV charger,PT0 0,low voltage,-15125804.82911
Link,BEV charger,RO0 0,EV battery,14285301.5014
Link,BEV charger,RO0 0,low voltage,-15872557.22378
Link,BEV charger,RS0 0,EV battery,4131793.51969
Link,BEV charger,RS0 0,low voltage,-4590881.68855
Link,BEV charger,SE1 0,EV battery,14805264.78633
Link,BEV charger,SE1 0,low voltage,-16450294.20703
Link,BEV charger,SI0 0,EV battery,4047339.49698
Link,BEV charger,SI0 0,low voltage,-4497043.88554
Link,BEV charger,SK0 0,EV battery,6268761.68695
Link,BEV charger,SK0 0,low voltage,-6965290.76327
Link,BEV charger,XK0 0,EV battery,782031.21111
Link,BEV charger,XK0 0,low voltage,-868923.5679
Link,CCGT,AL0 0,AC,13639.60531
Link,CCGT,AT0 0,AC,52429.57102
Link,CCGT,BA0 0,AC,15877.36005
Link,CCGT,BE0 0,AC,7026129.493
Link,CCGT,BG0 0,AC,10978.43456
Link,CCGT,CH0 0,AC,11197.68829
Link,CCGT,CZ0 0,AC,5410495.69175
Link,CCGT,DE0 0,AC,39404065.64009
Link,CCGT,DE0 1,AC,25584588.85504
Link,CCGT,DK0 0,AC,34804.87126
Link,CCGT,DK1 0,AC,1198306.61432
Link,CCGT,EE0 0,AC,123650.82383
Link,CCGT,ES0 0,AC,4421.59962
Link,CCGT,ES6 0,AC,2427.6691
Link,CCGT,EU,co2,39143915.38236
Link,CCGT,EU,gas,-197696542.33515
Link,CCGT,FI1 0,AC,1276208.30759
Link,CCGT,FR0 0,AC,13643.96082
Link,CCGT,FR5 0,AC,4783.3063
Link,CCGT,GB2 0,AC,21767.86861
Link,CCGT,GB3 0,AC,6156.12219
Link,CCGT,GR0 0,AC,10499.57184
Link,CCGT,HR0 0,AC,1021859.59382
Link,CCGT,HU0 0,AC,1572633.80899
Link,CCGT,IE3 0,AC,110578.3587
Link,CCGT,IT0 0,AC,30033.58246
Link,CCGT,IT4 0,AC,3517.29999
Link,CCGT,LT0 0,AC,696346.87084
Link,CCGT,LU0 0,AC,219914.96414
Link,CCGT,LV0 0,AC,820901.89914
Link,CCGT,ME0 0,AC,14232.31929
Link,CCGT,MK0 0,AC,13065.029
Link,CCGT,NL0 0,AC,13880926.22303
Link,CCGT,NO1 0,AC,6932.24026
Link,CCGT,PL0 0,AC,17517920.16225
Link,CCGT,PT0 0,AC,4721.1199
Link,CCGT,RO0 0,AC,17153.70018
Link,CCGT,RS0 0,AC,14926.15904
Link,CCGT,SE1 0,AC,1389135.59288
Link,CCGT,SI0 0,AC,87915.88915
Link,CCGT,SK0 0,AC,954403.15689
Link,CCGT,XK0 0,AC,14734.37658
Link,DC,BE0 0,AC,19325474.85985
Link,DC,CH0 0,AC,6663669.77147
Link,DC,DE0 0,AC,211278220.9035
Link,DC,DE0 1,AC,26807783.8225
Link,DC,DK0 0,AC,-45354126.23404
Link,DC,DK1 0,AC,-19129565.13652
Link,DC,EE0 0,AC,-5110907.41155
Link,DC,ES0 0,AC,-409136269.24605
Link,DC,ES6 0,AC,5632082.21039
Link,DC,FI1 0,AC,5874336.86464
Link,DC,FR0 0,AC,131704251.27325
Link,DC,FR5 0,AC,129953253.17593
Link,DC,GB2 0,AC,-75312226.90955
Link,DC,GB3 0,AC,1770256.2782
Link,DC,GR0 0,AC,-1207617.63022
Link,DC,IE3 0,AC,2374910.9144
Link,DC,IT0 0,AC,-110179470.47524
Link,DC,IT4 0,AC,-100351876.80136
Link,DC,LT0 0,AC,-751369.56598
Link,DC,ME0 0,AC,1246771.07349
Link,DC,NL0 0,AC,71936638.50109
Link,DC,NO1 0,AC,15444348.48351
Link,DC,PL0 0,AC,-25492.13129
Link,DC,SE1 0,AC,11190610.09251
Link,DC,SI0 0,AC,63521113.15837
Link,Fischer-Tropsch,AL0 0,H2,-31971.72687
Link,Fischer-Tropsch,AL0 0,urban central heat,1206.93269
Link,Fischer-Tropsch,AT0 0,H2,-2481240.90508
Link,Fischer-Tropsch,AT0 0,urban central heat,93666.84417
Link,Fischer-Tropsch,BA0 0,H2,-10228481.46075
Link,Fischer-Tropsch,BA0 0,urban central heat,386125.17514
Link,Fischer-Tropsch,BE0 0,H2,-164136059.39983
Link,Fischer-Tropsch,BE0 0,urban central heat,6196136.24234
Link,Fischer-Tropsch,BG0 0,H2,-101923.9089
Link,Fischer-Tropsch,BG0 0,urban central heat,3847.62756
Link,Fischer-Tropsch,CH0 0,H2,-60571728.20284
Link,Fischer-Tropsch,CH0 0,urban central heat,2286582.73966
Link,Fischer-Tropsch,CZ0 0,H2,-189695.44659
Link,Fischer-Tropsch,CZ0 0,urban central heat,7161.00311
Link,Fischer-Tropsch,DE0 0,H2,-385153128.49127
Link,Fischer-Tropsch,DE0 0,urban central heat,14539530.60055
Link,Fischer-Tropsch,DE0 1,H2,-404299.50635
Link,Fischer-Tropsch,DE0 1,urban central heat,15262.30636
Link,Fischer-Tropsch,DK0 0,H2,-366635.57812
Link,Fischer-Tropsch,DK0 0,urban central heat,13840.49307
Link,Fischer-Tropsch,DK1 0,H2,-48147874.98036
Link,Fischer-Tropsch,DK1 0,urban central heat,1817582.28051
Link,Fischer-Tropsch,EE0 0,H2,-1623409.47582
Link,Fischer-Tropsch,EE0 0,urban central heat,61283.70771
Link,Fischer-Tropsch,ES0 0,H2,-37579.82147
Link,Fischer-Tropsch,ES0 0,urban central heat,1418.63826
Link,Fischer-Tropsch,ES6 0,H2,-8774.12174
Link,Fischer-Tropsch,ES6 0,urban central heat,331.2231
Link,Fischer-Tropsch,EU,co2 stored,-305380972.74139
Link,Fischer-Tropsch,EU,oil,1187790636.87822
Link,Fischer-Tropsch,FI1 0,H2,-192371.52637
Link,Fischer-Tropsch,FI1 0,urban central heat,7262.02512
Link,Fischer-Tropsch,FR0 0,H2,-783331.97923
Link,Fischer-Tropsch,FR0 0,urban central heat,29570.78222
Link,Fischer-Tropsch,FR5 0,H2,-108139425.20467
Link,Fischer-Tropsch,GB2 0,H2,-178899462.33638
Link,Fischer-Tropsch,GB2 0,urban central heat,6753454.7032
Link,Fischer-Tropsch,GB3 0,H2,-58848.3119
Link,Fischer-Tropsch,GB3 0,urban central heat,2221.52377
Link,Fischer-Tropsch,GR0 0,H2,-25370.13186
Link,Fischer-Tropsch,GR0 0,urban central heat,957.72248
Link,Fischer-Tropsch,HR0 0,H2,-452124.60792
Link,Fischer-Tropsch,HR0 0,urban central heat,17067.70395
Link,Fischer-Tropsch,HU0 0,H2,-222454.91684
Link,Fischer-Tropsch,HU0 0,urban central heat,8397.67311
Link,Fischer-Tropsch,IE3 0,H2,-23299183.55787
Link,Fischer-Tropsch,IE3 0,urban central heat,879544.17931
Link,Fischer-Tropsch,IT0 0,H2,-119317906.72489
Link,Fischer-Tropsch,IT0 0,urban central heat,4504250.97886
Link,Fischer-Tropsch,IT4 0,H2,-20692.60452
Link,Fischer-Tropsch,IT4 0,urban central heat,781.14582
Link,Fischer-Tropsch,LT0 0,H2,-88361.25296
Link,Fischer-Tropsch,LT0 0,urban central heat,3335.6373
Link,Fischer-Tropsch,LU0 0,H2,-8059172.67921
Link,Fischer-Tropsch,LU0 0,urban central heat,304233.76864
Link,Fischer-Tropsch,LV0 0,H2,-164477.11455
Link,Fischer-Tropsch,LV0 0,urban central heat,6209.01107
Link,Fischer-Tropsch,ME0 0,H2,-100636.18515
Link,Fischer-Tropsch,ME0 0,urban central heat,3799.01599
Link,Fischer-Tropsch,MK0 0,H2,-32291.22026
Link,Fischer-Tropsch,MK0 0,urban central heat,1218.99356
Link,Fischer-Tropsch,NL0 0,H2,-308645246.79968
Link,Fischer-Tropsch,NL0 0,urban central heat,11651358.06669
Link,Fischer-Tropsch,NO1 0,H2,-208935.49725
Link,Fischer-Tropsch,NO1 0,urban central heat,7887.31502
Link,Fischer-Tropsch,PL0 0,H2,-132909.40327
Link,Fischer-Tropsch,PL0 0,urban central heat,5017.32997
Link,Fischer-Tropsch,PT0 0,H2,-49171.53086
Link,Fischer-Tropsch,PT0 0,urban central heat,1856.22529
Link,Fischer-Tropsch,RO0 0,H2,-37525714.1362
Link,Fischer-Tropsch,RO0 0,urban central heat,1416595.70864
Link,Fischer-Tropsch,RS0 0,H2,-23463855.17297
Link,Fischer-Tropsch,RS0 0,urban central heat,885760.53278
Link,Fischer-Tropsch,SE1 0,H2,-479898.73867
Link,Fischer-Tropsch,SE1 0,urban central heat,18116.17738
Link,Fischer-Tropsch,SI0 0,H2,-2587912.70348
Link,Fischer-Tropsch,SI0 0,urban central heat,97693.70456
Link,Fischer-Tropsch,SK0 0,H2,-103988.12039
Link,Fischer-Tropsch,SK0 0,urban central heat,3925.55154
Link,Fischer-Tropsch,XK0 0,H2,-59996.29167
Link,Fischer-Tropsch,XK0 0,urban central heat,2264.86001
Link,H2 Electrolysis,AL0 0,AC,-7307870.8335
Link,H2 Electrolysis,AL0 0,H2,5111124.86095
Link,H2 Electrolysis,AL0 0,urban central heat,256871.6598
Link,H2 Electrolysis,AT0 0,AC,-9212255.66477
Link,H2 Electrolysis,AT0 0,H2,6443051.61194
Link,H2 Electrolysis,AT0 0,urban central heat,323810.78662
Link,H2 Electrolysis,BA0 0,AC,-1585863.3306
Link,H2 Electrolysis,BA0 0,H2,1109152.81342
Link,H2 Electrolysis,BA0 0,urban central heat,55743.09607
Link,H2 Electrolysis,BE0 0,AC,-73503.65178
Link,H2 Electrolysis,BE0 0,H2,51408.45406
Link,H2 Electrolysis,BE0 0,urban central heat,2583.65336
Link,H2 Electrolysis,BG0 0,AC,-37929684.30925
Link,H2 Electrolysis,BG0 0,H2,26528021.20589
Link,H2 Electrolysis,BG0 0,urban central heat,1333228.40347
Link,H2 Electrolysis,CH0 0,AC,-50299393.47709
Link,H2 Electrolysis,CH0 0,H2,35179395.79787
Link,H2 Electrolysis,CH0 0,urban central heat,1768023.68072
Link,H2 Electrolysis,CZ0 0,AC,-33891.24901
Link,H2 Electrolysis,CZ0 0,H2,23703.53956
Link,H2 Electrolysis,CZ0 0,urban central heat,1191.2774
Link,H2 Electrolysis,DE0 0,AC,-73568.5872
Link,H2 Electrolysis,DE0 0,H2,51453.86989
Link,H2 Electrolysis,DE0 0,urban central heat,2585.93584
Link,H2 Electrolysis,DE0 1,AC,-70843.91584
Link,H2 Electrolysis,DE0 1,H2,49548.23474
Link,H2 Electrolysis,DE0 1,urban central heat,2490.16364
Link,H2 Electrolysis,DK0 0,AC,-113803166.53221
Link,H2 Electrolysis,DK0 0,H2,79593934.67263
Link,H2 Electrolysis,DK0 0,urban central heat,4000181.30361
Link,H2 Electrolysis,DK1 0,AC,-9125519.27453
Link,H2 Electrolysis,DK1 0,H2,6382388.18061
Link,H2 Electrolysis,DK1 0,urban central heat,320762.0025
Link,H2 Electrolysis,EE0 0,AC,-15944982.16622
Link,H2 Electrolysis,EE0 0,H2,11151920.52705
Link,H2 Electrolysis,EE0 0,urban central heat,560466.12314
Link,H2 Electrolysis,ES0 0,AC,-423683016.86965
Link,H2 Electrolysis,ES0 0,H2,296323901.99863
Link,H2 Electrolysis,ES0 0,urban central heat,14892458.04297
Link,H2 Electrolysis,ES6 0,AC,-6451518.55947
Link,H2 Electrolysis,ES6 0,H2,4512192.08049
Link,H2 Electrolysis,ES6 0,urban central heat,226770.87737
Link,H2 Electrolysis,FI1 0,AC,-104800.65656
Link,H2 Electrolysis,FI1 0,H2,73297.5792
Link,H2 Electrolysis,FI1 0,urban central heat,3683.74308
Link,H2 Electrolysis,FR0 0,AC,-709734074.63966
Link,H2 Electrolysis,FR0 0,H2,496388011.80298
Link,H2 Electrolysis,FR0 0,urban central heat,24947152.72358
Link,H2 Electrolysis,FR5 0,AC,-139310145.44453
Link,H2 Electrolysis,FR5 0,H2,97433515.72391
Link,H2 Electrolysis,GB2 0,AC,-595401970.043
Link,H2 Electrolysis,GB2 0,H2,416424137.84807
Link,H2 Electrolysis,GB2 0,urban central heat,20928379.24701
Link,H2 Electrolysis,GB3 0,AC,-13938929.62938
Link,H2 Electrolysis,GB3 0,H2,9748887.38279
Link,H2 Electrolysis,GB3 0,urban central heat,489953.37647
Link,H2 Electrolysis,GR0 0,AC,-66896760.06954
Link,H2 Electrolysis,GR0 0,H2,46787593.99264
Link,H2 Electrolysis,GR0 0,urban central heat,2351421.11644
Link,H2 Electrolysis,HR0 0,AC,-77388.22332
Link,H2 Electrolysis,HR0 0,H2,54125.32339
Link,H2 Electrolysis,HR0 0,urban central heat,2720.19605
Link,H2 Electrolysis,HU0 0,AC,-72329.02818
Link,H2 Electrolysis,HU0 0,H2,50586.92231
Link,H2 Electrolysis,HU0 0,urban central heat,2542.36534
Link,H2 Electrolysis,IE3 0,AC,-21762096.6022
Link,H2 Electrolysis,IE3 0,H2,15220410.36358
Link,H2 Electrolysis,IE3 0,urban central heat,764937.69557
Link,H2 Electrolysis,IT0 0,AC,-388170315.68495
Link,H2 Electrolysis,IT0 0,H2,271486318.79005
Link,H2 Electrolysis,IT0 0,urban central heat,13644186.59633
Link,H2 Electrolysis,IT4 0,AC,-15507757.10419
Link,H2 Electrolysis,IT4 0,H2,10846125.31867
Link,H2 Electrolysis,IT4 0,urban central heat,545097.66221
Link,H2 Electrolysis,LT0 0,AC,-3204642.61463
Link,H2 Electrolysis,LT0 0,H2,2241327.04467
Link,H2 Electrolysis,LT0 0,urban central heat,112643.1879
Link,H2 Electrolysis,LU0 0,AC,-21357.47346
Link,H2 Electrolysis,LU0 0,H2,14937.41694
Link,H2 Electrolysis,LU0 0,urban central heat,750.71519
Link,H2 Electrolysis,LV0 0,AC,-247349.20899
Link,H2 Electrolysis,LV0 0,H2,172996.03677
Link,H2 Electrolysis,LV0 0,urban central heat,8694.3247
Link,H2 Electrolysis,ME0 0,AC,-2058200.56457
Link,H2 Electrolysis,ME0 0,H2,1439505.47486
Link,H2 Electrolysis,ME0 0,urban central heat,72345.74984
Link,H2 Electrolysis,MK0 0,AC,-5370014.30214
Link,H2 Electrolysis,MK0 0,H2,3755788.00292
Link,H2 Electrolysis,MK0 0,urban central heat,188756.00272
Link,H2 Electrolysis,NL0 0,AC,-135429.86495
Link,H2 Electrolysis,NL0 0,H2,94719.64754
Link,H2 Electrolysis,NL0 0,urban central heat,4760.35975
Link,H2 Electrolysis,NO1 0,AC,-490268.5562
Link,H2 Electrolysis,NO1 0,H2,342893.8282
Link,H2 Electrolysis,NO1 0,urban central heat,17232.93975
Link,H2 Electrolysis,PL0 0,AC,-193754.68811
Link,H2 Electrolysis,PL0 0,H2,135512.02887
Link,H2 Electrolysis,PL0 0,urban central heat,6810.47729
Link,H2 Electrolysis,PT0 0,AC,-70578687.90263
Link,H2 Electrolysis,PT0 0,H2,49362734.3191
Link,H2 Electrolysis,PT0 0,urban central heat,2480840.87978
Link,H2 Electrolysis,RO0 0,AC,-62006839.6514
Link,H2 Electrolysis,RO0 0,H2,43367583.65219
Link,H2 Electrolysis,RO0 0,urban central heat,2179540.41375
Link,H2 Electrolysis,RS0 0,AC,-16484792.47727
Link,H2 Electrolysis,RS0 0,H2,11529463.85861
Link,H2 Electrolysis,RS0 0,urban central heat,579440.45558
Link,H2 Electrolysis,SE1 0,AC,-139779.82819
Link,H2 Electrolysis,SE1 0,H2,97762.01184
Link,H2 Electrolysis,SE1 0,urban central heat,4913.26096
Link,H2 Electrolysis,SI0 0,AC,-93800.98162
Link,H2 Electrolysis,SI0 0,H2,65604.40654
Link,H2 Electrolysis,SI0 0,urban central heat,3297.1045
Link,H2 Electrolysis,SK0 0,AC,-38107.1026
Link,H2 Electrolysis,SK0 0,H2,26652.10756
Link,H2 Electrolysis,SK0 0,urban central heat,1339.46466
Link,H2 Electrolysis,XK0 0,AC,-2677219.33848
Link,H2 Electrolysis,XK0 0,H2,1872447.20533
Link,H2 Electrolysis,XK0 0,urban central heat,94104.25975
Link,H2 pipeline,AL0 0,AC,-56699.56142
Link,H2 pipeline,AL0 0,H2,-4923551.06919
Link,H2 pipeline,AT0 0,AC,-178149.80522
Link,H2 pipeline,AT0 0,H2,2531365.21088
Link,H2 pipeline,BA0 0,AC,-37544.74266
Link,H2 pipeline,BA0 0,H2,10005184.67361
Link,H2 pipeline,BE0 0,AC,-802556.78719
Link,H2 pipeline,BE0 0,H2,172473194.26072
Link,H2 pipeline,BG0 0,AC,-95042.66001
Link,H2 pipeline,BG0 0,H2,-7836264.15564
Link,H2 pipeline,CH0 0,AC,-232160.63254
Link,H2 pipeline,CH0 0,H2,37429658.06896
Link,H2 pipeline,CZ0 0,AC,-53473.88932
Link,H2 pipeline,CZ0 0,H2,2082933.60464
Link,H2 pipeline,DE0 0,AC,-147557.34031
Link,H2 pipeline,DE0 0,H2,406544011.35652
Link,H2 pipeline,DE0 1,AC,-113605.63575
Link,H2 pipeline,DE0 1,H2,7974199.33632
Link,H2 pipeline,DK0 0,AC,-571319.11462
Link,H2 pipeline,DK0 0,H2,-79098691.51667
Link,H2 pipeline,DK1 0,AC,-66706.00995
Link,H2 pipeline,DK1 0,H2,41856138.50963
Link,H2 pipeline,EE0 0,AC,-49776.53734
Link,H2 pipeline,EE0 0,H2,-9285815.89569
Link,H2 pipeline,ES0 0,AC,-5206280.26822
Link,H2 pipeline,ES0 0,H2,-291411465.05688
Link,H2 pipeline,ES6 0,AC,-45025.01522
Link,H2 pipeline,ES6 0,H2,-4484662.27802
Link,H2 pipeline,FI1 0,AC,-7471.54949
Link,H2 pipeline,FI1 0,H2,1696315.94876
Link,H2 pipeline,FR0 0,AC,-6648393.86805
Link,H2 pipeline,FR0 0,H2,-448085193.41397
Link,H2 pipeline,FR5 0,AC,-13928.23566
Link,H2 pipeline,FR5 0,H2,53580488.48983
Link,H2 pipeline,GB2 0,AC,-2162722.96247
Link,H2 pipeline,GB2 0,H2,-204115832.93935
Link,H2 pipeline,GB3 0,AC,-45416.51204
Link,H2 pipeline,GB3 0,H2,-9614580.6109
Link,H2 pipeline,GR0 0,AC,-397641.43151
Link,H2 pipeline,GR0 0,H2,-45927051.91645
Link,H2 pipeline,HR0 0,AC,-41743.45945
Link,H2 pipeline,HR0 0,H2,3326918.98734
Link,H2 pipeline,HU0 0,AC,-100272.28436
Link,H2 pipeline,HU0 0,H2,3574615.24149
Link,H2 pipeline,IE3 0,AC,-44516.30597
Link,H2 pipeline,IE3 0,H2,8288211.37557
Link,H2 pipeline,IT0 0,AC,-393408.87755
Link,H2 pipeline,IT0 0,H2,14508811.02935
Link,H2 pipeline,IT4 0,AC,-59373.3688
Link,H2 pipeline,IT4 0,H2,-10819979.71112
Link,H2 pipeline,LT0 0,AC,-49259.76672
Link,H2 pipeline,LT0 0,H2,4122281.38521
Link,H2 pipeline,LU0 0,AC,-676872.42132
Link,H2 pipeline,LU0 0,H2,8090175.79539
Link,H2 pipeline,LV0 0,AC,-28409.69093
Link,H2 pipeline,LV0 0,H2,51077.88955
Link,H2 pipeline,ME0 0,AC,-104855.81938
Link,H2 pipeline,ME0 0,H2,-479248.19096
Link,H2 pipeline,MK0 0,AC,-110536.82637
Link,H2 pipeline,MK0 0,H2,-3237326.87736
Link,H2 pipeline,NL0 0,AC,-45073.68217
Link,H2 pipeline,NL0 0,H2,326614327.81578
Link,H2 pipeline,NO1 0,AC,-15464.67849
Link,H2 pipeline,NO1 0,H2,3125406.3686
Link,H2 pipeline,PL0 0,AC,-28249.72487
Link,H2 pipeline,PL0 0,H2,17396036.58975
Link,H2 pipeline,PT0 0,AC,-239265.5743
Link,H2 pipeline,PT0 0,H2,-29221527.61039
Link,H2 pipeline,RO0 0,AC,-107450.13936
Link,H2 pipeline,RO0 0,H2,-76666.61113
Link,H2 pipeline,RS0 0,AC,-90049.17798
Link,H2 pipeline,RS0 0,H2,14802339.6119
Link,H2 pipeline,SE1 0,AC,-24244.43186
Link,H2 pipeline,SE1 0,H2,1824273.28723
Link,H2 pipeline,SI0 0,AC,-43659.16569
Link,H2 pipeline,SI0 0,H2,2643934.9192
Link,H2 pipeline,SK0 0,AC,-76891.49485
Link,H2 pipeline,SK0 0,H2,4832630.02817
Link,H2 pipeline,XK0 0,AC,-43568.29918
Link,H2 pipeline,XK0 0,H2,-756671.93067
Link,HVC to air,EU,co2,3460.32564
Link,HVC to air,EU,non-sequestered HVC,-13459.06512
Link,agriculture machinery oil,EU,agriculture machinery oil,51423816.742
Link,agriculture machinery oil,EU,co2,13221063.28437
Link,agriculture machinery oil,EU,oil,-51423816.742
Link,battery charger,AL0 0,AC,-91067.46912
Link,battery charger,AL0 0,battery,89227.5326
Link,battery charger,AT0 0,AC,-117842.25951
Link,battery charger,AT0 0,battery,115461.36238
Link,battery charger,BA0 0,AC,-94637.45435
Link,battery charger,BA0 0,battery,92725.38948
Link,battery charger,BE0 0,AC,-150390.50062
Link,battery charger,BE0 0,battery,147351.99547
Link,battery charger,BG0 0,AC,-152631.6254
Link,battery charger,BG0 0,battery,149547.84033
Link,battery charger,CH0 0,AC,-156095.55686
Link,battery charger,CH0 0,battery,152941.78617
Link,battery charger,CZ0 0,AC,-136392.04093
Link,battery charger,CZ0 0,battery,133636.3621
Link,battery charger,DE0 0,AC,-144528.20169
Link,battery charger,DE0 0,battery,141608.13903
Link,battery charger,DE0 1,AC,-143186.57819
Link,battery charger,DE0 1,battery,140293.62183
Link,battery charger,DK0 0,AC,-147831.22216
Link,battery charger,DK0 0,battery,144844.42494
Link,battery charger,DK1 0,AC,-113771.88258
Link,battery charger,DK1 0,battery,111473.22375
Link,battery charger,EE0 0,AC,-136354.2373
Link,battery charger,EE0 0,battery,133599.32226
Link,battery charger,ES0 0,AC,-169854.74978
Link,battery charger,ES0 0,battery,166422.98694
Link,battery charger,ES6 0,AC,-196651.75374
Link,battery charger,ES6 0,battery,192678.58148
Link,battery charger,FI1 0,AC,-143142.96245
Link,battery charger,FI1 0,battery,140250.88731
Link,battery charger,FR0 0,AC,-133847.19905
Link,battery charger,FR0 0,battery,131142.93647
Link,battery charger,FR5 0,AC,-126097.90846
Link,battery charger,FR5 0,battery,123550.21334
Link,battery charger,GB2 0,AC,-155691.76972
Link,battery charger,GB2 0,battery,152546.15718
Link,battery charger,GB3 0,AC,-173200.11513
Link,battery charger,GB3 0,battery,169700.76218
Link,battery charger,GR0 0,AC,-197257.46691
Link,battery charger,GR0 0,battery,193272.05676
Link,battery charger,HR0 0,AC,-116891.26946
Link,battery charger,HR0 0,battery,114529.58623
Link,battery charger,HU0 0,AC,-146337.63646
Link,battery charger,HU0 0,battery,143381.0158
Link,battery charger,IE3 0,AC,-208638.55055
Link,battery charger,IE3 0,battery,204423.19581
Link,battery charger,IT0 0,AC,-162051.5717
Link,battery charger,IT0 0,battery,158777.46507
Link,battery charger,IT4 0,AC,-168072.15811
Link,battery charger,IT4 0,battery,164676.41094
Link,battery charger,LT0 0,AC,-131745.13552
Link,battery charger,LT0 0,battery,129083.34325
Link,battery charger,LU0 0,AC,-75293.93783
Link,battery charger,LU0 0,battery,73772.69136
Link,battery charger,LV0 0,AC,-141497.60118
Link,battery charger,LV0 0,battery,138638.76909
Link,battery charger,ME0 0,AC,-118708.34278
Link,battery charger,ME0 0,battery,116309.94721
Link,battery charger,MK0 0,AC,-89258.97868
Link,battery charger,MK0 0,battery,87455.58109
Link,battery charger,NL0 0,AC,-139973.87691
Link,battery charger,NL0 0,battery,137145.8303
Link,battery charger,NO1 0,AC,-196539.84529
Link,battery charger,NO1 0,battery,192568.93403
Link,battery charger,PL0 0,AC,-172044.6078
Link,battery charger,PL0 0,battery,168568.60085
Link,battery charger,PT0 0,AC,-225301.40464
Link,battery charger,PT0 0,battery,220749.39188
Link,battery charger,RO0 0,AC,-166590.96813
Link,battery charger,RO0 0,battery,163225.14707
Link,battery charger,RS0 0,AC,-114630.27496
Link,battery charger,RS0 0,battery,112314.27309
Link,battery charger,SE1 0,AC,-150095.28735
Link,battery charger,SE1 0,battery,147062.74672
Link,battery charger,SI0 0,AC,-153725.88595
Link,battery charger,SI0 0,battery,150619.99233
Link,battery charger,SK0 0,AC,-140504.93513
Link,battery charger,SK0 0,battery,137666.15897
Link,battery charger,XK0 0,AC,-81744.6021
Link,battery charger,XK0 0,battery,80093.02575
Link,battery discharger,AL0 0,AC,87426.85847
Link,battery discharger,AL0 0,battery,-89229.66377
Link,battery discharger,AT0 0,AC,113130.64384
Link,battery discharger,AT0 0,battery,-115463.47986
Link,battery discharger,BA0 0,AC,90853.98204
Link,battery discharger,BA0 0,battery,-92727.45713
Link,battery discharger,BE0 0,AC,144374.88096
Link,battery discharger,BE0 0,battery,-147351.99585
Link,battery discharger,BG0 0,AC,146526.36112
Link,battery discharger,BG0 0,battery,-149547.84109
Link,battery discharger,CH0 0,AC,149851.73532
Link,battery discharger,CH0 0,battery,-152941.78692
Link,battery discharger,CZ0 0,AC,130936.36002
Link,battery discharger,CZ0 0,battery,-133636.36284
Link,battery discharger,DE0 0,AC,138747.07435
Link,battery discharger,DE0 0,battery,-141608.13978
Link,battery discharger,DE0 1,AC,137459.11579
Link,battery discharger,DE0 1,battery,-140293.62258
Link,battery discharger,DK0 0,AC,141920.0505
Link,battery discharger,DK0 0,battery,-144846.545
Link,battery discharger,DK1 0,AC,109222.89618
Link,battery discharger,DK1 0,battery,-111475.15161
Link,battery discharger,EE0 0,AC,130901.9967
Link,battery discharger,EE0 0,battery,-133601.29093
Link,battery discharger,ES0 0,AC,163060.56125
Link,battery discharger,ES0 0,battery,-166422.98843
Link,battery discharger,ES6 0,AC,188785.7206
Link,battery discharger,ES6 0,battery,-192678.61924
Link,battery discharger,FI1 0,AC,137417.24468
Link,battery discharger,FI1 0,battery,-140250.88805
Link,battery discharger,FR0 0,AC,128493.31182
Link,battery discharger,FR0 0,battery,-131142.93722
Link,battery discharger,FR5 0,AC,121056.18325
Link,battery discharger,FR5 0,battery,-123552.44966
Link,battery discharger,GB2 0,AC,149464.09966
Link,battery discharger,GB2 0,battery,-152546.15793
Link,battery discharger,GB3 0,AC,166272.11126
Link,battery discharger,GB3 0,battery,-169700.76294
Link,battery discharger,GR0 0,AC,189369.09223
Link,battery discharger,GR0 0,battery,-193274.02042
Link,battery discharger,HR0 0,AC,112217.55408
Link,battery discharger,HR0 0,battery,-114531.56153
Link,battery discharger,HU0 0,AC,140484.13174
Link,battery discharger,HU0 0,battery,-143381.01655
Link,battery discharger,IE3 0,AC,200294.8619
Link,battery discharger,IE3 0,battery,-204425.0874
Link,battery discharger,IT0 0,AC,155569.50957
Link,battery discharger,IT0 0,battery,-158777.46582
Link,battery discharger,IT4 0,AC,161351.12471
Link,battery discharger,IT4 0,battery,-164678.30206
Link,battery discharger,LT0 0,AC,126475.33083
Link,battery discharger,LT0 0,battery,-129083.34399
Link,battery discharger,LU0 0,AC,72284.30624
Link,battery discharger,LU0 0,battery,-73774.86112
Link,battery discharger,LV0 0,AC,135839.63457
Link,battery discharger,LV0 0,battery,-138640.74647
Link,battery discharger,ME0 0,AC,113962.01717
Link,battery discharger,ME0 0,battery,-116311.99672
Link,battery discharger,MK0 0,AC,85690.74279
Link,battery discharger,MK0 0,battery,-87457.74814
Link,battery discharger,NL0 0,AC,134374.92256
Link,battery discharger,NL0 0,battery,-137145.83104
Link,battery discharger,NO1 0,AC,188680.24891
Link,battery discharger,NO1 0,battery,-192570.97265
Link,battery discharger,PL0 0,AC,165164.84147
Link,battery discharger,PL0 0,battery,-168570.66044
Link,battery discharger,PT0 0,AC,216291.21011
Link,battery discharger,PT0 0,battery,-220751.29192
Link,battery discharger,RO0 0,AC,159927.33014
Link,battery discharger,RO0 0,battery,-163225.14782
Link,battery discharger,RS0 0,AC,110047.13774
Link,battery discharger,RS0 0,battery,-112316.38964
Link,battery discharger,SE1 0,AC,144091.47659
Link,battery discharger,SE1 0,battery,-147062.74747
Link,battery discharger,SI0 0,AC,147576.85125
Link,battery discharger,SI0 0,battery,-150619.99308
Link,battery discharger,SK0 0,AC,134884.73846
Link,battery discharger,SK0 0,battery,-137666.15972
Link,battery discharger,XK0 0,AC,78476.94573
Link,battery discharger,XK0 0,battery,-80095.19734
Link,co2 sequestered,EU,co2 sequestered,179983597.34936
Link,co2 sequestered,EU,co2 stored,-179983597.34936
Link,coal for industry,EU,co2,35647410.99494
Link,coal for industry,EU,coal,-106061919.05666
Link,coal for industry,EU,coal for industry,106061919.05666
Link,electricity distribution grid,AL0 0,AC,-7326659.55866
Link,electricity distribution grid,AL0 0,low voltage,7094267.98241
Link,electricity distribution grid,AT0 0,AC,-119222191.3815
Link,electricity distribution grid,AT0 0,low voltage,115575201.24525
Link,electricity distribution grid,BA0 0,AC,-15265442.20197
Link,electricity distribution grid,BA0 0,low voltage,14778302.58805
Link,electricity distribution grid,BE0 0,AC,-168386765.32545
Link,electricity distribution grid,BE0 0,low voltage,163291956.39839
Link,electricity distribution grid,BG0 0,AC,-48662072.80031
Link,electricity distribution grid,BG0 0,low voltage,47104284.81904
Link,electricity distribution grid,CH0 0,AC,-63730841.23375
Link,electricity distribution grid,CH0 0,low voltage,61736153.26558
Link,electricity distribution grid,CZ0 0,AC,-111154721.82926
Link,electricity distribution grid,CZ0 0,low voltage,107790503.36389
Link,electricity distribution grid,DE0 0,AC,-638480121.60468
Link,electricity distribution grid,DE0 0,low voltage,619285967.68085
Link,electricity distribution grid,DE0 1,AC,-361629462.40359
Link,electricity distribution grid,DE0 1,low voltage,350738825.82543
Link,electricity distribution grid,DK0 0,AC,-42795548.47591
Link,electricity distribution grid,DK0 0,low voltage,41447235.37325
Link,electricity distribution grid,DK1 0,AC,-27101750.16815
Link,electricity distribution grid,DK1 0,low voltage,26250091.0012
Link,electricity distribution grid,EE0 0,AC,-13674145.51256
Link,electricity distribution grid,EE0 0,low voltage,13225643.8421
Link,electricity distribution grid,ES0 0,AC,-297946724.00122
Link,electricity distribution grid,ES0 0,low voltage,288870503.52704
Link,electricity distribution grid,ES6 0,AC,-10616660.48623
Link,electricity distribution grid,ES6 0,low voltage,10236736.99514
Link,electricity distribution grid,FI1 0,AC,-120929966.87465
Link,electricity distribution grid,FI1 0,low voltage,117292606.68948
Link,electricity distribution grid,FR0 0,AC,-740602146.07552
Link,electricity distribution grid,FR0 0,low voltage,718305475.69297
Link,electricity distribution grid,FR5 0,AC,-4974172.50395
Link,electricity distribution grid,FR5 0,low voltage,4786849.74289
Link,electricity distribution grid,GB2 0,AC,-538400282.6411
Link,electricity distribution grid,GB2 0,low voltage,522176282.97043
Link,electricity distribution grid,GB3 0,AC,-16647243.59012
Link,electricity distribution grid,GB3 0,low voltage,16107190.84232
Link,electricity distribution grid,GR0 0,AC,-44170926.38238
Link,electricity distribution grid,GR0 0,low voltage,42635202.51165
Link,electricity distribution grid,HR0 0,AC,-30673050.34528
Link,electricity distribution grid,HR0 0,low voltage,29713278.7342
Link,electricity distribution grid,HU0 0,AC,-81996737.00304
Link,electricity distribution grid,HU0 0,low voltage,79494050.45907
Link,electricity distribution grid,IE3 0,AC,-45349223.50401
Link,electricity distribution grid,IE3 0,low voltage,43909713.45913
Link,electricity distribution grid,IT0 0,AC,-384375625.59961
Link,electricity distribution grid,IT0 0,low voltage,372741240.38322
Link,electricity distribution grid,IT4 0,AC,-12670724.39819
Link,electricity distribution grid,IT4 0,low voltage,12201067.60679
Link,electricity distribution grid,LT0 0,AC,-22187823.79103
Link,electricity distribution grid,LT0 0,low voltage,21492993.04256
Link,electricity distribution grid,LU0 0,AC,-11244529.46713
Link,electricity distribution grid,LU0 0,low voltage,10892159.64002
Link,electricity distribution grid,LV0 0,AC,-16269289.12169
Link,electricity distribution grid,LV0 0,low voltage,15744118.36829
Link,electricity distribution grid,ME0 0,AC,-3312554.56347
Link,electricity distribution grid,ME0 0,low voltage,3194359.49239
Link,electricity distribution grid,MK0 0,AC,-8382292.2856
Link,electricity distribution grid,MK0 0,low voltage,8096999.38995
Link,electricity distribution grid,NL0 0,AC,-243530530.07868
Link,electricity distribution grid,NL0 0,low voltage,236173865.50915
Link,electricity distribution grid,NO1 0,AC,-127479768.48016
Link,electricity distribution grid,NO1 0,low voltage,123640539.48527
Link,electricity distribution grid,PL0 0,AC,-292371462.52598
Link,electricity distribution grid,PL0 0,low voltage,283549727.82049
Link,electricity distribution grid,PT0 0,AC,-70345091.35431
Link,electricity distribution grid,PT0 0,low voltage,68087539.29099
Link,electricity distribution grid,RO0 0,AC,-104027642.64665
Link,electricity distribution grid,RO0 0,low voltage,100819467.60555
Link,electricity distribution grid,RS0 0,AC,-48554312.37416
Link,electricity distribution grid,RS0 0,low voltage,47050435.2421
Link,electricity distribution grid,SE1 0,AC,-174538534.86744
Link,electricity distribution grid,SE1 0,low voltage,169292087.48604
Link,electricity distribution grid,SI0 0,AC,-21661190.72098
Link,electricity distribution grid,SI0 0,low voltage,20961309.64875
Link,electricity distribution grid,SK0 0,AC,-45690899.9702
Link,electricity distribution grid,SK0 0,low voltage,44287556.0121
Link,electricity distribution grid,XK0 0,AC,-8518641.23959
Link,electricity distribution grid,XK0 0,low voltage,8235553.60062
Link,gas for industry,EU,co2,1474.06031
Link,gas for industry,EU,gas,-7444.74905
Link,gas for industry,EU,gas for industry,7444.74905
Link,gas for industry CC,EU,co2,5620368.09169
Link,gas for industry CC,EU,co2 stored,106786993.74209
Link,gas for industry CC,EU,gas,-567713948.65546
Link,gas for industry CC,EU,gas for industry,510942553.78992
Link,home battery charger,AL0 0,home battery,66091.74081
Link,home battery charger,AL0 0,low voltage,-67454.6005
Link,home battery charger,AT0 0,home battery,89162.3387
Link,home battery charger,AT0 0,low voltage,-91000.93087
Link,home battery charger,BA0 0,home battery,70533.23787
Link,home battery charger,BA0 0,low voltage,-71987.68445
Link,home battery charger,BE0 0,home battery,112458.2305
Link,home battery charger,BE0 0,low voltage,-114777.20087
Link,home battery charger,BG0 0,home battery,114212.44751
Link,home battery charger,BG0 0,low voltage,-116567.59111
Link,home battery charger,CH0 0,home battery,117410.02514
Link,home battery charger,CH0 0,low voltage,-119831.10512
Link,home battery charger,CZ0 0,home battery,105175.86829
Link,home battery charger,CZ0 0,low voltage,-107344.67107
Link,home battery charger,DE0 0,home battery,111248.44328
Link,home battery charger,DE0 0,low voltage,-113542.46697
Link,home battery charger,DE0 1,home battery,110092.22134
Link,home battery charger,DE0 1,low voltage,-112362.40289
Link,home battery charger,DK0 0,home battery,113302.51809
Link,home battery charger,DK0 0,low voltage,-115638.89829
Link,home battery charger,DK1 0,home battery,87908.4953
Link,home battery charger,DK1 0,low voltage,-89721.23231
Link,home battery charger,EE0 0,home battery,106172.30216
Link,home battery charger,EE0 0,low voltage,-108361.65213
Link,home battery charger,ES0 0,home battery,134629.79743
Link,home battery charger,ES0 0,low voltage,-137405.96162
Link,home battery charger,ES6 0,home battery,145081.33628
Link,home battery charger,ES6 0,low voltage,-148073.01878
Link,home battery charger,FI1 0,home battery,109309.85043
Link,home battery charger,FI1 0,low voltage,-111563.89892
Link,home battery charger,FR0 0,home battery,106267.05846
Link,home battery charger,FR0 0,low voltage,-108458.36237
Link,home battery charger,FR5 0,home battery,105662.35613
Link,home battery charger,FR5 0,low voltage,-107841.19064
Link,home battery charger,GB2 0,home battery,120374.52541
Link,home battery charger,GB2 0,low voltage,-122856.73554
Link,home battery charger,GB3 0,home battery,128743.81472
Link,home battery charger,GB3 0,low voltage,-131398.60567
Link,home battery charger,GR0 0,home battery,145561.18559
Link,home battery charger,GR0 0,low voltage,-148562.76294
Link,home battery charger,HR0 0,home battery,88812.22569
Link,home battery charger,HR0 0,low voltage,-90643.59828
Link,home battery charger,HU0 0,home battery,110871.09442
Link,home battery charger,HU0 0,low voltage,-113157.3369
Link,home battery charger,IE3 0,home battery,155600.36152
Link,home battery charger,IE3 0,low voltage,-158808.95396
Link,home battery charger,IT0 0,home battery,120748.50478
Link,home battery charger,IT0 0,low voltage,-123238.42663
Link,home battery charger,IT4 0,home battery,126582.80602
Link,home battery charger,IT4 0,low voltage,-129193.0354
Link,home battery charger,LT0 0,home battery,102970.22879
Link,home battery charger,LT0 0,low voltage,-105093.54968
Link,home battery charger,LU0 0,home battery,58323.96157
Link,home battery charger,LU0 0,low voltage,-59526.64401
Link,home battery charger,LV0 0,home battery,109254.77864
Link,home battery charger,LV0 0,low voltage,-111507.69152
Link,home battery charger,ME0 0,home battery,88506.76414
Link,home battery charger,ME0 0,low voltage,-90331.83789
Link,home battery charger,MK0 0,home battery,65739.46237
Link,home battery charger,MK0 0,low voltage,-67095.05782
Link,home battery charger,NL0 0,home battery,108201.5225
Link,home battery charger,NL0 0,low voltage,-110432.71647
Link,home battery charger,NO1 0,home battery,151339.6668
Link,home battery charger,NO1 0,low voltage,-154460.40063
Link,home battery charger,PL0 0,home battery,131257.5698
Link,home battery charger,PL0 0,low voltage,-133964.19621
Link,home battery charger,PT0 0,home battery,164986.36232
Link,home battery charger,PT0 0,low voltage,-168388.50092
Link,home battery charger,RO0 0,home battery,125711.22183
Link,home battery charger,RO0 0,low voltage,-128303.47851
Link,home battery charger,RS0 0,home battery,85740.79658
Link,home battery charger,RS0 0,low voltage,-87508.83407
Link,home battery charger,SE1 0,home battery,116629.97749
Link,home battery charger,SE1 0,low voltage,-119034.97232
Link,home battery charger,SI0 0,home battery,116225.79673
Link,home battery charger,SI0 0,low voltage,-118622.45706
Link,home battery charger,SK0 0,home battery,107919.2025
Link,home battery charger,SK0 0,low voltage,-110144.57482
Link,home battery charger,XK0 0,home battery,61142.6069
Link,home battery charger,XK0 0,low voltage,-62403.41186
Link,home battery discharger,AL0 0,home battery,-66093.84962
Link,home battery discharger,AL0 0,low voltage,64758.48268
Link,home battery discharger,AT0 0,home battery,-89164.47314
Link,home battery discharger,AT0 0,low voltage,87362.98495
Link,home battery discharger,BA0 0,home battery,-70535.31243
Link,home battery discharger,BA0 0,low voltage,69110.20972
Link,home battery discharger,BE0 0,home battery,-112458.23135
Link,home battery discharger,BE0 0,low voltage,110186.11368
Link,home battery discharger,BG0 0,home battery,-114212.4489
Link,home battery discharger,BG0 0,low voltage,111904.88883
Link,home battery discharger,CH0 0,home battery,-117410.02796
Link,home battery discharger,CH0 0,low voltage,115037.86367
Link,home battery discharger,CZ0 0,home battery,-105175.87094
Link,home battery discharger,CZ0 0,low voltage,103050.88682
Link,home battery discharger,DE0 0,home battery,-111248.44488
Link,home battery discharger,DE0 0,low voltage,109000.76985
Link,home battery discharger,DE0 1,home battery,-110092.22262
Link,home battery discharger,DE0 1,low voltage,107867.90803
Link,home battery discharger,DK0 0,home battery,-113304.63855
Link,home battery discharger,DK0 0,low voltage,111015.41997
Link,home battery discharger,DK1 0,home battery,-87910.53486
Link,home battery discharger,DK1 0,low voltage,86134.38137
Link,home battery discharger,EE0 0,home battery,-106174.33153
Link,home battery discharger,EE0 0,low voltage,104029.17441
Link,home battery discharger,ES0 0,home battery,-134629.79818
Link,home battery discharger,ES0 0,low voltage,131909.72389
Link,home battery discharger,ES6 0,home battery,-145081.33703
Link,home battery discharger,ES6 0,low voltage,142150.09877
Link,home battery discharger,FI1 0,home battery,-109309.85277
Link,home battery discharger,FI1 0,low voltage,107101.34525
Link,home battery discharger,FR0 0,home battery,-106267.05951
Link,home battery discharger,FR0 0,low voltage,104120.02891
Link,home battery discharger,FR5 0,home battery,-105664.56259
Link,home battery discharger,FR5 0,low voltage,103529.70489
Link,home battery discharger,GB2 0,home battery,-120374.52689
Link,home battery discharger,GB2 0,low voltage,117942.46757
Link,home battery discharger,GB3 0,home battery,-128743.8161
Link,home battery discharger,GB3 0,low voltage,126142.66279
Link,home battery discharger,GR0 0,home battery,-145563.13067
Link,home battery discharger,GR0 0,low voltage,142622.1582
Link,home battery discharger,HR0 0,home battery,-88814.25916
Link,home battery discharger,HR0 0,low voltage,87019.84673
Link,home battery discharger,HU0 0,home battery,-110871.09548
Link,home battery discharger,HU0 0,low voltage,108631.04446
Link,home battery discharger,IE3 0,home battery,-155602.36036
Link,home battery discharger,IE3 0,low voltage,152458.55426
Link,home battery discharger,IT0 0,home battery,-120748.50553
Link,home battery discharger,IT0 0,low voltage,118308.8903
Link,home battery discharger,IT4 0,home battery,-126584.77182
Link,home battery discharger,IT4 0,low voltage,124027.24007
Link,home battery discharger,LT0 0,home battery,-102970.23
Link,home battery discharger,LT0 0,low voltage,100889.80888
Link,home battery discharger,LU0 0,home battery,-58326.10577
Link,home battery discharger,LU0 0,low voltage,57147.67912
Link,home battery discharger,LV0 0,home battery,-109256.81797
Link,home battery discharger,LV0 0,low voltage,107049.38198
Link,home battery discharger,ME0 0,home battery,-88508.85291
Link,home battery discharger,ME0 0,low voltage,86720.61094
Link,home battery discharger,MK0 0,home battery,-65741.6118
Link,home battery discharger,MK0 0,low voltage,64413.36151
Link,home battery discharger,NL0 0,home battery,-108201.52336
Link,home battery discharger,NL0 0,low voltage,106015.40865
Link,home battery discharger,NO1 0,home battery,-151341.70523
Link,home battery discharger,NO1 0,low voltage,148283.98184
Link,home battery discharger,PL0 0,home battery,-131259.62966
Link,home battery discharger,PL0 0,low voltage,128607.64659
Link,home battery discharger,PT0 0,home battery,-164988.28386
Link,home battery discharger,PT0 0,low voltage,161654.8436
Link,home battery discharger,RO0 0,home battery,-125711.22289
Link,home battery discharger,RO0 0,low voltage,123171.34041
Link,home battery discharger,RS0 0,home battery,-85742.92736
Link,home battery discharger,RS0 0,low voltage,84010.56843
Link,home battery discharger,SE1 0,home battery,-116629.97993
Link,home battery discharger,SE1 0,low voltage,114273.57582
Link,home battery discharger,SI0 0,home battery,-116225.7979
Link,home battery discharger,SI0 0,low voltage,113877.55992
Link,home battery discharger,SK0 0,home battery,-107919.20355
Link,home battery discharger,SK0 0,low voltage,105738.79286
Link,home battery discharger,XK0 0,home battery,-61144.76054
Link,home battery discharger,XK0 0,low voltage,59909.3855
Link,industry methanol,EU,co2,2167604.41248
Link,industry methanol,EU,industry methanol,8739997.75154
Link,industry methanol,EU,methanol,-8739997.75154
Link,kerosene for aviation,EU,co2,191258478.7808
Link,kerosene for aviation,EU,kerosene for aviation,743906957.52937
Link,kerosene for aviation,EU,oil,-743906957.52937
Link,land transport oil,EU,co2,243551834.27845
Link,land transport oil,EU,land transport oil,947303906.17833
Link,land transport oil,EU,oil,-947303906.17833
Link,methanolisation,AL0 0,AC,-27523.37893
Link,methanolisation,AL0 0,H2,-115603.20317
Link,methanolisation,AL0 0,urban central heat,2539.61343
Link,methanolisation,AT0 0,AC,-31707.44533
Link,methanolisation,AT0 0,H2,-133177.04391
Link,methanolisation,AT0 0,urban central heat,2925.68198
Link,methanolisation,BA0 0,AC,-120436.95761
Link,methanolisation,BA0 0,H2,-505857.152
Link,methanolisation,BA0 0,urban central heat,11112.85483
Link,methanolisation,BE0 0,AC,-16319.39996
Link,methanolisation,BE0 0,H2,-68544.45137
Link,methanolisation,BE0 0,urban central heat,1505.80956
Link,methanolisation,BG0 0,AC,-4040261.56845
Link,methanolisation,BG0 0,H2,-16969834.26731
Link,methanolisation,BG0 0,urban central heat,372799.52257
Link,methanolisation,CH0 0,AC,-2792099.61524
Link,methanolisation,CH0 0,H2,-11727326.78953
Link,methanolisation,CH0 0,urban central heat,257630.20188
Link,methanolisation,CZ0 0,AC,-8795.52836
Link,methanolisation,CZ0 0,H2,-36942.82067
Link,methanolisation,CZ0 0,urban central heat,811.57339
Link,methanolisation,DE0 0,AC,-10080.00798
Link,methanolisation,DE0 0,H2,-42337.86895
Link,methanolisation,DE0 0,urban central heat,930.09378
Link,methanolisation,DE0 1,AC,-9392.25717
Link,methanolisation,DE0 1,H2,-39449.19032
Link,methanolisation,DE0 1,urban central heat,866.63423
Link,methanolisation,DK0 0,AC,-30619.79169
Link,methanolisation,DK0 0,H2,-128608.70058
Link,methanolisation,DK0 0,urban central heat,2825.32295
Link,methanolisation,DK1 0,AC,-21583.07194
Link,methanolisation,DK1 0,H2,-90652.83215
Link,methanolisation,DK1 0,urban central heat,1991.49456
Link,methanolisation,EE0 0,AC,-19688.73597
Link,methanolisation,EE0 0,H2,-82696.27616
Link,methanolisation,EE0 0,urban central heat,1816.70202
Link,methanolisation,ES0 0,AC,-8299.18025
Link,methanolisation,ES0 0,H2,-34858.06821
Link,methanolisation,ES0 0,urban central heat,765.77478
Link,methanolisation,ES6 0,AC,-4465.67648
Link,methanolisation,ES6 0,H2,-18756.65436
Link,methanolisation,ES6 0,urban central heat,412.05304
Link,methanolisation,EU,co2 stored,-70775359.15116
Link,methanolisation,EU,methanol,285373325.6334
Link,methanolisation,FI1 0,AC,-8867.02628
Link,methanolisation,FI1 0,H2,-37243.12496
Link,methanolisation,FI1 0,urban central heat,818.17058
Link,methanolisation,FR0 0,AC,-8813781.58626
Link,methanolisation,FR0 0,H2,-37019487.53888
Link,methanolisation,FR0 0,urban central heat,813257.63486
Link,methanolisation,FR5 0,AC,-10207791.04487
Link,methanolisation,FR5 0,H2,-42874581.09627
Link,methanolisation,GB2 0,AC,-6337545.16882
Link,methanolisation,GB2 0,H2,-26618843.69475
Link,methanolisation,GB2 0,urban central heat,584772.4889
Link,methanolisation,GB3 0,AC,-20346.63719
Link,methanolisation,GB3 0,H2,-85459.58104
Link,methanolisation,GB3 0,urban central heat,1877.40732
Link,methanolisation,GR0 0,AC,-15516.72562
Link,methanolisation,GR0 0,H2,-65173.07299
Link,methanolisation,GR0 0,urban central heat,1431.74589
Link,methanolisation,HR0 0,AC,-21170.70801
Link,methanolisation,HR0 0,H2,-88920.82857
Link,methanolisation,HR0 0,urban central heat,1953.44527
Link,methanolisation,HU0 0,AC,-17320.29071
Link,methanolisation,HU0 0,H2,-72748.37479
Link,methanolisation,HU0 0,urban central heat,1598.16289
Link,methanolisation,IE3 0,AC,-49864.33903
Link,methanolisation,IE3 0,H2,-209439.30358
Link,methanolisation,IE3 0,urban central heat,4601.03918
Link,methanolisation,IT0 0,AC,-38471480.76377
Link,methanolisation,IT0 0,H2,-161587224.37105
Link,methanolisation,IT0 0,urban central heat,3549807.21378
Link,methanolisation,IT4 0,AC,-8441.12168
Link,methanolisation,IT4 0,H2,-35454.24807
Link,methanolisation,IT4 0,urban central heat,778.87188
Link,methanolisation,LT0 0,AC,-10772.93708
Link,methanolisation,LT0 0,H2,-45248.29734
Link,methanolisation,LT0 0,urban central heat,994.03114
Link,methanolisation,LU0 0,AC,-10938.01832
Link,methanolisation,LU0 0,H2,-45941.66861
Link,methanolisation,LU0 0,urban central heat,1009.26337
Link,methanolisation,LV0 0,AC,-14189.36863
Link,methanolisation,LV0 0,H2,-59597.93195
Link,methanolisation,LV0 0,urban central heat,1309.26916
Link,methanolisation,ME0 0,AC,-202282.23656
Link,methanolisation,ME0 0,H2,-849622.22655
Link,methanolisation,ME0 0,urban central heat,18664.81166
Link,methanolisation,MK0 0,AC,-34801.17677
Link,methanolisation,MK0 0,H2,-146171.27929
Link,methanolisation,MK0 0,urban central heat,3211.1441
Link,methanolisation,NL0 0,AC,-15190.2432
Link,methanolisation,NL0 0,H2,-63801.78739
Link,methanolisation,NL0 0,urban central heat,1401.62099
Link,methanolisation,NO1 0,AC,-11753.25749
Link,methanolisation,NO1 0,H2,-49365.82157
Link,methanolisation,NO1 0,urban central heat,1084.48641
Link,methanolisation,PL0 0,AC,-6818.83288
Link,methanolisation,PL0 0,H2,-28640.33972
Link,methanolisation,PL0 0,urban central heat,629.18145
Link,methanolisation,PT0 0,AC,-4793134.13302
Link,methanolisation,PT0 0,H2,-20132036.12695
Link,methanolisation,PT0 0,urban central heat,442267.92898
Link,methanolisation,RO0 0,AC,-305987.69248
Link,methanolisation,RO0 0,H2,-1285204.02486
Link,methanolisation,RO0 0,urban central heat,28233.83183
Link,methanolisation,RS0 0,AC,-525679.45342
Link,methanolisation,RS0 0,H2,-2207949.42386
Link,methanolisation,RS0 0,urban central heat,48505.04007
Link,methanolisation,SE1 0,AC,-10032.34741
Link,methanolisation,SE1 0,H2,-42137.68589
Link,methanolisation,SE1 0,urban central heat,925.69609
Link,methanolisation,SI0 0,AC,-28957.73317
Link,methanolisation,SI0 0,H2,-121627.75216
Link,methanolisation,SI0 0,urban central heat,2671.96292
Link,methanolisation,SK0 0,AC,-10784.08954
Link,methanolisation,SK0 0,H2,-45295.13972
Link,methanolisation,SK0 0,urban central heat,995.06019
Link,methanolisation,XK0 0,AC,-227556.88599
Link,methanolisation,XK0 0,H2,-955780.35633
Link,methanolisation,XK0 0,urban central heat,20996.93226
Link,naphtha for industry,EU,naphtha for industry,504799998.24058
Link,naphtha for industry,EU,oil,-504799998.24058
Link,naphtha for industry,EU,process emissions,16139999.94375
Link,oil refining,EU,co2,18072940.79358
Link,oil refining,EU,oil,1319930840.35296
Link,oil refining,EU,oil primary,-1390226214.89039
Link,process emissions,EU,co2,1511.0853
Link,process emissions,EU,process emissions,-1511.0853
Link,process emissions CC,EU,co2,8435424.84993
Link,process emissions CC,EU,co2 stored,160273072.14863
Link,process emissions CC,EU,process emissions,-168708496.99856
Link,residential rural air heat pump,AL0 0,low voltage,-59053.95275
Link,residential rural air heat pump,AL0 0,residential rural heat,156455.72235
Link,residential rural air heat pump,AT0 0,low voltage,-336221.24267
Link,residential rural air heat pump,AT0 0,residential rural heat,882492.51198
Link,residential rural air heat pump,BA0 0,low voltage,-125361.98763
Link,residential rural air heat pump,BA0 0,residential rural heat,301254.37921
Link,residential rural air heat pump,BE0 0,low voltage,-21165.92818
Link,residential rural air heat pump,BE0 0,residential rural heat,57457.87964
Link,residential rural air heat pump,BG0 0,low voltage,-123245.06557
Link,residential rural air heat pump,BG0 0,residential rural heat,317381.24616
Link,residential rural air heat pump,CH0 0,low voltage,-111221.76192
Link,residential rural air heat pump,CH0 0,residential rural heat,281198.46224
Link,residential rural air heat pump,CZ0 0,low voltage,-153385.14403
Link,residential rural air heat pump,CZ0 0,residential rural heat,384635.27902
Link,residential rural air heat pump,DE0 0,low voltage,-135481.16008
Link,residential rural air heat pump,DE0 0,residential rural heat,379996.00223
Link,residential rural air heat pump,DE0 1,low voltage,-603007.21291
Link,residential rural air heat pump,DE0 1,residential rural heat,1604831.25829
Link,residential rural air heat pump,DK0 0,low voltage,-25163.12955
Link,residential rural air heat pump,DK0 0,residential rural heat,64422.03247
Link,residential rural air heat pump,DK1 0,low voltage,-10075.07202
Link,residential rural air heat pump,DK1 0,residential rural heat,26664.05399
Link,residential rural air heat pump,EE0 0,low voltage,-45924.65836
Link,residential rural air heat pump,EE0 0,residential rural heat,106159.7266
Link,residential rural air heat pump,ES0 0,low voltage,-993526.40069
Link,residential rural air heat pump,ES0 0,residential rural heat,2630009.75412
Link,residential rural air heat pump,ES6 0,low voltage,-19857.90604
Link,residential rural air heat pump,ES6 0,residential rural heat,55915.46878
Link,residential rural air heat pump,FI1 0,low voltage,-25258.90465
Link,residential rural air heat pump,FI1 0,residential rural heat,67318.01396
Link,residential rural air heat pump,FR0 0,low voltage,-937137.17273
Link,residential rural air heat pump,FR0 0,residential rural heat,2445711.59817
Link,residential rural air heat pump,FR5 0,low voltage,-42175.87701
Link,residential rural air heat pump,FR5 0,residential rural heat,110437.37434
Link,residential rural air heat pump,GB2 0,low voltage,-511925.53079
Link,residential rural air heat pump,GB2 0,residential rural heat,1296524.74747
Link,residential rural air heat pump,GB3 0,low voltage,-191095.41355
Link,residential rural air heat pump,GB3 0,residential rural heat,459157.78183
Link,residential rural air heat pump,GR0 0,low voltage,-373930.69051
Link,residential rural air heat pump,GR0 0,residential rural heat,984322.00758
Link,residential rural air heat pump,HR0 0,low voltage,-124827.56021
Link,residential rural air heat pump,HR0 0,residential rural heat,307354.3332
Link,residential rural air heat pump,HU0 0,low voltage,-236171.51063
Link,residential rural air heat pump,HU0 0,residential rural heat,568897.89708
Link,residential rural air heat pump,IE3 0,low voltage,-361707.16914
Link,residential rural air heat pump,IE3 0,residential rural heat,861767.65023
Link,residential rural air heat pump,IT0 0,low voltage,-1312378.13353
Link,residential rural air heat pump,IT0 0,residential rural heat,3627836.63045
Link,residential rural air heat pump,IT4 0,low voltage,-217418.29965
Link,residential rural air heat pump,IT4 0,residential rural heat,564268.06767
Link,residential rural air heat pump,LT0 0,low voltage,-59647.96102
Link,residential rural air heat pump,LT0 0,residential rural heat,129512.99618
Link,residential rural air heat pump,LU0 0,low voltage,-5119.65301
Link,residential rural air heat pump,LU0 0,residential rural heat,12342.73975
Link,residential rural air heat pump,LV0 0,low voltage,-53649.2145
Link,residential rural air heat pump,LV0 0,residential rural heat,133617.89509
Link,residential rural air heat pump,ME0 0,low voltage,-21422.17604
Link,residential rural air heat pump,ME0 0,residential rural heat,52685.45308
Link,residential rural air heat pump,MK0 0,low voltage,-65446.24154
Link,residential rural air heat pump,MK0 0,residential rural heat,155463.477
Link,residential rural air heat pump,NL0 0,low voltage,-32068.57833
Link,residential rural air heat pump,NL0 0,residential rural heat,85988.88172
Link,residential rural air heat pump,NO1 0,low voltage,-28040.9756
Link,residential rural air heat pump,NO1 0,residential rural heat,65287.36967
Link,residential rural air heat pump,PL0 0,low voltage,-1034571.88094
Link,residential rural air heat pump,PL0 0,residential rural heat,2262844.96406
Link,residential rural air heat pump,PT0 0,low voltage,-352495.8935
Link,residential rural air heat pump,PT0 0,residential rural heat,964331.14167
Link,residential rural air heat pump,RO0 0,low voltage,-590818.8241
Link,residential rural air heat pump,RO0 0,residential rural heat,1437848.47922
Link,residential rural air heat pump,RS0 0,low voltage,-213369.26718
Link,residential rural air heat pump,RS0 0,residential rural heat,530823.09267
Link,residential rural air heat pump,SE1 0,low voltage,-47429.85117
Link,residential rural air heat pump,SE1 0,residential rural heat,113354.57398
Link,residential rural air heat pump,SI0 0,low voltage,-69851.72335
Link,residential rural air heat pump,SI0 0,residential rural heat,182713.04014
Link,residential rural air heat pump,SK0 0,low voltage,-144521.51754
Link,residential rural air heat pump,SK0 0,residential rural heat,333176.24269
Link,residential rural air heat pump,XK0 0,low voltage,-37928.8766
Link,residential rural air heat pump,XK0 0,residential rural heat,91744.23646
Link,residential rural ground heat pump,AL0 0,low voltage,-236955.17
Link,residential rural ground heat pump,AL0 0,residential rural heat,855315.3677
Link,residential rural ground heat pump,AT0 0,low voltage,-6827526.09356
Link,residential rural ground heat pump,AT0 0,residential rural heat,21627336.71042
Link,residential rural ground heat pump,BA0 0,low voltage,-1104549.57043
Link,residential rural ground heat pump,BA0 0,residential rural heat,3770358.44067
Link,residential rural ground heat pump,BE0 0,low voltage,-884779.62098
Link,residential rural ground heat pump,BE0 0,residential rural heat,2939321.04533
Link,residential rural ground heat pump,BG0 0,low voltage,-761688.3042
Link,residential rural ground heat pump,BG0 0,residential rural heat,2669127.40833
Link,residential rural ground heat pump,CH0 0,low voltage,-2932444.85245
Link,residential rural ground heat pump,CH0 0,residential rural heat,9134389.79932
Link,residential rural ground heat pump,CZ0 0,low voltage,-4571497.36065
Link,residential rural ground heat pump,CZ0 0,residential rural heat,14712606.24281
Link,residential rural ground heat pump,DE0 0,low voltage,-12448001.44209
Link,residential rural ground heat pump,DE0 0,residential rural heat,40642263.77987
Link,residential rural ground heat pump,DE0 1,low voltage,-21278428.80228
Link,residential rural ground heat pump,DE0 1,residential rural heat,68809551.39278
Link,residential rural ground heat pump,DK0 0,low voltage,-738830.9895
Link,residential rural ground heat pump,DK0 0,residential rural heat,2328027.95456
Link,residential rural ground heat pump,DK1 0,low voltage,-323534.23647
Link,residential rural ground heat pump,DK1 0,residential rural heat,1020420.33345
Link,residential rural ground heat pump,EE0 0,low voltage,-625791.6078
Link,residential rural ground heat pump,EE0 0,residential rural heat,1913735.92746
Link,residential rural ground heat pump,ES0 0,low voltage,-3137870.4964
Link,residential rural ground heat pump,ES0 0,residential rural heat,11636038.0969
Link,residential rural ground heat pump,ES6 0,low voltage,-9884.74337
Link,residential rural ground heat pump,ES6 0,residential rural heat,41473.61516
Link,residential rural ground heat pump,FI1 0,low voltage,-2605876.09358
Link,residential rural ground heat pump,FI1 0,residential rural heat,7771034.92412
Link,residential rural ground heat pump,FR0 0,low voltage,-19479557.18087
Link,residential rural ground heat pump,FR0 0,residential rural heat,66870015.84594
Link,residential rural ground heat pump,FR5 0,low voltage,-388140.31193
Link,residential rural ground heat pump,FR5 0,residential rural heat,1411314.76532
Link,residential rural ground heat pump,GB2 0,low voltage,-11442487.11435
Link,residential rural ground heat pump,GB2 0,residential rural heat,37684118.43998
Link,residential rural ground heat pump,GB3 0,low voltage,-1315114.52379
Link,residential rural ground heat pump,GB3 0,residential rural heat,4358302.79228
Link,residential rural ground heat pump,GR0 0,low voltage,-649156.05351
Link,residential rural ground heat pump,GR0 0,residential rural heat,2473717.73028
Link,residential rural ground heat pump,HR0 0,low voltage,-1724732.85156
Link,residential rural ground heat pump,HR0 0,residential rural heat,5995956.90709
Link,residential rural ground heat pump,HU0 0,low voltage,-3501812.82646
Link,residential rural ground heat pump,HU0 0,residential rural heat,11988771.56243
Link,residential rural ground heat pump,IE3 0,low voltage,-1946411.3876
Link,residential rural ground heat pump,IE3 0,residential rural heat,6539276.52105
Link,residential rural ground heat pump,IT0 0,low voltage,-15822327.41976
Link,residential rural ground heat pump,IT0 0,residential rural heat,56501611.20409
Link,residential rural ground heat pump,IT4 0,low voltage,-1024193.88637
Link,residential rural ground heat pump,IT4 0,residential rural heat,3932278.14804
Link,residential rural ground heat pump,LT0 0,low voltage,-1050215.05744
Link,residential rural ground heat pump,LT0 0,residential rural heat,3269258.32972
Link,residential rural ground heat pump,LU0 0,low voltage,-89780.30768
Link,residential rural ground heat pump,LU0 0,residential rural heat,293610.93025
Link,residential rural ground heat pump,LV0 0,low voltage,-920845.16723
Link,residential rural ground heat pump,LV0 0,residential rural heat,2863065.5888
Link,residential rural ground heat pump,ME0 0,low voltage,-121762.51363
Link,residential rural ground heat pump,ME0 0,residential rural heat,413467.60827
Link,residential rural ground heat pump,MK0 0,low voltage,-329556.15544
Link,residential rural ground heat pump,MK0 0,residential rural heat,1142108.19307
Link,residential rural ground heat pump,NL0 0,low voltage,-1430317.4657
Link,residential rural ground heat pump,NL0 0,residential rural heat,4727821.79076
Link,residential rural ground heat pump,NO1 0,low voltage,-1754087.89351
Link,residential rural ground heat pump,NO1 0,residential rural heat,5160047.17241
Link,residential rural ground heat pump,PL0 0,low voltage,-19648009.35545
Link,residential rural ground heat pump,PL0 0,residential rural heat,62721039.56471
Link,residential rural ground heat pump,PT0 0,low voltage,-707508.20762
Link,residential rural ground heat pump,PT0 0,residential rural heat,2733759.72208
Link,residential rural ground heat pump,RO0 0,low voltage,-6351823.26407
Link,residential rural ground heat pump,RO0 0,residential rural heat,21376258.95321
Link,residential rural ground heat pump,RS0 0,low voltage,-2224945.81905
Link,residential rural ground heat pump,RS0 0,residential rural heat,7701666.98157
Link,residential rural ground heat pump,SE1 0,low voltage,-3263122.78245
Link,residential rural ground heat pump,SE1 0,residential rural heat,9651916.05534
Link,residential rural ground heat pump,SI0 0,low voltage,-1119507.91943
Link,residential rural ground heat pump,SI0 0,residential rural heat,3716888.36254
Link,residential rural ground heat pump,SK0 0,low voltage,-2590853.97161
Link,residential rural ground heat pump,SK0 0,residential rural heat,8413661.53089
Link,residential rural ground heat pump,XK0 0,low voltage,-273236.60702
Link,residential rural ground heat pump,XK0 0,residential rural heat,948012.20369
Link,residential urban decentral air heat pump,AL0 0,low voltage,-433324.66122
Link,residential urban decentral air heat pump,AL0 0,residential urban decentral heat,1087140.8087
Link,residential urban decentral air heat pump,AT0 0,low voltage,-8277682.57801
Link,residential urban decentral air heat pump,AT0 0,residential urban decentral heat,17639717.33701
Link,residential urban decentral air heat pump,BA0 0,low voltage,-1058936.67166
Link,residential urban decentral air heat pump,BA0 0,residential urban decentral heat,2412299.91708
Link,residential urban decentral air heat pump,BE0 0,low voltage,-18437706.43512
Link,residential urban decentral air heat pump,BE0 0,residential urban decentral heat,41690224.15836
Link,residential urban decentral air heat pump,BG0 0,low voltage,-2271696.34588
Link,residential urban decentral air heat pump,BG0 0,residential urban decentral heat,5289980.2644
Link,residential urban decentral air heat pump,CH0 0,low voltage,-11507883.26542
Link,residential urban decentral air heat pump,CH0 0,residential urban decentral heat,23627783.06404
Link,residential urban decentral air heat pump,CZ0 0,low voltage,-10809853.87761
Link,residential urban decentral air heat pump,CZ0 0,residential urban decentral heat,23348290.04027
Link,residential urban decentral air heat pump,DE0 0,low voltage,-78204810.96954
Link,residential urban decentral air heat pump,DE0 0,residential urban decentral heat,174822451.47541
Link,residential urban decentral air heat pump,DE0 1,low voltage,-33270526.43966
Link,residential urban decentral air heat pump,DE0 1,residential urban decentral heat,73064418.43307
Link,residential urban decentral air heat pump,DK0 0,low voltage,-4681707.09502
Link,residential urban decentral air heat pump,DK0 0,residential urban decentral heat,10520477.64744
Link,residential urban decentral air heat pump,DK1 0,low voltage,-3057625.09925
Link,residential urban decentral air heat pump,DK1 0,residential urban decentral heat,6872039.42945
Link,residential urban decentral air heat pump,EE0 0,low voltage,-1067085.88693
Link,residential urban decentral air heat pump,EE0 0,residential urban decentral heat,2129981.40589
Link,residential urban decentral air heat pump,ES0 0,low voltage,-15661185.0987
Link,residential urban decentral air heat pump,ES0 0,residential urban decentral heat,40067302.6075
Link,residential urban decentral air heat pump,ES6 0,low voltage,-265515.17576
Link,residential urban decentral air heat pump,ES6 0,residential urban decentral heat,756918.45861
Link,residential urban decentral air heat pump,FI1 0,low voltage,-11802717.18026
Link,residential urban decentral air heat pump,FI1 0,residential urban decentral heat,22222030.74686
Link,residential urban decentral air heat pump,FR0 0,low voltage,-82010488.97809
Link,residential urban decentral air heat pump,FR0 0,residential urban decentral heat,191746055.89299
Link,residential urban decentral air heat pump,FR5 0,low voltage,0.0
Link,residential urban decentral air heat pump,FR5 0,residential urban decentral heat,0.0
Link,residential urban decentral air heat pump,GB2 0,low voltage,-66509372.32525
Link,residential urban decentral air heat pump,GB2 0,residential urban decentral heat,157922296.73015
Link,residential urban decentral air heat pump,GB3 0,low voltage,-746782.14073
Link,residential urban decentral air heat pump,GB3 0,residential urban decentral heat,1804041.71516
Link,residential urban decentral air heat pump,GR0 0,low voltage,-3985910.45252
Link,residential urban decentral air heat pump,GR0 0,residential urban decentral heat,10332864.99837
Link,residential urban decentral air heat pump,HR0 0,low voltage,-2382837.15294
Link,residential urban decentral air heat pump,HR0 0,residential urban decentral heat,5507367.86728
Link,residential urban decentral air heat pump,HU0 0,low voltage,-8369296.62546
Link,residential urban decentral air heat pump,HU0 0,residential urban decentral heat,18772650.70767
Link,residential urban decentral air heat pump,IE3 0,low voltage,-3915640.418
Link,residential urban decentral air heat pump,IE3 0,residential urban decentral heat,9528425.48679
Link,residential urban decentral air heat pump,IT0 0,low voltage,-44993805.85367
Link,residential urban decentral air heat pump,IT0 0,residential urban decentral heat,109513007.94171
Link,residential urban decentral air heat pump,IT4 0,low voltage,-327464.16219
Link,residential urban decentral air heat pump,IT4 0,residential urban decentral heat,848962.52685
Link,residential urban decentral air heat pump,LT0 0,low voltage,-1582450.31428
Link,residential urban decentral air heat pump,LT0 0,residential urban decentral heat,3182444.69806
Link,residential urban decentral air heat pump,LU0 0,low voltage,-961173.12668
Link,residential urban decentral air heat pump,LU0 0,residential urban decentral heat,2107042.65239
Link,residential urban decentral air heat pump,LV0 0,low voltage,-1383168.10791
Link,residential urban decentral air heat pump,LV0 0,residential urban decentral heat,2798965.58383
Link,residential urban decentral air heat pump,ME0 0,low voltage,-250497.16394
Link,residential urban decentral air heat pump,ME0 0,residential urban decentral heat,578911.2587
Link,residential urban decentral air heat pump,MK0 0,low voltage,-415595.8008
Link,residential urban decentral air heat pump,MK0 0,residential urban decentral heat,951230.85257
Link,residential urban decentral air heat pump,NL0 0,low voltage,-22932728.44883
Link,residential urban decentral air heat pump,NL0 0,residential urban decentral heat,52629849.03367
Link,residential urban decentral air heat pump,NO1 0,low voltage,-8799122.86581
Link,residential urban decentral air heat pump,NO1 0,residential urban decentral heat,17143121.98774
Link,residential urban decentral air heat pump,PL0 0,low voltage,-24181554.69515
Link,residential urban decentral air heat pump,PL0 0,residential urban decentral heat,51661896.08528
Link,residential urban decentral air heat pump,PT0 0,low voltage,-1797443.96092
Link,residential urban decentral air heat pump,PT0 0,residential urban decentral heat,4856326.31004
Link,residential urban decentral air heat pump,RO0 0,low voltage,-7384887.98085
Link,residential urban decentral air heat pump,RO0 0,residential urban decentral heat,16249878.43309
Link,residential urban decentral air heat pump,RS0 0,low voltage,-2182074.50982
Link,residential urban decentral air heat pump,RS0 0,residential urban decentral heat,4972802.68979
Link,residential urban decentral air heat pump,SE1 0,low voltage,-16728080.04753
Link,residential urban decentral air heat pump,SE1 0,residential urban decentral heat,32296746.91309
Link,residential urban decentral air heat pump,SI0 0,low voltage,-1405831.48492
Link,residential urban decentral air heat pump,SI0 0,residential urban decentral heat,3147836.68879
Link,residential urban decentral air heat pump,SK0 0,low voltage,-3160598.66589
Link,residential urban decentral air heat pump,SK0 0,residential urban decentral heat,6788523.66901
Link,residential urban decentral air heat pump,XK0 0,low voltage,-480138.11745
Link,residential urban decentral air heat pump,XK0 0,residential urban decentral heat,1085444.40468
Link,services rural air heat pump,AL0 0,low voltage,-29101.34011
Link,services rural air heat pump,AL0 0,services rural heat,76144.70702
Link,services rural air heat pump,AT0 0,low voltage,-143196.48407
Link,services rural air heat pump,AT0 0,services rural heat,387438.54445
Link,services rural air heat pump,BA0 0,low voltage,-39101.05046
Link,services rural air heat pump,BA0 0,services rural heat,95456.5256
Link,services rural air heat pump,BE0 0,low voltage,-19920.18568
Link,services rural air heat pump,BE0 0,services rural heat,55382.38775
Link,services rural air heat pump,BG0 0,low voltage,-79829.54187
Link,services rural air heat pump,BG0 0,services rural heat,227692.48749
Link,services rural air heat pump,CH0 0,low voltage,-50528.33422
Link,services rural air heat pump,CH0 0,services rural heat,126217.15331
Link,services rural air heat pump,CZ0 0,low voltage,-89343.22596
Link,services rural air heat pump,CZ0 0,services rural heat,247695.22801
Link,services rural air heat pump,DE0 0,low voltage,-77443.32104
Link,services rural air heat pump,DE0 0,services rural heat,220208.36313
Link,services rural air heat pump,DE0 1,low voltage,-314393.35569
Link,services rural air heat pump,DE0 1,services rural heat,868855.05884
Link,services rural air heat pump,DK0 0,low voltage,-12465.63753
Link,services rural air heat pump,DK0 0,services rural heat,32525.76449
Link,services rural air heat pump,DK1 0,low voltage,-7588.46906
Link,services rural air heat pump,DK1 0,services rural heat,19753.22392
Link,services rural air heat pump,EE0 0,low voltage,-28049.75219
Link,services rural air heat pump,EE0 0,services rural heat,71958.44276
Link,services rural air heat pump,ES0 0,low voltage,-675476.74798
Link,services rural air heat pump,ES0 0,services rural heat,1919794.47747
Link,services rural air heat pump,ES6 0,low voltage,-67125.80046
Link,services rural air heat pump,ES6 0,services rural heat,211990.38171
Link,services rural air heat pump,FI1 0,low voltage,-19864.95177
Link,services rural air heat pump,FI1 0,services rural heat,51821.85191
Link,services rural air heat pump,FR0 0,low voltage,-718483.37169
Link,services rural air heat pump,FR0 0,services rural heat,2079108.72616
Link,services rural air heat pump,FR5 0,low voltage,-23190.72051
Link,services rural air heat pump,FR5 0,services rural heat,65294.40559
Link,services rural air heat pump,GB2 0,low voltage,-190269.5745
Link,services rural air heat pump,GB2 0,services rural heat,482743.07158
Link,services rural air heat pump,GB3 0,low voltage,-74575.18079
Link,services rural air heat pump,GB3 0,services rural heat,179690.06214
Link,services rural air heat pump,GR0 0,low voltage,-349414.30593
Link,services rural air heat pump,GR0 0,services rural heat,1040954.40123
Link,services rural air heat pump,HR0 0,low voltage,-51210.65666
Link,services rural air heat pump,HR0 0,services rural heat,147190.93798
Link,services rural air heat pump,HU0 0,low voltage,-125111.27541
Link,services rural air heat pump,HU0 0,services rural heat,343552.48036
Link,services rural air heat pump,IE3 0,low voltage,-184997.28343
Link,services rural air heat pump,IE3 0,services rural heat,448058.12318
Link,services rural air heat pump,IT0 0,low voltage,-1366104.80819
Link,services rural air heat pump,IT0 0,services rural heat,4096523.49992
Link,services rural air heat pump,IT4 0,low voltage,-141624.98997
Link,services rural air heat pump,IT4 0,services rural heat,384786.65225
Link,services rural air heat pump,LT0 0,low voltage,-27345.06108
Link,services rural air heat pump,LT0 0,services rural heat,68324.70201
Link,services rural air heat pump,LU0 0,low voltage,-5009.30283
Link,services rural air heat pump,LU0 0,services rural heat,12412.55413
Link,services rural air heat pump,LV0 0,low voltage,-36229.48846
Link,services rural air heat pump,LV0 0,services rural heat,96329.58118
Link,services rural air heat pump,ME0 0,low voltage,-4679.17266
Link,services rural air heat pump,ME0 0,services rural heat,11505.56838
Link,services rural air heat pump,MK0 0,low voltage,-24730.11951
Link,services rural air heat pump,MK0 0,services rural heat,60858.72667
Link,services rural air heat pump,NL0 0,low voltage,-46881.04276
Link,services rural air heat pump,NL0 0,services rural heat,128937.45962
Link,services rural air heat pump,NO1 0,low voltage,-25054.45104
Link,services rural air heat pump,NO1 0,services rural heat,58622.19302
Link,services rural air heat pump,PL0 0,low voltage,-512756.38886
Link,services rural air heat pump,PL0 0,services rural heat,1301314.05786
Link,services rural air heat pump,PT0 0,low voltage,-530919.81134
Link,services rural air heat pump,PT0 0,services rural heat,1489490.59609
Link,services rural air heat pump,RO0 0,low voltage,-222741.90134
Link,services rural air heat pump,RO0 0,services rural heat,627751.59198
Link,services rural air heat pump,RS0 0,low voltage,-66026.15849
Link,services rural air heat pump,RS0 0,services rural heat,168096.10868
Link,services rural air heat pump,SE1 0,low voltage,-24351.19652
Link,services rural air heat pump,SE1 0,services rural heat,59935.6157
Link,services rural air heat pump,SI0 0,low voltage,-33941.34305
Link,services rural air heat pump,SI0 0,services rural heat,94837.57221
Link,services rural air heat pump,SK0 0,low voltage,-101294.66037
Link,services rural air heat pump,SK0 0,services rural heat,252095.04209
Link,services rural air heat pump,XK0 0,low voltage,-14704.13892
Link,services rural air heat pump,XK0 0,services rural heat,37008.79346
Link,services rural ground heat pump,AL0 0,low voltage,-107655.81722
Link,services rural ground heat pump,AL0 0,services rural heat,387332.69825
Link,services rural ground heat pump,AT0 0,low voltage,-3297383.34545
Link,services rural ground heat pump,AT0 0,services rural heat,10553588.1427
Link,services rural ground heat pump,BA0 0,low voltage,-310883.67522
Link,services rural ground heat pump,BA0 0,services rural heat,1061035.34597
Link,services rural ground heat pump,BE0 0,low voltage,-2291611.8763
Link,services rural ground heat pump,BE0 0,services rural heat,7887531.2547
Link,services rural ground heat pump,BG0 0,low voltage,-620965.63627
Link,services rural ground heat pump,BG0 0,services rural heat,2228669.13713
Link,services rural ground heat pump,CH0 0,low voltage,-1314580.6586
Link,services rural ground heat pump,CH0 0,services rural heat,4091281.5343
Link,services rural ground heat pump,CZ0 0,low voltage,-2769152.87464
Link,services rural ground heat pump,CZ0 0,services rural heat,9083368.37236
Link,services rural ground heat pump,DE0 0,low voltage,-9407691.59886
Link,services rural ground heat pump,DE0 0,services rural heat,31352298.51972
Link,services rural ground heat pump,DE0 1,low voltage,-10673346.25169
Link,services rural ground heat pump,DE0 1,services rural heat,34855597.0112
Link,services rural ground heat pump,DK0 0,low voltage,-1089555.46029
Link,services rural ground heat pump,DK0 0,services rural heat,3602991.51356
Link,services rural ground heat pump,DK1 0,low voltage,-592990.38613
Link,services rural ground heat pump,DK1 0,services rural heat,1990855.44575
Link,services rural ground heat pump,EE0 0,low voltage,-441826.99374
Link,services rural ground heat pump,EE0 0,services rural heat,1394655.46474
Link,services rural ground heat pump,ES0 0,low voltage,-6099539.1227
Link,services rural ground heat pump,ES0 0,services rural heat,23168135.16706
Link,services rural ground heat pump,ES6 0,low voltage,-33365.5976
Link,services rural ground heat pump,ES6 0,services rural heat,143335.53485
Link,services rural ground heat pump,FI1 0,low voltage,-2899172.5408
Link,services rural ground heat pump,FI1 0,services rural heat,8803001.59417
Link,services rural ground heat pump,FR0 0,low voltage,-15282956.27698
Link,services rural ground heat pump,FR0 0,services rural heat,53557315.24753
Link,services rural ground heat pump,FR5 0,low voltage,-166642.22369
Link,services rural ground heat pump,FR5 0,services rural heat,612500.12882
Link,services rural ground heat pump,GB2 0,low voltage,-4392881.33689
Link,services rural ground heat pump,GB2 0,services rural heat,14481214.89706
Link,services rural ground heat pump,GB3 0,low voltage,-466080.32089
Link,services rural ground heat pump,GB3 0,services rural heat,1542873.78269
Link,services rural ground heat pump,GR0 0,low voltage,-1137855.13269
Link,services rural ground heat pump,GR0 0,services rural heat,4469202.55319
Link,services rural ground heat pump,HR0 0,low voltage,-844894.14998
Link,services rural ground heat pump,HR0 0,services rural heat,3029056.77352
Link,services rural ground heat pump,HU0 0,low voltage,-2423205.9136
Link,services rural ground heat pump,HU0 0,services rural heat,8545630.91815
Link,services rural ground heat pump,IE3 0,low voltage,-1238439.29117
Link,services rural ground heat pump,IE3 0,services rural heat,4190605.77482
Link,services rural ground heat pump,IT0 0,low voltage,-12731633.80911
Link,services rural ground heat pump,IT0 0,services rural heat,46096783.03017
Link,services rural ground heat pump,IT4 0,low voltage,-637376.88793
Link,services rural ground heat pump,IT4 0,services rural heat,2460621.16576
Link,services rural ground heat pump,LT0 0,low voltage,-539622.11372
Link,services rural ground heat pump,LT0 0,services rural heat,1731105.14608
Link,services rural ground heat pump,LU0 0,low voltage,-106561.6257
Link,services rural ground heat pump,LU0 0,services rural heat,354964.61665
Link,services rural ground heat pump,LV0 0,low voltage,-801455.59018
Link,services rural ground heat pump,LV0 0,services rural heat,2557676.89093
Link,services rural ground heat pump,ME0 0,low voltage,-13926.9344
Link,services rural ground heat pump,ME0 0,services rural heat,48019.18496
Link,services rural ground heat pump,MK0 0,low voltage,-114192.2444
Link,services rural ground heat pump,MK0 0,services rural heat,396871.4124
Link,services rural ground heat pump,NL0 0,low voltage,-10375603.38095
Link,services rural ground heat pump,NL0 0,services rural heat,35843877.43639
Link,services rural ground heat pump,NO1 0,low voltage,-1528148.09038
Link,services rural ground heat pump,NO1 0,services rural heat,4500874.45948
Link,services rural ground heat pump,PL0 0,low voltage,-14065979.42727
Link,services rural ground heat pump,PL0 0,services rural heat,46438877.01663
Link,services rural ground heat pump,PT0 0,low voltage,-1314132.33301
Link,services rural ground heat pump,PT0 0,services rural heat,5113105.88593
Link,services rural ground heat pump,RO0 0,low voltage,-2255412.73285
Link,services rural ground heat pump,RO0 0,services rural heat,7770055.44147
Link,services rural ground heat pump,RS0 0,low voltage,-598067.7881
Link,services rural ground heat pump,RS0 0,services rural heat,2072326.8644
Link,services rural ground heat pump,SE1 0,low voltage,-2424374.10792
Link,services rural ground heat pump,SE1 0,services rural heat,7322441.9782
Link,services rural ground heat pump,SI0 0,low voltage,-479738.25819
Link,services rural ground heat pump,SI0 0,services rural heat,1613427.30875
Link,services rural ground heat pump,SK0 0,low voltage,-1636127.11377
Link,services rural ground heat pump,SK0 0,services rural heat,5344303.79706
Link,services rural ground heat pump,XK0 0,low voltage,-78812.70605
Link,services rural ground heat pump,XK0 0,services rural heat,274875.80159
Link,services urban decentral air heat pump,AL0 0,low voltage,-167244.55598
Link,services urban decentral air heat pump,AL0 0,services urban decentral heat,405974.40564
Link,services urban decentral air heat pump,AT0 0,low voltage,-2673477.98997
Link,services urban decentral air heat pump,AT0 0,services urban decentral heat,5690099.602
Link,services urban decentral air heat pump,BA0 0,low voltage,-290540.03803
Link,services urban decentral air heat pump,BA0 0,services urban decentral heat,659120.87628
Link,services urban decentral air heat pump,BE0 0,low voltage,-8213470.75928
Link,services urban decentral air heat pump,BE0 0,services urban decentral heat,18557828.5639
Link,services urban decentral air heat pump,BG0 0,low voltage,-848946.94563
Link,services urban decentral air heat pump,BG0 0,services urban decentral heat,1970933.96654
Link,services urban decentral air heat pump,CH0 0,low voltage,-5175505.80329
Link,services urban decentral air heat pump,CH0 0,services urban decentral heat,10584140.73816
Link,services urban decentral air heat pump,CZ0 0,low voltage,-3465324.34101
Link,services urban decentral air heat pump,CZ0 0,services urban decentral heat,7439436.15547
Link,services urban decentral air heat pump,DE0 0,low voltage,-29254243.74566
Link,services urban decentral air heat pump,DE0 0,services urban decentral heat,65044545.70625
Link,services urban decentral air heat pump,DE0 1,low voltage,-12449242.46448
Link,services urban decentral air heat pump,DE0 1,services urban decentral heat,27184099.15831
Link,services urban decentral air heat pump,DK0 0,low voltage,-1263512.46401
Link,services urban decentral air heat pump,DK0 0,services urban decentral heat,2805374.72003
Link,services urban decentral air heat pump,DK1 0,low voltage,-825764.11314
Link,services urban decentral air heat pump,DK1 0,services urban decentral heat,1832320.7505
Link,services urban decentral air heat pump,EE0 0,low voltage,-366317.23989
Link,services urban decentral air heat pump,EE0 0,services urban decentral heat,727464.23636
Link,services urban decentral air heat pump,ES0 0,low voltage,-6827395.78996
Link,services urban decentral air heat pump,ES0 0,services urban decentral heat,17375040.00893
Link,services urban decentral air heat pump,ES6 0,low voltage,-115537.94127
Link,services urban decentral air heat pump,ES6 0,services urban decentral heat,327419.98242
Link,services urban decentral air heat pump,FI1 0,low voltage,-4059781.88747
Link,services urban decentral air heat pump,FI1 0,services urban decentral heat,7587894.4338
Link,services urban decentral air heat pump,FR0 0,low voltage,-29633874.40942
Link,services urban decentral air heat pump,FR0 0,services urban decentral heat,69542628.05207
Link,services urban decentral air heat pump,FR5 0,low voltage,-6563.93664
Link,services urban decentral air heat pump,FR5 0,services urban decentral heat,18890.66771
Link,services urban decentral air heat pump,GB2 0,low voltage,-23387992.97483
Link,services urban decentral air heat pump,GB2 0,services urban decentral heat,55307892.78045
Link,services urban decentral air heat pump,GB3 0,low voltage,-262419.20218
Link,services urban decentral air heat pump,GB3 0,services urban decentral heat,631602.56949
Link,services urban decentral air heat pump,GR0 0,low voltage,-1905851.53051
Link,services urban decentral air heat pump,GR0 0,services urban decentral heat,4943068.61279
Link,services urban decentral air heat pump,HR0 0,low voltage,-525492.59126
Link,services urban decentral air heat pump,HR0 0,services urban decentral heat,1233578.67634
Link,services urban decentral air heat pump,HU0 0,low voltage,-2705860.63199
Link,services urban decentral air heat pump,HU0 0,services urban decentral heat,6060183.45853
Link,services urban decentral air heat pump,IE3 0,low voltage,-1621718.19562
Link,services urban decentral air heat pump,IE3 0,services urban decentral heat,3922832.65985
Link,services urban decentral air heat pump,IT0 0,low voltage,-23917644.19985
Link,services urban decentral air heat pump,IT0 0,services urban decentral heat,57945476.62164
Link,services urban decentral air heat pump,IT4 0,low voltage,-173860.21775
Link,services urban decentral air heat pump,IT4 0,services urban decentral heat,448332.60296
Link,services urban decentral air heat pump,LT0 0,low voltage,-416579.99826
Link,services urban decentral air heat pump,LT0 0,services urban decentral heat,848014.74895
Link,services urban decentral air heat pump,LU0 0,low voltage,-638581.37243
Link,services urban decentral air heat pump,LU0 0,services urban decentral heat,1406955.3413
Link,services urban decentral air heat pump,LV0 0,low voltage,-542085.4774
Link,services urban decentral air heat pump,LV0 0,services urban decentral heat,1078426.53779
Link,services urban decentral air heat pump,ME0 0,low voltage,-27900.77242
Link,services urban decentral air heat pump,ME0 0,services urban decentral heat,67329.45835
Link,services urban decentral air heat pump,MK0 0,low voltage,-138023.17658
Link,services urban decentral air heat pump,MK0 0,services urban decentral heat,317751.58669
Link,services urban decentral air heat pump,NL0 0,low voltage,-12419032.75095
Link,services urban decentral air heat pump,NL0 0,services urban decentral heat,28375122.37243
Link,services urban decentral air heat pump,NO1 0,low voltage,-7094712.83565
Link,services urban decentral air heat pump,NO1 0,services urban decentral heat,13789727.07127
Link,services urban decentral air heat pump,PL0 0,low voltage,-6799005.46208
Link,services urban decentral air heat pump,PL0 0,services urban decentral heat,14444132.73858
Link,services urban decentral air heat pump,PT0 0,low voltage,-1785259.34616
Link,services urban decentral air heat pump,PT0 0,services urban decentral heat,4677332.68323
Link,services urban decentral air heat pump,RO0 0,low voltage,-1450826.57497
Link,services urban decentral air heat pump,RO0 0,services urban decentral heat,3222248.16377
Link,services urban decentral air heat pump,RS0 0,low voltage,-552308.55649
Link,services urban decentral air heat pump,RS0 0,services urban decentral heat,1251206.27975
Link,services urban decentral air heat pump,SE1 0,low voltage,-4960515.65905
Link,services urban decentral air heat pump,SE1 0,services urban decentral heat,9607781.56414
Link,services urban decentral air heat pump,SI0 0,low voltage,-422441.54761
Link,services urban decentral air heat pump,SI0 0,services urban decentral heat,942607.26229
Link,services urban decentral air heat pump,SK0 0,low voltage,-1710181.93873
Link,services urban decentral air heat pump,SK0 0,services urban decentral heat,3658915.25327
Link,services urban decentral air heat pump,XK0 0,low voltage,-124190.94009
Link,services urban decentral air heat pump,XK0 0,services urban decentral heat,283603.54892
Link,shipping methanol,EU,co2,68607756.57357
Link,shipping methanol,EU,methanol,-276633335.28031
Link,shipping methanol,EU,shipping methanol,276633335.28031
Link,shipping oil,EU,co2,66919738.78519
Link,shipping oil,EU,oil,-260286809.74404
Link,shipping oil,EU,shipping oil,260286809.74404
Link,solid biomass for industry,EU,solid biomass,-4783.46805
Link,solid biomass for industry,EU,solid biomass for industry,4783.46805
Link,solid biomass for industry CC,EU,co2,-242839518.42309
Link,solid biomass for industry CC,EU,co2 stored,242839518.42309
Link,solid biomass for industry CC,EU,solid biomass,-697083571.60762
Link,solid biomass for industry CC,EU,solid biomass for industry,627375214.44686
Link,urban central air heat pump,AL0 0,low voltage,-216106.51781
Link,urban central air heat pump,AL0 0,urban central heat,633703.31241
Link,urban central air heat pump,AT0 0,low voltage,-3620157.54011
Link,urban central air heat pump,AT0 0,urban central heat,10546307.37152
Link,urban central air heat pump,BA0 0,low voltage,-733362.07136
Link,urban central air heat pump,BA0 0,urban central heat,2029609.88494
Link,urban central air heat pump,BE0 0,low voltage,-11119706.13984
Link,urban central air heat pump,BE0 0,urban central heat,31049744.92443
Link,urban central air heat pump,BG0 0,low voltage,-1843569.92448
Link,urban central air heat pump,BG0 0,urban central heat,5130712.48809
Link,urban central air heat pump,CH0 0,low voltage,-6962218.13085
Link,urban central air heat pump,CH0 0,urban central heat,18089320.04331
Link,urban central air heat pump,CZ0 0,low voltage,-3352937.42821
Link,urban central air heat pump,CZ0 0,urban central heat,9151810.87748
Link,urban central air heat pump,DE0 0,low voltage,-51531698.45414
Link,urban central air heat pump,DE0 0,urban central heat,143475691.18808
Link,urban central air heat pump,DE0 1,low voltage,-11878839.41255
Link,urban central air heat pump,DE0 1,urban central heat,34872966.18457
Link,urban central air heat pump,DK0 0,low voltage,-5297278.92148
Link,urban central air heat pump,DK0 0,urban central heat,18218554.46801
Link,urban central air heat pump,DK1 0,low voltage,-2880088.84788
Link,urban central air heat pump,DK1 0,urban central heat,9884178.92235
Link,urban central air heat pump,EE0 0,low voltage,-1438102.89839
Link,urban central air heat pump,EE0 0,urban central heat,3690625.16254
Link,urban central air heat pump,ES0 0,low voltage,-6941235.38693
Link,urban central air heat pump,ES0 0,urban central heat,21081748.36106
Link,urban central air heat pump,ES6 0,low voltage,-122420.39749
Link,urban central air heat pump,ES6 0,urban central heat,414849.88672
Link,urban central air heat pump,FI1 0,low voltage,-10568010.61893
Link,urban central air heat pump,FI1 0,urban central heat,27082300.14384
Link,urban central air heat pump,FR0 0,low voltage,-52686444.19279
Link,urban central air heat pump,FR0 0,urban central heat,148889119.31464
Link,urban central air heat pump,GB2 0,low voltage,-36577150.75305
Link,urban central air heat pump,GB2 0,urban central heat,105663227.36686
Link,urban central air heat pump,GB3 0,low voltage,-376300.28985
Link,urban central air heat pump,GB3 0,urban central heat,1109665.48227
Link,urban central air heat pump,GR0 0,low voltage,-2217944.6314
Link,urban central air heat pump,GR0 0,urban central heat,6847301.05604
Link,urban central air heat pump,HR0 0,low voltage,-1763627.1993
Link,urban central air heat pump,HR0 0,urban central heat,5133135.47924
Link,urban central air heat pump,HU0 0,low voltage,-6633644.35704
Link,urban central air heat pump,HU0 0,urban central heat,18803906.95871
Link,urban central air heat pump,IE3 0,low voltage,-2126248.51048
Link,urban central air heat pump,IE3 0,urban central heat,6321203.8984
Link,urban central air heat pump,IT0 0,low voltage,-28679465.83059
Link,urban central air heat pump,IT0 0,urban central heat,95440100.82659
Link,urban central air heat pump,IT4 0,low voltage,-194608.61317
Link,urban central air heat pump,IT4 0,urban central heat,702084.52487
Link,urban central air heat pump,LT0 0,low voltage,-2385092.3508
Link,urban central air heat pump,LT0 0,urban central heat,6283337.81923
Link,urban central air heat pump,LU0 0,low voltage,-768977.86029
Link,urban central air heat pump,LU0 0,urban central heat,2106241.81724
Link,urban central air heat pump,LV0 0,low voltage,-1431872.20213
Link,urban central air heat pump,LV0 0,urban central heat,3908244.34828
Link,urban central air heat pump,ME0 0,low voltage,-102086.78883
Link,urban central air heat pump,ME0 0,urban central heat,285145.83884
Link,urban central air heat pump,MK0 0,low voltage,-486918.0232
Link,urban central air heat pump,MK0 0,urban central heat,1364358.0277
Link,urban central air heat pump,NL0 0,low voltage,-15521712.70128
Link,urban central air heat pump,NL0 0,urban central heat,43647414.87743
Link,urban central air heat pump,NO1 0,low voltage,-8040342.77078
Link,urban central air heat pump,NO1 0,urban central heat,20801048.48619
Link,urban central air heat pump,PL0 0,low voltage,-9785407.34247
Link,urban central air heat pump,PL0 0,urban central heat,25757945.97476
Link,urban central air heat pump,PT0 0,low voltage,-1260036.80816
Link,urban central air heat pump,PT0 0,urban central heat,4047872.63521
Link,urban central air heat pump,RO0 0,low voltage,-5120861.30104
Link,urban central air heat pump,RO0 0,urban central heat,13798895.11108
Link,urban central air heat pump,RS0 0,low voltage,-2540819.50828
Link,urban central air heat pump,RS0 0,urban central heat,7010103.88563
Link,urban central air heat pump,SE1 0,low voltage,-22800869.13362
Link,urban central air heat pump,SE1 0,urban central heat,60556211.79379
Link,urban central air heat pump,SI0 0,low voltage,-1175869.52835
Link,urban central air heat pump,SI0 0,urban central heat,3315160.84796
Link,urban central air heat pump,SK0 0,low voltage,-1610610.27741
Link,urban central air heat pump,SK0 0,urban central heat,4582064.22772
Link,urban central air heat pump,XK0 0,low voltage,-274680.49999
Link,urban central air heat pump,XK0 0,urban central heat,760239.31473
Link,waste CHP,AL0 0,AC,1359.25369
Link,waste CHP,AL0 0,urban central heat,4787.20986
Link,waste CHP,AT0 0,AC,14932.87221
Link,waste CHP,AT0 0,urban central heat,52592.67927
Link,waste CHP,BA0 0,AC,2550.70681
Link,waste CHP,BA0 0,urban central heat,8983.43623
Link,waste CHP,BE0 0,AC,11688.68654
Link,waste CHP,BE0 0,urban central heat,41166.85214
Link,waste CHP,BG0 0,AC,2307.8481
Link,waste CHP,BG0 0,urban central heat,8128.10244
Link,waste CHP,CH0 0,AC,3999.24399
Link,waste CHP,CH0 0,urban central heat,14085.09721
Link,waste CHP,CZ0 0,AC,533553.59405
Link,waste CHP,CZ0 0,urban central heat,1879143.72039
Link,waste CHP,DE0 0,AC,73067.59779
Link,waste CHP,DE0 0,urban central heat,257339.692
Link,waste CHP,DE0 1,AC,613520.72762
Link,waste CHP,DE0 1,urban central heat,2160783.16311
Link,waste CHP,DK0 0,AC,2147.11792
Link,waste CHP,DK0 0,urban central heat,7562.0204
Link,waste CHP,DK1 0,AC,2362.24404
Link,waste CHP,DK1 0,urban central heat,8319.68166
Link,waste CHP,EE0 0,AC,19613.55109
Link,waste CHP,EE0 0,urban central heat,69077.74922
Link,waste CHP,ES0 0,AC,1246.70852
Link,waste CHP,ES0 0,urban central heat,4390.83254
Link,waste CHP,ES6 0,AC,390.69282
Link,waste CHP,ES6 0,urban central heat,1375.99666
Link,waste CHP,EU,co2,5440457.08747
Link,waste CHP,EU,non-sequestered HVC,-21160859.92791
Link,waste CHP,FI1 0,AC,860798.78786
Link,waste CHP,FI1 0,urban central heat,3031681.64315
Link,waste CHP,FR0 0,AC,2789.58364
Link,waste CHP,FR0 0,urban central heat,9824.74609
Link,waste CHP,FR5 0,AC,720.28357
Link,waste CHP,GB2 0,AC,2902.83053
Link,waste CHP,GB2 0,urban central heat,10223.59482
Link,waste CHP,GB3 0,AC,1462.95853
Link,waste CHP,GB3 0,urban central heat,5152.45211
Link,waste CHP,GR0 0,AC,1541.59783
Link,waste CHP,GR0 0,urban central heat,5429.415
Link,waste CHP,HR0 0,AC,3731.69374
Link,waste CHP,HR0 0,urban central heat,13142.80129
Link,waste CHP,HU0 0,AC,6459.07981
Link,waste CHP,HU0 0,urban central heat,22748.49125
Link,waste CHP,IE3 0,AC,2221.05377
Link,waste CHP,IE3 0,urban central heat,7822.41801
Link,waste CHP,IT0 0,AC,2258.51752
Link,waste CHP,IT0 0,urban central heat,7954.36308
Link,waste CHP,IT4 0,AC,800.47912
Link,waste CHP,IT4 0,urban central heat,2819.23939
Link,waste CHP,LT0 0,AC,17557.41414
Link,waste CHP,LT0 0,urban central heat,61836.15835
Link,waste CHP,LU0 0,AC,16610.96629
Link,waste CHP,LU0 0,urban central heat,58502.82585
Link,waste CHP,LV0 0,AC,100602.58551
Link,waste CHP,LV0 0,urban central heat,354316.26537
Link,waste CHP,ME0 0,AC,1701.81434
Link,waste CHP,ME0 0,urban central heat,5993.68792
Link,waste CHP,MK0 0,AC,1780.87837
Link,waste CHP,MK0 0,urban central heat,6272.14668
Link,waste CHP,NL0 0,AC,10688.13029
Link,waste CHP,NL0 0,urban central heat,37642.95309
Link,waste CHP,NO1 0,AC,3861.40616
Link,waste CHP,NO1 0,urban central heat,13599.64062
Link,waste CHP,PL0 0,AC,2229603.42895
Link,waste CHP,PL0 0,urban central heat,7852529.39758
Link,waste CHP,PT0 0,AC,1113.41487
Link,waste CHP,PT0 0,urban central heat,3921.38031
Link,waste CHP,RO0 0,AC,3800.70462
Link,waste CHP,RO0 0,urban central heat,13385.85344
Link,waste CHP,RS0 0,AC,2956.5856
Link,waste CHP,RS0 0,urban central heat,10412.91695
Link,waste CHP,SE1 0,AC,6763.88408
Link,waste CHP,SE1 0,urban central heat,23821.99357
Link,waste CHP,SI0 0,AC,4463.98079
Link,waste CHP,SI0 0,urban central heat,15721.87228
Link,waste CHP,SK0 0,AC,9485.80985
Link,waste CHP,SK0 0,urban central heat,33408.4527
Link,waste CHP,XK0 0,AC,1907.45942
Link,waste CHP,XK0 0,urban central heat,6717.95753
Link,waste CHP CC,AL0 0,AC,1968.50911
Link,waste CHP CC,AL0 0,urban central heat,6932.97089
Link,waste CHP CC,AT0 0,AC,3334652.6153
Link,waste CHP CC,AT0 0,urban central heat,11744446.27791
Link,waste CHP CC,BA0 0,AC,4578.01916
Link,waste CHP CC,BA0 0,urban central heat,16123.50858
Link,waste CHP CC,BE0 0,AC,11872.65399
Link,waste CHP CC,BE0 0,urban central heat,41814.77446
Link,waste CHP CC,BG0 0,AC,3742.93689
Link,waste CHP CC,BG0 0,urban central heat,13182.39897
Link,waste CHP CC,CH0 0,AC,7436.11168
Link,waste CHP CC,CH0 0,urban central heat,26189.53884
Link,waste CHP CC,CZ0 0,AC,5294813.64119
Link,waste CHP CC,CZ0 0,urban central heat,18648015.71089
Link,waste CHP CC,DE0 0,AC,6110122.78771
Link,waste CHP CC,DE0 0,urban central heat,21519485.56871
Link,waste CHP CC,DE0 1,AC,11068931.73981
Link,waste CHP CC,DE0 1,urban central heat,38984112.94045
Link,waste CHP CC,DK0 0,AC,3122.13067
Link,waste CHP CC,DK0 0,urban central heat,10995.95676
Link,waste CHP CC,DK1 0,AC,3335.56773
Link,waste CHP CC,DK1 0,urban central heat,11747.66927
Link,waste CHP CC,EE0 0,AC,18437.99752
Link,waste CHP CC,EE0 0,urban central heat,64937.52014
Link,waste CHP CC,ES0 0,AC,1723.64123
Link,waste CHP CC,ES0 0,urban central heat,6070.5609
Link,waste CHP CC,ES6 0,AC,434.30474
Link,waste CHP CC,ES6 0,urban central heat,1529.59523
Link,waste CHP CC,EU,co2,5137812.35619
Link,waste CHP CC,EU,co2 stored,46240311.20574
Link,waste CHP CC,EU,non-sequestered HVC,-199837120.03864
Link,waste CHP CC,FI1 0,AC,3900399.62339
Link,waste CHP CC,FI1 0,urban central heat,13736973.26946
Link,waste CHP CC,FR0 0,AC,4661.5387
Link,waste CHP CC,FR0 0,urban central heat,16417.65941
Link,waste CHP CC,FR5 0,AC,1366.26278
Link,waste CHP CC,GB2 0,AC,4934.18832
Link,waste CHP CC,GB2 0,urban central heat,17377.91499
Link,waste CHP CC,GB3 0,AC,1841.25739
Link,waste CHP CC,GB3 0,urban central heat,6484.79795
Link,waste CHP CC,GR0 0,AC,1993.13818
Link,waste CHP CC,GR0 0,urban central heat,7019.71299
Link,waste CHP CC,HR0 0,AC,9283.81188
Link,waste CHP CC,HR0 0,urban central heat,32697.02799
Link,waste CHP CC,HU0 0,AC,118640.28998
Link,waste CHP CC,HU0 0,urban central heat,417843.97741
Link,waste CHP CC,IE3 0,AC,3072.26129
Link,waste CHP CC,IE3 0,urban central heat,10820.31978
Link,waste CHP CC,IT0 0,AC,4262.08581
Link,waste CHP CC,IT0 0,urban central heat,15010.8103
Link,waste CHP CC,IT4 0,AC,1008.76425
Link,waste CHP CC,IT4 0,urban central heat,3552.8071
Link,waste CHP CC,LT0 0,AC,37529.63868
Link,waste CHP CC,LT0 0,urban central heat,132177.13392
Link,waste CHP CC,LU0 0,AC,22106.6289
Link,waste CHP CC,LU0 0,urban central heat,77858.21955
Link,waste CHP CC,LV0 0,AC,432570.90387
Link,waste CHP CC,LV0 0,urban central heat,1523488.74921
Link,waste CHP CC,ME0 0,AC,2928.53408
Link,waste CHP CC,ME0 0,urban central heat,10314.1212
Link,waste CHP CC,MK0 0,AC,2576.69289
Link,waste CHP CC,MK0 0,urban central heat,9074.95763
Link,waste CHP CC,NL0 0,AC,12262.62876
Link,waste CHP CC,NL0 0,urban central heat,43188.24219
Link,waste CHP CC,NO1 0,AC,7105.29735
Link,waste CHP CC,NO1 0,urban central heat,25024.43061
Link,waste CHP CC,PL0 0,AC,11215839.18867
Link,waste CHP CC,PL0 0,urban central heat,39501512.1541
Link,waste CHP CC,PT0 0,AC,1446.6432
Link,waste CHP CC,PT0 0,urban central heat,5094.99047
Link,waste CHP CC,RO0 0,AC,8205.1586
Link,waste CHP CC,RO0 0,urban central heat,28898.07589
Link,waste CHP CC,RS0 0,AC,5537.68482
Link,waste CHP CC,RS0 0,urban central heat,19503.39343
Link,waste CHP CC,SE1 0,AC,10770.87829
Link,waste CHP CC,SE1 0,urban central heat,37934.3866
Link,waste CHP CC,SI0 0,AC,12847.15046
Link,waste CHP CC,SI0 0,urban central heat,45246.89249
Link,waste CHP CC,SK0 0,AC,1573284.76723
Link,waste CHP CC,SK0 0,urban central heat,5541014.48041
Link,waste CHP CC,XK0 0,AC,3088.81386
Link,waste CHP CC,XK0 0,urban central heat,10878.61695
Load,H2 for industry,AL0 0,H2,-40000.0
Load,H2 for industry,AT0 0,H2,-6360000.0
Load,H2 for industry,BA0 0,H2,-380000.0
Load,H2 for industry,BE0 0,H2,-8320000.0
Load,H2 for industry,BG0 0,H2,-1620000.0
Load,H2 for industry,CH0 0,H2,-310000.0
Load,H2 for industry,CZ0 0,H2,-1880000.0
Load,H2 for industry,DE0 0,H2,-21400000.0
Load,H2 for industry,DE0 1,H2,-7580000.0
Load,H2 for industry,DK0 0,H2,0.0
Load,H2 for industry,DK1 0,H2,0.0
Load,H2 for industry,EE0 0,H2,-160000.0
Load,H2 for industry,ES0 0,H2,-4840000.0
Load,H2 for industry,ES6 0,H2,0.0
Load,H2 for industry,FI1 0,H2,-1540000.0
Load,H2 for industry,FR0 0,H2,-10500000.0
Load,H2 for industry,FR5 0,H2,0.0
Load,H2 for industry,GB2 0,H2,-6790000.0
Load,H2 for industry,GB3 0,H2,10000.0
Load,H2 for industry,GR0 0,H2,-770000.0
Load,H2 for industry,HR0 0,H2,-2840000.0
Load,H2 for industry,HU0 0,H2,-3330000.0
Load,H2 for industry,IE3 0,H2,0.0
Load,H2 for industry,IT0 0,H2,-5090000.0
Load,H2 for industry,IT4 0,H2,30000.0
Load,H2 for industry,LT0 0,H2,-6230000.0
Load,H2 for industry,LU0 0,H2,0.0
Load,H2 for industry,LV0 0,H2,0.0
Load,H2 for industry,ME0 0,H2,-10000.0
Load,H2 for industry,MK0 0,H2,-340000.0
Load,H2 for industry,NL0 0,H2,-18000000.0
Load,H2 for industry,NO1 0,H2,-3210000.0
Load,H2 for industry,PL0 0,H2,-17370000.0
Load,H2 for industry,PT0 0,H2,40000.0
Load,H2 for industry,RO0 0,H2,-4480000.0
Load,H2 for industry,RS0 0,H2,-660000.0
Load,H2 for industry,SE1 0,H2,-1400000.0
Load,H2 for industry,SI0 0,H2,0.0
Load,H2 for industry,SK0 0,H2,-4710000.0
Load,H2 for industry,XK0 0,H2,-100000.0
Load,agriculture electricity,AL0 0,low voltage,-85798.76348
Load,agriculture electricity,AT0 0,low voltage,-714494.79218
Load,agriculture electricity,BA0 0,low voltage,-43545.30092
Load,agriculture electricity,BE0 0,low voltage,-1205990.47002
Load,agriculture electricity,BG0 0,low voltage,-230887.1039
Load,agriculture electricity,CH0 0,low voltage,0.0
Load,agriculture electricity,CZ0 0,low voltage,-709493.13383
Load,agriculture electricity,DE0 0,low voltage,-2349612.61315
Load,agriculture electricity,DE0 1,low voltage,-1372353.14023
Load,agriculture electricity,DK0 0,low voltage,-705298.73519
Load,agriculture electricity,DK1 0,low voltage,-407442.45602
Load,agriculture electricity,EE0 0,low voltage,-103098.23217
Load,agriculture electricity,ES0 0,low voltage,-3652592.73631
Load,agriculture electricity,ES6 0,low voltage,-60705.91973
Load,agriculture electricity,FI1 0,low voltage,-951485.88405
Load,agriculture electricity,FR0 0,low voltage,-5689059.88603
Load,agriculture electricity,FR5 0,low voltage,-23657.82342
Load,agriculture electricity,GB2 0,low voltage,-1312365.50001
Load,agriculture electricity,GB3 0,low voltage,-35596.06384
Load,agriculture electricity,GR0 0,low voltage,-961118.06212
Load,agriculture electricity,HR0 0,low voltage,-119437.90737
Load,agriculture electricity,HU0 0,low voltage,-741103.49213
Load,agriculture electricity,IE3 0,low voltage,-358929.60966
Load,agriculture electricity,IT0 0,low voltage,-3915329.56151
Load,agriculture electricity,IT4 0,low voltage,-99540.597
Load,agriculture electricity,LT0 0,low voltage,-142711.73871
Load,agriculture electricity,LU0 0,low voltage,-23787.06055
Load,agriculture electricity,LV0 0,low voltage,-148380.95546
Load,agriculture electricity,ME0 0,low voltage,-5456.65404
Load,agriculture electricity,MK0 0,low voltage,-23892.88991
Load,agriculture electricity,NL0 0,low voltage,-7161190.83362
Load,agriculture electricity,NO1 0,low voltage,-356330.41298
Load,agriculture electricity,PL0 0,low voltage,-1473035.8883
Load,agriculture electricity,PT0 0,low voltage,-667296.12856
Load,agriculture electricity,RO0 0,low voltage,-554892.92974
Load,agriculture electricity,RS0 0,low voltage,-168577.67396
Load,agriculture electricity,SE1 0,low voltage,-702605.47146
Load,agriculture electricity,SI0 0,low voltage,-13990.7192
Load,agriculture electricity,SK0 0,low voltage,-194501.53782
Load,agriculture electricity,XK0 0,low voltage,-40295.12016
Load,agriculture heat,AL0 0,services rural heat,-85798.76348
Load,agriculture heat,AT0 0,services rural heat,-3679919.14599
Load,agriculture heat,BA0 0,services rural heat,-43545.30092
Load,agriculture heat,BE0 0,services rural heat,-6609539.22088
Load,agriculture heat,BG0 0,services rural heat,-1344209.21661
Load,agriculture heat,CH0 0,services rural heat,0.0
Load,agriculture heat,CZ0 0,services rural heat,-4520959.97279
Load,agriculture heat,DE0 0,services rural heat,-16310449.20947
Load,agriculture heat,DE0 1,services rural heat,-9526547.51083
Load,agriculture heat,DK0 0,services rural heat,-2998001.65899
Load,agriculture heat,DK1 0,services rural heat,-1731908.90349
Load,agriculture heat,EE0 0,services rural heat,-776846.56686
Load,agriculture heat,ES0 0,services rural heat,-18904916.1813
Load,agriculture heat,ES6 0,services rural heat,-314198.81905
Load,agriculture heat,FI1 0,services rural heat,-6178480.46013
Load,agriculture heat,FR0 0,services rural heat,-30498623.46344
Load,agriculture heat,FR5 0,services rural heat,-126827.81739
Load,agriculture heat,GB2 0,services rural heat,-1312365.50001
Load,agriculture heat,GB3 0,services rural heat,-35596.06384
Load,agriculture heat,GR0 0,services rural heat,-3857312.45687
Load,agriculture heat,HR0 0,services rural heat,-1764526.9869
Load,agriculture heat,HU0 0,services rural heat,-4835912.03061
Load,agriculture heat,IE3 0,services rural heat,-1591774.945
Load,agriculture heat,IT0 0,services rural heat,-18379280.59196
Load,agriculture heat,IT4 0,services rural heat,-467261.95937
Load,agriculture heat,LT0 0,services rural heat,-893825.58993
Load,agriculture heat,LU0 0,services rural heat,-163219.81114
Load,agriculture heat,LV0 0,services rural heat,-1499504.77398
Load,agriculture heat,ME0 0,services rural heat,-5456.65404
Load,agriculture heat,MK0 0,services rural heat,-23892.88991
Load,agriculture heat,NL0 0,services rural heat,-33378547.14769
Load,agriculture heat,NO1 0,services rural heat,-356330.41298
Load,agriculture heat,PL0 0,services rural heat,-29571886.61201
Load,agriculture heat,PT0 0,services rural heat,-3041446.18069
Load,agriculture heat,RO0 0,services rural heat,-3873886.60377
Load,agriculture heat,RS0 0,services rural heat,-168577.67396
Load,agriculture heat,SE1 0,services rural heat,-4477624.51413
Load,agriculture heat,SI0 0,services rural heat,-540489.59035
Load,agriculture heat,SK0 0,services rural heat,-881956.30939
Load,agriculture heat,XK0 0,services rural heat,-40295.12016
Load,agriculture machinery electric,AL0 0,low voltage,-18385.44932
Load,agriculture machinery electric,AT0 0,low voltage,-357420.01325
Load,agriculture machinery electric,BA0 0,low voltage,-9331.13591
Load,agriculture machinery electric,BE0 0,low voltage,-664842.28052
Load,agriculture machinery electric,BG0 0,low voltage,-153340.43132
Load,agriculture machinery electric,CH0 0,low voltage,0.0
Load,agriculture machinery electric,CZ0 0,low voltage,-490237.69144
Load,agriculture machinery electric,DE0 0,low voltage,-1753990.07644
Load,agriculture machinery electric,DE0 1,low voltage,-1024464.10777
Load,agriculture machinery electric,DK0 0,low voltage,-339157.85151
Load,agriculture machinery electric,DK1 0,low voltage,-195927.34412
Load,agriculture machinery electric,EE0 0,low voltage,-94104.68592
Load,agriculture machinery electric,ES0 0,low voltage,-2345631.57277
Load,agriculture machinery electric,ES6 0,low voltage,-38984.28658
Load,agriculture machinery electric,FI1 0,low voltage,-606144.14053
Load,agriculture machinery electric,FR0 0,low voltage,-3658066.23289
Load,agriculture machinery electric,FR5 0,low voltage,-15211.98348
Load,agriculture machinery electric,GB2 0,low voltage,-281221.17857
Load,agriculture machinery electric,GB3 0,low voltage,-7627.72797
Load,agriculture machinery electric,GR0 0,low voltage,-247346.46022
Load,agriculture machinery electric,HR0 0,low voltage,-206266.73694
Load,agriculture machinery electric,HU0 0,low voltage,-532127.88798
Load,agriculture machinery electric,IE3 0,low voltage,-211292.024
Load,agriculture machinery electric,IT0 0,low voltage,-2340605.15574
Load,agriculture machinery electric,IT4 0,low voltage,-59505.90643
Load,agriculture machinery electric,LT0 0,low voltage,-81069.35815
Load,agriculture machinery electric,LU0 0,low voltage,-20614.09892
Load,agriculture machinery electric,LV0 0,low voltage,-166309.77226
Load,agriculture machinery electric,ME0 0,low voltage,-1169.28301
Load,agriculture machinery electric,MK0 0,low voltage,-5119.90498
Load,agriculture machinery electric,NL0 0,low voltage,-1650261.004
Load,agriculture machinery electric,NO1 0,low voltage,-76356.51707
Load,agriculture machinery electric,PL0 0,low voltage,-2853179.46422
Load,agriculture machinery electric,PT0 0,low voltage,-394925.50516
Load,agriculture machinery electric,RO0 0,low voltage,-440005.17139
Load,agriculture machinery electric,RS0 0,low voltage,-36123.78728
Load,agriculture machinery electric,SE1 0,low voltage,-497979.64594
Load,agriculture machinery electric,SI0 0,low voltage,-64084.0051
Load,agriculture machinery electric,SK0 0,low voltage,-91715.1756
Load,agriculture machinery electric,XK0 0,low voltage,-8634.66861
Load,agriculture machinery oil,EU,agriculture machinery oil,-51423819.35442
Load,coal for industry,EU,coal for industry,-106061920.0
Load,electricity,AL0 0,low voltage,-3688128.45575
Load,electricity,AT0 0,low voltage,-31307192.84121
Load,electricity,BA0 0,low voltage,-5621455.72685
Load,electricity,BE0 0,low voltage,-36208347.64067
Load,electricity,BG0 0,low voltage,-19943566.99285
Load,electricity,CH0 0,low voltage,-27370695.6871
Load,electricity,CZ0 0,low voltage,-27415414.5278
Load,electricity,DE0 0,low voltage,-138724356.93798
Load,electricity,DE0 1,low voltage,-100676358.99621
Load,electricity,DK0 0,low voltage,-8946841.78615
Load,electricity,DK1 0,low voltage,-10699406.12813
Load,electricity,EE0 0,low voltage,-4340970.47174
Load,electricity,ES0 0,low voltage,-141033147.59372
Load,electricity,ES6 0,low voltage,-7607614.7087
Load,electricity,FI1 0,low voltage,-24636428.6686
Load,electricity,FR0 0,low voltage,-225205008.41863
Load,electricity,FR5 0,low voltage,-3974945.85382
Load,electricity,GB2 0,low voltage,-188358590.4946
Load,electricity,GB3 0,low voltage,-7920373.44187
Load,electricity,GR0 0,low voltage,-24406740.72144
Load,electricity,HR0 0,low voltage,-10221784.60559
Load,electricity,HU0 0,low voltage,-16157114.54792
Load,electricity,IE3 0,low voltage,-11048453.5268
Load,electricity,IT0 0,low voltage,-136059566.27593
Load,electricity,IT4 0,low voltage,-4770055.51228
Load,electricity,LT0 0,low voltage,-6019566.14902
Load,electricity,LU0 0,low voltage,-1840364.82962
Load,electricity,LV0 0,low voltage,-4252558.05139
Load,electricity,ME0 0,low voltage,-2208690.9719
Load,electricity,MK0 0,low voltage,-4675112.31259
Load,electricity,NL0 0,low voltage,-64048125.38123
Load,electricity,NO1 0,low voltage,-58893074.1169
Load,electricity,PL0 0,low voltage,-70995641.6039
Load,electricity,PT0 0,low voltage,-26399925.53495
Load,electricity,RO0 0,low voltage,-26416090.23154
Load,electricity,RS0 0,low voltage,-25244058.84176
Load,electricity,SE1 0,low voltage,-49094607.69077
Load,electricity,SI0 0,low voltage,-4000297.75502
Load,electricity,SK0 0,low voltage,-9517971.96242
Load,electricity,XK0 0,low voltage,-5018528.57961
Load,gas for industry,EU,gas for industry,-510950000.0
Load,industry electricity,AL0 0,low voltage,-910000.0
Load,industry electricity,AT0 0,low voltage,-42230000.0
Load,industry electricity,BA0 0,low voltage,-3720000.0
Load,industry electricity,BE0 0,low voltage,-61470000.0
Load,industry electricity,BG0 0,low voltage,-14080000.0
Load,industry electricity,CH0 0,low voltage,-15200000.0
Load,industry electricity,CZ0 0,low voltage,-37880000.0
Load,industry electricity,DE0 0,low voltage,-213090000.0
Load,industry electricity,DE0 1,low voltage,-109080000.0
Load,industry electricity,DK0 0,low voltage,-11610000.0
Load,industry electricity,DK1 0,low voltage,-3370000.0
Load,industry electricity,EE0 0,low voltage,-2790000.0
Load,industry electricity,ES0 0,low voltage,-130590000.0
Load,industry electricity,ES6 0,low voltage,-880000.0
Load,industry electricity,FI1 0,low voltage,-48580000.0
Load,industry electricity,FR0 0,low voltage,-177980000.0
Load,industry electricity,FR5 0,low voltage,-330000.0
Load,industry electricity,GB2 0,low voltage,-110460000.0
Load,industry electricity,GB3 0,low voltage,-2580000.0
Load,industry electricity,GR0 0,low voltage,-15230000.0
Load,industry electricity,HR0 0,low voltage,-6720000.0
Load,industry electricity,HU0 0,low voltage,-27200000.0
Load,industry electricity,IE3 0,low voltage,-12400000.0
Load,industry electricity,IT0 0,low voltage,-158870000.0
Load,industry electricity,IT4 0,low voltage,-5950000.0
Load,industry electricity,LT0 0,low voltage,-3850000.0
Load,industry electricity,LU0 0,low voltage,-4070000.0
Load,industry electricity,LV0 0,low voltage,-3580000.0
Load,industry electricity,ME0 0,low voltage,-650000.0
Load,industry electricity,MK0 0,low voltage,-1950000.0
Load,industry electricity,NL0 0,low voltage,-72530000.0
Load,industry electricity,NO1 0,low voltage,-29820000.0
Load,industry electricity,PL0 0,low voltage,-82370000.0
Load,industry electricity,PT0 0,low voltage,-25280000.0
Load,industry electricity,RO0 0,low voltage,-34270000.0
Load,industry electricity,RS0 0,low voltage,-8680000.0
Load,industry electricity,SE1 0,low voltage,-52330000.0
Load,industry electricity,SI0 0,low voltage,-7690000.0
Load,industry electricity,SK0 0,low voltage,-16600000.0
Load,industry electricity,XK0 0,low voltage,-1110000.0
Load,industry methanol,EU,industry methanol,-8740000.0
Load,kerosene for aviation,EU,kerosene for aviation,-743906976.62384
Load,land transport EV,AL0 0,EV battery,-1446048.16295
Load,land transport EV,AT0 0,EV battery,-15356270.87118
Load,land transport EV,BA0 0,EV battery,-2415761.0898
Load,land transport EV,BE0 0,EV battery,-20507976.55555
Load,land transport EV,BG0 0,EV battery,-5727069.72466
Load,land transport EV,CH0 0,EV battery,-9063202.11877
Load,land transport EV,CZ0 0,EV battery,-14491146.68024
Load,land transport EV,DE0 0,EV battery,-74115531.88934
Load,land transport EV,DE0 1,EV battery,-43348784.71778
Load,land transport EV,DK0 0,EV battery,-6069368.68103
Load,land transport EV,DK1 0,EV battery,-3504062.66837
Load,land transport EV,EE0 0,EV battery,-1720590.0809
Load,land transport EV,ES0 0,EV battery,-56621943.82116
Load,land transport EV,ES6 0,EV battery,-923210.32336
Load,land transport EV,FI1 0,EV battery,-9504609.82483
Load,land transport EV,FR0 0,EV battery,-94585493.59158
Load,land transport EV,FR5 0,EV battery,-386942.22367
Load,land transport EV,GB2 0,EV battery,-70899646.86859
Load,land transport EV,GB3 0,EV battery,-1919925.1962
Load,land transport EV,GR0 0,EV battery,-10943361.36674
Load,land transport EV,HR0 0,EV battery,-4563324.53635
Load,land transport EV,HU0 0,EV battery,-9813711.27417
Load,land transport EV,IE3 0,EV battery,-7657689.83698
Load,land transport EV,IT0 0,EV battery,-73196832.7606
Load,land transport EV,IT4 0,EV battery,-1828210.54796
Load,land transport EV,LT0 0,EV battery,-4827132.63926
Load,land transport EV,LU0 0,EV battery,-2153532.03119
Load,land transport EV,LV0 0,EV battery,-2297132.75346
Load,land transport EV,ME0 0,EV battery,-485687.01385
Load,land transport EV,MK0 0,EV battery,-1385186.24365
Load,land transport EV,NL0 0,EV battery,-25258836.64723
Load,land transport EV,NO1 0,EV battery,-6506736.32197
Load,land transport EV,PL0 0,EV battery,-44885324.53341
Load,land transport EV,PT0 0,EV battery,-13613226.5725
Load,land transport EV,RO0 0,EV battery,-14285303.72947
Load,land transport EV,RS0 0,EV battery,-4131795.69651
Load,land transport EV,SE1 0,EV battery,-14805267.00141
Load,land transport EV,SI0 0,EV battery,-4047341.66531
Load,land transport EV,SK0 0,EV battery,-6268763.88473
Load,land transport EV,XK0 0,EV battery,-782033.13139
Load,land transport oil,EU,land transport oil,-947303921.78965
Load,low-temperature heat for industry,AL0 0,urban central heat,-60000.0
Load,low-temperature heat for industry,AT0 0,urban central heat,-1840000.0
Load,low-temperature heat for industry,BA0 0,urban central heat,-130000.0
Load,low-temperature heat for industry,BE0 0,urban central heat,-2700000.0
Load,low-temperature heat for industry,BG0 0,urban central heat,-680000.0
Load,low-temperature heat for industry,CH0 0,urban central heat,-1010000.0
Load,low-temperature heat for industry,CZ0 0,urban central heat,-2750000.0
Load,low-temperature heat for industry,DE0 0,urban central heat,-14340000.0
Load,low-temperature heat for industry,DE0 1,urban central heat,-6870000.0
Load,low-temperature heat for industry,DK0 0,urban central heat,-520000.0
Load,low-temperature heat for industry,DK1 0,urban central heat,-160000.0
Load,low-temperature heat for industry,EE0 0,urban central heat,-210000.0
Load,low-temperature heat for industry,ES0 0,urban central heat,-3450000.0
Load,low-temperature heat for industry,ES6 0,urban central heat,-30000.0
Load,low-temperature heat for industry,FI1 0,urban central heat,-5300000.0
Load,low-temperature heat for industry,FR0 0,urban central heat,-9750000.0
Load,low-temperature heat for industry,FR5 0,services urban decentral heat,-20000.0
Load,low-temperature heat for industry,GB2 0,urban central heat,-7280000.0
Load,low-temperature heat for industry,GB3 0,urban central heat,-170000.0
Load,low-temperature heat for industry,GR0 0,urban central heat,-380000.0
Load,low-temperature heat for industry,HR0 0,urban central heat,-480000.0
Load,low-temperature heat for industry,HU0 0,urban central heat,-1720000.0
Load,low-temperature heat for industry,IE3 0,urban central heat,-370000.0
Load,low-temperature heat for industry,IT0 0,urban central heat,-14080000.0
Load,low-temperature heat for industry,IT4 0,urban central heat,-460000.0
Load,low-temperature heat for industry,LT0 0,urban central heat,-220000.0
Load,low-temperature heat for industry,LU0 0,urban central heat,-90000.0
Load,low-temperature heat for industry,LV0 0,urban central heat,-420000.0
Load,low-temperature heat for industry,ME0 0,urban central heat,-30000.0
Load,low-temperature heat for industry,MK0 0,urban central heat,-60000.0
Load,low-temperature heat for industry,NL0 0,urban central heat,-5430000.0
Load,low-temperature heat for industry,NO1 0,urban central heat,-1580000.0
Load,low-temperature heat for industry,PL0 0,urban central heat,-4730000.0
Load,low-temperature heat for industry,PT0 0,urban central heat,-1570000.0
Load,low-temperature heat for industry,RO0 0,urban central heat,-1730000.0
Load,low-temperature heat for industry,RS0 0,urban central heat,-480000.0
Load,low-temperature heat for industry,SE1 0,urban central heat,-3050000.0
Load,low-temperature heat for industry,SI0 0,urban central heat,-350000.0
Load,low-temperature heat for industry,SK0 0,urban central heat,-640000.0
Load,low-temperature heat for industry,XK0 0,urban central heat,-40000.0
Load,naphtha for industry,EU,naphtha for industry,-504800000.0
Load,process emissions,EU,process emissions,152570000.0
Load,residential rural heat,AL0 0,residential rural heat,-1013656.48029
Load,residential rural heat,AT0 0,residential rural heat,-22511495.07671
Load,residential rural heat,BA0 0,residential rural heat,-4073029.85851
Load,residential rural heat,BE0 0,residential rural heat,-2997378.26427
Load,residential rural heat,BG0 0,residential rural heat,-2988039.50833
Load,residential rural heat,CH0 0,residential rural heat,-9417362.81377
Load,residential rural heat,CZ0 0,residential rural heat,-15098049.14152
Load,residential rural heat,DE0 0,residential rural heat,-41023368.41438
Load,residential rural heat,DE0 1,residential rural heat,-70415715.70823
Load,residential rural heat,DK0 0,residential rural heat,-2393037.77711
Load,residential rural heat,DK1 0,residential rural heat,-1047688.51452
Load,residential rural heat,EE0 0,residential rural heat,-2020530.57366
Load,residential rural heat,ES0 0,residential rural heat,-14270666.60967
Load,residential rural heat,ES6 0,residential rural heat,-98872.92478
Load,residential rural heat,FI1 0,residential rural heat,-7838546.98039
Load,residential rural heat,FR0 0,residential rural heat,-69318334.49592
Load,residential rural heat,FR5 0,residential rural heat,-1523386.76343
Load,residential rural heat,GB2 0,residential rural heat,-38981690.72935
Load,residential rural heat,GB3 0,residential rural heat,-4817963.54502
Load,residential rural heat,GR0 0,residential rural heat,-3460532.27892
Load,residential rural heat,HR0 0,residential rural heat,-6304835.72086
Load,residential rural heat,HU0 0,residential rural heat,-12559001.04641
Load,residential rural heat,IE3 0,residential rural heat,-7401730.86094
Load,residential rural heat,IT0 0,residential rural heat,-60134034.74067
Load,residential rural heat,IT4 0,residential rural heat,-4499214.58596
Load,residential rural heat,LT0 0,residential rural heat,-3399413.98131
Load,residential rural heat,LU0 0,residential rural heat,-306417.4232
Load,residential rural heat,LV0 0,residential rural heat,-2997393.28366
Load,residential rural heat,ME0 0,residential rural heat,-467397.76874
Load,residential rural heat,MK0 0,residential rural heat,-1299128.00926
Load,residential rural heat,NL0 0,residential rural heat,-4814497.91171
Load,residential rural heat,NO1 0,residential rural heat,-5225636.59602
Load,residential rural heat,PL0 0,residential rural heat,-64985327.99762
Load,residential rural heat,PT0 0,residential rural heat,-3700625.53669
Load,residential rural heat,RO0 0,residential rural heat,-22816147.39623
Load,residential rural heat,RS0 0,residential rural heat,-8234096.20701
Load,residential rural heat,SE1 0,residential rural heat,-9765759.5222
Load,residential rural heat,SI0 0,residential rural heat,-3900590.29007
Load,residential rural heat,SK0 0,residential rural heat,-8747828.46656
Load,residential rural heat,XK0 0,residential rural heat,-1040800.87635
Load,residential urban decentral heat,AL0 0,residential urban decentral heat,-1089156.73159
Load,residential urban decentral heat,AT0 0,residential urban decentral heat,-17641465.84133
Load,residential urban decentral heat,BA0 0,residential urban decentral heat,-2413708.82079
Load,residential urban decentral heat,BE0 0,residential urban decentral heat,-41691387.53687
Load,residential urban decentral heat,BG0 0,residential urban decentral heat,-5291891.44411
Load,residential urban decentral heat,CH0 0,residential urban decentral heat,-23630396.6983
Load,residential urban decentral heat,CZ0 0,residential urban decentral heat,-23349279.8387
Load,residential urban decentral heat,DE0 0,residential urban decentral heat,-174823987.4145
Load,residential urban decentral heat,DE0 1,residential urban decentral heat,-73065867.23246
Load,residential urban decentral heat,DK0 0,residential urban decentral heat,-10521417.42176
Load,residential urban decentral heat,DK1 0,residential urban decentral heat,-6873011.0694
Load,residential urban decentral heat,EE0 0,residential urban decentral heat,-2130669.36512
Load,residential urban decentral heat,ES0 0,residential urban decentral heat,-40074169.69673
Load,residential urban decentral heat,ES6 0,residential urban decentral heat,-758695.09056
Load,residential urban decentral heat,FI1 0,residential urban decentral heat,-22222297.6673
Load,residential urban decentral heat,FR0 0,residential urban decentral heat,-191749457.63505
Load,residential urban decentral heat,FR5 0,residential urban decentral heat,0.0
Load,residential urban decentral heat,GB2 0,residential urban decentral heat,-157923629.1566
Load,residential urban decentral heat,GB3 0,residential urban decentral heat,-1804488.97484
Load,residential urban decentral heat,GR0 0,residential urban decentral heat,-10336421.4051
Load,residential urban decentral heat,HR0 0,residential urban decentral heat,-5509000.61243
Load,residential urban decentral heat,HU0 0,residential urban decentral heat,-18774218.10087
Load,residential urban decentral heat,IE3 0,residential urban decentral heat,-9529248.17834
Load,residential urban decentral heat,IT0 0,residential urban decentral heat,-109518563.48014
Load,residential urban decentral heat,IT4 0,residential urban decentral heat,-851221.69023
Load,residential urban decentral heat,LT0 0,residential urban decentral heat,-3183134.08609
Load,residential urban decentral heat,LU0 0,residential urban decentral heat,-2107729.00324
Load,residential urban decentral heat,LV0 0,residential urban decentral heat,-2799744.13848
Load,residential urban decentral heat,ME0 0,residential urban decentral heat,-580248.44417
Load,residential urban decentral heat,MK0 0,residential urban decentral heat,-952693.97106
Load,residential urban decentral heat,NL0 0,residential urban decentral heat,-52631170.32156
Load,residential urban decentral heat,NO1 0,residential urban decentral heat,-17143587.3828
Load,residential urban decentral heat,PL0 0,residential urban decentral heat,-51663383.14305
Load,residential urban decentral heat,PT0 0,residential urban decentral heat,-4859314.94873
Load,residential urban decentral heat,RO0 0,residential urban decentral heat,-16251921.02129
Load,residential urban decentral heat,RS0 0,residential urban decentral heat,-4974399.01909
Load,residential urban decentral heat,SE1 0,residential urban decentral heat,-32297464.67702
Load,residential urban decentral heat,SI0 0,residential urban decentral heat,-3148880.8184
Load,residential urban decentral heat,SK0 0,residential urban decentral heat,-6789557.0447
Load,residential urban decentral heat,XK0 0,residential urban decentral heat,-1086522.13744
Load,services rural heat,AL0 0,services rural heat,-379407.11566
Load,services rural heat,AT0 0,services rural heat,-7262600.21948
Load,services rural heat,BA0 0,services rural heat,-1114111.24374
Load,services rural heat,BE0 0,services rural heat,-1334274.37254
Load,services rural heat,BG0 0,services rural heat,-1113734.99459
Load,services rural heat,CH0 0,services rural heat,-4218912.24109
Load,services rural heat,CZ0 0,services rural heat,-4810935.8739
Load,services rural heat,DE0 0,services rural heat,-15263345.91146
Load,services rural heat,DE0 1,services rural heat,-26199199.82194
Load,services rural heat,DK0 0,services rural heat,-638214.19287
Load,services rural heat,DK1 0,services rural heat,-279414.59432
Load,services rural heat,EE0 0,services rural heat,-690407.95943
Load,services rural heat,ES0 0,services rural heat,-6189160.60538
Load,services rural heat,ES6 0,services rural heat,-42880.99693
Load,services rural heat,FI1 0,services rural heat,-2676576.1026
Load,services rural heat,FR0 0,services rural heat,-25141050.75973
Load,services rural heat,FR5 0,services rural heat,-552516.79407
Load,services rural heat,GB2 0,services rural heat,-13652427.62307
Load,services rural heat,GB3 0,services rural heat,-1687379.3147
Load,services rural heat,GR0 0,services rural heat,-1655891.86621
Load,services rural heat,HR0 0,services rural heat,-1413205.56532
Load,services rural heat,HU0 0,services rural heat,-4054774.63044
Load,services rural heat,IE3 0,services rural heat,-3047520.11841
Load,services rural heat,IT0 0,services rural heat,-31819165.42712
Load,services rural heat,IT4 0,services rural heat,-2380702.60578
Load,services rural heat,LT0 0,services rural heat,-906267.63935
Load,services rural heat,LU0 0,services rural heat,-204634.31808
Load,services rural heat,LV0 0,services rural heat,-1155242.3614
Load,services rural heat,ME0 0,services rural heat,-55116.75717
Load,services rural heat,MK0 0,services rural heat,-435252.70162
Load,services rural heat,NL0 0,services rural heat,-2595750.82078
Load,services rural heat,NO1 0,services rural heat,-4203460.57128
Load,services rural heat,PL0 0,services rural heat,-18170035.87671
Load,services rural heat,PT0 0,services rural heat,-3564151.13339
Load,services rural heat,RO0 0,services rural heat,-4525745.9865
Load,services rural heat,RS0 0,services rural heat,-2073089.39857
Load,services rural heat,SE1 0,services rural heat,-2905262.97491
Load,services rural heat,SI0 0,services rural heat,-1168678.57827
Load,services rural heat,SK0 0,services rural heat,-4715380.12163
Load,services rural heat,XK0 0,services rural heat,-272567.69102
Load,services urban decentral heat,AL0 0,services urban decentral heat,-407666.52418
Load,services urban decentral heat,AT0 0,services urban decentral heat,-5691444.0047
Load,services urban decentral heat,BA0 0,services urban decentral heat,-660230.89193
Load,services urban decentral heat,BE0 0,services urban decentral heat,-18558802.0736
Load,services urban decentral heat,BG0 0,services urban decentral heat,-1972452.06177
Load,services urban decentral heat,CH0 0,services urban decentral heat,-10586251.35973
Load,services urban decentral heat,CZ0 0,services urban decentral heat,-7440159.11942
Load,services urban decentral heat,DE0 0,services urban decentral heat,-65045828.67438
Load,services urban decentral heat,DE0 1,services urban decentral heat,-27185227.56651
Load,services urban decentral heat,DK0 0,services urban decentral heat,-2806022.53418
Load,services urban decentral heat,DK1 0,services urban decentral heat,-1833006.25432
Load,services urban decentral heat,EE0 0,services urban decentral heat,-728041.9845
Load,services urban decentral heat,ES0 0,services urban decentral heat,-17380090.16426
Load,services urban decentral heat,ES6 0,services urban decentral heat,-329044.59858
Load,services urban decentral heat,FI1 0,services urban decentral heat,-7588099.04819
Load,services urban decentral heat,FR0 0,services urban decentral heat,-69545566.58942
Load,services urban decentral heat,FR5 0,services urban decentral heat,0.0
Load,services urban decentral heat,GB2 0,services urban decentral heat,-55309066.29993
Load,services urban decentral heat,GB3 0,services urban decentral heat,-631980.15952
Load,services urban decentral heat,GR0 0,services urban decentral heat,-4946058.79987
Load,services urban decentral heat,HR0 0,services urban decentral heat,-1234822.0746
Load,services urban decentral heat,HU0 0,services urban decentral heat,-6061407.51007
Load,services urban decentral heat,IE3 0,services urban decentral heat,-3923484.39606
Load,services urban decentral heat,IT0 0,services urban decentral heat,-57950365.44186
Load,services urban decentral heat,IT4 0,services urban decentral heat,-450413.21264
Load,services urban decentral heat,LT0 0,services urban decentral heat,-848608.4454
Load,services urban decentral heat,LU0 0,services urban decentral heat,-1407601.70478
Load,services urban decentral heat,LV0 0,services urban decentral heat,-1079065.28232
Load,services urban decentral heat,ME0 0,services urban decentral heat,-68424.40151
Load,services urban decentral heat,MK0 0,services urban decentral heat,-319185.34722
Load,services urban decentral heat,NL0 0,services urban decentral heat,-28376251.49419
Load,services urban decentral heat,NO1 0,services urban decentral heat,-13790165.5214
Load,services urban decentral heat,PL0 0,services urban decentral heat,-14445191.77092
Load,services urban decentral heat,PT0 0,services urban decentral heat,-4680109.54101
Load,services urban decentral heat,RO0 0,services urban decentral heat,-3223684.7465
Load,services urban decentral heat,RS0 0,services urban decentral heat,-1252399.00184
Load,services urban decentral heat,SE1 0,services urban decentral heat,-9608328.78348
Load,services urban decentral heat,SI0 0,services urban decentral heat,-943454.52465
Load,services urban decentral heat,SK0 0,services urban decentral heat,-3659804.53842
Load,services urban decentral heat,XK0 0,services urban decentral heat,-284541.29601
Load,shipping methanol,EU,shipping methanol,-276633337.52217
Load,shipping oil,EU,shipping oil,-260286822.12313
Load,solid biomass for industry,EU,solid biomass for industry,-627380000.0
Load,urban central heat,AL0 0,urban central heat,-847827.50085
Load,urban central heat,AT0 0,urban central heat,-20926592.76626
Load,urban central heat,BA0 0,urban central heat,-2379446.16202
Load,urban central heat,BE0 0,urban central heat,-34634354.57627
Load,urban central heat,BG0 0,urban central heat,-6183834.33379
Load,urban central heat,CH0 0,urban central heat,-21435235.34733
Load,urban central heat,CZ0 0,urban central heat,-26939768.11415
Load,urban central heat,DE0 0,urban central heat,-165458109.49196
Load,urban central heat,DE0 1,urban central heat,-69168981.85934
Load,urban central heat,DK0 0,urban central heat,-21735150.30387
Load,urban central heat,DK1 0,urban central heat,-11885790.85393
Load,urban central heat,EE0 0,urban central heat,-4239099.06001
Load,urban central heat,ES0 0,urban central heat,-32543121.81679
Load,urban central heat,ES6 0,urban central heat,-616115.24183
Load,urban central heat,FI1 0,urban central heat,-38563244.53285
Load,urban central heat,FR0 0,urban central heat,-164960203.0971
Load,urban central heat,GB2 0,urban central heat,-126679274.77818
Load,urban central heat,GB3 0,urban central heat,-1445864.76691
Load,urban central heat,GR0 0,urban central heat,-8836581.78851
Load,urban central heat,HR0 0,urban central heat,-4723406.26496
Load,urban central heat,HU0 0,urban central heat,-17539779.17472
Load,urban central heat,IE3 0,urban central heat,-7619868.67461
Load,urban central heat,IT0 0,urban central heat,-103091943.88547
Load,urban central heat,IT4 0,urban central heat,-796824.00779
Load,urban central heat,LT0 0,urban central heat,-6375623.6806
Load,urban central heat,LU0 0,urban central heat,-2459116.32214
Load,urban central heat,LV0 0,urban central heat,-5383737.41012
Load,urban central heat,ME0 0,urban central heat,-367419.91781
Load,urban central heat,MK0 0,urban central heat,-1514256.70849
Load,urban central heat,NL0 0,urban central heat,-49957917.72918
Load,urban central heat,NO1 0,urban central heat,-19286610.77243
Load,urban central heat,PL0 0,urban central heat,-68397226.45788
Load,urban central heat,PT0 0,urban central heat,-5415057.7331
Load,urban central heat,RO0 0,urban central heat,-15738078.02671
Load,urban central heat,RS0 0,urban central heat,-8075612.52129
Load,urban central heat,SE1 0,urban central heat,-57593288.39629
Load,urban central heat,SI0 0,urban central heat,-3131267.19341
Load,urban central heat,SK0 0,urban central heat,-9524506.85929
Load,urban central heat,XK0 0,urban central heat,-856046.27541
StorageUnit,PHS,AT0 0,AC,-4401712.09106
StorageUnit,PHS,BA0 0,AC,-110169.52137
StorageUnit,PHS,BE0 0,AC,-232763.91745
StorageUnit,PHS,BG0 0,AC,-512114.42747
StorageUnit,PHS,CH0 0,AC,-2708395.54614
StorageUnit,PHS,CZ0 0,AC,-119774.1919
StorageUnit,PHS,DE0 0,AC,-443144.44048
StorageUnit,PHS,DE0 1,AC,-395272.03951
StorageUnit,PHS,ES0 0,AC,-5839576.25981
StorageUnit,PHS,ES6 0,AC,-949963.43076
StorageUnit,PHS,FR0 0,AC,-1508689.97454
StorageUnit,PHS,GB3 0,AC,-208716.70418
StorageUnit,PHS,GR0 0,AC,-492584.99419
StorageUnit,PHS,HR0 0,AC,-130629.10583
StorageUnit,PHS,IE3 0,AC,-129843.64228
StorageUnit,PHS,IT0 0,AC,-3122819.37503
StorageUnit,PHS,IT4 0,AC,-406533.55838
StorageUnit,PHS,LT0 0,AC,-206767.80045
StorageUnit,PHS,LU0 0,AC,-221493.14333
StorageUnit,PHS,ME0 0,AC,-154259.73829
StorageUnit,PHS,NO1 0,AC,-209530.5246
StorageUnit,PHS,PL0 0,AC,-379800.122
StorageUnit,PHS,PT0 0,AC,-2684550.29326
StorageUnit,PHS,RS0 0,AC,-176832.31623
StorageUnit,PHS,SE1 0,AC,-56758.16514
StorageUnit,PHS,SI0 0,AC,-60347.88196
StorageUnit,PHS,SK0 0,AC,-138228.38423
StorageUnit,hydro,AL0 0,AC,5089805.12398
StorageUnit,hydro,AT0 0,AC,16536567.30603
StorageUnit,hydro,BA0 0,AC,6438690.35522
StorageUnit,hydro,BE0 0,AC,57397.7461
StorageUnit,hydro,BG0 0,AC,3399587.53845
StorageUnit,hydro,CH0 0,AC,22917235.39932
StorageUnit,hydro,CZ0 0,AC,2293993.30023
StorageUnit,hydro,ES0 0,AC,29316913.43704
StorageUnit,hydro,ES6 0,AC,2786444.07518
StorageUnit,hydro,FI1 0,AC,5050126.45285
StorageUnit,hydro,FR0 0,AC,25732363.77654
StorageUnit,hydro,FR5 0,AC,9362865.88972
StorageUnit,hydro,GB3 0,AC,242345.4706
StorageUnit,hydro,GR0 0,AC,5209159.2113
StorageUnit,hydro,HR0 0,AC,6439332.19246
StorageUnit,hydro,HU0 0,AC,108510.15603
StorageUnit,hydro,IE3 0,AC,1975.51553
StorageUnit,hydro,IT0 0,AC,15581884.5299
StorageUnit,hydro,IT4 0,AC,385124.92349
StorageUnit,hydro,ME0 0,AC,1548068.91465
StorageUnit,hydro,MK0 0,AC,791333.61034
StorageUnit,hydro,NO1 0,AC,110845304.71807
StorageUnit,hydro,PL0 0,AC,968515.37318
StorageUnit,hydro,PT0 0,AC,4864172.43355
StorageUnit,hydro,RO0 0,AC,7512323.01801
StorageUnit,hydro,RS0 0,AC,2730426.09979
StorageUnit,hydro,SE1 0,AC,48955344.38615
StorageUnit,hydro,SI0 0,AC,2186960.43291
StorageUnit,hydro,SK0 0,AC,732293.43183
StorageUnit,hydro,XK0 0,AC,58327.83015
Store,EV battery,AL0 0,EV battery,-0.10733
Store,EV battery,AT0 0,EV battery,-0.1077
Store,EV battery,BA0 0,EV battery,-0.10743
Store,EV battery,BE0 0,EV battery,-0.1077
Store,EV battery,BG0 0,EV battery,-0.10861
Store,EV battery,CH0 0,EV battery,-0.11354
Store,EV battery,CZ0 0,EV battery,-0.11089
Store,EV battery,DE0 0,EV battery,-0.10889
Store,EV battery,DE0 1,EV battery,-0.1087
Store,EV battery,DK0 0,EV battery,-0.1077
Store,EV battery,DK1 0,EV battery,-0.10733
Store,EV battery,EE0 0,EV battery,-0.11126
Store,EV battery,ES0 0,EV battery,-0.10733
Store,EV battery,ES6 0,EV battery,-0.10733
Store,EV battery,FI1 0,EV battery,-0.11458
Store,EV battery,FR0 0,EV battery,-0.10733
Store,EV battery,FR5 0,EV battery,-0.14065
Store,EV battery,GB2 0,EV battery,-0.10825
Store,EV battery,GB3 0,EV battery,-0.10761
Store,EV battery,GR0 0,EV battery,-0.10733
Store,EV battery,HR0 0,EV battery,-0.10733
Store,EV battery,HU0 0,EV battery,-0.10752
Store,EV battery,IE3 0,EV battery,-0.1077
Store,EV battery,IT0 0,EV battery,-0.10733
Store,EV battery,IT4 0,EV battery,-0.10733
Store,EV battery,LT0 0,EV battery,-0.10972
Store,EV battery,LU0 0,EV battery,-0.10788
Store,EV battery,LV0 0,EV battery,-0.11015
Store,EV battery,ME0 0,EV battery,-0.10743
Store,EV battery,MK0 0,EV battery,-0.10733
Store,EV battery,NL0 0,EV battery,-0.10788
Store,EV battery,NO1 0,EV battery,-0.11464
Store,EV battery,PL0 0,EV battery,-0.10971
Store,EV battery,PT0 0,EV battery,-0.11016
Store,EV battery,RO0 0,EV battery,-0.10761
Store,EV battery,RS0 0,EV battery,-0.10779
Store,EV battery,SE1 0,EV battery,-0.11483
Store,EV battery,SI0 0,EV battery,-0.10787
Store,EV battery,SK0 0,EV battery,-0.10733
Store,EV battery,XK0 0,EV battery,-0.10733
Store,H2 Store,AT0 0,H2,0.0
Store,H2 Store,BE0 0,H2,0.0
Store,H2 Store,BG0 0,H2,-0.0
Store,H2 Store,CH0 0,H2,0.0
Store,H2 Store,CZ0 0,H2,-0.0
Store,H2 Store,EE0 0,H2,-0.0
Store,H2 Store,ES6 0,H2,0.0
Store,H2 Store,FI1 0,H2,0.0
Store,H2 Store,FR5 0,H2,0.0
Store,H2 Store,HR0 0,H2,-0.0
Store,H2 Store,HU0 0,H2,-0.0
Store,H2 Store,IE3 0,H2,0.0
Store,H2 Store,IT0 0,H2,0.0
Store,H2 Store,IT4 0,H2,0.0
Store,H2 Store,LT0 0,H2,0.0
Store,H2 Store,LU0 0,H2,0.0
Store,H2 Store,LV0 0,H2,0.0
Store,H2 Store,ME0 0,H2,0.0
Store,H2 Store,MK0 0,H2,-0.0
Store,H2 Store,RS0 0,H2,0.0
Store,H2 Store,SE1 0,H2,0.0
Store,H2 Store,SI0 0,H2,0.0
Store,H2 Store,SK0 0,H2,-0.0
Store,H2 Store,XK0 0,H2,0.0
Store,battery,AL0 0,battery,-0.0
Store,battery,AT0 0,battery,0.0
Store,battery,BA0 0,battery,-0.0
Store,battery,BE0 0,battery,0.00037
Store,battery,BG0 0,battery,0.00075
Store,battery,CH0 0,battery,0.00075
Store,battery,CZ0 0,battery,0.00075
Store,battery,DE0 0,battery,0.00075
Store,battery,DE0 1,battery,0.00075
Store,battery,DK0 0,battery,0.0
Store,battery,DK1 0,battery,-0.0
Store,battery,EE0 0,battery,-0.0
Store,battery,ES0 0,battery,0.00149
Store,battery,ES6 0,battery,0.03777
Store,battery,FI1 0,battery,0.00074
Store,battery,FR0 0,battery,0.00075
Store,battery,FR5 0,battery,-0.0
Store,battery,GB2 0,battery,0.00075
Store,battery,GB3 0,battery,0.00075
Store,battery,GR0 0,battery,-0.0
Store,battery,HR0 0,battery,-0.0
Store,battery,HU0 0,battery,0.00075
Store,battery,IE3 0,battery,0.0
Store,battery,IT0 0,battery,0.00075
Store,battery,IT4 0,battery,0.0
Store,battery,LT0 0,battery,0.00075
Store,battery,LU0 0,battery,-0.0
Store,battery,LV0 0,battery,-0.0
Store,battery,ME0 0,battery,-0.0
Store,battery,MK0 0,battery,0.0
Store,battery,NL0 0,battery,0.00075
Store,battery,NO1 0,battery,-0.0
Store,battery,PL0 0,battery,-0.0
Store,battery,PT0 0,battery,0.0
Store,battery,RO0 0,battery,0.00075
Store,battery,RS0 0,battery,-0.0
Store,battery,SE1 0,battery,0.00075
Store,battery,SI0 0,battery,0.00075
Store,battery,SK0 0,battery,0.00075
Store,battery,XK0 0,battery,-0.0
Store,co2,EU,co2,-460391732.71915
Store,co2 sequestered,EU,co2 sequestered,-179983640.32308
Store,co2 stored,EU,co2 stored,0.0
Store,coal,EU,coal,-0.01927
Store,gas,EU,gas,0.0
Store,home battery,AL0 0,home battery,0.0
Store,home battery,AT0 0,home battery,-0.0
Store,home battery,BA0 0,home battery,0.0
Store,home battery,BE0 0,home battery,0.00086
Store,home battery,BG0 0,home battery,0.00139
Store,home battery,CH0 0,home battery,0.00281
Store,home battery,CZ0 0,home battery,0.00265
Store,home battery,DE0 0,home battery,0.00159
Store,home battery,DE0 1,home battery,0.00129
Store,home battery,DK0 0,home battery,0.0
Store,home battery,DK1 0,home battery,0.0
Store,home battery,EE0 0,home battery,-0.0
Store,home battery,ES0 0,home battery,0.00075
Store,home battery,ES6 0,home battery,0.00075
Store,home battery,FI1 0,home battery,0.00234
Store,home battery,FR0 0,home battery,0.00105
Store,home battery,FR5 0,home battery,0.0
Store,home battery,GB2 0,home battery,0.00148
Store,home battery,GB3 0,home battery,0.00138
Store,home battery,GR0 0,home battery,0.0
Store,home battery,HR0 0,home battery,-0.0
Store,home battery,HU0 0,home battery,0.00106
Store,home battery,IE3 0,home battery,0.0
Store,home battery,IT0 0,home battery,0.00075
Store,home battery,IT4 0,home battery,0.0
Store,home battery,LT0 0,home battery,0.00121
Store,home battery,LU0 0,home battery,-0.0
Store,home battery,LV0 0,home battery,0.0
Store,home battery,ME0 0,home battery,-0.0
Store,home battery,MK0 0,home battery,-0.0
Store,home battery,NL0 0,home battery,0.00086
Store,home battery,NO1 0,home battery,-0.0
Store,home battery,PL0 0,home battery,0.0
Store,home battery,PT0 0,home battery,-0.0
Store,home battery,RO0 0,home battery,0.00106
Store,home battery,RS0 0,home battery,0.0
Store,home battery,SE1 0,home battery,0.00244
Store,home battery,SI0 0,home battery,0.00117
Store,home battery,SK0 0,home battery,0.00106
Store,home battery,XK0 0,home battery,0.0
Store,methanol,EU,methanol,-0.0
Store,non-sequestered HVC,EU,non-sequestered HVC,221011435.239
Store,oil,EU,oil,0.0
