,Activity,database,Friendly name,Activity long,Unit,Multiplier,Location,Aluminium,Chromium,Cobalt,Copper,Dysprosium,Gallium,Germanium,Graphite,Indium,Iridium,Lithium,Manganese,Neodymium,Nickel,Palladium,Platinum,Praseodymium,Selenium,Silicon,Silver,Tellurium,Vanadium,Zinc
0,"wind power plant construction, 2MW, offshore, moving parts",ecoinvent-3.10-cutoff,"Wind, offshore, moving parts (Bonus 2 MW)","wind power plant construction, 2MW, offshore, moving parts (GLO)",MW,2.0,GLO,888.0987385225719,11264.4689764575,4.377204244784246,836.4089847159363,7.219732030865e-05,0.26041910469005397,,0.899829798253265,0.0025378179631701,,3.868143225803709e-05,198.53402352659185,0.4657111958865296,3911.8492533272656,0.00107962374775375,0.0005589043186019,0.15602776733140955,3.214013212149504,476.4459329525883,0.2091042059991265,0.1079856776756027,0.0003420760073451,77.29494067877737
1,"market for electricity, low voltage",ecoinvent-3.10-cutoff,"North India electricity grid, low voltage","market for electricity, low voltage (IN-Northern grid)",kWh,1.0,IN-Northern grid,0.0003452795032298,2.7279783087134014e-05,6.522932403436228e-07,0.0004856047981153,5.964392188522661e-11,1.0529675328620493e-07,,3.029160681489584e-06,1.7037323327056171e-09,,9.122912161996412e-11,4.32545733971143e-05,6.876588410382998e-08,4.5091714045203186e-05,8.016516038825871e-10,5.39114238167463e-10,2.3008235627037698e-08,1.013070728644908e-06,3.5342692378198714e-05,3.051246152246076e-07,6.80750961312227e-08,4.724898454681281e-10,0.0001071275384528
2,"battery production, Li-ion, LFP, rechargeable, prismatic",ecoinvent-3.10-cutoff,LFP,"battery production, Li-ion, LFP, rechargeable, prismatic (CN)",kWh,0.116,CN,1.7705017047269782,0.0052127183204077,0.0013515518808560345,0.9302299695118431,9.027763562063755e-08,0.0005458028597262854,,0.0028014309060112067,2.7245665627342233e-07,,0.08557612822384827,0.020862217633977588,0.0003530428319131181,0.0567960241514819,1.980273063200125e-06,1.5198575669143457e-06,0.00011823172065299722,0.0002461587014064,0.0084016798669208,0.000876312745450862,0.000142595460182786,6.432415662155193e-07,0.14340335003937327
3,"market for electricity, medium voltage",ecoinvent-3.10-cutoff,"Alberta electricity market, medium voltage","market for electricity, medium voltage (CA-AB)",kWh,1.0,CA-AB,0.0001192782123938,1.07858665982075e-05,1.3767181244359925e-07,8.356084824262227e-05,2.7499329414104628e-11,3.6636500584739744e-08,,2.176391832257286e-07,2.5576178473076335e-10,,9.419293387701623e-12,4.899878070232394e-05,7.97676377872724e-08,3.002647583053529e-05,1.4521915377483488e-10,9.363628582444447e-11,2.6714923612656816e-08,1.741174607197523e-07,8.070300624839583e-06,2.74793931321784e-08,1.1700133600004072e-08,7.064239095197577e-11,1.570724799891955e-05
4,"market for electricity, low voltage",ecoinvent-3.10-cutoff,"Swiss electricity market, low voltage","market for electricity, low voltage (CH)",kWh,1.0,CH,0.00017068652803,2.9613141776475335e-05,5.712226594918942e-07,0.0004337986199991,1.4825412320547835e-11,5.32554785868592e-08,,2.151313336237805e-06,1.3859215266779332e-09,,1.0479012105559892e-11,1.901444011111994e-05,2.4733048357182752e-08,3.606012263208389e-05,6.436539306539792e-10,3.916517235455e-10,8.277196900744e-09,9.060869709198664e-07,3.092254767183189e-05,2.648759512579471e-07,6.08861315470828e-08,3.834413239608191e-10,8.72384895592896e-05
5,"gas turbine construction, 10MW electrical",ecoinvent-3.10-cutoff,,"gas turbine construction, 10MW electrical (RER)",MW,10.0,RER,26.086431752846455,660.1316135221468,0.5948754039299605,422.5489146177856,2.363453370068e-05,0.006446510983408029,,0.06787971069175013,0.0052158509363328,,3.945630611277044e-06,66.371384562804,0.0991189467595518,77.39571193189883,0.00056634591090365,0.00028564565011284,0.03320665755824135,8.84637929815393,321.65567102220047,0.10352163297003539,0.05944482493480778,0.00013813598060775,31.12967179654644
6,"fuel cell production, polymer electrolyte membrane, 2kW electrical, future",ecoinvent-3.10-cutoff,Fuel Cell,"fuel cell production, polymer electrolyte membrane, 2kW electrical, future (RoW)",kW,1.0,RoW,13.335886895546215,10.31368617204639,0.013960117553321,6.629165749820759,9.107944345802044e-07,0.0041011782051279,,9.495748175743604,1.0845697568055907e-05,,1.2748058212322917e-06,1.928068453819172,0.0025382886831583,8.821923991308356,0.0010577700275103,0.0015583624237102,0.0008500386589385,0.0109284043924677,0.7596656368801264,0.0031973356706523,0.0007343536421379,2.955315966045912e-06,0.6621582419321905
7,"furnace production, wood chips, average storage area, 50kW",ecoinvent-3.10-cutoff,,"furnace production, wood chips, average storage area, 50kW (RoW)",MW,0.05,RoW,287.44813258749224,0.8716065710206123,0.46061022821441794,198.04252954726158,0.00015071689560728133,0.087822460000552,,0.31783976811420994,0.0001320474878467,,0.00010344535370311118,282.20046446131107,0.284402736458438,204.55650561844138,0.0004906504867175163,0.0003906020660570805,0.095235497118052,0.020133575074699,1.2359173804133805,0.130731293033648,0.02705823033444,0.0007452209843650712,163.99631161499704
8,"nuclear power plant construction, pressure water reactor, 1000MW",ecoinvent-3.10-cutoff,Pressure water reactor - DE,"nuclear power plant construction, pressure water reactor, 1000MW (DE)",MW,1000.0,DE,691.6785253909522,4578656.613996277,4.6721577961461005,1414.3821245160593,0.0001786613594913794,0.2018145118440344,,0.8785775478943814,2.537335402474581,,6.99437877039366e-05,613.8571545889022,0.8776193446507806,3375.901789592392,0.00215514705798313,0.0013269664938750352,0.2940284467255251,2841.497794740237,253791.25938129504,0.3627290677887562,0.19093951685655686,0.0006881343762913745,153.77527399675347
9,"battery production, Li-ion, NMC811, rechargeable, prismatic",ecoinvent-3.10-cutoff,NMC811,"battery production, Li-ion, NMC811, rechargeable, prismatic (CN)",kWh,0.149,CN,1.8360744340627464,0.030062619780308,0.05471155307219262,1.9580935508335757,1.5992369116299083e-07,0.0004213698305966165,,0.004365891907726175,3.2256463442288885e-07,,0.06758995629492215,0.24728797299000269,0.00022160612952682254,0.7056316665257067,5.963516918027682e-06,3.437106548383887e-06,7.411200957339798e-05,0.0002788864578748,0.438647499824956,0.0007820081520281879,0.00012577364699460817,5.938215292047476e-07,0.134628993549547
10,"auxiliary heating unit production, electric, 5kW",ecoinvent-3.10-cutoff,,"auxiliary heating unit production, electric, 5kW (RoW)",MW,0.005,RoW,4.20699799269456,0.2254488585452884,0.03078897579482,4.09381882970712,2.97048689349857e-07,0.0012197222657910926,,0.02358552923464,1.4794393071638992e-07,,1.4043951571542543e-07,0.31041102249694,0.001476388754241301,30.396851716476718,4.7352869814044145e-06,2.4366031408655665e-06,0.0004945885795482177,3.665603236527254e-05,0.0083549124157061,0.0016683109587952868,0.0004926335065431414,8.321891285499139e-06,1.8384710201486998
11,"photovoltaic plant construction, 570kWp, multi-Si, on open ground",ecoinvent-3.10-cutoff,PV plant - multi-Si,"photovoltaic plant construction, 570kWp, multi-Si, on open ground (GLO)",MW,0.57,GLO,31875.864486040413,407.4944529976922,6.617899053215085,4402.610151635013,0.0014705842217784212,9.873639811567132,,1203.3375121430436,0.0248895881262225,,0.0011797246926275441,1542.5794787699692,2.2601482313015016,1140.3270394612985,0.006229966586920702,0.0033812283400568425,0.7561113302990874,5.144918041014925,209.73297722550515,22.386690543099082,0.6065297409255953,0.012300218559595791,2722.1099672875266
12,"market for electricity, low voltage",ecoinvent-3.10-cutoff,"British electricity market, low voltage","market for electricity, low voltage (GB)",kWh,1.0,GB,0.0001802960095632,4.127720498228137e-05,6.030624726764627e-07,0.0004441602106749,6.917629809531502e-11,5.4214617240535427e-08,,3.631741309713016e-06,1.5415715239895035e-09,,1.730724158141383e-11,3.563653996551616e-05,5.4887364906059514e-08,5.183560186991228e-05,5.928827658811184e-10,2.9286760253981366e-10,1.833097123818898e-08,9.268636828520956e-07,3.277188308973818e-05,3.037143710780611e-07,6.228225979356079e-08,4.2740299517396016e-10,9.708590770720944e-05
13,"transmission network construction, electricity, medium voltage",ecoinvent-3.10-cutoff,Medium voltage transmission network construction,"transmission network construction, electricity, medium voltage (RoW)",kilometer,1.0,RoW,1938.4221940068471,85.30156458052018,3.1778943080051243,2471.502647568798,4.963152911962418e-05,0.5928706538576277,,3.0624220258203527,0.0030530922831706,,1.345199339915312e-05,22.221010403784067,0.040893139527465,94.49857977555416,0.003125463694457,0.001446672514078,0.0136630398900019,5.1836760629452066,172.07830782909443,0.6017480567233112,0.3483263669045349,0.0008088318517878,182.25632082051752
14,"electricity production, nuclear, boiling water reactor",ecoinvent-3.10-cutoff,,"electricity production, nuclear, boiling water reactor (CH)",kWh,1.0,CH,1.0615213202028315e-05,2.54494832906437e-05,3.62171720732553e-08,1.1518795809445244e-05,4.3069578177939935e-12,3.1948868442130822e-09,,1.58604687519599e-08,6.468617667381612e-11,,1.2449751090755573e-12,4.187921681036633e-06,1.1469484764518816e-08,1.8123084576916165e-05,1.9135382339124985e-11,1.2484841156286228e-11,3.841159708071413e-09,2.4004878809514215e-08,1.920952644947136e-06,5.938761030857365e-09,1.613050684340135e-09,1.8099360139067165e-11,4.031142339874107e-06
15,"battery production, Li-ion, NMC111, rechargeable, prismatic",ecoinvent-3.10-cutoff,NMC111,"battery production, Li-ion, NMC111, rechargeable, prismatic (CN)",kWh,0.143,CN,2.1858428934026093,0.045001222217194,0.09048596937430001,2.7540458616433816,2.4347638139010056e-07,0.00043141295983286764,,0.0022200214039650354,3.547251628587532e-07,,0.07422100601302238,0.7150436976262623,0.0002234976908032067,1.102755363439456,3.914793322457892e-06,2.4575366062814646e-06,7.466250912522017e-05,0.00028268613286,0.700345338646014,0.000822084450516084,0.00013283635906196785,6.823162473733697e-07,0.15583851029025667
16,"market for electricity, medium voltage",ecoinvent-3.10-cutoff,"North India electricity grid, medium voltage","market for electricity, medium voltage (IN-Northern grid)",kWh,1.0,IN-Northern grid,0.0002315316143212,1.2159418285899608e-05,1.1770541430728637e-07,6.890879292848268e-05,4.3224881275927407e-11,7.153818616426437e-08,,3.8604731975424314e-07,2.8663944370319407e-10,,7.105770798355819e-11,3.371065077829762e-05,5.3988807166264384e-08,2.4945710006796377e-05,2.497392775577493e-10,2.6071524555474694e-10,1.8068371426909988e-08,1.426092956130511e-07,6.385932314930324e-06,2.7094554597238417e-08,9.582886199175717e-09,7.978008185382255e-11,1.7721039161491573e-05
17,"market for electricity, low voltage",ecoinvent-3.10-cutoff,"Alberta electricity market, low voltage","market for electricity, low voltage (CA-AB)",kWh,1.0,CA-AB,0.000149141775966,2.2286282957580472e-05,5.834956875742957e-07,0.0004343780469156,3.4697739391947934e-11,4.461266358777101e-08,,3.717877637197872e-07,1.437828123438506e-09,,1.5971291117935783e-11,5.305701425490787e-05,8.639287688745145e-08,4.422760005234935e-05,5.88272610857664e-10,2.992098024126424e-10,2.8929349877491487e-08,9.072417589609944e-07,3.2232744843919675e-05,2.297145777752852e-07,6.096372958743917e-08,3.9814585986830166e-10,9.040461260682085e-05
18,"photovoltaic slanted-roof installation, 3kWp, a-Si, panel, mounted, on roof",ecoinvent-3.10-cutoff,Rooftop PV - a-Si,"photovoltaic slanted-roof installation, 3kWp, a-Si, panel, mounted, on roof (RoW)",MW,0.003,RoW,53419.86446734901,1.788613072138337,14.372580275800331,10118.242655006627,0.0008581435888324487,16.54085260090483,,201.94330864675544,0.0001231412735143,,0.0003005356121765397,2428.648290705181,2.3261140995781333,1644.6479570723584,0.014210495287009082,0.0072111303725155744,0.7788408900729666,0.0632858764659129,2.3685550846191203,4.998213581867566,1.4175358151388666,0.011418950541402809,2531.0854944802104
19,"gas power plant construction, combined cycle, 400MW electrical",ecoinvent-3.10-cutoff,,"gas power plant construction, combined cycle, 400MW electrical (RER)",MW,400.0,RER,882.5117543619104,386733.86497451534,2.583151732053365,977.9070983996786,9.797550804580449e-05,0.2671019953676275,,1.6373389334945068,0.5680967950759599,,1.6044061877093e-05,307.3461955728633,0.459173797551033,799.9853408897059,0.002310217065172537,0.001198921619447055,0.153835832748474,796.0238867607254,53720.972237575435,0.2423194673060673,0.1337256152807555,0.00038074654607831175,85.48253659479902
20,"heat pump production, 30kW",ecoinvent-3.10-cutoff,Heat pump,"heat pump production, 30kW (RER)",MW,0.03,RER,75.72791061315759,1.7231417467238817,2.4137652321694802,1840.3376467676917,3.615661288345519e-05,0.016782922520783335,,0.16064615745645336,7.111800751839661e-05,,5.09107200421193e-05,144.58631113129357,0.2821814679267267,136.6833402985621,0.002350974758084483,0.0010888335395824265,0.09453830221653,0.1158009334204755,3.914821325962561,0.45181695943278666,0.25938168158280334,0.0006297449187457035,141.7688724670606
21,"wind turbine construction, 4.5MW, onshore",ecoinvent-3.10-cutoff,"Wind, onshore (Enercon E112)","wind turbine construction, 4.5MW, onshore (GLO)",MW,4.5,GLO,860.6910547968267,2810.8758366147526,12.461090190673811,8731.090115435773,0.00047964874891015557,0.2309153212037196,,2.394523755199161,0.0587201116348156,,0.0006017958975030889,2279.3613332417144,3.36501982230033,1671.8585628740009,0.011782768415937624,0.0057745004463973775,1.1273859443528962,82.26969051005312,3151.529337357545,2.3248615547448432,1.228501937682095,0.0034982587789898667,784.7613744322343
22,"nuclear power plant construction, pressure water reactor, 1000MW",ecoinvent-3.10-cutoff,Pressure water reactor - FR,"nuclear power plant construction, pressure water reactor, 1000MW (FR)",MW,1000.0,FR,698.6894540805827,4579483.451514437,4.655455851910494,1405.9518189808496,0.00018220565909970128,0.2040438970632727,,0.8831836526723997,2.483772547692656,,6.73009432697603e-05,602.1363517697912,0.8657353635384181,3369.017275730342,0.0020005987840136605,0.0011138132329335307,0.290040421444645,2824.68186067441,252646.19397625863,0.35979443745952466,0.18980954014926887,0.0006731235936780344,150.50194584753115
23,"electricity production, natural gas, combined cycle power plant",ecoinvent-3.10-cutoff,,"electricity production, natural gas, combined cycle power plant (CH)",KWh,1.0,CH,1.374231813024377e-05,7.230109191977648e-06,4.388711756493446e-08,1.309916085342335e-05,9.089333391161519e-11,4.146766670769415e-09,,5.055234203010328e-08,6.630834163972156e-11,,5.477631351191726e-12,4.3835586277737285e-05,7.750272939173648e-08,2.2589187236215495e-05,4.523956846036319e-11,3.682037207991499e-11,2.588554973648116e-08,2.6662469028463733e-08,2.5495712063717992e-06,7.493515104139463e-09,1.79163219903359e-09,1.8497944042959244e-11,4.133715879836288e-06
24,"wind turbine network connection construction, 4.5MW, onshore",ecoinvent-3.10-cutoff,,"wind turbine network connection construction, 4.5MW, onshore (GLO)",,,GLO,,1403.6079791338952,,,,,,,0.0292033614578041,,,,,,,,,34.663624430160816,1183.7966548785475,,,,
25,"transmission network construction, electricity, high voltage direct current aerial line",ecoinvent-3.10-cutoff,HVDC transmission network construction,"transmission network construction, electricity, high voltage direct current aerial line (RER)",kilometer,1.0,RER,6821.291054703062,12.964258966909425,0.1547550389900909,76.06328361200964,8.280443964079091e-05,2.1165886553483633,,11.008541688735528,0.006745652357079,,3.103977172887797e-05,241.80878077518835,0.6216667869191562,68.11409637959625,0.0001980685960179,0.0001846717140743,0.2082800354181959,0.1336408481864707,8.38085338521416,0.2351909148796527,0.0089802353508829,0.0019144550900603,421.523455963797
26,"nuclear power plant construction, pressure water reactor, 1000MW",ecoinvent-3.10-cutoff,Pressure water reactor - CH,"nuclear power plant construction, pressure water reactor, 1000MW (CH)",MW,1000.0,CH,692.8389343822225,4573120.511038687,4.640407467123273,1399.7982348266826,0.0001453458022494768,0.20230327493504366,,0.8723021783685813,1.9844508700940895,,5.01772160106721e-05,597.8390144037124,0.8535080628781134,3363.420463162965,0.002000647665217169,0.0011236933012560809,0.2859655763109126,2813.5983223771236,251781.13479664992,0.34346170241930957,0.1890647620073704,0.0005314209505576374,119.41567034639064
27,"electricity production, natural gas, conventional power plant",ecoinvent-3.10-cutoff,,"electricity production, natural gas, conventional power plant (DE)",KWh,1.0,DE,1.4436144533583292e-05,2.0143975304437333e-06,4.737250972419365e-08,1.305436571405592e-05,4.344975202716057e-11,4.35151759163376e-09,,6.708578733739055e-08,8.924456289189973e-11,,8.677287022623553e-12,6.695412890893837e-05,1.099083015643823e-07,2.8087412372301413e-05,4.9602633358876726e-11,4.4241093365675525e-11,3.6798906422052345e-08,2.6690538808049333e-08,2.8865079364831156e-06,9.265086696168672e-09,1.7935183954103422e-09,2.4993660000074125e-11,5.588971850166975e-06
28,"wind power plant construction, 800kW, moving parts",ecoinvent-3.10-cutoff,"Wind power plant, moving parts (Nordex N50/800 plant)","wind power plant construction, 800kW, moving parts (GLO)",MW,0.8,GLO,629.4268167203395,3190.8602154441332,4.450019606304687,1679.8437199814773,6.46114629222725e-05,0.18119898222162623,,0.6051115073997634,0.0017553631721698,,5.119591213152861e-05,125.8191438177822,0.297352095456752,2775.491426532156,0.0021287337166185,0.001020714871733875,0.09960634901107887,2.7367096418244135,193.36393382072768,0.4103929417682382,0.2298726123965754,0.0005845747783052499,131.88767732114084
29,"nuclear power plant construction, boiling water reactor 1000MW",ecoinvent-3.10-cutoff,Boiling water reactor - DE,"nuclear power plant construction, boiling water reactor 1000MW (DE)",MW,1000.0,DE,684.1476070268641,4312554.923333648,4.5585456702200755,1416.3876350880728,0.0001926149190810487,0.19977585012237464,,0.9406406937454908,2.642090153754817,,0.0001505425978084014,695.741573742166,1.1099305415548255,3230.4368810913634,0.002184562666322144,0.0013501313168148312,0.371873803572065,2851.6524772236667,247581.63888066637,0.3676650349433438,0.19162187886467688,0.0007177059988802215,160.27074552328685
30,"electricity production, nuclear, pressure water reactor",ecoinvent-3.10-cutoff,,"electricity production, nuclear, pressure water reactor (CH)",kWh,1.0,CH,1.0063152278300745e-05,2.67612564764662e-05,3.6204875999363494e-08,1.1253779424527278e-05,5.522249599783213e-12,3.023646513534964e-09,,1.468765346897478e-08,6.154253255855132e-11,,9.787976511497926e-13,3.8635229516694655e-06,1.0860413689411564e-08,1.893833944190904e-05,1.8491766792367702e-11,1.1960974841477604e-11,3.635660000587638e-09,2.3385735750623316e-08,1.925457037141146e-06,5.696551254797698e-09,1.571446261254111e-09,1.7213721065830556e-11,3.83408893368846e-06
31,"hydropower plant construction, reservoir, non-alpine regions",ecoinvent-3.10-cutoff,Hydro run-of-river,"hydropower plant construction, reservoir, non-alpine regions (RER)",MW,175.0,RER,57725.951121168146,40315901.828978114,231.8213947199138,21279.599866977,0.0301359273697598,17.289984967791828,,108.4154796298365,15.563756776384958,,0.009098768909229445,106394.91151274832,103.74722237595492,224969.5491600461,0.08817281599291137,0.07740136479960205,34.754495658389,6502.005653161146,2171603.7096313885,9.62993498815511,2.4966507068919137,0.024696803766977707,5510.111350105643
32,"wind turbine construction, 750kW, onshore",ecoinvent-3.10-cutoff,"Wind, onshore","wind turbine construction, 750kW, onshore (RoW)",MW,0.75,RoW,1756.8708192820823,4311.36886016242,9.337466384645262,3763.214658674616,0.0005396376251285334,0.5173313947214554,,3.110260071747487,0.0148744015014066,,0.0004669862950368,2016.8770413109298,2.001857457244217,5243.635854626681,0.005846079530656666,0.003308133830572,0.6704853508253455,5.751427293810728,377.6997848360519,1.9427498108719596,0.5153032321671449,0.005544237170834801,1226.8070454957192
33,"wind power plant construction, 2MW, offshore, fixed parts",ecoinvent-3.10-cutoff,"Wind, offshore, fixed parts (Bonus 2 MW)","wind power plant construction, 2MW, offshore, fixed parts (GLO)",MW,2.0,GLO,288.2870026335791,182.5691247194831,3.4667939112912034,1876.13468010341,0.000216987376066,0.0789015217353762,,1.092798448028455,0.0373653840894521,,0.0001610325245981,1774.628411868228,1.9312243939057951,1156.6169866141963,0.0028661480272407,0.001479170511311,0.6470671563409545,7.711772501227346,370.48209649841056,2.816876207693771,0.25910315980349574,0.0052611180470359,1201.4897379837175
34,"wind power plant construction, 2MW, offshore, moving parts",ei_cutoff_3.10_image_SSP5-H_2050 2025-10-08,"Wind, offshore, moving parts (Bonus 2 MW)","wind power plant construction, 2MW, offshore, moving parts (GLO)",MW,2.0,GLO,1595.0976697465921,12505.114313023185,5.126438767349582,865.6119154825356,1.2580862196384703,0.03594502714573445,0.0020563904080049,5.095135245603998,0.0903027508557174,1.820075064075302e-07,0.0872547257371247,1997.9635241873675,9.596087708003065,4319.421793417091,0.00115222245256915,0.00092102784632675,4.023903009458554,0.961000402420643,1703.3564668605236,0.1669927890938911,-0.00035169752512555,50.89930135382416,4583.015892244324
35,"market for battery capacity, Li-ion, NMC811",ei_cutoff_3.10_image_SSP5-H_2050 2025-10-08,Market for NMC811,"market for battery capacity, Li-ion, NMC811 (GLO)",MWh,0.001,GLO,1039.9231682830364,0.0885491312720241,82.4240549653242,990.6704572824858,0.0006933477507459496,0.007910834323149912,2.289135140941017e-07,2.8720583169715,1.5208733330938824e-06,1.5135975708985048e-11,41.737164631883,130.45562633309171,0.13953948278130002,316.4441018862486,0.005130574435675873,0.00032519265239264216,0.043177038305142905,0.0002172998790658,1.462444393556869,0.44299163730339997,-0.0007502270765718404,0.09314333412041552,91.7096027758925
36,"market for electricity, low voltage",ei_cutoff_3.10_image_SSP5-H_2050 2025-10-08,"North India electricity grid, low voltage","market for electricity, low voltage (IN-Northern grid)",kWh,1.0,IN-Northern grid,0.0002880560524939,2.730181333447754e-05,1.0762843294176436e-06,0.0004886464468502,5.306583274154336e-09,2.414962278965957e-07,7.799628505166269e-10,5.805422673995623e-06,2.9848831764357878e-09,1.0670543792561791e-14,3.324455429245011e-07,2.8553207659219765e-05,6.49781969674087e-08,3.8689617783231325e-05,7.47541553559485e-10,4.2143699010672416e-10,1.8504792722164663e-08,2.0276338630325725e-07,0.0004669043722962,3.329865776405392e-07,6.477435104403134e-09,1.7818888990107108e-06,7.305002769929644e-05
37,"market for battery capacity, Li-ion, NMC811, stationary",ei_cutoff_3.10_image_SSP5-H_2050 2025-10-08,"Market for NMC811, stationary","market for battery capacity, Li-ion, NMC811, stationary (GLO)",MWh,0.001,GLO,1039.9231682830364,0.0885491312720241,82.4240549653242,990.6704572824858,0.0006933477507459496,0.007910834323149912,2.289135140941017e-07,2.8720583169715,1.5208733330938824e-06,1.5135975708985048e-11,41.737164631883,130.45562633309171,0.13953948278130002,316.4441018862486,0.005130574435675873,0.00032519265239264216,0.043177038305142905,0.0002172998790658,1.462444393556869,0.44299163730339997,-0.0007502270765718404,0.09314333412041552,91.7096027758925
38,"market for battery capacity, Li-ion, NMC622",ei_cutoff_3.10_image_SSP5-H_2050 2025-10-08,Market for NMC622,"market for battery capacity, Li-ion, NMC622 (GLO)",MWh,0.001,GLO,1257.64181516056,0.1002289248099964,197.0210026423973,1265.3785673507161,0.0008876698889327669,0.01024206089266235,2.776456921204031e-07,1.8867136231194999,1.957479036968498e-06,1.9746549556863263e-11,105.6751152486158,300.7283829416729,0.1845002097198,344.8157573327008,0.0064076037054284765,0.0004056800182795086,0.05746650060102602,0.0002742172719074,1.6155246393353944,0.5526958803031,-0.0010981755110235595,0.1195738790711,120.4550399532374
39,"battery production, Li-ion, LFP, rechargeable, prismatic",ei_cutoff_3.10_image_SSP5-H_2050 2025-10-08,LFP,"battery production, Li-ion, LFP, rechargeable, prismatic (CN)",kWh,0.116,CN,1.7951729906353497,0.0051848306014194,0.001392146744425862,0.9112053051037594,8.079582072002369e-07,1.1534066145367693e-05,2.8232621216916413e-08,0.0030596917756870686,2.855822685560985e-07,2.917261798381084e-12,0.08560337936804913,0.017548789784531033,0.0003465781841220458,0.055183944030707754,9.479001622004369e-06,4.7525217133324596e-07,0.00011251845915148945,4.6271168208929375e-05,0.0628603784024933,0.0007953796962032399,-1.8080359687227981e-06,0.00013993685399100292,0.15360030773260258
40,"market for electricity, medium voltage",ei_cutoff_3.10_image_SSP5-H_2050 2025-10-08,"Alberta electricity market, medium voltage","market for electricity, medium voltage (CA-AB)",kWh,1.0,CA-AB,0.0001410064662405,2.4435812962228476e-05,4.910971134318458e-07,6.206568057290634e-05,1.06452617978682e-08,1.1467974357984113e-07,3.002803824833916e-10,2.965962171292956e-06,1.0020699559185398e-09,3.776521445756467e-15,3.76884108013577e-07,3.827913611832624e-05,8.707097246451123e-08,3.258212057180915e-05,1.4365617579837515e-10,6.430673618095753e-11,3.5074467199360745e-08,2.6642674014762538e-08,0.0001467400497102,1.4491615037814646e-07,6.425217691032802e-09,2.2363295657308015e-06,5.526039874587988e-05
41,"market for electricity, low voltage",ei_cutoff_3.10_image_SSP5-H_2050 2025-10-08,"Swiss electricity market, low voltage","market for electricity, low voltage (CH)",kWh,1.0,CH,0.0001946106411603,2.665611811056293e-05,6.814097502074061e-07,0.0004300696121175,4.768863288801335e-09,1.3062466196689722e-07,5.08467502330162e-10,3.104539173366621e-06,2.578896338440019e-09,7.855611166913964e-15,4.6469358897917015e-08,3.0708349135341966e-05,4.942592215407996e-08,3.75472827175446e-05,6.343707586757474e-10,3.0270478339086675e-10,1.7049612777882672e-08,1.7916966645196025e-07,0.0003388483052092,1.766727723307598e-07,8.419698928680255e-09,4.01372646950589e-07,6.95222812698477e-05
42,"gas turbine construction, 10MW electrical",ei_cutoff_3.10_image_SSP5-H_2050 2025-10-08,,"gas turbine construction, 10MW electrical (RER)",MW,10.0,RER,27.59747741086386,677.8005872393178,0.6448499619467423,411.2665742170335,0.00017280515433501,0.00237507035622755,0.0007479735654899,0.07652338324662535,0.0070362039449699,8.10940863774199e-08,0.00424156228859797,53.226305065369765,0.0061601825695129205,75.34917133677489,0.00058700683515603,0.00028477005386583004,0.0009142025032238,1.7060625144710149,1867.9038386358377,0.01237180459955015,-0.0009917343964141799,0.02075462522448188,37.74480354747125
43,"fuel cell production, polymer electrolyte membrane, 2kW electrical, future",ei_cutoff_3.10_image_SSP5-H_2050 2025-10-08,Fuel Cell,"fuel cell production, polymer electrolyte membrane, 2kW electrical, future (RoW)",kW,1.0,RoW,14.573313359427692,10.397442651713684,0.0310367998880862,5.330106132914719,8.653633563932951e-05,0.000390683434761,7.839348771898836e-05,9.503749419148884,4.311812416168958e-05,9.655626033509655e-10,0.0021171730634194,1.618698472960997,0.0045826849542984,8.012591495489362,0.0001204869670384,0.0026233536106774,0.0002404609478819,0.0020765377473727,4.717976822558836,0.00545197757982,1.0952433093454916e-05,0.0036430985854464,0.9052219922461796
44,"market for battery capacity, Li-ion, NCA",ei_cutoff_3.10_image_SSP5-H_2050 2025-10-08,Market for NCA,"market for battery capacity, Li-ion, NCA (GLO)",MWh,0.001,GLO,1061.212045337864,0.08978923343237,115.0351810355766,1047.8861027290484,0.0007139540823869105,0.008091433414318125,2.3626224719410946e-07,2.9609394704111,1.5837589750580223e-06,1.5808625196819833e-11,41.470102802270205,45.272465514641205,0.1280663680311,318.6358265402408,0.005383596415297406,0.0003393576790484075,0.03921114673817896,0.0002271020175849,1.4798752536226434,0.4642840367113,-0.0007997318024825287,0.09525463693589029,95.6971238212698
45,"furnace production, wood chips, average storage area, 50kW",ei_cutoff_3.10_image_SSP5-H_2050 2025-10-08,,"furnace production, wood chips, average storage area, 50kW (RoW)",MW,0.05,RoW,379.06703695807136,1.328728457066061,1.5464648167034318,190.99612119982,0.00531504099474,0.017268730817564,0.0002611317015248,0.6037688368189479,0.0002446758088509,5.760051626863684e-09,0.066665436759936,218.2294287084765,0.290960433002518,186.8375128539376,0.00029981995080831863,0.002297223287314,0.010823729404633999,0.0036890749106018,12.907673716441368,0.652299257065458,0.0002395990124162706,0.124860241248054,186.79193691600895
46,"market for battery capacity, Li-ion, NMC532, stationary",ei_cutoff_3.10_image_SSP5-H_2050 2025-10-08,"Market for NMC532, stationary","market for battery capacity, Li-ion, NMC532, stationary (GLO)",MWh,0.001,GLO,1155.8107658131248,0.0842374554346684,259.8467462622548,1196.827908967624,0.0008976805327954358,0.010067332454311448,2.8418397233828146e-07,1.7920277544429999,1.8964999125162976e-06,2.033967742411468e-11,99.72483199470649,278.043575740012,0.17850539650199998,274.0678228913921,0.006051268203324535,0.0003931934549600848,0.05531771187294226,0.0002597729107554,1.3202069394116778,0.5247030814815,-0.001013915522073013,0.1172034434142,117.7983092294038
47,"nuclear power plant construction, pressure water reactor, 1000MW",ei_cutoff_3.10_image_SSP5-H_2050 2025-10-08,Pressure water reactor - DE,"nuclear power plant construction, pressure water reactor, 1000MW (DE)",MW,1000.0,DE,361.14979631735144,525798.0048416896,2.852558780646336,1311.019386278533,0.00436152361193021,0.06590395807897419,1.546901033241276,1.86132325550312,5806.284903911593,0.0001108555293903,0.061129880644710755,1158.4905804212174,0.14443124398124188,961.3517463072972,0.001873532965462601,0.001575240711502686,0.02544561149778701,643.3799910548469,790203.7811334294,8.635900985345133,-0.0020497164960384807,1.0115745855951763,421.4281882562766
48,"battery production, Li-ion, NMC811, rechargeable, prismatic",ei_cutoff_3.10_image_SSP5-H_2050 2025-10-08,NMC811,"battery production, Li-ion, NMC811, rechargeable, prismatic (CN)",kWh,0.149,CN,1.678252326282884,0.020944924249226,0.1335043337854557,1.5977805222114383,1.0395529709876885e-06,1.3501647557088036e-05,4.188181569338892e-08,0.004664500279408725,3.5006725003073585e-07,3.211359577723552e-12,0.06762311163039464,0.21056002128161141,0.00021482642605344629,0.5104881649722671,8.300080890798984e-06,4.799290466444381e-07,6.779705392710284e-05,5.203400313930692e-05,0.3509356459052638,0.0007078757253174497,-1.6396453125847333e-06,0.00017281211414793508,0.1418543233998282
49,"auxiliary heating unit production, electric, 5kW",ei_cutoff_3.10_image_SSP5-H_2050 2025-10-08,,"auxiliary heating unit production, electric, 5kW (RoW)",MW,0.005,RoW,4.3907434958325195,0.2255253214993677,0.03234202102288,4.0278130270627,1.1770523360919299e-05,0.0001715327939826478,2.3055900987749832e-08,0.027075742195639997,1.5146929752930913e-07,2.162769503146531e-12,0.00044575766590218715,0.27410361558362,0.00032768157953109637,30.399264530563702,5.1069644173010435e-06,4.058942803362045e-06,3.977986632341622e-05,7.180120838303184e-06,0.0230825342263295,0.0007343314402834709,6.607364536762772e-06,0.002235795902446671,2.6058906988627397
50,"wind turbine construction, 4.5MW, onshore, direct drive",ei_cutoff_3.10_image_SSP5-H_2050 2025-10-08,"Wind, onshore (Enercon E112), DD","wind turbine construction, 4.5MW, onshore, direct drive (GLO)",MW,4.5,GLO,1335.9320179693095,3948.864605739946,14.78214724085796,8520.642630152694,9.258779548867599,0.06972810518637532,0.028457100245387,5.167465411959006,0.2442192083467524,1.4658318286101242e-06,0.18295554746246157,2802.130976543335,97.42454794306269,1734.6021023347403,0.012791066672028622,0.007054792379408533,35.03889286382819,16.654286557606877,21770.90531967789,0.905103478776855,-0.01902529330851171,51.1568458259919,1418.9345446873738
51,"photovoltaic plant construction, 570kWp, multi-Si, on open ground",ei_cutoff_3.10_image_SSP5-H_2050 2025-10-08,PV plant - multi-Si,"photovoltaic plant construction, 570kWp, multi-Si, on open ground (GLO)",MW,0.57,GLO,19322.639503039143,261.2616925882389,6.586906813341275,3566.6241165743977,0.0101178498007793,18.295338644577487,0.0011554589749734,655.4777792021786,0.0131439397161215,1.1822262244739377e-07,0.37175066154564895,766.5491597180976,0.4810227951852392,695.9952516215776,0.0052357616451080705,0.0029998891787771935,0.13415509708337403,0.8476003751403601,15266.90015472511,36.6626166730126,0.004701319603106843,2.0001297397022504,1881.5351130841198
52,"photovoltaic slanted-roof installation, 3 kWp, CdTe, panel, mounted, on roof",ei_cutoff_3.10_image_SSP5-H_2050 2025-10-08,Rooftop PV - CdTe,"photovoltaic slanted-roof installation, 3 kWp, CdTe, panel, mounted, on roof (RER)",MW,0.003,RER,13121.560430203617,0.700897142861493,8.554824842510566,5967.739035700205,0.005633923046404824,0.10720292508953333,3.2346416287192777e-06,29.234735018805,4.333591100482869e-05,3.977238102978458e-10,0.22555696894813335,254.348645098417,0.15192565336096667,382.65830714342843,0.015088278233833052,0.0036610711696147035,0.0373233054336,0.0074321070904853,59.66829592557812,1.7269421254123998,56.61273392692913,1.204539143788,899.5005942362665
53,"market for electricity, low voltage",ei_cutoff_3.10_image_SSP5-H_2050 2025-10-08,"British electricity market, low voltage","market for electricity, low voltage (GB)",kWh,1.0,GB,0.0001946106411656,2.665611811019774e-05,6.814097502145766e-07,0.0004300696121235,4.768863288806206e-09,1.306246619627072e-07,5.084675021549863e-10,3.1045391733795167e-06,2.578896338468352e-09,7.855611166960461e-15,4.6469358897777115e-08,3.070834913517334e-05,4.942592215422009e-08,3.754728271718769e-05,6.343707587260242e-10,3.0270478338761247e-10,1.704961246312718e-08,1.791696664544368e-07,0.0003388483052273,1.766727723312013e-07,8.419698939144816e-09,4.013726469515313e-07,6.952228127057549e-05
54,"wind turbine construction, 750kW, onshore, direct drive",ei_cutoff_3.10_image_SSP5-H_2050 2025-10-08,"Wind, onshore, DD","wind turbine construction, 750kW, onshore, direct drive (RoW)",MW,0.75,RoW,1825.731945324832,845.2688756748197,8.094254632959583,3550.235307215967,12.340941752250899,0.06386668732206907,0.0037980793468797,6.819629595243644,0.051046238676306,1.6622893542282278e-07,0.16451307106503119,2873.4652007221193,129.73070153992754,2013.822861003935,0.008045021932175734,0.004208044031930934,46.71725240402546,1.272611110713674,2327.964737659691,0.8777090504192947,-0.005044842883452133,67.9435522593606,2278.503192280865
55,"transmission network construction, electricity, medium voltage",ei_cutoff_3.10_image_SSP5-H_2050 2025-10-08,Medium voltage transmission network construction,"transmission network construction, electricity, medium voltage (RoW)",kilometer,1.0,RoW,1958.227062190291,82.7818756987442,3.5376966145374915,2409.962195606616,0.0006039557556414,0.0069152816625331,0.0002821717565101,3.204751322351364,0.0040201879979777,2.7995000062301947e-08,0.0180981013933418,19.571365294743533,0.0288698376200906,93.68087191748457,0.0034278181515865,0.0013135328299184,0.0052433506554701,0.9990631030445228,1141.0386472574623,0.0467133255800604,-0.0062571658277042,0.0855971247985794,218.5257556630131
56,"electricity production, nuclear, boiling water reactor",ei_cutoff_3.10_image_SSP5-H_2050 2025-10-08,,"electricity production, nuclear, boiling water reactor (CH)",kWh,1.0,CH,3.315932774950461e-06,4.730284971761721e-06,1.1674378868078644e-08,3.624617127310082e-06,1.734212003687588e-11,2.704939541438214e-10,5.4601795221937154e-12,1.0411529179947876e-08,5.457910464246098e-09,3.0401359532030516e-16,3.6218001208792973e-10,1.7336309931698111e-06,2.372808486844371e-09,3.764493828948067e-06,4.287556909653384e-12,6.249550615193724e-12,7.153369110204636e-10,1.566236767182753e-09,7.843981570939185e-06,8.772821498013616e-09,4.451211453403581e-12,2.59702880882351e-09,1.9347007846286833e-06
57,"battery production, Li-ion, NMC532",ei_cutoff_3.10_image_SSP5-H_2050 2025-10-08,NMC532,"battery production, Li-ion, NMC532 (GLO)",kilogram,1.0,GLO,0.2308245787615518,0.0163424039350722,0.0522547037593681,0.2390538154950796,1.4751483267051057e-07,1.7907469961717326e-06,4.257157898174432e-08,0.0003531764771627,3.565237641029095e-07,3.5514679836981637e-12,0.02005677600096,0.0557200799253682,3.367725231811861e-05,0.0546500140802737,1.214214295770938e-06,7.20688183390428e-08,1.0625782763348037e-05,5.158720067288473e-05,0.2622529373337666,0.0001035569331905,-2.1580716184951846e-07,2.1108089588091155e-05,0.0222111884794452
58,"battery production, Li-ion, NMC111, rechargeable, prismatic",ei_cutoff_3.10_image_SSP5-H_2050 2025-10-08,NMC111,"battery production, Li-ion, NMC111, rechargeable, prismatic (CN)",kWh,0.143,CN,1.5486768597504086,0.0131182932344015,0.40610409690917976,1.5620100776755583,1.1246029322148588e-06,1.4305084599333535e-05,4.12165056823035e-08,0.0025146138429209793,3.5669872507714976e-07,3.884806036219984e-12,0.07425628072405806,0.5897302969196525,0.00021048867926975573,0.27800264376634753,8.492341446208788e-06,4.885082766136863e-07,6.618728001833657e-05,5.154629867344657e-05,0.2012264921579543,0.0007249064281419582,-1.6617616308039883e-06,0.0001830668248729052,0.15739456563159793
59,"market for electricity, medium voltage",ei_cutoff_3.10_image_SSP5-H_2050 2025-10-08,"North India electricity grid, medium voltage","market for electricity, medium voltage (IN-Northern grid)",kWh,1.0,IN-Northern grid,0.0002062701007585,1.3934018354412808e-05,5.158636000142313e-07,0.0001013289323191,4.792554696513058e-09,1.8003978718731846e-07,3.2996883288197533e-10,4.364955231238303e-06,6.70059596185672e-10,5.935824946436241e-15,3.032049659669036e-07,2.3771695702771633e-05,5.5269143576268773e-08,2.1957966150361073e-05,1.7744655941321715e-10,1.9732015244259949e-10,1.6183475985572203e-08,4.176206868197544e-08,0.0002194647702916,2.427874816504252e-07,1.2105408942790755e-10,1.6268858058406056e-06,3.392071197706741e-05
60,"market for electricity, low voltage",ei_cutoff_3.10_image_SSP5-H_2050 2025-10-08,"Alberta electricity market, low voltage","market for electricity, low voltage (CA-AB)",kWh,1.0,CA-AB,0.0002539561204904,3.0239750055793208e-05,5.394621253829518e-07,9.455436982376986e-05,1.0695939427980106e-08,1.3483598448611242e-07,4.861733102949919e-10,3.5700210043917994e-06,1.3480062107151283e-09,4.646375474175471e-15,3.785765160635591e-07,3.984101388946213e-05,8.854441979223825e-08,3.449109246162882e-05,1.9796392976830016e-10,8.821535649167449e-11,3.5378853007348525e-08,4.0398101254403895e-08,0.0001866099674211,1.733926250006959e-07,1.0907201627653307e-08,2.2453548431839848e-06,5.947815743493139e-05
61,"photovoltaic slanted-roof installation, 3kWp, a-Si, panel, mounted, on roof",ei_cutoff_3.10_image_SSP5-H_2050 2025-10-08,Rooftop PV - a-Si,"photovoltaic slanted-roof installation, 3kWp, a-Si, panel, mounted, on roof (RoW)",MW,0.003,RoW,58421.2177984141,10.892448781270188,16.34271182253483,10122.53975719051,0.017302313711001584,0.3042982837322667,0.1778414509565542,209.62863165146413,0.0023040944729952,1.2410149982121984e-09,0.7018660323738,2034.24290670408,0.9675966964785666,2342.685267901671,0.014566037313965718,0.006789956153570636,0.28549636875409995,0.0127291122132686,25.95594818455687,1.5903722493737,16.1365914709849,3.7863014414695333,45367.48421430287
62,"electrolyzer production, 1MWe, AEC, Stack",ei_cutoff_3.10_image_SSP5-H_2050 2025-10-08,H2 Electrolyzer,"electrolyzer production, 1MWe, AEC, Stack (RER)",MW,1.0,RER,796.6932035215372,4414.025514144699,10.134090686873968,249.0438590149255,0.002840266077606,0.0443854050134643,0.000752721699006,77.1742014798053,0.0136201876032703,6.064664040059729e-08,0.0807938801596078,45.335934645682066,0.1695222628973428,5839.451025757603,0.0003069781385738,1.242691003355409,0.0465951222138782,0.1126383165586702,674.263933161281,234.4764249761199,0.0026761755806722,0.4362568238478261,1138.0603832542586
63,"gas power plant construction, combined cycle, 400MW electrical",ei_cutoff_3.10_image_SSP5-H_2050 2025-10-08,,"gas power plant construction, combined cycle, 400MW electrical (RER)",MW,400.0,RER,914.8554710928656,389988.0331502325,3.873446575209658,937.0060472607054,0.0008100894478728082,0.011525451786050172,0.1359336927596291,1.6915149511687224,0.7366226161608173,1.3659116632886931e-05,0.02362440997896745,245.5636867826301,0.026533920935686135,792.737247598539,0.0013262886689580468,0.0008109923028847678,0.0036810319760639415,153.8020292555259,208884.01668657272,0.05421948413805489,-0.0018227005855031382,0.11652959904462316,101.28379491369955
64,"wind power plant construction, 2MW, offshore, moving parts, direct drive",ei_cutoff_3.10_image_SSP5-H_2050 2025-10-08,"Wind, offshore, moving parts (Bonus 2 MW), DD","wind power plant construction, 2MW, offshore, moving parts, direct drive (GLO)",MW,2.0,GLO,1324.856510214001,12249.324810762908,5.134158633488395,884.1784495567597,9.252536584314035,0.0351719811206741,0.0020980934038132,4.2843647287886535,0.0753523596143229,1.7934201880934385e-07,0.08343630266824555,1158.9495469992185,97.13118118363055,4259.705556066146,0.00118461168446465,0.00094118375654575,35.02762608836394,0.9973542978216838,3033.799770650877,0.17010687247211864,0.0004610441153111,50.8641432791545,577.3741719987355
65,"heat pump production, 30kW",ei_cutoff_3.10_image_SSP5-H_2050 2025-10-08,Heat pump,"heat pump production, 30kW (RER)",MW,0.03,RER,77.50133323513772,1.774604557058484,2.5258671067951135,1791.4581010083539,0.00042180942584108634,0.0062156990984,3.852000665916773e-06,0.21615819190980334,9.189131409960226e-05,6.79311557268773e-10,0.014724541002783335,114.67221018111904,0.10657367758399,130.35008753938726,0.002540266165888242,0.0009519551324417899,0.03382556724495,0.0223137517370753,22.447722714717695,0.02655215939042667,-0.004390757614196667,0.07481073723275,172.7230957831846
66,"market for battery capacity, Sodium-ion, SiB, stationary",ei_cutoff_3.10_image_SSP5-H_2050 2025-10-08,"Market for SiB, stationary","market for battery capacity, Sodium-ion, SiB, stationary (GLO)",MWh,0.001,GLO,465.57443998492647,0.0597061256132548,14.067392352471199,456.90848244152306,0.0008794272505363157,0.01062215802682543,2.669127824649554e-07,0.8340162883958,7.69829095394717e-07,1.4211122682451256e-11,0.01471378896576575,1033.0224685421263,0.04396463184465545,251.0559720954018,0.0002649832606865355,0.0002284528071403304,0.010596956020246288,6.951123028206291e-05,0.909790160160103,0.04443312843058415,6.193703040997498e-05,0.07827869696997479,45.214144135921906
67,"wind turbine construction, 4.5MW, onshore",ei_cutoff_3.10_image_SSP5-H_2050 2025-10-08,"Wind, onshore (Enercon E112)","wind turbine construction, 4.5MW, onshore (GLO)",MW,4.5,GLO,1606.1729674657588,4524.390669542022,14.77442630342089,8502.075491281297,1.26432946883257,0.0705011167065952,0.0283632659979397,5.978234938853195,0.277852428028658,1.471826617826828e-06,0.18677387995413292,3641.1449173381134,9.889452618882144,1794.3182627018086,0.012758676484541934,0.007034635708193022,4.035169587110896,16.572489172199187,18777.29116344808,0.9019892550796749,-0.019838036205840223,51.19200559233026,5424.57605179588
68,"nuclear power plant construction, pressure water reactor, 1000MW",ei_cutoff_3.10_image_SSP5-H_2050 2025-10-08,Pressure water reactor - FR,"nuclear power plant construction, pressure water reactor, 1000MW (FR)",MW,1000.0,FR,361.14979631735144,525798.0048416896,2.852558780646336,1311.019386278533,0.00436152361193021,0.06590395807897419,1.546901033241276,1.86132325550312,5806.284903911593,0.0001108555293903,0.061129880644710755,1158.4905804212174,0.14443124398124188,961.3517463072972,0.001873532965462601,0.001575240711502686,0.02544561149778701,643.3799910548469,790203.7811334294,8.635900985345133,-0.0020497164960384807,1.0115745855951763,421.4281882562766
69,"electricity production, natural gas, combined cycle power plant",ei_cutoff_3.10_image_SSP5-H_2050 2025-10-08,,"electricity production, natural gas, combined cycle power plant (CH)",KWh,1.0,CH,1.5115425951892796e-05,8.46962411259733e-06,7.276570387607233e-08,1.1434873157823443e-05,1.71126684746578e-10,1.246321260992323e-09,4.7936599221573264e-11,4.815543328413816e-08,9.100052956094978e-11,3.518027736092348e-15,2.1219041840299155e-09,3.382958138324127e-05,1.3778878836560787e-08,2.0507656730264644e-05,2.238672923836691e-11,5.5209885978691745e-11,3.786858130808652e-09,4.891768734995194e-09,2.7186708086468834e-05,7.031267810668272e-09,5.1190405220550476e-11,9.756051386846481e-09,4.236890012654701e-06
70,"market for battery capacity, Li-ion, LFP, stationary",ei_cutoff_3.10_image_SSP5-H_2050 2025-10-08,"Market for LFP, stationary","market for battery capacity, Li-ion, LFP, stationary (GLO)",MWh,0.001,GLO,1303.7865765992499,0.034980764905709,1.037248245643,665.5606264653348,0.0007243931073702035,0.009377497835277037,2.325082371998271e-07,2.2423385759606,1.8868225205161544e-06,2.034892197117423e-11,61.8330605712072,13.5899737526612,0.2598836066038,41.9874464488615,0.006859357758856212,0.00037081743991488334,0.08351648780309145,0.0002910680383274,0.4061265011729314,0.5823885982289,-0.0012506887190291138,0.11222034150959999,117.6006095532929
71,"wind turbine network connection construction, 4.5MW, onshore",ei_cutoff_3.10_image_SSP5-H_2050 2025-10-08,,"wind turbine network connection construction, 4.5MW, onshore (GLO)",,,GLO,,1384.819116847435,,,,,0.000954697172859,,0.030468804677959,1.543033391606474e-07,,,,,,,,6.670310668796469,7270.914527295806,,,,
72,"market for battery capacity, Li-ion, NMC622, stationary",ei_cutoff_3.10_image_SSP5-H_2050 2025-10-08,"Market for NMC622, stationary","market for battery capacity, Li-ion, NMC622, stationary (GLO)",MWh,0.001,GLO,1257.64181516056,0.1002289248099964,197.0210026423973,1265.3785673507161,0.0008876698889327669,0.01024206089266235,2.776456921204031e-07,1.8867136231194999,1.957479036968498e-06,1.9746549556863263e-11,105.6751152486158,300.7283829416729,0.1845002097198,344.8157573327008,0.0064076037054284765,0.0004056800182795086,0.05746650060102602,0.0002742172719074,1.6155246393353944,0.5526958803031,-0.0010981755110235595,0.1195738790711,120.4550399532374
73,"wind power plant construction, 2MW, offshore, fixed parts, direct drive",ei_cutoff_3.10_image_SSP5-H_2050 2025-10-08,"Wind, offshore, fixed parts(Bonus 2 MW), DD","wind power plant construction, 2MW, offshore, fixed parts, direct drive (GLO)",MW,2.0,GLO,321.6289981056503,258.51269966229995,4.2449192255681,1746.2981547154436,0.0032339878991069,0.0258301223706284,0.0047334444871938,0.8104266648661697,0.0453857947023787,2.795832333197131e-07,0.06739123583585875,1373.5871393824004,0.1502895554345877,1049.2741945398427,0.0025007593650741,0.00199858549857485,0.01170818692508275,1.4716177631994822,3009.6256677909173,0.3261704754658347,-0.0031747882319501,0.2556250036191703,264.5523598595877
74,"market for battery capacity, Li-ion, NMC111",ei_cutoff_3.10_image_SSP5-H_2050 2025-10-08,Market for NMC111,"market for battery capacity, Li-ion, NMC111 (GLO)",MWh,0.001,GLO,1523.5782584504354,0.0928039037642152,397.7940920349214,1537.2985322973263,0.001187567264284806,0.013302775865866836,3.751175926264308e-07,2.4511094374134,2.5604573859758677e-06,2.966583231084534e-11,72.7270715627524,578.4286094282805,0.2177084549672,274.5321721504813,0.008330228942188152,0.0005269276268198862,0.06702929536859328,0.0003559459016647,1.392633193284749,0.7201654808935,-0.0011941221604496583,0.1567410398611,161.026662829028
75,"wind power plant construction, 800kW, moving parts, direct drive",ei_cutoff_3.10_image_SSP5-H_2050 2025-10-08,"Wind power plant, moving parts (Nordex N50/800 plant), DD","wind power plant construction, 800kW, moving parts, direct drive (GLO)",MW,0.8,GLO,1052.5372793456806,3582.382600831968,5.1441447366866715,1705.4844613309538,9.251936321323928,0.026777418034077623,0.0006141313028381,3.855173990715155,0.0309932543628026,6.09533195356519e-08,0.06383156700814012,1102.739602318612,97.10268154500002,3127.8647622061058,0.0023706338797517498,0.0012119550056475,35.02244145329376,0.6779812150673715,1379.375669340208,0.13127607574252861,-0.002518472051330125,50.768015625259494,642.0926224907056
76,"battery module production, for SiB battery",ei_cutoff_3.10_image_SSP5-H_2050 2025-10-08,Sodium-ion,"battery module production, for SiB battery (GLO)",kilogram,1.0,GLO,0.0547206531418619,0.0067316370746229,0.0016829931218896,0.053639710822254,8.29116490450625e-08,1.1065053325856716e-06,2.2920343050771753e-08,9.488427325843516e-05,7.493657852869043e-08,1.354302089106859e-12,1.3671286655856669e-06,0.1238157839905689,3.7413998850714313e-06,0.0297848436876887,2.9749195316208877e-08,2.2987782167445044e-08,9.110010167806316e-07,7.866953837567421e-06,0.1068113234219196,4.064208009819535e-06,-1.459763360379449e-09,7.600869508131494e-06,0.0043566265618475
77,"transmission network construction, electricity, high voltage direct current aerial line",ei_cutoff_3.10_image_SSP5-H_2050 2025-10-08,HVDC transmission network construction,"transmission network construction, electricity, high voltage direct current aerial line (RER)",kilometer,1.0,RER,6909.129125256613,18.430640746351457,0.5574529280206704,64.20160804261043,0.0024754243648554,0.0188932126225648,0.0018259198425039,11.18083558037117,0.0066567381011589,5.973823181908191e-08,0.0954451396915068,254.37384160740172,0.111653157573739,51.380471786426014,0.0016443138383293,0.0008898840674432,0.0076422354491626,0.024978577749634,630.1456847041064,0.1580874941148849,0.0005495333728033,0.2000946573035744,609.5080132538945
78,"market for battery capacity, Li-ion, NMC111, stationary",ei_cutoff_3.10_image_SSP5-H_2050 2025-10-08,"Market for NMC111, stationary","market for battery capacity, Li-ion, NMC111, stationary (GLO)",MWh,0.001,GLO,1523.5782584405486,0.0928039037640687,397.79409203490917,1537.298532288241,0.0011875672642786936,0.013302775866200656,3.751175926355137e-07,2.4511094373974,2.5604573859555287e-06,2.9665832310653577e-11,72.727071562753,578.4286094278821,0.2177084549669,274.5321721500475,0.008330228942172592,0.0005269276268136016,0.06702929536998797,0.0003559459016609,1.392633193258129,0.720165480893,-0.0011941221615799145,0.1567410398611,161.0266628277486
79,"battery production, Li-ion, NMC622",ei_cutoff_3.10_image_SSP5-H_2050 2025-10-08,NMC622,"battery production, Li-ion, NMC622 (GLO)",kilogram,1.0,GLO,0.2375099171737971,0.018587896042232,0.0373891740369175,0.2389635352162804,1.445008811263821e-07,1.7740337921363514e-06,4.210942784955589e-08,0.0003528365339775,3.5344470365831245e-07,3.3563483691917488e-12,0.0200567258903359,0.0569316488476262,3.3403006528879723e-05,0.0651031208470911,1.214088338409712e-06,7.190729979561869e-08,1.0544117966126762e-05,5.156725864845324e-05,0.3042483957214783,0.0001034680427067,-2.1705862242542025e-07,2.0905993067917243e-05,0.0217871375197082
80,"photovoltaic slanted-roof installation, 3kWp, single-Si, panel, mounted, on roof",ei_cutoff_3.10_image_SSP5-H_2050 2025-10-08,Rooftop PV - single-Si,"photovoltaic slanted-roof installation, 3kWp, single-Si, panel, mounted, on roof (RER)",MW,0.003,RER,14748.92369029832,0.8859393927967815,9.5962582842796,6353.960769534685,0.00966067591278699,17.403403124366033,4.367285466156579e-06,358.14294454839654,5.774825314906558e-05,4.774790072685376e-10,0.37611976179843337,376.38825324843225,0.4085318679241667,435.69215604202924,0.015699224318293556,0.004093094177093478,0.1196247089789,0.0079176730447644,52.573590451623225,20.574720784431268,-0.005245533498718863,2.049331631866233,1276.084836607384
81,"nuclear power plant construction, pressure water reactor, 1000MW",ei_cutoff_3.10_image_SSP5-H_2050 2025-10-08,Pressure water reactor - CH,"nuclear power plant construction, pressure water reactor, 1000MW (CH)",MW,1000.0,CH,319.09288828327084,524828.3895989531,2.7285947201152467,1305.9001525875312,0.0038125793268538218,0.06473189828588741,0.9761244864510789,1.8186520037273624,5805.578509376255,9.549257220141528e-05,0.05433139069101734,1155.997366338226,0.11294273491757836,959.4450531030848,0.0018646628367225348,0.0013266033939817621,0.0244007423795279,642.3584542517439,786249.5783766082,8.560639217594336,-0.002072624311160565,1.0004646202214273,390.3062179035978
82,"market for battery capacity, redox-flow, Vanadium, stationary",ei_cutoff_3.10_image_SSP5-H_2050 2025-10-08,Market for vanadium redox-flow battery,"market for battery capacity, redox-flow, Vanadium, stationary (GLO)",kWh,0.001,GLO,102.2370117728121,0.1066378815430358,0.7078822645998,380.07689125936525,0.0014259926328897107,0.011368744264988668,7.798401107943527e-07,795.1153497801857,3.1341685472472277e-06,2.179897218349708e-11,0.01945813918523973,30.878204002722498,0.1283583957555,62.2686921989652,0.000577921183290884,0.0006741366794002408,0.03052622500668139,0.0001572424053076,0.6471052200589028,0.1006626112398,-0.000220374278225486,4757.49244484793,251.34713922225936
83,"electricity production, natural gas, conventional power plant",ei_cutoff_3.10_image_SSP5-H_2050 2025-10-08,,"electricity production, natural gas, conventional power plant (DE)",KWh,1.0,DE,1.69236001130015e-05,4.39081790930115e-06,8.433596775788423e-08,1.1399667906778564e-05,1.5163453837714958e-10,1.5478155324783143e-09,6.894433952896901e-11,5.6225815196436616e-08,1.272644807599613e-10,5.4205409818862754e-15,2.797342146950955e-09,5.343356154401081e-05,1.2669568087130562e-08,2.5994851848244167e-05,1.9876628423282e-11,7.672213924575657e-11,3.126776272076268e-09,5.018705346435326e-09,3.268367417193892e-05,9.758275280312683e-09,6.367949070946959e-11,1.2620381343773528e-08,5.5960521288910665e-06
84,"wind power plant construction, 800kW, moving parts",ei_cutoff_3.10_image_SSP5-H_2050 2025-10-08,"Wind power plant, moving parts (Nordex N50/800 plant)","wind power plant construction, 800kW, moving parts (GLO)",MW,0.8,GLO,1322.778751146358,3684.69845934336,5.1364264588764605,1686.918834270785,1.25748596247237,0.027550515772417124,0.0005974507716043,4.665946192278627,0.0369747870816023,6.20201966015721e-08,0.06765012579999162,1941.7536173191572,9.56759002467325,3187.5810930581224,0.002338246079861875,0.0011918002376345,4.018717805282257,0.6634399560064294,847.2294730714502,0.12816220274203385,-0.003331211922841875,50.80317672871219,4647.734670145654
85,"nuclear power plant construction, boiling water reactor 1000MW",ei_cutoff_3.10_image_SSP5-H_2050 2025-10-08,Boiling water reactor - DE,"nuclear power plant construction, boiling water reactor 1000MW (DE)",MW,1000.0,DE,382.12267702977556,530947.5084620351,2.9769631988588476,1317.3621955462345,0.004665890093773616,0.06762881284302034,1.805639484141938,1.9134630370792505,5806.512482338768,0.0001192298795576,0.06585794272489666,1225.135319100025,0.26859002985548047,993.9301608176004,0.0018861078219015504,0.001690965773173324,0.06278754006065687,646.1256845489183,819034.3272579473,8.668649079181575,-0.0019855525865106584,1.0251552794505783,430.1592324841245
86,"electricity production, nuclear, pressure water reactor",ei_cutoff_3.10_image_SSP5-H_2050 2025-10-08,,"electricity production, nuclear, pressure water reactor (CH)",kWh,1.0,CH,3.007745637684311e-06,4.406376774382993e-06,1.0938120956341405e-08,3.4761510024557865e-06,1.551792667622521e-11,2.2962018508925455e-10,4.880786946518139e-12,9.091059703571004e-09,5.9955204617985905e-09,2.8635165844837993e-16,3.1746457733514247e-10,1.6942771179069886e-06,2.2418890053735614e-09,3.559432307589903e-06,4.133901829990009e-12,5.8057857930524495e-12,6.788911149373502e-10,1.5159144730906847e-09,7.11882093668377e-06,9.442560098700029e-09,5.653734160096574e-12,2.399292537144487e-09,1.8421291135777967e-06
87,"direct air capture system, solvent-based, 1MtCO2",ei_cutoff_3.10_image_SSP5-H_2050 2025-10-08,Direct air capture system,"direct air capture system, solvent-based, 1MtCO2 (RER)",MtCO2,1.0,RER,226055.6854125703,335950.17845824105,634.0605948423126,71721.06921317159,2.0199152955786186,9.85600577553054,1.47923457750122,417.24167247594926,1.754084128943769,4.923277564942135e-05,29.232655247261317,189987.09353607908,113.35235498192093,256519.8521421705,0.1684911185353132,0.7683841719263113,13.3389149431969,27.269021291639213,201033.23220502844,199.3515617414564,0.4202809498054798,89.45054745061293,78962.77521650777
88,"market for battery capacity, Li-ion, LFP",ei_cutoff_3.10_image_SSP5-H_2050 2025-10-08,Market for LFP,"market for battery capacity, Li-ion, LFP (GLO)",MWh,0.001,GLO,1303.7865765992499,0.034980764905709,1.037248245643,665.5606264653348,0.0007243931073702035,0.009377497835277037,2.325082371998271e-07,2.2423385759606,1.8868225205161544e-06,2.034892197117423e-11,61.8330605712072,13.5899737526612,0.2598836066038,41.9874464488615,0.006859357758856212,0.00037081743991488334,0.08351648780309145,0.0002910680383274,0.4061265011729314,0.5823885982289,-0.0012506887190291138,0.11222034150959999,117.6006095532929
89,"market for battery capacity, Li-ion, NMC532",ei_cutoff_3.10_image_SSP5-H_2050 2025-10-08,Market for NMC532,"market for battery capacity, Li-ion, NMC532 (GLO)",MWh,0.001,GLO,1155.810765799553,0.0842374554345188,259.8467462622374,1196.8279089552373,0.0008976805327872448,0.01006733245581651,2.841839723397605e-07,1.7920277544221999,1.8964999124900904e-06,2.0339677423864308e-11,99.72483199470639,278.0435757399671,0.178505396501,274.0678228912545,0.0060512682033101815,0.0003931934549499465,0.05531771187341285,0.0002597729107502,1.320206939369149,0.5247030814808,-0.0010139155190634825,0.1172034434141,117.7983092278623
90,"hydropower plant construction, reservoir, non-alpine regions",ei_cutoff_3.10_image_SSP5-H_2050 2025-10-08,Hydro run-of-river,"hydropower plant construction, reservoir, non-alpine regions (RER)",MW,175.0,RER,85504.09507147869,40761961.24304218,404.8615590345609,18590.460177646037,0.9252772596376959,5.260896543704059,138.956997270597,183.17470487836502,70.26783034324899,0.0015288783109384,11.965044675544448,81943.45687399812,45.043424163678125,217987.90125865937,0.029096776093935364,0.3608929808048623,2.033009852882764,1150.439178641819,10721310.713486947,94.46353525200526,0.13897875378514707,30.998177327432288,8035.223484363574
91,"wind turbine construction, 750kW, onshore",ei_cutoff_3.10_image_SSP5-H_2050 2025-10-08,"Wind, onshore","wind turbine construction, 750kW, onshore (RoW)",MW,0.75,RoW,1961.614488290782,818.9639081487741,7.928675196976948,3509.027538608316,1.2630069663989658,0.06251889331261173,0.003750776886123,6.667866962299331,0.0461898343607513,1.5996623963670017e-07,0.16363789127778613,3377.64596582287,9.853680904734931,1953.4860943566548,0.007979493770605467,0.004154356429087467,4.044674578042124,1.2119313367939224,1626.330977696796,0.8640608204278015,-0.0059253370528884,51.13761935800826,5907.160085747746
92,"wind power plant construction, 2MW, offshore, fixed parts",ei_cutoff_3.10_image_SSP5-H_2050 2025-10-08,"Wind, offshore, fixed parts (Bonus 2 MW)","wind power plant construction, 2MW, offshore, fixed parts (GLO)",MW,2.0,GLO,321.6289981056503,258.51269966229995,4.2449192255681,1746.2981547154436,0.0032339878991069,0.0258301223706284,0.0047334444871938,0.8104266648661697,0.0453857947023787,2.795832333197131e-07,0.06739123583585875,1373.5871393824004,0.1502895554345877,1049.2741945398427,0.0025007593650741,0.00199858549857485,0.01170818692508275,1.4716177631994822,3009.6256677909173,0.3261704754658347,-0.0031747882319501,0.2556250036191703,264.5523598595877
93,"market for battery capacity, Sodium-ion, SiB",ei_cutoff_3.10_image_SSP5-H_2050 2025-10-08,Market for SiB,"market for battery capacity, Sodium-ion, SiB (GLO)",MWh,0.001,GLO,365.4759404492159,0.0468693092549954,11.0429031496276,358.673163684015,0.0006903504012318244,0.008338394166544453,2.0952653714116618e-07,0.6547027954568,6.04315848253401e-07,1.1155731460393136e-11,0.011550324497923353,810.9226490364082,0.03451223647602526,197.0789408237635,0.0002080118625209117,0.00017933545608767718,0.008318610601145426,5.456631652712208e-05,0.7141852856166625,0.03488000630109405,4.862057430878262e-05,0.06144877797204874,35.4931036381824
94,"wind power plant construction, 2MW, offshore, moving parts",ei_cutoff_3.10_image_SSP2-L_2050 2025-10-02,"Wind, offshore, moving parts (Bonus 2 MW)","wind power plant construction, 2MW, offshore, moving parts (GLO)",MW,2.0,GLO,1629.1016344974505,12517.992243340608,5.624657394659668,894.671126521173,1.2598856340567461,0.05826704553223585,0.0021140567614421,6.00613233250302,0.090840026620196,5.925171868248007e-06,0.5611778524387875,2005.0526752993935,9.612848153991754,4322.659574249767,0.0012368248801962,0.00091518145950785,4.030585344243438,0.9836896646282016,1794.2398547947369,0.1985190674932679,0.00168378928765335,53.25019278191701,4596.219499618012
95,"market for battery capacity, Li-ion, NMC811",ei_cutoff_3.10_image_SSP2-L_2050 2025-10-02,Market for NMC811,"market for battery capacity, Li-ion, NMC811 (GLO)",MWh,0.001,GLO,1047.8275697467272,0.0899426254590842,82.5413724320013,997.5112766589408,0.001128669944432646,0.013051315463782076,2.358751047634281e-07,3.0847627430846,1.5823014314539217e-06,4.923295781411096e-10,41.848585299522306,132.0911218099788,0.1435897014537,318.13515548857566,0.005150352198134536,0.0003245175476688763,0.04478873318183705,0.0002199840813148,1.4725975835198548,0.4503237184831,-0.0002627968047989319,0.6461914145018001,94.8448602580302
96,"market for electricity, low voltage",ei_cutoff_3.10_image_SSP2-L_2050 2025-10-02,"North India electricity grid, low voltage","market for electricity, low voltage (IN-Northern grid)",kWh,1.0,IN-Northern grid,0.000422746163842,5.469906824071874e-05,3.709250910159098e-06,0.0006306575176884,1.052885322897796e-08,3.5320538764776725e-07,7.974287495953181e-10,1.046524540028584e-05,4.115235102172456e-09,3.5689179243045793e-13,2.882640895738327e-06,4.784663350019322e-05,1.1021885583104285e-07,7.41737909063951e-05,1.177995282064646e-09,4.487385213024622e-10,3.9243589352423e-08,2.578440530392934e-07,0.0006668000252035,4.735301661857078e-07,9.192907973747518e-09,1.4274398473492144e-05,0.0001134991281405
97,"market for battery capacity, Li-ion, NMC811, stationary",ei_cutoff_3.10_image_SSP2-L_2050 2025-10-02,"Market for NMC811, stationary","market for battery capacity, Li-ion, NMC811, stationary (GLO)",MWh,0.001,GLO,1047.8275697467272,0.0899426254590842,82.5413724320013,997.5112766589408,0.001128669944432646,0.013051315463782076,2.358751047634281e-07,3.0847627430846,1.5823014314539217e-06,4.923295781411096e-10,41.848585299522306,132.0911218099788,0.1435897014537,318.13515548857566,0.005150352198134536,0.0003245175476688763,0.04478873318183705,0.0002199840813148,1.4725975835198548,0.4503237184831,-0.0002627968047989319,0.6461914145018001,94.8448602580302
98,"market for battery capacity, Li-ion, NMC622",ei_cutoff_3.10_image_SSP2-L_2050 2025-10-02,Market for NMC622,"market for battery capacity, Li-ion, NMC622 (GLO)",MWh,0.001,GLO,1267.8142994090724,0.1020003064170849,197.1726110202381,1274.2011025995068,0.0014341035826315788,0.016812361856569695,2.867632302186215e-07,2.1600024639931,2.0362994853444587e-06,6.440208810576278e-10,105.8191414453736,302.8215694245116,0.189625615337,346.98526457462805,0.006433149384076746,0.0004048533656490171,0.05950094053634819,0.0002776770409728,1.6285852318923153,0.5621205312204,-0.0005419913175901006,0.8339144192458,124.44390269885218
99,"battery production, Li-ion, LFP, rechargeable, prismatic",ei_cutoff_3.10_image_SSP2-L_2050 2025-10-02,LFP,"battery production, Li-ion, LFP, rechargeable, prismatic (CN)",kWh,0.116,CN,1.807377835511399,0.0054123030893902,0.0015711495000344826,0.9216000588005172,1.4419989665235377e-06,1.9367666914006234e-05,2.9504913180482512e-08,0.0033838810831258617,2.957222568468992e-07,9.057071497098422e-11,0.08577331935012758,0.020042247600435346,0.000352588283676853,0.05768472115505603,9.509156774071738e-06,4.7595244344959105e-07,0.0001148956044521938,4.674385254329155e-05,0.0646624187939561,0.0008065260854848454,-1.1993768192504617e-06,0.0009824602727663792,0.15822289451298965
100,"market for electricity, medium voltage",ei_cutoff_3.10_image_SSP2-L_2050 2025-10-02,"Alberta electricity market, medium voltage","market for electricity, medium voltage (CA-AB)",kWh,1.0,CA-AB,0.0002168643439597,3.246502987235956e-05,1.0757245985195291e-06,8.444987835439732e-05,9.300182901267708e-09,1.5129919311868334e-07,6.679645167853184e-10,4.263988317100767e-06,1.4504069736171352e-09,2.171095232939426e-13,8.893342958458329e-07,4.1860688314437296e-05,9.40487845750338e-08,4.166982827193904e-05,2.1809487527027356e-10,1.9937617446649982e-10,3.1557437347672594e-08,3.4677314497780174e-08,0.0002036230410758,2.2578026544120338e-07,8.689173019303674e-09,4.62362843530759e-06,7.038202299161431e-05
101,"market for electricity, low voltage",ei_cutoff_3.10_image_SSP2-L_2050 2025-10-02,"Swiss electricity market, low voltage","market for electricity, low voltage (CH)",kWh,1.0,CH,0.0002716514421527,3.871400934144041e-05,1.246270025031718e-06,0.0004742350359811,7.967428181833518e-09,2.092872405524602e-07,8.299577430545474e-10,5.322255392747515e-06,3.6435943847640743e-09,2.6874132939718953e-13,5.66636257434076e-07,3.881966978523765e-05,7.71450593022084e-08,4.9171605750310976e-05,7.575492906441925e-10,3.0704634662235605e-10,2.8471931191771353e-08,1.9735157139675977e-07,0.0004420826235429,2.762111607300148e-07,1.6892906111410906e-08,3.032809060230023e-06,8.490696467030699e-05
102,"gas turbine construction, 10MW electrical",ei_cutoff_3.10_image_SSP2-L_2050 2025-10-02,,"gas turbine construction, 10MW electrical (RER)",MW,10.0,RER,30.044313088390215,685.3199495418023,0.6737809581374459,413.15915020438433,0.00029627492266875,0.00406490389913554,0.0007798224622449,0.1357552795421536,0.0072482507403869,7.81683878272862e-06,0.03022481615377281,54.23491356070558,0.0073308121267297,74.91638251166633,0.0005921708173196899,0.00028358155112693996,0.00136310124477039,1.7134692715441882,1905.752583899548,0.014695323655397479,-0.00088541865146596,0.15054317892521088,38.6566996559373
103,"fuel cell production, polymer electrolyte membrane, 2kW electrical, future",ei_cutoff_3.10_image_SSP2-L_2050 2025-10-02,Fuel Cell,"fuel cell production, polymer electrolyte membrane, 2kW electrical, future (RoW)",kW,1.0,RoW,14.9460298634014,10.463709813076472,0.036400303664543,5.646378422916153,0.0001057373516712,0.0006111332213871,7.869941434550566e-05,9.512894886384869,4.5661989288250314e-05,3.4750978540953176e-08,0.0076984632432523,1.7014617543928108,0.0047619861288761,8.05620582385988,0.0001171418845537,0.0026217951209124,0.000312043509744,0.0021996313459058,5.1797528333679175,0.0058026789634602,3.2407219492325225e-05,0.0269653809131141,1.0344919580950285
104,"market for battery capacity, Li-ion, NCA",ei_cutoff_3.10_image_SSP2-L_2050 2025-10-02,Market for NCA,"market for battery capacity, Li-ion, NCA (GLO)",MWh,0.001,GLO,1069.2822684801145,0.0912182395215904,115.1552086936876,1054.888647732874,0.001159380466437753,0.013350147061590852,2.434451611448877e-07,3.1785208431267997,1.6469443274237115e-06,5.04889447371739e-10,41.5840736449603,46.948418316132496,0.1322130609856,320.36193466954137,0.005403832259555949,0.0003386983855393145,0.04086008492199205,0.0002298494514361,1.4902699351337862,0.4717979924794,-0.0003011027170386987,0.6609665480646,98.925056628919
105,"furnace production, wood chips, average storage area, 50kW",ei_cutoff_3.10_image_SSP2-L_2050 2025-10-02,,"furnace production, wood chips, average storage area, 50kW (RoW)",MW,0.05,RoW,323.6122175341041,1.5585587322350785,1.7771376655656679,213.79698595306166,0.006262592975782,0.03132372014526,0.0002619630980421,1.101175787083988,0.0003062999349862,9.716517786274832e-08,0.27577145444499196,223.38742884955766,0.299720618094834,184.6622781537892,0.0003511690505897588,0.0022732176650759996,0.014360267563498,0.0041064674102205,14.45716736348866,0.6956989748780299,0.001418703376746015,1.1598037741419158,260.76004245941135
106,"market for battery capacity, Li-ion, NMC532, stationary",ei_cutoff_3.10_image_SSP2-L_2050 2025-10-02,"Market for NMC532, stationary","market for battery capacity, Li-ion, NMC532, stationary (GLO)",MWh,0.001,GLO,1165.8263944445991,0.0859769818664025,259.99570646500456,1205.492699330768,0.0014340359265381446,0.016516813146074213,2.9310724958505226e-07,2.0604129225935996,1.9735261847642185e-06,6.327441543701862e-10,99.86634775771749,280.0978205655471,0.1835352960872,276.20488342644575,0.006076376975207946,0.0003924387720840472,0.05731471657002193,0.0002631709835903,1.3330363799749685,0.5339475149595,-0.0004652194938590136,0.8190904215951,121.6946124809268
107,"nuclear power plant construction, pressure water reactor, 1000MW",ei_cutoff_3.10_image_SSP2-L_2050 2025-10-02,Pressure water reactor - DE,"nuclear power plant construction, pressure water reactor, 1000MW (DE)",MW,1000.0,DE,390.642089557025,537882.279624221,3.353317122777865,1344.546136478488,0.007015746347415038,0.10560034321359253,1.6041378593956572,3.1377775844446,5807.022626085631,0.0024688284168098,0.5213604360198882,1170.6599811177966,0.16804141139826093,961.7293060758302,0.001964259227064826,0.0015655096895201008,0.03491188539405391,656.5275807611363,857986.0973576726,8.69173175272446,-0.00034767322598755604,3.329957338278005,451.2377521512521
108,"battery production, Li-ion, NMC811, rechargeable, prismatic",ei_cutoff_3.10_image_SSP2-L_2050 2025-10-02,NMC811,"battery production, Li-ion, NMC811, rechargeable, prismatic (CN)",kWh,0.149,CN,1.6933965788293732,0.021260285952823,0.13372503548656509,1.610513353849082,1.7588548342523392e-06,2.3105330094146752e-05,4.3921703654836654e-08,0.005063374495586578,3.643554872862361e-07,8.834071193173975e-11,0.0678326088121745,0.21361620343450805,0.00022185772370657522,0.5134494993516973,8.337212765142894e-06,4.835733969481725e-07,7.055583890877882e-05,5.2776211329861025e-05,0.3537185403988703,0.0007215165442328859,-1.1296380285485263e-06,0.00120893285857651,0.14726036904080805
109,"auxiliary heating unit production, electric, 5kW",ei_cutoff_3.10_image_SSP2-L_2050 2025-10-02,,"auxiliary heating unit production, electric, 5kW (RoW)",MW,0.005,RoW,4.556275231898639,0.2256750656946892,0.0348476538676,4.17472789903328,2.086819654177941e-05,0.0002800857930415622,2.3722744149191587e-08,0.03158840659246,1.580456366179712e-07,5.4201168106746294e-11,0.0028256205021408437,0.30949794181856,0.00041184751928717225,30.43706046869098,5.5322992028705295e-06,4.0252855568563435e-06,7.347067642620494e-05,7.468405375675728e-06,0.0241682560743235,0.0008894468974141059,1.8281266145903323e-05,0.014042606322826312,2.67338712841844
110,"wind turbine construction, 4.5MW, onshore, direct drive",ei_cutoff_3.10_image_SSP2-L_2050 2025-10-02,"Wind, onshore (Enercon E112), DD","wind turbine construction, 4.5MW, onshore, direct drive (GLO)",MW,4.5,GLO,1347.9713849925165,4043.482676626731,15.773587142546923,8585.633991303239,9.262471207583172,0.11842675941284209,0.0287849992820307,7.002739671484447,0.2510142067145549,3.401555978873414e-05,1.0918467851160965,2831.2980127847395,97.4595183720882,1708.2929165748112,0.012968053296056846,0.0070308432165594225,35.052603328395,16.764809137412847,22309.222585860814,0.9930397556913425,-0.015068029037018177,55.666680270945015,1505.0762247992584
111,"photovoltaic plant construction, 570kWp, multi-Si, on open ground",ei_cutoff_3.10_image_SSP2-L_2050 2025-10-02,PV plant - multi-Si,"photovoltaic plant construction, 570kWp, multi-Si, on open ground (GLO)",MW,0.57,GLO,19507.723612788857,277.6581360092754,9.198379345634038,3716.0348736376495,0.019217335690349825,18.410635920061047,0.001249598846772,660.2197042324447,0.0137989169924434,4.52200406516042e-06,2.846886196899916,805.8506963407389,0.5679910737936941,720.2367487223185,0.005675600983993159,0.003039773121350351,0.16837591184808545,0.8808815128449562,15396.092120493817,36.82392907043253,0.014527104207364212,14.269419400283958,1943.147905314051
112,"photovoltaic slanted-roof installation, 3 kWp, CdTe, panel, mounted, on roof",ei_cutoff_3.10_image_SSP2-L_2050 2025-10-02,Rooftop PV - CdTe,"photovoltaic slanted-roof installation, 3 kWp, CdTe, panel, mounted, on roof (RER)",MW,0.003,RER,13226.470313549178,0.7607737716039931,10.038520441648599,6053.101917537944,0.011212774172168814,0.1724809503514,3.5550834984802784e-06,31.91994761420183,4.557561687216272e-05,1.6073994155138373e-08,1.6330120031168667,275.17493590194425,0.20411964557429998,402.42407969082643,0.015337879686763933,0.003677070079532889,0.057876420952266666,0.0075326063518767,60.074491842823925,1.8194467610623333,56.618521521691896,8.2021202244409,935.2932012059051
113,"market for electricity, low voltage",ei_cutoff_3.10_image_SSP2-L_2050 2025-10-02,"British electricity market, low voltage","market for electricity, low voltage (GB)",kWh,1.0,GB,0.0002716514421528,3.87140093414532e-05,1.2462700250317382e-06,0.000474235035981,7.967428181832044e-09,2.0928724055255962e-07,8.29957743102623e-10,5.322255392747509e-06,3.643594384744064e-09,2.687413305365529e-13,5.66636257434272e-07,3.881966978522006e-05,7.71450593018013e-08,4.917160575035326e-05,7.575492906711383e-10,3.070463465956249e-10,2.847193119164073e-08,1.9735157139673817e-07,0.000442082623543,2.762111607297089e-07,1.6892906111922223e-08,3.0328090602301395e-06,8.490696466962758e-05
114,"wind turbine construction, 750kW, onshore, direct drive",ei_cutoff_3.10_image_SSP2-L_2050 2025-10-02,"Wind, onshore, DD","wind turbine construction, 750kW, onshore, direct drive (RoW)",MW,0.75,RoW,1872.4714906029094,857.8367435104535,8.979097569446571,3604.7992430539853,12.344258642515136,0.10659666829673266,0.0038402736237841,8.477902491656987,0.0516319348443575,4.18269353733498e-06,1.0056622785156852,2890.683638160755,129.76183131327022,1976.3059557638974,0.0082019576103076,0.004176150263284267,46.72960852757672,1.288038408269968,2400.548677349787,0.942898682155723,-0.0014314884880384001,72.11449114126673,2321.9259975884484
115,"transmission network construction, electricity, medium voltage",ei_cutoff_3.10_image_SSP2-L_2050 2025-10-02,Medium voltage transmission network construction,"transmission network construction, electricity, medium voltage (RoW)",kilometer,1.0,RoW,1964.8949649621284,84.02658194305266,3.6448694845139906,2416.2725193430756,0.0009784657823576,0.0115746401960062,0.0002895078672567,3.397142151203021,0.0040831151051069,7.143289348018902e-07,0.1192798764773234,21.22041003898928,0.0324687665829079,95.2483786728507,0.0034457918978566,0.0013136790707682,0.0066509551865494,1.001532934609074,1150.799723811847,0.0536687742154416,-0.0059729077576509,0.5866964441351887,222.01284836583264
116,"electricity production, nuclear, boiling water reactor",ei_cutoff_3.10_image_SSP2-L_2050 2025-10-02,,"electricity production, nuclear, boiling water reactor (CH)",kWh,1.0,CH,3.5300222048244817e-06,4.79125202976316e-06,1.434246364054735e-08,3.800571035884915e-06,3.2337782025053705e-11,4.4611652127642376e-10,5.732534441738604e-12,1.6496363579781887e-08,5.460379154913492e-09,1.1967405468656587e-14,2.837943530170908e-09,1.7888410538418797e-06,2.5060191495525364e-09,3.802806951609391e-06,4.756887275648951e-12,6.148326565459706e-12,7.683299121440384e-10,1.6361609332702084e-09,8.147896553683565e-06,9.012002452432372e-09,1.549287360542446e-11,1.5088574685707244e-08,2.0332387513687057e-06
117,"battery production, Li-ion, NMC532",ei_cutoff_3.10_image_SSP2-L_2050 2025-10-02,NMC532,"battery production, Li-ion, NMC532 (GLO)",kilogram,1.0,GLO,0.2326256339043523,0.0166541015441419,0.0522815069707499,0.2406153153266236,2.438849145764112e-07,2.9533739219051404e-06,4.426246499724048e-08,0.0004015027015091,3.704244947986871e-07,1.1503129709898798e-10,0.0200822193867242,0.0560910003595073,3.458592298345178e-05,0.0550322314867317,1.2187316658435938e-06,7.199269399899448e-08,1.098481306288674e-05,5.219944440008925e-05,0.2645626397304968,0.0001052316453234,-1.1895769942344213e-07,0.0001473083744944,0.0229181617910184
118,"battery production, Li-ion, NMC111, rechargeable, prismatic",ei_cutoff_3.10_image_SSP2-L_2050 2025-10-02,NMC111,"battery production, Li-ion, NMC111, rechargeable, prismatic (CN)",kWh,0.143,CN,1.564905739360675,0.0134400699747699,0.4063392724484217,1.575574114006382,1.8896805141246626e-06,2.4527359750641858e-05,4.3348297129079315e-08,0.0029392847079587415,3.7112742042220985e-07,9.595457008808348e-11,0.07447943669435245,0.5929805680241126,0.00021798536150838933,0.28117261243070074,8.531937367580063e-06,4.928874188610752e-07,6.912156350633722e-05,5.230517954307822e-05,0.2040789134410562,0.0007394366314573427,-1.111887897363775e-06,0.0012868281716286716,0.16309007910710002
119,"market for electricity, medium voltage",ei_cutoff_3.10_image_SSP2-L_2050 2025-10-02,"North India electricity grid, medium voltage","market for electricity, medium voltage (IN-Northern grid)",kWh,1.0,IN-Northern grid,0.000327626825758,3.933442150457187e-05,2.956902408779559e-06,0.0002312990337547,9.66580858749201e-09,2.789756158856396e-07,2.911219266645939e-10,8.582425206116006e-06,1.6064346337936411e-09,2.3526500024065953e-13,2.669133658968156e-06,4.1718913011912977e-05,9.749912507798817e-08,5.492347195858038e-05,5.716105499902335e-10,2.2358080278257206e-10,3.5480068294751073e-08,9.205941070066089e-08,0.0003990223441397,3.6639988960579137e-07,1.4771555349766964e-09,1.32177480996611e-05,7.084139449821081e-05
120,"market for electricity, low voltage",ei_cutoff_3.10_image_SSP2-L_2050 2025-10-02,"Alberta electricity market, low voltage","market for electricity, low voltage (CA-AB)",kWh,1.0,CA-AB,0.000335571949366,3.784791125502948e-05,1.1139343275980971e-06,0.000119890822761,9.157300350378064e-09,1.791621223808543e-07,9.356119445551263e-10,5.029910401421079e-06,1.931012682531426e-09,2.416186022747246e-13,8.783516821211167e-07,4.276284388876602e-05,9.37847952237544e-08,4.301257130178915e-05,2.7936519004513957e-10,2.2172421037186222e-10,3.12701376616168e-08,4.9774240967951675e-08,0.000252674040172,2.6423648589879513e-07,1.5501782980802573e-08,4.56442551475172e-06,7.407683528729834e-05
121,"photovoltaic slanted-roof installation, 3kWp, a-Si, panel, mounted, on roof",ei_cutoff_3.10_image_SSP2-L_2050 2025-10-02,Rooftop PV - a-Si,"photovoltaic slanted-roof installation, 3kWp, a-Si, panel, mounted, on roof (RoW)",MW,0.003,RoW,58764.209783274164,11.05357581703526,21.15501846415397,10397.909897016634,0.034169339350700004,0.5177593480895667,0.1778423794296826,218.39754982579058,0.0023104482446426,3.5989894732044895e-08,5.275391418720867,2102.6953683433017,1.1295489529626999,2369.269720655356,0.015377686935776222,0.006896971622891316,0.3491282062567333,0.0130510512972138,27.213041357378295,1.8895870818794667,16.15088605224563,26.460446730289966,45482.11520906748
122,"electrolyzer production, 1MWe, AEC, Stack",ei_cutoff_3.10_image_SSP2-L_2050 2025-10-02,H2 Electrolyzer,"electrolyzer production, 1MWe, AEC, Stack (RER)",MW,1.0,RER,838.2407303779852,4422.41326692675,10.736535018916712,285.00604651657284,0.0055220628441926,0.0744497906458165,0.0008187560987673,78.34933588230759,0.0140963323173733,1.8236302747331175e-06,0.6531104711702087,53.987449814032686,0.1930391632443877,5849.462118961744,0.0004112606660593,1.2426824185185965,0.0562314644820306,0.1268810287548717,729.9540606338737,234.51830039792216,0.0054088559439485,3.297019818847939,1156.4368187230928
123,"gas power plant construction, combined cycle, 400MW electrical",ei_cutoff_3.10_image_SSP2-L_2050 2025-10-02,,"gas power plant construction, combined cycle, 400MW electrical (RER)",MW,400.0,RER,927.1919841598728,391415.48286466463,4.027984389136727,946.8469510880598,0.0014193831951890008,0.019784381848174618,0.1417651825072602,1.9931284714007407,0.7771992099786075,0.0014912433527832,0.16384337284921088,250.47457201395355,0.03235164704929471,790.9819887266893,0.0013535517847576277,0.0008051398926979675,0.005921892581943814,155.33925229069808,216355.38612248717,0.06571152193623822,-0.0012613024707718193,0.8148237330290199,105.97980764363803
124,"wind power plant construction, 2MW, offshore, moving parts, direct drive",ei_cutoff_3.10_image_SSP2-L_2050 2025-10-02,"Wind, offshore, moving parts (Bonus 2 MW), DD","wind power plant construction, 2MW, offshore, moving parts, direct drive (GLO)",MW,2.0,GLO,1357.3974712069853,12261.720350293524,5.610104935957743,912.0047804707048,9.254269831720046,0.05655490506334005,0.0021512904947238,5.155983442657278,0.0758657277670568,5.883147220043406e-06,0.5363814637874593,1165.7588785663918,97.14724951120994,4262.5685152630285,0.00126555964722815,0.0009338909775784,35.034054543321304,1.0190829166417028,3120.991331321603,0.20018564042601025,0.00249370095075225,53.11141231394938,589.9955671872356
125,"heat pump production, 30kW",ei_cutoff_3.10_image_SSP2-L_2050 2025-10-02,Heat pump,"heat pump production, 30kW (RER)",MW,0.03,RER,84.6316016682154,1.8242282349944872,2.6231719951803236,1797.1120496362462,0.0007848470659080819,0.01058001449204,4.068657498702526e-06,0.3900952058639934,9.341691176127476e-05,1.9652886910913106e-08,0.1054762799545,116.91589760453984,0.11002507634106001,129.25749468664284,0.002556694058508015,0.0009513376002518083,0.03516852242930667,0.0223794441177868,22.749348584445436,0.03270629433266,-0.004011019830683333,0.52572334052953,175.3858001331501
126,"market for battery capacity, Sodium-ion, SiB, stationary",ei_cutoff_3.10_image_SSP2-L_2050 2025-10-02,"Market for SiB, stationary","market for battery capacity, Sodium-ion, SiB, stationary (GLO)",MWh,0.001,GLO,473.9205083389453,0.061315803476004,14.171300076686599,463.209606010049,0.001342101481066618,0.017005347360383043,2.751701184348449e-07,1.0626355793976,8.441559633786205e-07,6.680610148626158e-10,0.1130811366416,1034.5814898500196,0.048134382999000226,252.21293985179398,0.000282968506348546,0.00022801294729762393,0.012279335446878028,7.1999814347746e-05,0.920629654198826,0.05280064577805277,0.0004421928024938981,0.5697595615162,47.8990517032794
127,"wind turbine construction, 4.5MW, onshore",ei_cutoff_3.10_image_SSP2-L_2050 2025-10-02,"Wind, onshore (Enercon E112)","wind turbine construction, 4.5MW, onshore (GLO)",MW,4.5,GLO,1619.6752967537116,4620.0940920487255,15.788137989075757,8568.29970031714,1.2680872925901605,0.12013884076863926,0.0287012206763289,7.852886587664191,0.2847012173476955,3.4110063132879326e-05,1.1166425723140432,3670.5917659103816,9.925115147402543,1768.3838908159776,0.012939317484988399,0.007012132925325245,4.04913392426068,16.685173142447763,19323.91477058812,0.9913730076155698,-0.01587794401097431,55.805459892206116,5511.299930982335
128,"nuclear power plant construction, pressure water reactor, 1000MW",ei_cutoff_3.10_image_SSP2-L_2050 2025-10-02,Pressure water reactor - FR,"nuclear power plant construction, pressure water reactor, 1000MW (FR)",MW,1000.0,FR,390.642089557025,537882.279624221,3.353317122777865,1344.546136478488,0.007015746347415038,0.10560034321359253,1.6041378593956572,3.1377775844446,5807.022626085631,0.0024688284168098,0.5213604360198882,1170.6599811177966,0.16804141139826093,961.7293060758302,0.001964259227064826,0.0015655096895201008,0.03491188539405391,656.5275807611363,857986.0973576726,8.69173175272446,-0.00034767322598755604,3.329957338278005,451.2377521512521
129,"electricity production, natural gas, combined cycle power plant",ei_cutoff_3.10_image_SSP2-L_2050 2025-10-02,,"electricity production, natural gas, combined cycle power plant (CH)",KWh,1.0,CH,1.628099231627781e-05,8.990062690771194e-06,8.740840716292164e-08,1.2410288116625604e-05,2.56333605758233e-10,2.154152145033991e-09,4.963679017704935e-11,7.878340356598011e-08,1.0600626123966072e-10,1.1705454805309216e-13,1.4977684072875722e-08,3.4497819038507804e-05,1.4548574113376113e-08,2.0251631782701113e-05,2.4964482441946416e-11,5.442649368681219e-11,4.085923185177388e-09,5.273741520921383e-09,2.9251794211223563e-05,8.31955467453765e-09,1.1308258817988482e-10,7.486226557346189e-08,4.9416566681774775e-06
130,"market for battery capacity, Li-ion, LFP, stationary",ei_cutoff_3.10_image_SSP2-L_2050 2025-10-02,"Market for LFP, stationary","market for battery capacity, Li-ion, LFP, stationary (GLO)",MWh,0.001,GLO,1313.5644161603477,0.0365687323988976,1.1808202557071998,673.885083876356,0.001234520631981117,0.0156428973997512,2.409543767063983e-07,2.5020278795392996,1.9571753149055016e-06,6.142177592677331e-10,61.9694565246171,15.5819706528198,0.2646940215974,44.0079670807585,0.006883539607153682,0.0003711229164605459,0.08542653091216117,0.0002943319222768,0.4185631757714781,0.59127811705,-0.0007495029015597522,0.7884316764853999,121.28621812161471
131,"wind turbine network connection construction, 4.5MW, onshore",ei_cutoff_3.10_image_SSP2-L_2050 2025-10-02,,"wind turbine network connection construction, 4.5MW, onshore (GLO)",,,GLO,,1395.4272723574306,,,,,0.0010121405782934,,0.0309190755561242,3.925121768066679e-06,,,,,,,,6.688036806358423,7341.497634241222,,,,
132,"market for battery capacity, Li-ion, NMC622, stationary",ei_cutoff_3.10_image_SSP2-L_2050 2025-10-02,"Market for NMC622, stationary","market for battery capacity, Li-ion, NMC622, stationary (GLO)",MWh,0.001,GLO,1267.8142994090724,0.1020003064170849,197.1726110202381,1274.2011025995068,0.0014341035826315788,0.016812361856569695,2.867632302186215e-07,2.1600024639931,2.0362994853444587e-06,6.440208810576278e-10,105.8191414453736,302.8215694245116,0.189625615337,346.98526457462805,0.006433149384076746,0.0004048533656490171,0.05950094053634819,0.0002776770409728,1.6285852318923153,0.5621205312204,-0.0005419913175901006,0.8339144192458,124.44390269885218
133,"wind power plant construction, 2MW, offshore, fixed parts, direct drive",ei_cutoff_3.10_image_SSP2-L_2050 2025-10-02,"Wind, offshore, fixed parts(Bonus 2 MW), DD","wind power plant construction, 2MW, offshore, fixed parts, direct drive (GLO)",MW,2.0,GLO,313.8238292047842,280.4546931046489,4.630571906437094,1773.664971750144,0.00470711652338925,0.04677460281024875,0.004812536850004,1.5539521125778695,0.0470560487386214,6.469520436619949e-06,0.42047140312718534,1386.5047414425408,0.16479081114556274,1014.2379222068606,0.00257337276997405,0.00199149955910315,0.01719436573015,1.491413877389733,3120.6761372394712,0.3681690115132346,-0.0015852178643623,2.0086664287669027,313.0778974155753
134,"market for battery capacity, Li-ion, NMC111",ei_cutoff_3.10_image_SSP2-L_2050 2025-10-02,Market for NMC111,"market for battery capacity, Li-ion, NMC111 (GLO)",MWh,0.001,GLO,1537.067612887583,0.0951515069114684,397.99287664861623,1548.885345082445,0.0019220672617342813,0.02200239033609795,3.8723300803184633e-07,2.8111935628000997,2.662959569756889e-06,8.690235794272141e-10,72.9157931185286,581.1934779228588,0.2245649745163,277.4078403623596,0.008363771267138364,0.0005263176663285945,0.0697501484140532,0.0003604925404428,1.409877208770542,0.732582977436,-0.00036961755580675726,1.0935373988341999,166.2676225053223
135,"wind power plant construction, 800kW, moving parts, direct drive",ei_cutoff_3.10_image_SSP2-L_2050 2025-10-02,"Wind power plant, moving parts (Nordex N50/800 plant), DD","wind power plant construction, 800kW, moving parts, direct drive (GLO)",MW,0.8,GLO,1077.3505764863255,3586.0950196880635,5.508143823369843,1726.737628483436,9.253259481570318,0.04298085400427387,0.0006309062326915,4.518469112497636,0.031149124018383,1.8616217155693529e-06,0.41001028029156045,1107.9044501483334,97.11498151404818,3130.7751970829495,0.002432408968290375,0.001207376791211875,35.02734818150882,0.6846270336388343,1405.951218625108,0.154187506388121,-0.000992989527655875,52.48552133094414,651.7537779991903
136,"battery module production, for SiB battery",ei_cutoff_3.10_image_SSP2-L_2050 2025-10-02,Sodium-ion,"battery module production, for SiB battery (GLO)",kilogram,1.0,GLO,0.0555674394540253,0.006897233608462,0.0016931653548514,0.0542645601289321,1.3004721424207104e-07,1.774878131348728e-06,2.3826990742404217e-08,0.0001182137295983,8.269681019638541e-08,7.208949874121027e-11,1.0976588184469944e-05,0.1239721537495114,4.166312915008714e-06,0.0298892394967459,3.1521354914516746e-08,2.2967052530615786e-08,1.0818523619929075e-06,8.114023606575617e-06,0.1079165635784367,4.933510243534064e-06,3.4271605019536405e-08,5.569590819987903e-05,0.00462306249349
137,"transmission network construction, electricity, high voltage direct current aerial line",ei_cutoff_3.10_image_SSP2-L_2050 2025-10-02,HVDC transmission network construction,"transmission network construction, electricity, high voltage direct current aerial line (RER)",kilometer,1.0,RER,6928.780357698887,22.72919877223782,0.8219786130096698,80.60157866609758,0.003406698542848,0.0318321781337739,0.0018480804537913,11.686950310239542,0.0067903144922984,1.420135733109701e-06,0.3493556259213158,264.86430631259356,0.120827940296256,52.370193413245026,0.0016699729986046,0.0008789315667482,0.0111809774498999,0.0313859706890424,656.8626662386389,0.176492412718984,0.0012153149655501,1.4345000459425394,616.3285375720677
138,"market for battery capacity, Li-ion, NMC111, stationary",ei_cutoff_3.10_image_SSP2-L_2050 2025-10-02,"Market for NMC111, stationary","market for battery capacity, Li-ion, NMC111, stationary (GLO)",MWh,0.001,GLO,1537.0676128876005,0.0951515069116183,397.992876648616,1548.8853450823178,0.0019220672617342453,0.02200239033679525,3.8723300805942107e-07,2.8111935628134996,2.6629595697280984e-06,8.69023583255317e-10,72.9157931185288,581.1934779230874,0.2245649745163,277.407840362639,0.00836377126719467,0.0005263176662143542,0.06975014841408973,0.0003604925404428,1.4098772087703093,0.7325829774363001,-0.00036961755515336055,1.0935373988350001,166.2676225036127
139,"battery production, Li-ion, NMC622",ei_cutoff_3.10_image_SSP2-L_2050 2025-10-02,NMC622,"battery production, Li-ion, NMC622 (GLO)",kilogram,1.0,GLO,0.239285776861873,0.0188963978272034,0.0374156578369141,0.2405065013738093,2.3986211597656845e-07,2.923415259647986e-06,4.3764569226006304e-08,0.0004006030115088,3.672496685834629e-07,1.1335688558092494e-10,0.0200818703695383,0.0572982707536755,3.430105630886296e-05,0.0654803379250692,1.2185502316751425e-06,7.180532541355984e-08,1.089931566920768e-05,5.2172238034060495e-05,0.3065308339556901,0.0001051228444667,-1.2130048892285156e-07,0.0001456223790678,0.0224885623979253
140,"photovoltaic slanted-roof installation, 3kWp, single-Si, panel, mounted, on roof",ei_cutoff_3.10_image_SSP2-L_2050 2025-10-02,Rooftop PV - single-Si,"photovoltaic slanted-roof installation, 3kWp, single-Si, panel, mounted, on roof (RER)",MW,0.003,RER,14935.745972555133,0.9726965769849508,12.243083050730698,6505.829591227593,0.01895665121049209,17.520177814557165,4.900502794968743e-06,362.9572365773016,6.138274286868085e-05,2.0940009009083585e-08,2.8884849142266003,412.91691066469986,0.49753447455416666,470.6529860767991,0.016145175932028223,0.004141855301815269,0.15452435076613333,0.0080961403474139,53.26068828795475,20.739655516280802,0.0036062473954302466,14.509228513271333,1338.5317080484892
141,"nuclear power plant construction, pressure water reactor, 1000MW",ei_cutoff_3.10_image_SSP2-L_2050 2025-10-02,Pressure water reactor - CH,"nuclear power plant construction, pressure water reactor, 1000MW (CH)",MW,1000.0,CH,363.5759894182804,536876.5332136734,3.2138882972867187,1338.2723355265846,0.006461103439489849,0.104601888646774,1.0414228804952286,3.085134847334988,5806.099566938037,0.002367054179325,0.4979350443786197,1168.0391898391656,0.13677361556364698,959.72105971731,0.0019527061611162428,0.0013250951116875033,0.03381416928265971,655.2058691138529,853198.8359833302,8.612158281282772,-0.0004210371631973402,3.2396271814879505,406.1953245750257
142,"market for battery capacity, redox-flow, Vanadium, stationary",ei_cutoff_3.10_image_SSP2-L_2050 2025-10-02,Market for vanadium redox-flow battery,"market for battery capacity, redox-flow, Vanadium, stationary (GLO)",kWh,0.001,GLO,117.6775108669407,0.1090607237975106,0.9298535327822,393.0483589113271,0.0026862817330946015,0.022248013228686053,7.869185759045452e-07,795.5470863559182,3.306015516668719e-06,1.0995119593348344e-09,0.23443795360209999,34.551890065372596,0.1384554963014,65.2687130592108,0.0006152007319149182,0.0006659970112312056,0.035022835634154925,0.0001624269160263,0.6678141328331917,0.1138058273896,0.0006401485404147663,4758.577712391006,258.36414095933566
143,"electricity production, natural gas, conventional power plant",ei_cutoff_3.10_image_SSP2-L_2050 2025-10-02,,"electricity production, natural gas, conventional power plant (DE)",KWh,1.0,DE,1.847019986931901e-05,5.196301233861856e-06,1.0362902009015313e-07,1.2728763461833228e-05,2.7839032318445225e-10,2.7702318394274254e-09,7.133768364375088e-11,9.661357923492537e-08,1.4887443406279008e-10,1.400918471145843e-13,1.9379881659746323e-08,5.447086742029336e-05,1.3805958807275373e-08,2.556370370969415e-05,2.334574949033667e-11,7.551916648560351e-11,3.5674597418150726e-09,5.5395548675223934e-09,3.559908129735294e-05,1.1520648512919648e-08,1.3841211652274542e-10,9.727428457498592e-08,6.672846607944022e-06
144,"wind power plant construction, 800kW, moving parts",ei_cutoff_3.10_image_SSP2-L_2050 2025-10-02,"Wind power plant, moving parts (Nordex N50/800 plant)","wind power plant construction, 800kW, moving parts (GLO)",MW,0.8,GLO,1349.0551146107834,3688.603841920078,5.52269868177592,1709.4049302698909,1.2588752926847735,0.04469308309923562,0.0006160134612502,5.368621162509419,0.0371402201002139,1.8784459098827168e-06,0.4348075704830327,1947.1982955106596,9.580582140474723,3190.8663612492014,0.002403675774640875,0.0011886684235478749,4.02387842424669,0.6704700472981998,875.2818262044045,0.15252119620812787,-0.0018028965110819999,52.62430863277072,4657.978057891386
145,"nuclear power plant construction, boiling water reactor 1000MW",ei_cutoff_3.10_image_SSP2-L_2050 2025-10-02,Boiling water reactor - DE,"nuclear power plant construction, boiling water reactor 1000MW (DE)",MW,1000.0,DE,410.6317487352674,543690.8151699658,3.500219214152888,1352.520930479974,0.007406298411649235,0.1086105100249508,1.8649278994824363,3.2337631962873,5807.30669144321,0.0026576365877524,0.5456096085002763,1238.3987936838282,0.2930275049100027,993.4521644928869,0.0019810030307123964,0.0016802086886672518,0.07257405042426089,659.8819351690778,890195.0877386512,8.727118449473119,-0.00019967474976230408,3.4405040184132765,463.22103178623365
146,"electricity production, nuclear, pressure water reactor",ei_cutoff_3.10_image_SSP2-L_2050 2025-10-02,,"electricity production, nuclear, pressure water reactor (CH)",kWh,1.0,CH,3.195644848036036e-06,4.460339995150602e-06,1.3291433932705073e-08,3.6313153790513178e-06,2.887818164324347e-11,3.8099956348109896e-10,5.117188636386616e-12,1.4378704382612218e-08,5.997655865867272e-09,1.0687759766696337e-14,2.499997224621933e-09,1.743410210734945e-06,2.3602812416917094e-09,3.592841499703168e-06,4.547690710716813e-12,5.7228632490749455e-12,7.259703852658291e-10,1.5775695958583264e-09,7.384741415893286e-06,9.649619079933304e-09,1.7383362597062596e-11,1.3416659495257113e-08,1.929441290812846e-06
147,"direct air capture system, solvent-based, 1MtCO2",ei_cutoff_3.10_image_SSP2-L_2050 2025-10-02,Direct air capture system,"direct air capture system, solvent-based, 1MtCO2 (RER)",MtCO2,1.0,RER,207540.06932206644,338797.0245973936,768.5981025085468,83260.91438184804,2.575405244525703,17.765309066509634,1.4910086424394906,705.9410559695104,2.2570192827617017,0.0010785177539102,157.25700640899495,195776.54743782815,118.613868919604,252989.49174948825,0.1966639739526477,0.7634949850971949,15.40898999651556,31.508022002716427,217707.33528289464,219.62712575743487,1.036884374901184,725.2004827690494,108762.47075726993
148,"market for battery capacity, Li-ion, LFP",ei_cutoff_3.10_image_SSP2-L_2050 2025-10-02,Market for LFP,"market for battery capacity, Li-ion, LFP (GLO)",MWh,0.001,GLO,1313.5644161603477,0.0365687323988976,1.1808202557071998,673.885083876356,0.001234520631981117,0.0156428973997512,2.409543767063983e-07,2.5020278795392996,1.9571753149055016e-06,6.142177592677331e-10,61.9694565246171,15.5819706528198,0.2646940215974,44.0079670807585,0.006883539607153682,0.0003711229164605459,0.08542653091216117,0.0002943319222768,0.4185631757714781,0.59127811705,-0.0007495029015597522,0.7884316764853999,121.28621812161471
149,"market for battery capacity, Li-ion, NMC532",ei_cutoff_3.10_image_SSP2-L_2050 2025-10-02,Market for NMC532,"market for battery capacity, Li-ion, NMC532 (GLO)",MWh,0.001,GLO,1165.8263944490832,0.0859769818667512,259.9957064649946,1205.492699335585,0.001434035926457174,0.016516813148119706,2.931072496231697e-07,2.0604129226588,1.9735261847693646e-06,6.327441538621304e-10,99.866347757717,280.0978205660494,0.18353529608250002,276.2048834271578,0.006076376975207158,0.00039243877204724346,0.057314716569917226,0.0002631709835924,1.3330363799918217,0.5339475149533,-0.00046521949574845553,0.819090421597,121.6946124834461
150,"hydropower plant construction, reservoir, non-alpine regions",ei_cutoff_3.10_image_SSP2-L_2050 2025-10-02,Hydro run-of-river,"hydropower plant construction, reservoir, non-alpine regions (RER)",MW,175.0,RER,90903.27563894558,41042651.15805376,459.2463594487734,23933.69577723584,1.2370670646507687,10.313488172746487,141.622663072742,337.193267165811,81.2616453324056,0.0851792827335243,58.65992264597846,83450.00731502612,48.196801456390965,216757.81823169359,0.04157920666312576,0.36177647101466304,3.1479505169864974,1522.9246910513723,12306813.56822573,101.69446755382808,0.392625540173066,266.9647206624923,10185.05041629473
151,"wind turbine construction, 750kW, onshore",ei_cutoff_3.10_image_SSP2-L_2050 2025-10-02,"Wind, onshore","wind turbine construction, 750kW, onshore (RoW)",MW,0.75,RoW,2007.9153144559211,831.4851217002787,8.80815845503108,3563.2176632895284,1.266293835868746,0.10497789506557866,0.0037932745257242,8.315633510843012,0.0467740566554326,4.029202036187651e-06,0.9995361601565157,3394.7756908039228,9.884587274859632,1915.9490643129718,0.0081354114586708,0.0041238348330656,4.056924726848739,1.2272463699728402,1698.3947385809615,0.9289667537108147,-0.0024056747255064,55.28217952770569,5950.448121108254
152,"wind power plant construction, 2MW, offshore, fixed parts",ei_cutoff_3.10_image_SSP2-L_2050 2025-10-02,"Wind, offshore, fixed parts (Bonus 2 MW)","wind power plant construction, 2MW, offshore, fixed parts (GLO)",MW,2.0,GLO,313.8238292047842,280.4546931046489,4.630571906437094,1773.664971750144,0.00470711652338925,0.04677460281024875,0.004812536850004,1.5539521125778695,0.0470560487386214,6.469520436619949e-06,0.42047140312718534,1386.5047414425408,0.16479081114556274,1014.2379222068606,0.00257337276997405,0.00199149955910315,0.01719436573015,1.491413877389733,3120.6761372394712,0.3681690115132346,-0.0015852178643623,2.0086664287669027,313.0778974155753
153,"market for battery capacity, Sodium-ion, SiB",ei_cutoff_3.10_image_SSP2-L_2050 2025-10-02,Market for SiB,"market for battery capacity, Sodium-ion, SiB (GLO)",MWh,0.001,GLO,372.0276041984908,0.0481329063952805,11.1244707142678,363.6195457539189,0.0010535496772359882,0.01334919786318444,2.1600854595893257e-07,0.8341689413804999,6.626624404648908e-07,5.244279063772155e-10,0.0887686934930737,812.1464807801148,0.037785491178183944,197.9871605256933,0.00022213028057064082,0.00017899016608427247,0.009639278459512833,5.651985504575634e-05,0.7226942885550726,0.04144850751061271,0.00034712135682905305,0.4472612619846,37.6007561100175
154,"wind power plant construction, 2MW, offshore, moving parts",ei_cutoff_3.10_image_SSP3-H_2050 2025-10-08,"Wind, offshore, moving parts (Bonus 2 MW)","wind power plant construction, 2MW, offshore, moving parts (GLO)",MW,2.0,GLO,1598.8504208483112,12504.725873655265,5.14379764470575,866.5473888817588,1.2579801771430006,0.0392689364406055,0.0020286587715012,5.188633330433888,0.0904242637866945,3.0831422381730305e-07,0.10956828387909864,1997.6765342179172,9.59408570196306,4315.486247798033,0.0011557737681819,0.00090331091186485,4.023458807473715,0.9616252476733244,1713.2188093716345,0.16911755237377726,0.0005338416185166,51.00546631447462,4582.677324579006
155,"market for battery capacity, Li-ion, NMC811",ei_cutoff_3.10_image_SSP3-H_2050 2025-10-08,Market for NMC811,"market for battery capacity, Li-ion, NMC811 (GLO)",MWh,0.001,GLO,1040.810149328785,0.0885044014988995,82.4296580855913,990.9441599842067,0.0006658624794172496,0.008678304682697197,2.2616057079608313e-07,2.8948729833865,1.5352652515703695e-06,2.6279253792063575e-11,41.7436301032334,130.3130715716068,0.1390791462182,316.19588663476986,0.005131734508114878,0.00032155521123132015,0.04306402203903758,0.0002174011814913,1.4634207307215397,0.4435581414975,-0.0005340483443141967,0.12388943072990001,91.63435301231209
156,"market for electricity, low voltage",ei_cutoff_3.10_image_SSP3-H_2050 2025-10-08,"North India electricity grid, low voltage","market for electricity, low voltage (IN-Northern grid)",kWh,1.0,IN-Northern grid,0.0003374320655502,2.8102443702074007e-05,1.775088857385433e-06,0.0005265580068991,6.199840461422206e-09,2.968261586372943e-07,6.783679172653463e-10,7.612309774153139e-06,3.209361224392523e-09,2.1925352763536083e-14,1.01824720234071e-06,3.1780340555283684e-05,7.19517698501828e-08,4.305917168571732e-05,8.59822960217787e-10,4.241474351287184e-10,2.2378944976414087e-08,2.1733582079586537e-07,0.0005399287328959,3.944172765129391e-07,5.568412230236997e-09,5.1231122527590306e-06,8.176480191867769e-05
157,"market for battery capacity, Li-ion, NMC811, stationary",ei_cutoff_3.10_image_SSP3-H_2050 2025-10-08,"Market for NMC811, stationary","market for battery capacity, Li-ion, NMC811, stationary (GLO)",MWh,0.001,GLO,1040.810149328785,0.0885044014988995,82.4296580855913,990.9441599842067,0.0006658624794172496,0.008678304682697197,2.2616057079608313e-07,2.8948729833865,1.5352652515703695e-06,2.6279253792063575e-11,41.7436301032334,130.3130715716068,0.1390791462182,316.19588663476986,0.005131734508114878,0.00032155521123132015,0.04306402203903758,0.0002174011814913,1.4634207307215397,0.4435581414975,-0.0005340483443141967,0.12388943072990001,91.63435301231209
158,"market for battery capacity, Li-ion, NMC622",ei_cutoff_3.10_image_SSP3-H_2050 2025-10-08,Market for NMC622,"market for battery capacity, Li-ion, NMC622 (GLO)",MWh,0.001,GLO,1258.841178498771,0.1001685530736325,197.0292039009309,1265.7714982170828,0.0008482515786794005,0.011327600027473921,2.742371994634721e-07,1.9190185691508999,1.9766021528131326e-06,3.3815769251620813e-11,105.68440555162819,300.5521139607339,0.1838934724069,344.5038267709785,0.0064092143776679445,0.0004009007073214537,0.05731331247270643,0.0002743624063242,1.6168872629781514,0.5535408804761,-0.0008698218376239094,0.1636399117532,120.34111266513969
159,"battery production, Li-ion, LFP, rechargeable, prismatic",ei_cutoff_3.10_image_SSP3-H_2050 2025-10-08,LFP,"battery production, Li-ion, LFP, rechargeable, prismatic (CN)",kWh,0.116,CN,1.7962533496529223,0.0051751793660323,0.001398536205237931,0.9114614681415628,7.526161419436504e-07,1.2461720672821048e-05,2.7903370991868018e-08,0.0030868878302706894,2.88033386351922e-07,4.947153127533451e-12,0.08561086130859137,0.017311931633456897,0.00034584316628261856,0.054792331613719825,9.480296725197728e-06,4.709701297090299e-07,0.00011229983373287133,4.628140649422029e-05,0.0629951541546962,0.0007961123040434463,-1.563791897731193e-06,0.00017474442036285686,0.1534057346728181
160,"market for electricity, medium voltage",ei_cutoff_3.10_image_SSP3-H_2050 2025-10-08,"Alberta electricity market, medium voltage","market for electricity, medium voltage (CA-AB)",kWh,1.0,CA-AB,0.0001408474941755,1.858651910908528e-05,3.37600720392495e-07,5.582833823722718e-05,8.729391942637604e-09,1.2122868443230462e-07,3.0698789574654645e-10,2.982978865552762e-06,9.328036549129272e-10,6.2018082219615776e-15,2.3202638665700453e-07,3.322413105580581e-05,7.184369512942647e-08,2.6131551541126343e-05,1.2060550598999614e-10,5.964367122665021e-11,2.879051928504186e-08,2.4115412605121e-08,0.0001471107725191,1.505519933272783e-07,6.77181066787361e-09,1.4626088768014912e-06,4.802771765612576e-05
161,"market for electricity, low voltage",ei_cutoff_3.10_image_SSP3-H_2050 2025-10-08,"Swiss electricity market, low voltage","market for electricity, low voltage (CH)",kWh,1.0,CH,0.0001942634629739,3.052815236632592e-05,6.745094386921951e-07,0.0004318211662457,7.535567604126101e-09,1.281057288370177e-07,4.6058637904835974e-10,3.0443151468134836e-06,2.612118815034776e-09,1.3981790084405015e-14,3.3118396674854846e-08,3.6113905535796525e-05,6.92570570863442e-08,4.137563838979311e-05,6.35662031001075e-10,3.017980079506698e-10,2.5459979793892543e-08,1.8020356187117112e-07,0.0003365351880276,1.7280748357470444e-07,7.115406905344909e-09,4.485066167947037e-07,7.951736004625798e-05
162,"gas turbine construction, 10MW electrical",ei_cutoff_3.10_image_SSP3-H_2050 2025-10-08,,"gas turbine construction, 10MW electrical (RER)",MW,10.0,RER,27.728243159885505,678.0102150662909,0.6462892689083342,411.3388930510831,0.00018794623124833,0.00253936257151896,0.000741424188245,0.08102390171247745,0.007068250032626,1.425099838011777e-07,0.00526089376465177,54.163295270857475,0.00620707541460541,74.63316140525004,0.00058724115309697,0.00028405978630641,0.0009542028772267499,1.7062992881483707,1875.684820378587,0.01246915527033888,-0.00095335079025254,0.026488154799638657,37.79432563919011
163,"fuel cell production, polymer electrolyte membrane, 2kW electrical, future",ei_cutoff_3.10_image_SSP3-H_2050 2025-10-08,Fuel Cell,"fuel cell production, polymer electrolyte membrane, 2kW electrical, future (RoW)",kW,1.0,RoW,14.583278529905884,10.39233176702349,0.0307348107103945,5.3090735395068345,8.49237786736123e-05,0.0004133523861953,7.840391187122253e-05,9.50433591346189,4.367479932745381e-05,1.3875246395534056e-09,0.0012975858379226,1.6164083917782468,0.0045639461918269,7.973487381807651,0.000125294556441,0.0026248977061076,0.0002331991701401,0.0020684292350687,4.748386315507008,0.0054306137594097,1.9282634965325662e-05,0.0046283702378292,0.8995721927482991
164,"market for battery capacity, Li-ion, NCA",ei_cutoff_3.10_image_SSP3-H_2050 2025-10-08,Market for NCA,"market for battery capacity, Li-ion, NCA (GLO)",MWh,0.001,GLO,1062.119085544017,0.0897431585771493,115.0409000936221,1048.1635701332536,0.0006856568444086813,0.008875923698931865,2.334072813175445e-07,2.9842596471628,1.598389931759271e-06,2.7245968714702853e-11,41.476712364311496,45.1293040579154,0.1275924912598,318.37723604279836,0.005384780890407279,0.0003356379591019128,0.03909507280600314,0.0002272046182413,1.4808750144934146,0.464856676061,-0.0005786979600184899,0.1266921842244,95.6161128293211
165,"furnace production, wood chips, average storage area, 50kW",ei_cutoff_3.10_image_SSP3-H_2050 2025-10-08,,"furnace production, wood chips, average storage area, 50kW (RoW)",MW,0.05,RoW,386.12298448048085,1.3172753589326451,1.531355354408714,190.06789899586133,0.00518957868401,0.018031899980566,0.0002559475344695,0.6256931528116461,0.0002343132579223,9.815448886763186e-09,0.07459379845550199,218.15469113215175,0.28499002336504,181.06989207465867,0.0002985962437429978,0.0022337196772219997,0.010531830400965999,0.0036780226078498,13.01306024883758,0.63760709757909,0.0004954396350597833,0.16647357809968796,175.04765499479072
166,"market for battery capacity, Li-ion, NMC532, stationary",ei_cutoff_3.10_image_SSP3-H_2050 2025-10-08,"Market for NMC532, stationary","market for battery capacity, Li-ion, NMC532, stationary (GLO)",MWh,0.001,GLO,1156.9797588468375,0.0841778485441623,259.85478026334715,1197.213637917958,0.0008586946869163347,0.011137287581230781,2.804845929804687e-07,1.8238677572425002,1.9151812009096176e-06,3.459013762027407e-11,99.7339975824042,277.8698055111006,0.17789185383339998,273.76618470253226,0.006052831809237015,0.00038841663528904635,0.055167194494377535,0.0002599157728014,1.321549643951413,0.5254989675617,-0.0007881012147305606,0.1606934493622,117.6890179138562
167,"nuclear power plant construction, pressure water reactor, 1000MW",ei_cutoff_3.10_image_SSP3-H_2050 2025-10-08,Pressure water reactor - DE,"nuclear power plant construction, pressure water reactor, 1000MW (DE)",MW,1000.0,DE,366.52445161852603,527671.2378078725,2.85475311148744,1312.9573297544096,0.0057379805655475985,0.06852843699258014,1.52545187472855,1.9238618672294583,5806.317250683145,0.0001969334232422,0.06215323579612133,1167.5276241424976,0.15292329445153596,955.6509633376072,0.0018776461672721,0.0015572273031248568,0.02961553018295195,644.3312814014523,798181.969659282,8.635266813361147,-0.0017399533393422063,1.0753594350828621,423.966451826411
168,"battery production, Li-ion, NMC811, rechargeable, prismatic",ei_cutoff_3.10_image_SSP3-H_2050 2025-10-08,NMC811,"battery production, Li-ion, NMC811, rechargeable, prismatic (CN)",kWh,0.149,CN,1.6789756155325557,0.0209256630359188,0.13350791320897315,1.597784400212659,9.459112768423212e-07,1.4181094150684978e-05,4.144662184168453e-08,0.004683765593850336,3.536156707079676e-07,5.52810676511903e-12,0.06762802966814967,0.21020940425762416,0.00021376677225710933,0.5099981484605174,8.300762511584901e-06,4.764654650406432e-07,6.74432534730948e-05,5.20314495613488e-05,0.3510424194177968,0.0007083086510577181,-1.4868902326313551e-06,0.00019372419864570028,0.14145904172842685
169,"auxiliary heating unit production, electric, 5kW",ei_cutoff_3.10_image_SSP3-H_2050 2025-10-08,,"auxiliary heating unit production, electric, 5kW (RoW)",MW,0.005,RoW,4.40618709910092,0.2255168818385754,0.03240996974924,4.028041612803239,1.0853367022023299e-05,0.00018499824559077793,2.275286099623733e-08,0.027457919923939998,1.528226114036387e-07,2.625529478472247e-12,0.0005375309602408622,0.2723615168255,0.0003152732095093282,30.394556716951843,5.114060723697426e-06,3.967134624371001e-06,3.6275227034607464e-05,7.1796355538425136e-06,0.0231612691902039,0.0007420841168543444,1.185991459761414e-05,0.002654555152492951,2.6023035760774
170,"wind turbine construction, 4.5MW, onshore, direct drive",ei_cutoff_3.10_image_SSP3-H_2050 2025-10-08,"Wind, onshore (Enercon E112), DD","wind turbine construction, 4.5MW, onshore, direct drive (GLO)",MW,4.5,GLO,1350.278966792907,3945.2952035619583,14.819418757159562,8522.134270680679,9.258525487056417,0.07653121478780917,0.0279773170134064,5.362479769245793,0.2438298523187604,2.6895437061738647e-06,0.2387223825800543,2822.987514484135,97.41660898871879,1701.6680106559168,0.012798148569027333,0.006980865505515777,35.0380158148607,16.65590476185934,21881.508927239513,0.8971988562972926,-0.017512916038809088,51.42860479696142,1408.1849032683103
171,"photovoltaic plant construction, 570kWp, multi-Si, on open ground",ei_cutoff_3.10_image_SSP3-H_2050 2025-10-08,PV plant - multi-Si,"photovoltaic plant construction, 570kWp, multi-Si, on open ground (GLO)",MW,0.57,GLO,19337.28845957289,260.7447819847117,6.659952644417049,3570.1340736873435,0.009562833470249475,18.306763919610855,0.0011499668483877,655.8035357952831,0.0133153844776283,2.049935342512715e-07,0.4514451976589574,768.7139789405903,0.4736946101185379,682.7226137937001,0.005247522635702631,0.00297291114591386,0.1316779692325216,0.8482407145597235,15276.938028270552,36.6746158753751,0.008944463137746493,2.3673227709747455,1880.0989597067494
172,"photovoltaic slanted-roof installation, 3 kWp, CdTe, panel, mounted, on roof",ei_cutoff_3.10_image_SSP3-H_2050 2025-10-08,Rooftop PV - CdTe,"photovoltaic slanted-roof installation, 3 kWp, CdTe, panel, mounted, on roof (RER)",MW,0.003,RER,13137.932078038219,0.6999692565762831,8.654431882033967,5973.683452179535,0.005514269768448895,0.12141037824403333,3.2592762068465177e-06,29.6379844868747,4.3981006851115464e-05,6.636749465462591e-10,0.32588200026749997,252.9477455299038,0.14976586728206667,379.2348629507302,0.015106286207311009,0.0036491790540238603,0.0366785570922,0.0074388932179649,59.7270590272938,1.743192228893,56.61535931355103,1.6869118106460002,900.2139797077798
173,"market for electricity, low voltage",ei_cutoff_3.10_image_SSP3-H_2050 2025-10-08,"British electricity market, low voltage","market for electricity, low voltage (GB)",kWh,1.0,GB,0.0001942634629339,3.052815236493481e-05,6.745094384247525e-07,0.0004318211662388,7.535567602916986e-09,1.281057288353473e-07,4.6058637775189904e-10,3.044315146901999e-06,2.612118814532383e-09,1.398176552774236e-14,3.311839666104648e-08,3.61139055331813e-05,6.925705701552956e-08,4.137563838801145e-05,6.356620308468226e-10,3.0179800759348935e-10,2.5459979791850082e-08,1.8020356187102218e-07,0.0003365351880124,1.728074834292946e-07,7.115406895839143e-09,4.4850661679143947e-07,7.951736004322133e-05
174,"wind turbine construction, 750kW, onshore, direct drive",ei_cutoff_3.10_image_SSP3-H_2050 2025-10-08,"Wind, onshore, DD","wind turbine construction, 750kW, onshore, direct drive (RoW)",MW,0.75,RoW,1832.8391182074165,844.7206249921416,8.101802074682892,3550.6825476425543,12.34069564334249,0.0686360133992396,0.0037364923220536,6.954890474461146,0.0510577334141124,3.0929960135099773e-07,0.20174594805165,2876.0133094196676,129.7239967866574,1974.1203598965042,0.0080489988069492,0.004148620950853333,46.71633781816481,1.2723935443641574,2339.6846487678345,0.8727028591346805,-0.0035204720109874668,68.12275647957053,2274.310088437751
175,"transmission network construction, electricity, medium voltage",ei_cutoff_3.10_image_SSP3-H_2050 2025-10-08,Medium voltage transmission network construction,"transmission network construction, electricity, medium voltage (RoW)",kilometer,1.0,RoW,1958.863071352553,82.73051754554034,3.540688237652493,2410.106095237405,0.0005635495721299,0.0074561852827272,0.0002781618787126,3.220029851762949,0.004029943694309,4.74886698496097e-08,0.0219194985151019,19.648909125761303,0.0282655457205159,93.4721611928684,0.0034287966193841,0.001310279674843,0.0050952365196231,0.999118314338662,1141.8621062251636,0.0468099670666584,-0.0061544771123923,0.1036340009562636,218.2709017731958
176,"electricity production, nuclear, boiling water reactor",ei_cutoff_3.10_image_SSP3-H_2050 2025-10-08,,"electricity production, nuclear, boiling water reactor (CH)",kWh,1.0,CH,3.3300116256786017e-06,4.735135810005948e-06,1.1736427748562534e-08,3.631812171359158e-06,2.089202559137385e-11,2.8081038590045976e-10,5.421349487555321e-12,1.0717158174358395e-08,5.458317176047758e-09,5.3784160757921e-16,4.2835584496901134e-10,1.7480703936702255e-06,2.393409688997049e-09,3.7500665111352534e-06,4.321599614883711e-12,6.1634294530338895e-12,7.25498036379642e-10,1.5694107849615063e-09,7.866691451524198e-06,8.779025958151338e-09,8.006530274748456e-12,3.082805886708796e-09,1.9468379493762292e-06
177,"battery production, Li-ion, NMC532",ei_cutoff_3.10_image_SSP3-H_2050 2025-10-08,NMC532,"battery production, Li-ion, NMC532 (GLO)",kilogram,1.0,GLO,0.2310313047032776,0.016331242300885,0.0522560995631051,0.2391165171247732,1.403122622372887e-07,1.9742763910595052e-06,4.2106174360632724e-08,0.0003586378978252,3.5989297533408914e-07,5.936082614059045e-12,0.0200583443338271,0.0556885072921116,3.357450142774355e-05,0.0545932886554966,1.2144803893805512e-06,7.128924073603712e-08,1.0597571947972275e-05,5.160995003768221e-05,0.262481905289998,0.0001037114031447,-1.764142161573157e-07,2.852412685761405e-05,0.0221886853872437
178,"battery production, Li-ion, NMC111, rechargeable, prismatic",ei_cutoff_3.10_image_SSP3-H_2050 2025-10-08,NMC111,"battery production, Li-ion, NMC111, rechargeable, prismatic (CN)",kWh,0.143,CN,1.5494202403618553,0.0130982151677526,0.40610776417147837,1.561990318634942,1.0237097536195713e-06,1.5014784651024941e-05,4.075283376941997e-08,0.0025347093346650353,3.603010215057519e-07,6.374126009688324e-12,0.07426141228132448,0.5893522685976182,0.00020934662200769986,0.27749008467968395,8.492947026418063e-06,4.849597032025252e-07,6.58069714318753e-05,5.154230829045976e-05,0.2013333051163786,0.0007253359987447553,-1.494982449383916e-06,0.00020481203569395034,0.1569762242298182
179,"market for electricity, medium voltage",ei_cutoff_3.10_image_SSP3-H_2050 2025-10-08,"North India electricity grid, medium voltage","market for electricity, medium voltage (IN-Northern grid)",kWh,1.0,IN-Northern grid,0.0002541949453016,1.4607577487093672e-05,1.1463681953838852e-06,0.0001370806691584,5.5462366471066254e-09,2.344753673037648e-07,2.9074708139327947e-10,6.095168137818894e-06,9.748744394102292e-10,1.3562216897408896e-14,9.206419091192784e-07,2.652529441396676e-05,6.10863545246639e-08,2.5828228329029343e-05,2.8335210028553727e-10,1.9941890806347183e-10,1.9539739542490527e-08,5.56160244826026e-08,0.0002906999437816,3.045839936451236e-07,3.690436564866316e-10,4.633152888941751e-06,4.200396930215799e-05
180,"market for electricity, low voltage",ei_cutoff_3.10_image_SSP3-H_2050 2025-10-08,"Alberta electricity market, low voltage","market for electricity, low voltage (CA-AB)",kWh,1.0,CA-AB,0.0002469954455047,2.465121894978446e-05,3.8726309396643435e-07,8.519942458434787e-05,8.979090099899108e-09,1.3346366348350708e-07,4.040030248794047e-10,3.4131272194002787e-06,1.137440532770203e-09,7.645433930024907e-15,2.389790550386865e-07,3.533831918885494e-05,7.473631898563499e-08,2.837455133511619e-05,1.6713588721223468e-10,8.192819557878469e-11,2.969791864449587e-08,3.649177271588772e-08,0.0001773620272103,1.6796872936369153e-07,8.925400405867143e-09,1.504978606284876e-06,5.242994017226659e-05
181,"photovoltaic slanted-roof installation, 3kWp, a-Si, panel, mounted, on roof",ei_cutoff_3.10_image_SSP3-H_2050 2025-10-08,Rooftop PV - a-Si,"photovoltaic slanted-roof installation, 3kWp, a-Si, panel, mounted, on roof (RoW)",MW,0.003,RoW,58445.79426374879,10.88512121830217,16.462272815971602,10127.75628889601,0.015830421715224332,0.3247851727251,0.1778414274740535,210.21067144090907,0.002305897497486,2.1004081485602227e-09,0.8469148384005,2026.755298986798,0.9513090497518999,2302.8336723183866,0.01458602405140547,0.006756327171326537,0.27957301355369996,0.0127328856896663,26.04480284520136,1.6127226451255001,16.142044022790568,4.436749768423867,45363.04596609951
182,"electrolyzer production, 1MWe, AEC, Stack",ei_cutoff_3.10_image_SSP3-H_2050 2025-10-08,H2 Electrolyzer,"electrolyzer production, 1MWe, AEC, Stack (RER)",MW,1.0,RER,801.6159863800158,4414.165067123563,10.157139720827354,250.36122482629773,0.0028324938766422,0.0483006305962864,0.0007435663277622,77.28467726635381,0.0136925776259183,1.0418829175074072e-07,0.1063649556654374,45.03920525407987,0.1685555734167688,5838.897153191835,0.000311275679673,1.2426786507382983,0.0464728950819619,0.1131542333295703,678.9712499405006,234.4796249996563,0.0033282232063221,0.561383090037485,1137.7592828815436
183,"gas power plant construction, combined cycle, 400MW electrical",ei_cutoff_3.10_image_SSP3-H_2050 2025-10-08,,"gas power plant construction, combined cycle, 400MW electrical (RER)",MW,400.0,RER,915.7923505482183,389997.99923447205,3.8808281202110426,937.2997989127466,0.0008302450243163573,0.012376256031546386,0.134734488182759,1.715040195962951,0.7434068233606866,2.4094672743739707e-05,0.02924353323799605,249.8016022184234,0.026366378508033278,789.3487959697782,0.0013272962857177736,0.0008070678283041227,0.003704693294419246,153.83602136837007,210342.1520356427,0.054781580498083925,-0.0016099340238732679,0.14530733336363416,101.31396614815024
184,"wind power plant construction, 2MW, offshore, moving parts, direct drive",ei_cutoff_3.10_image_SSP3-H_2050 2025-10-08,"Wind, offshore, moving parts (Bonus 2 MW), DD","wind power plant construction, 2MW, offshore, moving parts, direct drive (GLO)",MW,2.0,GLO,1328.4458791587235,12248.963684762244,5.150843606576528,885.0477389557628,9.252440558819465,0.0383457638107663,0.0020686519593427,4.374101040832801,0.0754653928131438,3.0119857628329514e-07,0.105220034128436,1158.7184736811105,97.12924518053757,4255.779431597568,0.0011880340107924,0.0009230395503802,35.027221302278605,0.9979292130306912,3043.3591950254613,0.17197826628005786,0.00135496603999645,50.96819741026445,577.0795146554495
185,"heat pump production, 30kW",ei_cutoff_3.10_image_SSP3-H_2050 2025-10-08,Heat pump,"heat pump production, 30kW (RER)",MW,0.03,RER,78.28634784840052,1.772611046379556,2.5301312156592566,1791.590426519437,0.0003959973273727665,0.0067561803546200005,3.835552804429992e-06,0.23191084938656,9.222251117034992e-05,1.1558021823688774e-09,0.01916046063668667,115.92448420385668,0.10623864630041001,128.28506776780895,0.0025408915999558628,0.0009494603521992109,0.03371627896373,0.0223143865396745,22.49766117941827,0.027081299068636665,-0.004222642887526667,0.09567588872851,172.6312631774735
186,"market for battery capacity, Sodium-ion, SiB, stationary",ei_cutoff_3.10_image_SSP3-H_2050 2025-10-08,"Market for SiB, stationary","market for battery capacity, Sodium-ion, SiB, stationary (GLO)",MWh,0.001,GLO,466.2535513223108,0.0598948563634844,14.0697307396034,457.250370570132,0.0010161904277209133,0.011221335841210114,2.6380339125493594e-07,0.8502007272745,7.843991597090957e-07,2.5180816639669353e-11,0.01746313739808794,1033.219171352201,0.04470956215637521,250.70380925041218,0.000265998959666799,0.0002257563595915132,0.01099906203903287,6.966367736339736e-05,0.9106814686189544,0.04474954875529989,0.00018130968976983478,0.0976322935341806,45.7439311267821
187,"wind turbine construction, 4.5MW, onshore",ei_cutoff_3.10_image_SSP3-H_2050 2025-10-08,"Wind, onshore (Enercon E112)","wind turbine construction, 4.5MW, onshore (GLO)",MW,4.5,GLO,1620.6832956800665,4520.7598137729465,14.812371708314023,8503.633316684169,1.2640653901923489,0.07745435051689922,0.0278873298104495,6.177011002262282,0.2774821511473272,2.705551125773364e-06,0.243070523945468,3661.94553953114,9.881447663189624,1761.3747510722726,0.012765887374622888,0.006961136110843978,4.034253122992737,16.57421972094153,18888.57631754019,0.8943379991977378,-0.018334042755026158,51.46587530608623,5413.782500755079
188,"nuclear power plant construction, pressure water reactor, 1000MW",ei_cutoff_3.10_image_SSP3-H_2050 2025-10-08,Pressure water reactor - FR,"nuclear power plant construction, pressure water reactor, 1000MW (FR)",MW,1000.0,FR,366.52445161852603,527671.2378078725,2.85475311148744,1312.9573297544096,0.0057379805655475985,0.06852843699258014,1.52545187472855,1.9238618672294583,5806.317250683145,0.0001969334232422,0.06215323579612133,1167.5276241424976,0.15292329445153596,955.6509633376072,0.0018776461672721,0.0015572273031248568,0.02961553018295195,644.3312814014523,798181.969659282,8.635266813361147,-0.0017399533393422063,1.0753594350828621,423.966451826411
189,"electricity production, natural gas, combined cycle power plant",ei_cutoff_3.10_image_SSP3-H_2050 2025-10-08,,"electricity production, natural gas, combined cycle power plant (CH)",KWh,1.0,CH,1.5255213715351557e-05,8.476613005473364e-06,7.351687463010482e-08,1.147102477854812e-05,1.8030777649570608e-10,1.295178598080168e-09,4.7522793321421194e-11,4.9759133088109745e-08,9.274700142680367e-11,6.449421990999172e-15,2.678748864263079e-09,3.440983065975869e-05,1.3807612196078412e-08,2.004539948358272e-05,2.2700538375958565e-11,5.4821142905199575e-11,3.8108997337171065e-09,4.902647200819132e-09,2.76032444399692e-05,7.0274207092802434e-09,7.549378448889177e-11,1.3118363230579897e-08,4.247946166170439e-06
190,"market for battery capacity, Li-ion, LFP, stationary",ei_cutoff_3.10_image_SSP3-H_2050 2025-10-08,"Market for LFP, stationary","market for battery capacity, Li-ion, LFP, stationary (GLO)",MWh,0.001,GLO,1304.7005758366963,0.0349169399663612,1.0429030090567,665.8133999734415,0.0006817151926217273,0.010190966515543291,2.2939859586161114e-07,2.2662576624665,1.9039164202564517e-06,3.4904154921214444e-11,61.8397135064171,13.404073624279599,0.2592701955279,41.6865638392418,0.006860520422529267,0.0003670481239608898,0.08334955419551551,0.0002911587793857,0.4071503271241111,0.582966109006,-0.001046814303804959,0.1433943946149,117.4627773884189
191,"wind turbine network connection construction, 4.5MW, onshore",ei_cutoff_3.10_image_SSP3-H_2050 2025-10-08,,"wind turbine network connection construction, 4.5MW, onshore (GLO)",,,GLO,,1384.552330506467,,,,,0.0009483766021795,,0.0305713398098342,2.557096038339054e-07,,,,,,,,6.671183677782579,7280.173639708164,,,,
192,"market for battery capacity, Li-ion, NMC622, stationary",ei_cutoff_3.10_image_SSP3-H_2050 2025-10-08,"Market for NMC622, stationary","market for battery capacity, Li-ion, NMC622, stationary (GLO)",MWh,0.001,GLO,1258.841178498771,0.1001685530736325,197.0292039009309,1265.7714982170828,0.0008482515786794005,0.011327600027473921,2.742371994634721e-07,1.9190185691508999,1.9766021528131326e-06,3.3815769251620813e-11,105.68440555162819,300.5521139607339,0.1838934724069,344.5038267709785,0.0064092143776679445,0.0004009007073214537,0.05731331247270643,0.0002743624063242,1.6168872629781514,0.5535408804761,-0.0008698218376239094,0.1636399117532,120.34111266513969
193,"wind power plant construction, 2MW, offshore, fixed parts, direct drive",ei_cutoff_3.10_image_SSP3-H_2050 2025-10-08,"Wind, offshore, fixed parts(Bonus 2 MW), DD","wind power plant construction, 2MW, offshore, fixed parts, direct drive (GLO)",MW,2.0,GLO,329.0678618685568,257.4900953845894,4.250332064474536,1746.0933768030989,0.00313348788403205,0.02811303180339965,0.0046610520281937,0.8745362938732472,0.0452304801935915,5.141370699664773e-07,0.08627866494485095,1381.7072238042367,0.14741221295316675,1017.6999239106848,0.00250217754327675,0.0019712460670294,0.0113371525015601,1.47077222543382,3035.35742281169,0.32232529077573546,-0.0026193436569536,0.34756344901178243,257.7535034063376
194,"market for battery capacity, Li-ion, NMC111",ei_cutoff_3.10_image_SSP3-H_2050 2025-10-08,Market for NMC111,"market for battery capacity, Li-ion, NMC111 (GLO)",MWh,0.001,GLO,1525.037309583108,0.0927247056368261,397.8033125482478,1537.7298655974812,0.0011391614928871923,0.014575808368102622,3.703455498838272e-07,2.4889255192014,2.584601413856339e-06,4.928842391403951e-11,72.7377900838431,578.1813285901991,0.2169113608254,274.1203760797373,0.008332049781696346,0.0005209339449994764,0.06683207521676382,0.0003561044645829,1.3942517578944265,0.7210809308653999,-0.0008287945961720724,0.2076505752543,160.8973501991199
195,"wind power plant construction, 800kW, moving parts, direct drive",ei_cutoff_3.10_image_SSP3-H_2050 2025-10-08,"Wind power plant, moving parts (Nordex N50/800 plant), DD","wind power plant construction, 800kW, moving parts, direct drive (GLO)",MW,0.8,GLO,1055.2515627954178,3582.266422568817,5.15694571061425,1706.1302447927449,9.251853768545727,0.029171000145490247,0.0006057679052198,3.922808250410437,0.0310277770177004,1.012826437723866e-07,0.08022966411405275,1102.5117065227982,97.10116929429101,3125.387667752215,0.002373250703958125,0.001198788710060125,35.022102147804546,0.6781554724713199,1382.1912283129284,0.13274929762447898,-0.0018474387488033748,50.84609503403497,641.8364362977351
196,"battery module production, for SiB battery",ei_cutoff_3.10_image_SSP3-H_2050 2025-10-08,Sodium-ion,"battery module production, for SiB battery (GLO)",kilogram,1.0,GLO,0.0547806683304252,0.0067548933064814,0.0016831066606929,0.0536698596262531,9.976401357886652e-08,1.1553613916955055e-06,2.271738767408631e-08,9.61394277983899e-05,7.639057147150714e-08,2.3627222537819065e-12,1.49637833656725e-06,0.1238417858354043,3.844094070849725e-06,0.0297454907517877,2.9834588472656637e-08,2.2772849080789602e-08,9.607236111326085e-07,7.880914914297578e-06,0.1068886220021301,4.09440124130251e-06,8.447799012155865e-09,8.954122067482305e-06,0.0044197888896866
197,"transmission network construction, electricity, high voltage direct current aerial line",ei_cutoff_3.10_image_SSP3-H_2050 2025-10-08,HVDC transmission network construction,"transmission network construction, electricity, high voltage direct current aerial line (RER)",kilometer,1.0,RER,6907.3675209817975,17.879571241942788,0.5468617438965852,63.6859028741956,0.002398444946918,0.0199361557948067,0.0018177668332549,11.204902045324872,0.006684300294474,9.700546602830809e-08,0.063908906019631,250.1778797713453,0.1103812324589278,53.77353452884368,0.0018196187626676,0.0009563048130007,0.0073174665177861,0.0248606236645517,630.0471485421999,0.1564869372927085,0.0007250201799356,0.2332717112520082,609.2114711381618
198,"market for battery capacity, Li-ion, NMC111, stationary",ei_cutoff_3.10_image_SSP3-H_2050 2025-10-08,"Market for NMC111, stationary","market for battery capacity, Li-ion, NMC111, stationary (GLO)",MWh,0.001,GLO,1525.0373095833784,0.0927247056368644,397.8033125482558,1537.7298655965672,0.0011391614929262188,0.014575808368159176,3.703455499281537e-07,2.4889255191522,2.584601413882294e-06,4.9288422892848936e-11,72.73779008384321,578.1813285901712,0.2169113608279,274.12037607969046,0.008332049781676324,0.000520933945049207,0.0668320752168422,0.0003561044645825,1.3942517578914504,0.7210809308705,-0.0008287946001115772,0.2076505752553,160.89735019966432
199,"battery production, Li-ion, NMC622",ei_cutoff_3.10_image_SSP3-H_2050 2025-10-08,NMC622,"battery production, Li-ion, NMC622 (GLO)",kilogram,1.0,GLO,0.2377169477792463,0.018577037748117,0.0373905708995283,0.2390273128059385,1.3748280134253028e-07,1.9570814965313167e-06,4.16647634430862e-08,0.0003582838722446,3.567925470937289e-07,5.677134131599221e-12,0.0200582894825735,0.0569006445578117,3.330283711646416e-05,0.0650467780465409,1.214358917550392e-06,7.113169904975213e-08,1.051653988353308e-05,5.1590461292787353e-05,0.3044771969459624,0.0001036243556573,-1.78090251284618e-07,2.8303560905027784e-05,0.0217651354318762
200,"photovoltaic slanted-roof installation, 3kWp, single-Si, panel, mounted, on roof",ei_cutoff_3.10_image_SSP3-H_2050 2025-10-08,Rooftop PV - single-Si,"photovoltaic slanted-roof installation, 3kWp, single-Si, panel, mounted, on roof (RER)",MW,0.003,RER,14766.18569942449,0.8838693871026687,9.7001846098035,6359.5122554645295,0.009149215875865042,17.418155209823066,4.37739450060303e-06,358.5656046885472,5.879028948868398e-05,8.09014817025088e-10,0.48407014681983335,372.7935382440008,0.40223921306189997,430.79500645083436,0.015716650775506824,0.004076217218642461,0.11736900712659999,0.0079237350903256,52.62997396384578,20.5917132621936,-0.0016665757562398203,2.5534086641466334,1275.1566572272418
201,"nuclear power plant construction, pressure water reactor, 1000MW",ei_cutoff_3.10_image_SSP3-H_2050 2025-10-08,Pressure water reactor - CH,"nuclear power plant construction, pressure water reactor, 1000MW (CH)",MW,1000.0,CH,318.16394718727884,526759.3727189874,2.7332577423900015,1308.0280070310107,0.0052253342710718445,0.06726958633824154,0.9705537689917848,1.878825068323077,5805.651869116689,0.0001622196234382,0.054370335732461667,1165.1875407383488,0.12247284927605312,953.8939675650156,0.0018689710368763263,0.001318673674139962,0.028666597521386526,643.3490269733281,794412.0262631964,8.562444395015135,-0.00178483901070156,1.0598328094769867,395.2310852134945
202,"market for battery capacity, redox-flow, Vanadium, stationary",ei_cutoff_3.10_image_SSP3-H_2050 2025-10-08,Market for vanadium redox-flow battery,"market for battery capacity, redox-flow, Vanadium, stationary (GLO)",kWh,0.001,GLO,103.8953204797087,0.1065885533978052,0.7208082430402,380.56568814636233,0.001327869430052843,0.013072842303627936,7.742293076687514e-07,795.1658266085353,3.1705510292922296e-06,2.8466132689347112e-11,0.03419301864904016,30.549038945291798,0.12715341778550002,61.9650024324787,0.0005810405154770171,0.0006684375194011086,0.030213273861547527,0.0001574207218548,0.6493218791280715,0.10170465210209999,7.291355412454956e-06,4757.561751101321,250.96511640393697
203,"electricity production, natural gas, conventional power plant",ei_cutoff_3.10_image_SSP3-H_2050 2025-10-08,,"electricity production, natural gas, conventional power plant (DE)",KWh,1.0,DE,1.710821013950733e-05,4.39069252565004e-06,8.534409658266281e-08,1.14344433846801e-05,1.5929137020101694e-10,1.575823140683552e-09,6.8374688026509e-11,5.74862844282548e-08,1.2961826982912505e-10,9.94284649235878e-15,3.549679164493759e-09,5.434094813390263e-05,1.2671341184557742e-08,2.525441410951591e-05,2.002400942383923e-11,7.605196170885942e-11,3.143807306634847e-09,5.025842071187637e-09,3.3282822675056066e-05,9.709191386635652e-09,9.231648176416703e-11,1.6722829313858862e-08,5.585469042243015e-06
204,"wind power plant construction, 800kW, moving parts",ei_cutoff_3.10_image_SSP3-H_2050 2025-10-08,"Wind power plant, moving parts (Nordex N50/800 plant)","wind power plant construction, 800kW, moving parts (GLO)",MW,0.8,GLO,1325.656420252356,3684.571355296566,5.14990135437984,1687.6308005678216,1.2573933924053253,0.030094228044031123,0.000589771277712,4.737342321913183,0.0370127016854026,1.0412992333828205e-07,0.08457807598510624,1941.4698034948824,9.566011766856022,3185.0945756303736,0.00234099189273875,0.0011790611942641249,4.018339082789695,0.6636341850036224,850.1662049896822,0.129888794695012,-0.0026685603138651252,50.88336709695714,4647.434572427364
205,"nuclear power plant construction, boiling water reactor 1000MW",ei_cutoff_3.10_image_SSP3-H_2050 2025-10-08,Boiling water reactor - DE,"nuclear power plant construction, boiling water reactor 1000MW (DE)",MW,1000.0,DE,387.91985570186245,532804.4386966137,2.9796307739886494,1319.3084721370792,0.006041728430657236,0.07037338632921293,1.7795516636457802,1.9792675361754057,5806.538441945207,0.0002133435122626,0.0677785976403182,1235.3485467412809,0.27683462541623066,987.2837127650356,0.00189029031239359,0.0016699126986500722,0.06695597959228708,647.0797600898368,827851.9339128463,8.667478226804738,-0.0016493099559900214,1.0936851478308032,432.27029765397856
206,"electricity production, nuclear, pressure water reactor",ei_cutoff_3.10_image_SSP3-H_2050 2025-10-08,,"electricity production, nuclear, pressure water reactor (CH)",kWh,1.0,CH,3.0211065570812492e-06,4.410309370140296e-06,1.0997285951741731e-08,3.4823800341682564e-06,1.8411145143878454e-11,2.384644219899474e-10,4.848382312372581e-12,9.359114039841412e-09,5.9958666739677585e-09,5.048784737412301e-16,3.7951557507618487e-10,1.7065707566906416e-06,2.2583677380078168e-09,3.54584293903966e-06,4.16394178965092e-12,5.746847930469287e-12,6.87079531112265e-10,1.518615261409857e-09,7.139080290097871e-06,9.448151989253978e-09,9.743243980125244e-12,2.8359998602940783e-09,1.8522211952463768e-06
207,"direct air capture system, solvent-based, 1MtCO2",ei_cutoff_3.10_image_SSP3-H_2050 2025-10-08,Direct air capture system,"direct air capture system, solvent-based, 1MtCO2 (RER)",MtCO2,1.0,RER,229564.7206912837,335649.29388686374,637.4960178884869,71714.86005422934,1.9873592380922611,10.459619906419936,1.4506340880134925,433.8093703489538,1.689309512669821,8.534999907100949e-05,33.83861756467466,189351.9219335675,111.64944768141594,261642.00724539213,0.1688899880915761,0.7495203912140369,13.247203145468657,27.424870460089732,201222.39337932796,195.32370749236227,0.6050892755842238,113.0249156748126,74723.32288310489
208,"market for battery capacity, Li-ion, LFP",ei_cutoff_3.10_image_SSP3-H_2050 2025-10-08,Market for LFP,"market for battery capacity, Li-ion, LFP (GLO)",MWh,0.001,GLO,1304.7005758366963,0.0349169399663612,1.0429030090567,665.8133999734415,0.0006817151926217273,0.010190966515543291,2.2939859586161114e-07,2.2662576624665,1.9039164202564517e-06,3.4904154921214444e-11,61.8397135064171,13.404073624279599,0.2592701955279,41.6865638392418,0.006860520422529267,0.0003670481239608898,0.08334955419551551,0.0002911587793857,0.4071503271241111,0.582966109006,-0.001046814303804959,0.1433943946149,117.4627773884189
209,"market for battery capacity, Li-ion, NMC532",ei_cutoff_3.10_image_SSP3-H_2050 2025-10-08,Market for NMC532,"market for battery capacity, Li-ion, NMC532 (GLO)",MWh,0.001,GLO,1156.9797588420176,0.0841778485400084,259.85478026325086,1197.2136379228998,0.0008586946864396719,0.011137287580602069,2.804845924681302e-07,1.8238677572232,1.9151812007429668e-06,3.4590135391203627e-11,99.73399758240089,277.8698055106561,0.1778918538063,273.7661846997645,0.006052831809227584,0.0003884166351388459,0.05516719449385935,0.0002599157728049,1.3215496439785792,0.5254989675036,-0.0007881012166126774,0.1606934493629,117.6890179157913
210,"hydropower plant construction, reservoir, non-alpine regions",ei_cutoff_3.10_image_SSP3-H_2050 2025-10-08,Hydro run-of-river,"hydropower plant construction, reservoir, non-alpine regions (RER)",MW,175.0,RER,79476.89297856085,40776378.26680371,403.3755067981681,18755.52813321045,0.9783784058257163,5.482746832310995,137.0598834921484,188.89867818530914,70.60612349371289,0.0029524433448211,12.777645588139354,82380.53397512354,44.879245940184845,216097.5848727932,0.02942330670995677,0.35393647457046673,2.202658331613528,1161.3151025879315,10933689.250132654,93.48538852659097,0.18342895570433054,38.04106388257199,8278.591019733713
211,"wind turbine construction, 750kW, onshore",ei_cutoff_3.10_image_SSP3-H_2050 2025-10-08,"Wind, onshore","wind turbine construction, 750kW, onshore (RoW)",MW,0.75,RoW,1968.7204985326414,818.4158345769271,7.9361081090335075,3509.5149552159837,1.2627597960015626,0.0672906995829176,0.0036902095557996,6.802775340260893,0.0462021910079452,3.005336228419903e-07,0.20042114707467426,3380.181363136198,9.847030998969435,1913.827610576285,0.007983465534820934,0.004096043477208666,4.043755600857823,1.211726013618999,1638.014645825955,0.8592062601415776,-0.004448761579962,51.31435369857811,5902.957655606926
212,"wind power plant construction, 2MW, offshore, fixed parts",ei_cutoff_3.10_image_SSP3-H_2050 2025-10-08,"Wind, offshore, fixed parts (Bonus 2 MW)","wind power plant construction, 2MW, offshore, fixed parts (GLO)",MW,2.0,GLO,329.0678618628848,257.4900953831233,4.250332064438373,1746.0933768017483,0.0031334878838676,0.0281130318031859,0.0046610520278479,0.8745362937328292,0.0452304801933857,5.141370535942451e-07,0.08627866494306245,1381.7072238038897,0.1474122129439066,1017.6999239100236,0.0025021775431938,0.0019712460670023,0.0113371525012667,1.4707722254347635,3035.3574228065017,0.3223252907560963,-0.00261934367506775,0.3475634490112436,257.7535034035444
213,"market for battery capacity, Sodium-ion, SiB",ei_cutoff_3.10_image_SSP3-H_2050 2025-10-08,Market for SiB,"market for battery capacity, Sodium-ion, SiB (GLO)",MWh,0.001,GLO,366.009042860806,0.0470174628729251,11.0447387835578,358.941545869365,0.000797709496862767,0.008808748757422475,2.070856650637904e-07,0.6674075797498,6.157533488773257e-07,1.9766943052561004e-11,0.013708563047984311,811.0770607466189,0.035097006781894965,196.8024929724961,0.0002088091862685112,0.00017721874474418655,0.008634263820254536,5.468598748804627e-05,0.7148849627676337,0.03512839626416438,0.00014232810880974385,0.07664135148721311,35.908986430639594
214,"wind power plant construction, 2MW, offshore, moving parts",ei_cutoff_3.10_remind_SSP2-PkBudg650_2050 2025-10-10,"Wind, offshore, moving parts (Bonus 2 MW)","wind power plant construction, 2MW, offshore, moving parts (GLO)",MW,2.0,GLO,1663.7827042617505,12533.48836085453,5.475328213713709,897.2840627446132,1.261080981419704,0.08877393067291375,0.0027653328109964,6.310080786384959,0.091601103428129,0.0002458450217547,0.7501405491202803,2007.6460983622471,9.633934082797005,4276.5564734070185,0.00123792902911245,0.00055382771283935,4.033430750781167,0.9839507032127172,1924.7664779822449,0.25752939162588995,0.00447878047814795,50.63830222567556,4601.14207293754
215,"market for battery capacity, Li-ion, NMC811",ei_cutoff_3.10_remind_SSP2-PkBudg650_2050 2025-10-10,Market for NMC811,"market for battery capacity, Li-ion, NMC811 (GLO)",MWh,0.001,GLO,1054.6089732401997,0.0909315013067906,82.4987683775027,997.4353260643358,0.0013150801064275954,0.019126241475866314,2.946931440677832e-07,3.1297426272810003,1.6570018413484352e-06,2.0397703512638663e-08,41.8771711019313,132.8924858689316,0.1469738628135,315.8845941765829,0.005148693147032108,0.00024144995687764602,0.045148527383228367,0.0002198813269831,1.4898002577192178,0.46124531565620003,0.0003822889481603758,0.0380321117842328,95.6046822642231
216,"market for electricity, low voltage",ei_cutoff_3.10_remind_SSP2-PkBudg650_2050 2025-10-10,"North India electricity grid, low voltage","market for electricity, low voltage (IN-Northern grid)",kWh,1.0,IN-Northern grid,0.0004776206594539,4.6377203333496463e-05,8.647322323848854e-07,0.0005522839388708,1.1602163331392306e-08,5.573319435986651e-07,1.9483918973105748e-10,1.2519552082798494e-05,6.5284399813675584e-09,3.5391947610945656e-10,9.75590121328714e-08,4.635583849651407e-05,1.061598831793197e-07,4.8668026827552e-05,8.137401214417945e-10,1.0671213533480228e-09,4.0230105222254266e-08,2.303100908475724e-07,0.0007946912371456,6.594919000945901e-07,-2.8643630410187063e-10,4.5977318288749714e-07,0.0001125179142145
217,"market for battery capacity, Li-ion, NMC811, stationary",ei_cutoff_3.10_remind_SSP2-PkBudg650_2050 2025-10-10,"Market for NMC811, stationary","market for battery capacity, Li-ion, NMC811, stationary (GLO)",MWh,0.001,GLO,1054.6089732401997,0.0909315013067906,82.4987683775027,997.4353260643358,0.0013150801064275954,0.019126241475866314,2.946931440677832e-07,3.1297426272810003,1.6570018413484352e-06,2.0397703512638663e-08,41.8771711019313,132.8924858689316,0.1469738628135,315.8845941765829,0.005148693147032108,0.00024144995687764602,0.045148527383228367,0.0002198813269831,1.4898002577192178,0.46124531565620003,0.0003822889481603758,0.0380321117842328,95.6046822642231
218,"market for battery capacity, Li-ion, NMC622",ei_cutoff_3.10_remind_SSP2-PkBudg650_2050 2025-10-10,Market for NMC622,"market for battery capacity, Li-ion, NMC622 (GLO)",MWh,0.001,GLO,1276.4694037446952,0.10338322537707,197.1104375320406,1274.219818857059,0.0016518481211488837,0.024634387839497528,3.576248607704793e-07,2.2163742596514,2.131252834211727e-06,2.6014634997133116e-08,105.8425253949499,303.71844977232746,0.19348521224690002,344.18248484706646,0.006430874719566968,0.00030241476129684483,0.059885313603314935,0.000277618209325,1.654608834531095,0.5755896600222999,0.00017623838194007603,0.04722869836836746,125.46507291949091
219,"battery production, Li-ion, LFP, rechargeable, prismatic",ei_cutoff_3.10_remind_SSP2-PkBudg650_2050 2025-10-10,LFP,"battery production, Li-ion, LFP, rechargeable, prismatic (CN)",kWh,0.116,CN,1.8137309436465017,0.0055173872212871,0.0014672393633672412,0.9189009855474716,1.6434371916028318e-06,2.6600709222473846e-05,3.7562899819633755e-08,0.003398679563597414,3.065968165333641e-07,3.188010858428743e-09,0.0857466161834724,0.020690028179937932,0.0003560892088756784,0.05382183635915258,9.498224894612127e-06,3.8550054895771096e-07,0.00011514365377442145,4.6615637834363926e-05,0.0664083053661006,0.0008191202636793789,-4.721495371634239e-07,5.20887485508422e-05,0.1585909639029974
220,"market for electricity, medium voltage",ei_cutoff_3.10_remind_SSP2-PkBudg650_2050 2025-10-10,"Alberta electricity market, medium voltage","market for electricity, medium voltage (CA-AB)",kWh,1.0,CA-AB,0.0002144656006071,2.3166050592149307e-05,1.320340928624451e-07,5.344577824587394e-05,4.238280230959363e-09,2.229230979762765e-07,3.6235296424598317e-10,5.052952368966549e-06,1.3918151424795886e-09,1.49377152843199e-10,4.027608338115667e-08,2.464806521355285e-05,3.8814824630723414e-08,2.069571907366948e-05,8.806366347675452e-11,1.749704025676533e-10,1.4557181510571354e-08,2.292522254760626e-08,0.0002481806022419,2.651041494871398e-07,8.091551992137814e-09,1.674523618725223e-07,3.476122583329986e-05
221,"market for electricity, low voltage",ei_cutoff_3.10_remind_SSP2-PkBudg650_2050 2025-10-10,"Swiss electricity market, low voltage","market for electricity, low voltage (CH)",kWh,1.0,CH,0.0003360770235563,3.9454170244450467e-05,7.350718423168173e-07,0.000479545609662,1.0070007371947036e-08,3.572527925817874e-07,1.2944500777480754e-10,8.082108814819892e-06,2.377842921363939e-09,2.084698642364026e-10,6.86955998601652e-08,4.088837979986913e-05,8.828395124718767e-08,4.133172958798994e-05,6.959524724665842e-10,2.7198529671874585e-10,3.414316714291912e-08,1.999519444763634e-07,0.0005627083028352,4.196961342784258e-07,-6.194822810939992e-10,3.997563152242171e-07,9.304677803193128e-05
222,"gas turbine construction, 10MW electrical",ei_cutoff_3.10_remind_SSP2-PkBudg650_2050 2025-10-10,,"gas turbine construction, 10MW electrical (RER)",MW,10.0,RER,36.40056979537647,722.9011469249153,0.6892301733271687,417.34006585881315,0.00051665859605209,0.00771174715149186,0.0011508357599582,0.20552997683570765,0.0079347121892592,0.000289692607516,0.06253891256852508,58.677815261386435,0.01049273430436638,66.6098966135502,0.00060056278466654,0.00024316938535413998,0.00199319690213009,1.729048564646109,2110.480625287788,0.02248502971374324,-0.00069201189652456,0.01667617359018634,41.0763191849387
223,"fuel cell production, polymer electrolyte membrane, 2kW electrical, future",ei_cutoff_3.10_remind_SSP2-PkBudg650_2050 2025-10-10,Fuel Cell,"fuel cell production, polymer electrolyte membrane, 2kW electrical, future (RoW)",kW,1.0,RoW,15.121031639570976,10.53265112726105,0.0332047279848194,5.634240007664356,0.0001138500375341,0.0008722256083873,7.981697806918395e-05,9.514643071099345,4.8308240221654125e-05,1.2060246301461428e-06,0.0065568631346722,1.7428850805245093,0.004838788827581,7.646977515533546,0.0001021702622202,0.0026140045890173,0.0003285076517397,0.0021928647852199,5.6608816601918415,0.0061328747809623,5.826618246584535e-05,0.0016231685432584,1.0701088145397362
224,"market for battery capacity, Li-ion, NCA",ei_cutoff_3.10_remind_SSP2-PkBudg650_2050 2025-10-10,Market for NCA,"market for battery capacity, Li-ion, NCA (GLO)",MWh,0.001,GLO,1076.3438699670276,0.092269073348816,115.1125981894956,1054.8841862722516,0.0013516858077022302,0.019589637642262805,3.042695172437047e-07,3.2253156805672,1.723858688847369e-06,2.1050922988526905e-08,41.6149842737071,47.7934410291182,0.13572209250109998,318.03066773716995,0.005402327196314923,0.0002526064915841032,0.04123408915170277,0.0002297709041056,1.5079611138187434,0.4830576434007,0.0003599531066447329,0.03893225914068778,99.7109854596698
225,"furnace production, wood chips, average storage area, 50kW",ei_cutoff_3.10_remind_SSP2-PkBudg650_2050 2025-10-10,,"furnace production, wood chips, average storage area, 50kW (RoW)",MW,0.05,RoW,560.7966870764394,2.4627513934486824,3.7630367412491976,286.35849472388077,0.009068636642515998,0.06480152250345199,0.0003486688857689,2.0859384077672596,0.0003254569160309,6.0136896036788836e-06,4.015388300457952,244.9218147339592,0.41038014262685396,129.98143255552486,0.0006662949828172055,0.0006033633179872374,0.023821949291372,0.0052113812217879,21.775866344203926,0.886890323428276,0.0033366718681679996,0.10691869561803799,234.07215067342847
226,"market for battery capacity, Li-ion, NMC532, stationary",ei_cutoff_3.10_remind_SSP2-PkBudg650_2050 2025-10-10,"Market for NMC532, stationary","market for battery capacity, Li-ion, NMC532, stationary (GLO)",MWh,0.001,GLO,1174.5835259903,0.0873520341508508,259.9400920250318,1205.6476622982746,0.0016535335257214538,0.02424084872206434,3.675894818667862e-07,2.11760703274,2.069545562726056e-06,2.5689111674639407e-08,99.89895264655759,281.0517418739978,0.18762962513099998,273.54867621875366,0.006074790621346229,0.00028794007915350345,0.05771429277173037,0.0002631503934786,1.3576071757100563,0.5477062950134,0.0002486734958823587,0.046189306168439616,122.7329317177586
227,"nuclear power plant construction, pressure water reactor, 1000MW",ei_cutoff_3.10_remind_SSP2-PkBudg650_2050 2025-10-10,Pressure water reactor - DE,"nuclear power plant construction, pressure water reactor, 1000MW (DE)",MW,1000.0,DE,513.7085065586966,574188.9028503334,3.600066249330798,1395.9421058181495,0.013685218018348112,0.17637943990303728,2.242254488832938,4.4877870916223666,5807.707239469738,0.3699133360993034,1.1951027740477014,1213.4924747959112,0.2444775714279405,877.3417557826865,0.0020724100889697255,0.0010129787222418146,0.055279973515548836,675.9900512101837,1034530.9250437164,8.823067899720163,0.002548508391867088,1.141963223529502,475.6062833472469
228,"battery production, Li-ion, NMC811, rechargeable, prismatic",ei_cutoff_3.10_remind_SSP2-PkBudg650_2050 2025-10-10,NMC811,"battery production, Li-ion, NMC811, rechargeable, prismatic (CN)",kWh,0.149,CN,1.6978533641378848,0.0214271175312561,0.1335816780876423,1.606236512000396,1.8918498923855698e-06,2.8848696117027782e-05,5.305100107466905e-08,0.005007833955404027,3.795206724939702e-07,4.2642212689662724e-09,0.06777744063039262,0.2137881436698557,0.00022414621978695702,0.5091351916928336,8.321543490514158e-06,3.7578879293226126e-07,7.046514397023322e-05,5.252161412337155e-05,0.3567730558610558,0.0007313237568080537,-6.298302813072717e-07,5.855253421487093e-05,0.14730994556594362
229,"auxiliary heating unit production, electric, 5kW",ei_cutoff_3.10_remind_SSP2-PkBudg650_2050 2025-10-10,,"auxiliary heating unit production, electric, 5kW (RoW)",MW,0.005,RoW,4.70543029820436,0.2257755428561057,0.03391330978438,4.16677303021064,2.5833157242709672e-05,0.00041877928794610504,3.0867241991292943e-08,0.03267500759224,1.6611092848249564e-07,2.261813701086508e-09,0.0033349091087625815,0.34495986656169997,0.0005008145778025368,30.4072663073228,5.470434532557141e-06,2.349574516463053e-06,8.437770660929524e-05,7.446827411671779e-06,0.0253556931248767,0.0011493271338132007,3.371900099360918e-05,0.0008196673379622325,2.6876803306252
230,"wind turbine construction, 4.5MW, onshore, direct drive",ei_cutoff_3.10_remind_SSP2-PkBudg650_2050 2025-10-10,"Wind, onshore (Enercon E112), DD","wind turbine construction, 4.5MW, onshore, direct drive (GLO)",MW,4.5,GLO,1665.0712986895505,4426.355689831857,17.615614329400337,8708.956917252875,9.268374287834861,0.23166390289926453,0.0393412162448933,9.334825491299068,0.2583162785022841,0.0034964510653382,4.9302210276785985,2934.076493363938,97.61542807908849,1314.6622100630204,0.013355744369256555,0.005055072684213156,35.07029728797137,16.938894658321182,24544.098374487563,1.3301510751037153,-0.00801574003089129,50.86398211562265,1508.974139022853
231,"photovoltaic plant construction, 570kWp, multi-Si, on open ground",ei_cutoff_3.10_remind_SSP2-PkBudg650_2050 2025-10-10,PV plant - multi-Si,"photovoltaic plant construction, 570kWp, multi-Si, on open ground (GLO)",MW,0.57,GLO,19575.385244234643,295.04813868706265,7.169853471664382,3679.705616055653,0.02271228622624123,18.510184490611195,0.0016159439716666,660.2542628389156,0.0145911307420359,0.0003056847349322,1.4317891024867533,823.5696306240698,0.6042433893403876,561.5416403368403,0.005479748040919299,0.0023082087793828074,0.17354599860015896,0.8728328688189341,15561.715941928853,36.96989686896482,0.02726750619717281,0.7958546287809313,1957.9327699225526
232,"photovoltaic slanted-roof installation, 3 kWp, CdTe, panel, mounted, on roof",ei_cutoff_3.10_remind_SSP2-PkBudg650_2050 2025-10-10,Rooftop PV - CdTe,"photovoltaic slanted-roof installation, 3 kWp, CdTe, panel, mounted, on roof (RER)",MW,0.003,RER,13300.531788186221,0.7995063474583874,8.7825218849513,6043.50950470218,0.013444347693587566,0.26620144830526665,4.465647391759815e-06,32.748351142926666,4.805459995904244e-05,9.264703615733396e-07,0.6900418380510333,273.6135057982202,0.21976134587829999,344.2292698841953,0.015241834444544283,0.0032463050616084134,0.0619164434881,0.0075246010605707,60.79133240915997,1.9282805315653,56.6266699244806,0.48745302247396666,949.734141866123
233,"market for electricity, low voltage",ei_cutoff_3.10_remind_SSP2-PkBudg650_2050 2025-10-10,"British electricity market, low voltage","market for electricity, low voltage (GB)",kWh,1.0,GB,0.0003050428610417,5.697643536424223e-05,7.770159795520698e-07,0.0004847843317867,1.8846287504807348e-08,2.484646033516476e-07,4.31568866882518e-10,5.767054019882034e-06,3.410331163696774e-09,3.0719400250146597e-10,9.247416369549885e-08,6.288451077142941e-05,1.555273098170674e-07,5.64838695213341e-05,7.127457248832207e-10,2.9151626678299877e-10,6.171173907682386e-08,2.033502092838712e-07,0.000479871104297,3.058486602525687e-07,6.533804214725579e-09,7.510564122378917e-07,0.0001285368937424
234,"wind turbine construction, 750kW, onshore, direct drive",ei_cutoff_3.10_remind_SSP2-PkBudg650_2050 2025-10-10,"Wind, onshore, DD","wind turbine construction, 750kW, onshore, direct drive (RoW)",MW,0.75,RoW,2076.331770633256,906.4932485909766,10.160046229808675,3693.019028453056,12.349013222186356,0.19387916264613292,0.0052836792905447,10.145612553660483,0.0528390606558703,0.0004426810075767,3.987802291883717,2886.9683313436904,129.88847956801217,1494.7847299786083,0.008493003457770534,0.0025178581358576,46.74338203032971,1.3058384236816216,2672.421636875914,1.2204007664324357,0.004660188325512667,67.6316474240624,2342.8094534634806
235,"transmission network construction, electricity, medium voltage",ei_cutoff_3.10_remind_SSP2-PkBudg650_2050 2025-10-10,Medium voltage transmission network construction,"transmission network construction, electricity, medium voltage (RoW)",kilometer,1.0,RoW,1973.391930005393,85.26382084867727,3.644725873015079,2417.1468122780852,0.0011564183193339,0.0165809792690721,0.0003791050933312,3.433438132862705,0.004164926139284,1.9755682537767505e-05,0.2072737863988036,23.424193710288993,0.0375004175851545,93.824057283155,0.0034482340328615,0.0012204614374447,0.0070105194893111,1.0017061400843834,1164.783151857395,0.0666096098732798,-0.0056000288331464,0.0317424440046106,222.33092295874096
236,"electricity production, nuclear, boiling water reactor",ei_cutoff_3.10_remind_SSP2-PkBudg650_2050 2025-10-10,,"electricity production, nuclear, boiling water reactor (CH)",kWh,1.0,CH,1.2324103082449678e-05,1.5170281172330638e-05,4.2976799319947367e-08,1.2277651164630246e-05,1.3252175688400348e-10,2.775899589210502e-09,2.2393612969685105e-11,7.63836105259387e-08,1.6866965767631665e-08,3.676121379762813e-12,1.2124165609196e-08,5.7458362776162405e-06,8.185688625397492e-09,1.1169696460469075e-05,1.545014186855554e-11,9.483436798554209e-12,2.460160231731373e-09,5.260572250165059e-09,2.7936355333960072e-05,2.9863384209749026e-08,6.617968474532558e-11,6.419311134631833e-09,6.6159927716434104e-06
237,"battery production, Li-ion, NMC532",ei_cutoff_3.10_remind_SSP2-PkBudg650_2050 2025-10-10,NMC532,"battery production, Li-ion, NMC532 (GLO)",kilogram,1.0,GLO,0.2340070540137045,0.016905239560064,0.0522677475964244,0.2405469013338793,2.796920873319607e-07,4.2941212427976e-06,5.4451125811764096e-08,0.0004100294966672,3.8604874307675075e-07,4.587328522704834e-09,0.0200814389091487,0.0562219675931891,3.512692200092873e-05,0.0545231807765176,1.217958383510431e-06,5.54425750496473e-08,1.1042725034008915e-05,5.2169282476643017e-05,0.2691228398203225,0.0001073373057548,3.416862707142775e-09,8.288370298642733e-06,0.0230835290503397
238,"battery production, Li-ion, NMC111, rechargeable, prismatic",ei_cutoff_3.10_remind_SSP2-PkBudg650_2050 2025-10-10,NMC111,"battery production, Li-ion, NMC111, rechargeable, prismatic (CN)",kWh,0.143,CN,1.5694974781235127,0.0136119106194297,0.40618558986570286,1.5708354762764896,2.0332773983401905e-06,3.057703058172005e-05,5.3142691641456574e-08,0.0028780971678916086,3.86825626309896e-07,4.399267426092351e-09,0.07441788719228112,0.593207514200977,0.00022061395096296366,0.2767589054032427,8.514540355165259e-06,3.790159844364201e-07,6.903200765234694e-05,5.203441063388938e-05,0.2065917970150185,0.0007501576572559441,-5.684105589276454e-07,6.13216419342596e-05,0.16311982528359792
239,"market for electricity, medium voltage",ei_cutoff_3.10_remind_SSP2-PkBudg650_2050 2025-10-10,"North India electricity grid, medium voltage","market for electricity, medium voltage (IN-Northern grid)",kWh,1.0,IN-Northern grid,0.0003843352684948,2.960427979222784e-05,3.063713456900726e-07,0.0001625879383943,9.757388442644121e-09,4.72338794571538e-07,1.1844911406516488e-10,1.0585269119074212e-05,4.246590213192795e-09,2.99301949446615e-10,5.6448324916619954e-08,3.7572171512236744e-05,8.60765334321667e-08,2.9740231857529625e-05,2.551319192269033e-10,7.528202888615311e-10,3.3533622906435824e-08,6.859583227195021e-08,0.0005248882487972,5.528629164624691e-07,5.1493832528088e-10,3.8845648524652585e-07,6.782856076423281e-05
240,"market for electricity, low voltage",ei_cutoff_3.10_remind_SSP2-PkBudg650_2050 2025-10-10,"Alberta electricity market, low voltage","market for electricity, low voltage (CA-AB)",kWh,1.0,CA-AB,0.0003186146112842,3.013765974192289e-05,1.772623236033196e-07,8.0309363043342e-05,4.463233410375598e-09,2.333140985593338e-07,3.9284240625096966e-10,5.435552784913422e-06,1.5042937824051675e-09,1.5652874802160306e-10,5.0050591339020644e-08,2.678912788952373e-05,4.1670997563970946e-08,2.315905128361329e-05,1.2733999272905667e-10,1.9756767533243288e-10,1.5365427586218238e-08,3.4225027184459585e-08,0.000275556396032,2.790407340144963e-07,8.409693438135384e-09,1.758199408204895e-07,3.879597481855394e-05
241,"photovoltaic slanted-roof installation, 3kWp, a-Si, panel, mounted, on roof",ei_cutoff_3.10_remind_SSP2-PkBudg650_2050 2025-10-10,Rooftop PV - a-Si,"photovoltaic slanted-roof installation, 3kWp, a-Si, panel, mounted, on roof (RoW)",MW,0.003,RoW,58855.40878517799,11.18629771491297,16.894633880167,10299.604896188088,0.039363182507700004,0.7014859423516,0.1778451963405464,218.35717717924433,0.0023176836106781,2.815458995942134e-06,2.1116438492786664,2053.5838404588058,1.1735470563407,1881.3600801530026,0.014931286894107222,0.0058794987402639234,0.35464399261363333,0.0129285055179485,28.439255870039094,2.1307474224287666,16.16858575070363,1.4231422401607,45497.922201358146
242,"electrolyzer production, 1MWe, AEC, Stack",ei_cutoff_3.10_remind_SSP2-PkBudg650_2050 2025-10-10,H2 Electrolyzer,"electrolyzer production, 1MWe, AEC, Stack (RER)",MW,1.0,RER,881.2788358650101,4434.448086868942,10.388357207181729,289.8649766741593,0.0074680394487944,0.1118419057397674,0.0010290277387543,78.70609569918251,0.0143196431518779,0.0001481429049242,0.5118274385030817,61.68008829179792,0.2147845246826703,5848.4059139734845,0.0003937722036314,1.2423153535602336,0.0613073162013523,0.1292029099150761,799.8809927766741,234.57395438722253,0.0070075151925822,0.2600959852590798,1164.768570272622
243,"gas power plant construction, combined cycle, 400MW electrical",ei_cutoff_3.10_remind_SSP2-PkBudg650_2050 2025-10-10,,"gas power plant construction, combined cycle, 400MW electrical (RER)",MW,400.0,RER,955.1239845223648,398190.60915889905,4.073200561144287,963.8979116383975,0.0023463392752389165,0.03659569095358111,0.2122617061181138,2.2921935833357785,0.8983950399937736,0.0537397361007998,0.28807234670817405,271.096915733539,0.04640937141413035,752.1815737583004,0.001385473784418235,0.0006151875794803935,0.008503440042531885,157.86123442823333,248222.23162733877,0.10148576683235902,-0.00030556784531192297,0.07537295264420603,115.29994046230067
244,"wind power plant construction, 2MW, offshore, moving parts, direct drive",ei_cutoff_3.10_remind_SSP2-PkBudg650_2050 2025-10-10,"Wind, offshore, moving parts (Bonus 2 MW), DD","wind power plant construction, 2MW, offshore, moving parts, direct drive (GLO)",MW,2.0,GLO,1392.9628068032096,12277.862722807338,5.500391495174422,916.3600687018481,9.255468816329495,0.0860867797703319,0.0028313642602485,5.462410385282062,0.0766292021267469,0.0002408632500217,0.7721291149291867,1168.5749804187028,97.16927647738184,4216.725565502276,0.0012732591628319,0.0005660444206497,35.03694181793515,1.0205756221150448,3266.2989721410763,0.2600535999878939,0.00529537977392305,50.6201826492507,595.3330143936008
245,"heat pump production, 30kW",ei_cutoff_3.10_remind_SSP2-PkBudg650_2050 2025-10-10,Heat pump,"heat pump production, 30kW (RER)",MW,0.03,RER,92.29290213526927,1.9669551771020832,2.58131829339775,1799.7325182171467,0.0010482478885035743,0.01782058515525667,5.682894785946304e-06,0.48396916931310335,9.633726402646653e-05,1.5346618952871525e-06,0.09848043806422001,121.94713748721198,0.11375828142154668,103.94304249496365,0.002558469762380635,0.0009051682187947667,0.03579480677817334,0.0224030906649874,23.59029874005113,0.04516150447387667,-0.0034522125395633333,0.03482447687680333,177.07239917542591
246,"market for battery capacity, Sodium-ion, SiB, stationary",ei_cutoff_3.10_remind_SSP2-PkBudg650_2050 2025-10-10,"Market for SiB, stationary","market for battery capacity, Sodium-ion, SiB, stationary (GLO)",MWh,0.001,GLO,483.192173196204,0.0635645157665399,14.1504042728775,466.3138580274479,0.0020167969220292545,0.025347625806058528,3.197459665789759e-07,1.1770131712964,9.297820310421958e-07,3.2892128158127686e-08,0.1698958488335,1035.9649867544254,0.054488308998247685,246.11787096203219,0.0002891498669352869,0.00013888919896166727,0.014251293754703132,7.317927703987392e-05,0.9468383486542434,0.06469837635859467,0.0009651723588691796,0.0640697300632399,51.26603829018
247,"wind turbine construction, 4.5MW, onshore",ei_cutoff_3.10_remind_SSP2-PkBudg650_2050 2025-10-10,"Wind, onshore (Enercon E112)","wind turbine construction, 4.5MW, onshore (GLO)",MW,4.5,GLO,1935.890927948118,5001.513011226416,17.590549813990425,8689.880280626352,1.273986735159444,0.2343509735563131,0.039192642051521,10.182493898853224,0.2919978934470558,0.0035076596612662,4.908232068171858,3773.1475671547532,10.080083810281113,1374.493042187054,0.013320413221127977,0.005042855457181288,4.066786015596957,16.856487423560754,21525.53296945628,1.3276266584142125,-0.008832345256870468,50.88210365583098,5514.782968931583
248,"nuclear power plant construction, pressure water reactor, 1000MW",ei_cutoff_3.10_remind_SSP2-PkBudg650_2050 2025-10-10,Pressure water reactor - FR,"nuclear power plant construction, pressure water reactor, 1000MW (FR)",MW,1000.0,FR,513.7085041125827,574188.9027686847,3.6000662457436374,1395.9421036478443,0.01368521801581394,0.17637943987639348,2.2422544874740544,4.487787087285385,5807.707239463773,0.3699133360284776,1.1951027733660213,1213.492474639312,0.2444775713347838,877.3417556393364,0.0020724100856109946,0.0010129787209887692,0.055279973505365704,675.9900503157443,1034530.918264655,8.82306789954365,0.0025485082266599283,1.1419632234763504,475.6062829785177
249,"electricity production, natural gas, combined cycle power plant",ei_cutoff_3.10_remind_SSP2-PkBudg650_2050 2025-10-10,,"electricity production, natural gas, combined cycle power plant (CH)",KWh,1.0,CH,0.0001019147701149,5.1452555041875506e-05,2.7764263066486586e-07,0.0001171594474689,5.240913419451636e-10,1.1340123662309088e-08,1.0435927117772074e-10,3.9671248366695625e-07,6.678514019498984e-10,1.2881430625544483e-11,5.47000390016661e-08,1.5840040929250797e-05,1.1387289522634561e-08,4.122757019065893e-05,3.2855009801369e-10,6.471624908857827e-11,2.430512175172812e-09,4.8086289311935865e-08,0.0014419801829171,3.5882517848725054e-08,4.659369772909731e-11,1.7178701331038232e-08,4.713574716309853e-05
250,"market for battery capacity, Li-ion, LFP, stationary",ei_cutoff_3.10_remind_SSP2-PkBudg650_2050 2025-10-10,"Market for LFP, stationary","market for battery capacity, Li-ion, LFP, stationary (GLO)",MWh,0.001,GLO,1319.6288526111498,0.0373147425772203,1.1133861159896,672.247650496984,0.0014132213247384333,0.021797797038454175,3.0955493467048234e-07,2.5246753004601,2.0396989111397076e-06,2.2403689118332693e-08,61.976257403106096,16.2661266484714,0.2682960153004,41.0633802661173,0.006877117695243642,0.0002886705717964293,0.08569148030617935,0.000293608384883,0.430982789344638,0.6030083206483,-0.00013193407885496038,0.042095842777522756,121.71405821243619
251,"wind turbine network connection construction, 4.5MW, onshore",ei_cutoff_3.10_remind_SSP2-PkBudg650_2050 2025-10-10,,"wind turbine network connection construction, 4.5MW, onshore (GLO)",,,GLO,,1407.139782580181,,,,,0.0013251409034253,,0.0313993366808961,0.0001891281580355,,,,,,,,6.68696849579535,7454.139632515108,,,,
252,"market for battery capacity, Li-ion, NMC622, stationary",ei_cutoff_3.10_remind_SSP2-PkBudg650_2050 2025-10-10,"Market for NMC622, stationary","market for battery capacity, Li-ion, NMC622, stationary (GLO)",MWh,0.001,GLO,1276.4694037446952,0.10338322537707,197.1104375320406,1274.219818857059,0.0016518481211488837,0.024634387839497528,3.576248607704793e-07,2.2163742596514,2.131252834211727e-06,2.6014634997133116e-08,105.8425253949499,303.71844977232746,0.19348521224690002,344.18248484706646,0.006430874719566968,0.00030241476129684483,0.059885313603314935,0.000277618209325,1.654608834531095,0.5755896600222999,0.00017623838194007603,0.04722869836836746,125.46507291949091
253,"wind power plant construction, 2MW, offshore, fixed parts, direct drive",ei_cutoff_3.10_remind_SSP2-PkBudg650_2050 2025-10-10,"Wind, offshore, fixed parts(Bonus 2 MW), DD","wind power plant construction, 2MW, offshore, fixed parts, direct drive (GLO)",MW,2.0,GLO,474.2722210584655,388.0424006491491,5.273410020450526,1835.918442302984,0.0076970256151732,0.1033396591960702,0.0067420774661996,2.786401537098731,0.0484306593151331,0.0009664660932783,1.8900139543482963,1403.9241828789316,0.23278234526628516,623.8927049735746,0.002751627363759,0.0012490530902182,0.0262643120295824,1.5269528890609478,3650.512115700666,0.5168212579170474,0.0014233020876179,0.1840840049533091,311.41431749018756
254,"market for battery capacity, Li-ion, NMC111",ei_cutoff_3.10_remind_SSP2-PkBudg650_2050 2025-10-10,Market for NMC111,"market for battery capacity, Li-ion, NMC111 (GLO)",MWh,0.001,GLO,1548.286208852387,0.0968264484570245,397.9190764839113,1548.523756075921,0.002236929221050374,0.03213725587833878,4.894944999017251e-07,2.8832711915027,2.7903875441850912e-06,3.466640422394419e-08,72.96030648669539,582.5770461247776,0.2304379836265,273.7750820617908,0.008360119857015052,0.00038706387044376025,0.0703564915884138,0.0003602263406302,1.4346730635357443,0.7512091035761,0.0007202652246086705,0.06319707865056265,167.51368112727317
255,"wind power plant construction, 800kW, moving parts, direct drive",ei_cutoff_3.10_remind_SSP2-PkBudg650_2050 2025-10-10,"Wind power plant, moving parts (Nordex N50/800 plant), DD","wind power plant construction, 800kW, moving parts, direct drive (GLO)",MW,0.8,GLO,1103.259568203949,3590.5395094979367,5.410364310609737,1729.3994012767796,9.254097913555063,0.06475313525488888,0.0008267818296189,4.730831584724973,0.0313720503511293,6.81991571246801e-05,0.5618301095953978,1110.2271855259914,97.13043959875743,3102.5180310822475,0.0024360963710484997,0.00093805621293725,35.02928804947663,0.6849798242928369,1453.4735246870946,0.19758950092088337,0.001096599516096625,50.57837348103712,655.502336961506
256,"battery module production, for SiB battery",ei_cutoff_3.10_remind_SSP2-PkBudg650_2050 2025-10-10,Sodium-ion,"battery module production, for SiB battery (GLO)",kilogram,1.0,GLO,0.0564431723027544,0.0071523871619908,0.0016894375336807,0.054587148595419,2.056932573250469e-07,2.626566570593812e-06,2.6215970981712352e-08,0.0001300229764001,9.05924704722324e-08,3.537116423583e-09,1.3606686350466544e-05,0.1241034946002881,4.756500499890057e-06,0.0291826976867675,3.2026892005873033e-08,1.5021877522595748e-08,1.304766365617189e-06,8.243624344831923e-06,0.110813117095901,5.938288991009176e-06,8.219005182807735e-08,6.970230722414319e-06,0.0050011722361897
257,"transmission network construction, electricity, high voltage direct current aerial line",ei_cutoff_3.10_remind_SSP2-PkBudg650_2050 2025-10-10,HVDC transmission network construction,"transmission network construction, electricity, high voltage direct current aerial line (RER)",kilometer,1.0,RER,6945.102405481135,28.16066920380695,0.7756158629387098,86.35597729096631,0.0040456811549805,0.0447886551859904,0.0019526209898947,11.796680065206466,0.0071345152745345,9.598531062834815e-05,0.5507267342109343,291.34064501830954,0.1291882887804194,29.923202470442565,0.0015639924319007,0.00057251155133,0.0128273240923042,0.0330335900200008,695.8199997834265,0.200441747939986,0.0019427065833177,0.0898787116893044,628.9950437463287
258,"market for battery capacity, Li-ion, NMC111, stationary",ei_cutoff_3.10_remind_SSP2-PkBudg650_2050 2025-10-10,"Market for NMC111, stationary","market for battery capacity, Li-ion, NMC111, stationary (GLO)",MWh,0.001,GLO,1548.2862086990804,0.0968264484512116,397.9190764837078,1548.5237560054184,0.002236929220683053,0.0321372558737503,4.894944996575739e-07,2.8832711911786997,2.7903875429771765e-06,3.466640421158923e-08,72.9603064865955,582.5770460956941,0.2304379836141,273.7750820476416,0.008360119856895058,0.0003870638703876063,0.0703564915873037,0.0003602263406012,1.4346730632026454,0.7512091035502,0.0007202652371306712,0.06319707864298761,167.5136810188381
259,"battery production, Li-ion, NMC622",ei_cutoff_3.10_remind_SSP2-PkBudg650_2050 2025-10-10,NMC622,"battery production, Li-ion, NMC622 (GLO)",kilogram,1.0,GLO,0.2406527611600554,0.0191404218124811,0.0374019889495548,0.2404377667405614,2.751361651156905e-07,4.253588500396003e-06,5.373575168843878e-08,0.0004091417242356,3.825947832372736e-07,4.516955119192687e-09,0.0200809817729474,0.057424296557519,3.482855236645306e-05,0.0649666515783329,1.217788774672687e-06,5.560539043637222e-08,1.095597043154806e-05,5.21421831080498e-05,0.311193072498361,0.0001071990232157,-3.75944916497679e-10,8.236979229419048e-06,0.0226508276413243
260,"photovoltaic slanted-roof installation, 3kWp, single-Si, panel, mounted, on roof",ei_cutoff_3.10_remind_SSP2-PkBudg650_2050 2025-10-10,Rooftop PV - single-Si,"photovoltaic slanted-roof installation, 3kWp, single-Si, panel, mounted, on roof (RER)",MW,0.003,RER,14991.772886477245,1.0151484695083104,9.845539267588567,6453.179516565383,0.02171676029013089,17.623183754003534,5.984061874807415e-06,362.9470896436711,6.495486264791202e-05,1.2552653171178684e-06,0.9363935501721333,405.352502832146,0.5123426456371334,395.07246618543996,0.015894956150537192,0.003564426620219188,0.15731797406923334,0.0080399498585353,54.03248562194445,20.856539694754733,0.014730629688907593,0.7898227092471001,1350.441467561647
261,"nuclear power plant construction, pressure water reactor, 1000MW",ei_cutoff_3.10_remind_SSP2-PkBudg650_2050 2025-10-10,Pressure water reactor - CH,"nuclear power plant construction, pressure water reactor, 1000MW (CH)",MW,1000.0,CH,467.1419823576536,562373.8823844679,3.1232686351893224,1376.8926439799318,0.0081634680653451,0.22567529519895554,1.142287596006361,5.455192855815416,5806.669039431759,0.3131884244959584,0.6414771777513723,1195.265012930027,0.1559497705867678,865.430291023658,0.0020066854204365448,0.0008980823334279193,0.038622426329978345,669.5220748193143,1054608.3702781417,8.770712448792313,-0.0014042586189250733,0.9558128457001484,448.60819035640895
262,"market for battery capacity, redox-flow, Vanadium, stationary",ei_cutoff_3.10_remind_SSP2-PkBudg650_2050 2025-10-10,Market for vanadium redox-flow battery,"market for battery capacity, redox-flow, Vanadium, stationary (GLO)",kWh,0.001,GLO,125.10591526651598,0.1111174928187045,0.8294333489543,394.25979868180923,0.002954727345633771,0.03306505910172774,6.623204548104608e-07,795.6290240668447,3.277513518315697e-06,4.080913114555349e-08,0.32773602237219995,35.5367657272342,0.1329223438837,60.4699484620053,0.000613014311000703,0.0003619805890961666,0.0357845988215318,0.0001630284181375,0.7055420144016645,0.10685848929759999,0.0014349338429452507,4757.501621088335,260.2736594470473
263,"electricity production, natural gas, conventional power plant",ei_cutoff_3.10_remind_SSP2-PkBudg650_2050 2025-10-10,,"electricity production, natural gas, conventional power plant (DE)",KWh,1.0,DE,0.0001599764009913,7.563230331550761e-05,4.244005133762905e-07,0.0001861548571526,1.1062052229220083e-09,1.5010038426174273e-08,1.7592013668282718e-10,5.646647676181625e-07,1.1029594274455476e-09,2.3233275230432347e-11,8.907074995450993e-08,2.477206516565541e-05,2.0387544810304253e-08,6.119878599095047e-05,5.24857883100466e-10,1.0250307228452636e-10,4.770663619563047e-09,7.646821819702549e-08,0.0023280990792887,5.4421526523587266e-08,2.8906524554945067e-10,3.819969504188756e-08,7.687747589547769e-05
264,"wind power plant construction, 800kW, moving parts",ei_cutoff_3.10_remind_SSP2-PkBudg650_2050 2025-10-10,"Wind power plant, moving parts (Nordex N50/800 plant)","wind power plant construction, 800kW, moving parts (GLO)",MW,0.8,GLO,1374.0798649679346,3692.7898350935425,5.385302860724996,1710.3243409639097,1.2597100880740513,0.06744040645605037,0.0008003701632548,5.578505175055588,0.0373621877256456,7.019196990231723e-05,0.53984213316379,1949.2983528966915,9.5950991978968,3162.349030671999,0.0024007677591749996,0.00092584028324625,4.025776424378582,0.6703301681710193,916.8918041127184,0.19506560485800836,0.000280008740008625,50.59649567855421,4661.311746135449
265,"nuclear power plant construction, boiling water reactor 1000MW",ei_cutoff_3.10_remind_SSP2-PkBudg650_2050 2025-10-10,Boiling water reactor - DE,"nuclear power plant construction, boiling water reactor 1000MW (DE)",MW,1000.0,DE,547.025712126509,583495.1182152751,3.8470915820371143,1409.7631785824276,0.01432530144726548,0.18326816579008784,2.5948505133347366,4.679815804230943,5808.048391852713,0.3992453463081022,1.3973938129640238,1287.4185054796162,0.37587939257014663,898.0029950095383,0.0021079831339736645,0.0010478138668197098,0.09373710626661286,681.303412165202,1087937.3404698477,8.871187980262574,0.002876050083646718,1.1545493333051773,487.70210085009626
266,"electricity production, nuclear, pressure water reactor",ei_cutoff_3.10_remind_SSP2-PkBudg650_2050 2025-10-10,,"electricity production, nuclear, pressure water reactor (CH)",kWh,1.0,CH,1.1284296903857434e-05,1.4316414182016712e-05,4.063611164211575e-08,1.1876099539794104e-05,1.2002740582508026e-10,2.402206392692319e-09,2.0483451050981757e-11,6.69451092836353e-08,1.877579675602773e-08,3.3392245632704684e-12,1.1119555375038669e-08,5.660201594081972e-06,7.801788800718558e-09,1.072825610674508e-05,1.4985176989641772e-11,9.011845332053256e-12,2.351527760591381e-09,5.133603989285688e-09,2.5695097323914627e-05,3.200183367888264e-08,8.277506794328592e-11,6.147887410148596e-09,6.351973995127544e-06
267,"direct air capture system, solvent-based, 1MtCO2",ei_cutoff_3.10_remind_SSP2-PkBudg650_2050 2025-10-10,Direct air capture system,"direct air capture system, solvent-based, 1MtCO2 (RER)",MtCO2,1.0,RER,292449.55635326094,346060.16085031605,1244.1805363086676,106498.95867720358,3.662033529501468,31.593242810616704,2.0154457800497445,1025.3136417913358,2.348713756365736,0.0669697421090632,1152.0605737922217,202356.1111539899,152.75006822228306,214190.62809698223,0.289206211491918,0.286406785766669,18.74717524668988,38.63438050871007,311896.4220884227,279.7420796348459,1.8992315992184936,61.6130974991685,98423.28720569896
268,"market for battery capacity, Li-ion, LFP",ei_cutoff_3.10_remind_SSP2-PkBudg650_2050 2025-10-10,Market for LFP,"market for battery capacity, Li-ion, LFP (GLO)",MWh,0.001,GLO,1319.6288526111498,0.0373147425772203,1.1133861159896,672.247650496984,0.0014132213247384333,0.021797797038454175,3.0955493467048234e-07,2.5246753004601,2.0396989111397076e-06,2.2403689118332693e-08,61.976257403106096,16.2661266484714,0.2682960153004,41.0633802661173,0.006877117695243642,0.0002886705717964293,0.08569148030617935,0.000293608384883,0.430982789344638,0.6030083206483,-0.00013193407885496038,0.042095842777522756,121.71405821243619
269,"market for battery capacity, Li-ion, NMC532",ei_cutoff_3.10_remind_SSP2-PkBudg650_2050 2025-10-10,Market for NMC532,"market for battery capacity, Li-ion, NMC532 (GLO)",MWh,0.001,GLO,1174.5835260021754,0.0873520341515511,259.9400920250418,1205.6476622868572,0.0016535335258193778,0.02424084872312866,3.6758948194204235e-07,2.1176070327749,2.069545563035274e-06,2.5689111672812267e-08,99.8989526465797,281.051741882178,0.1876296251337,273.5486762216612,0.006074790621347175,0.0002879400791465152,0.057714292772080615,0.0002631503934732,1.3576071757133823,0.5477062950188999,0.0002486735335623642,0.046189306170471504,122.7329317477624
270,"hydropower plant construction, reservoir, non-alpine regions",ei_cutoff_3.10_remind_SSP2-PkBudg650_2050 2025-10-10,Hydro run-of-river,"hydropower plant construction, reservoir, non-alpine regions (RER)",MW,175.0,RER,102619.03194454461,41935490.7247636,692.3116480330642,36489.80427942108,1.8470881657490288,17.490407098195913,163.0509230082993,517.2914661089238,104.23677994640566,7.506453512859101,560.4681410529979,86260.96375320663,59.399619467466245,193502.84717055468,0.08735012020237186,0.06948136182251492,5.274630613969255,2225.168667151984,17515624.788813934,120.5169513188785,0.6514157941437118,40.026624069378116,14585.770537206692
271,"wind turbine construction, 750kW, onshore",ei_cutoff_3.10_remind_SSP2-PkBudg650_2050 2025-10-10,"Wind, onshore","wind turbine construction, 750kW, onshore (RoW)",MW,0.75,RoW,2209.515004257385,879.7043334530109,9.963411491902773,3649.7591784503397,1.2710117393780709,0.19197389491854108,0.0052168103847464,9.974935432007067,0.0479681656148106,0.0004413038059635,3.935857357628707,3390.7543809272684,10.009685539722826,1434.5465085503122,0.008420515489796934,0.0024875156100752,4.070616145968316,1.2446072512905433,1960.5778248346296,1.203350701394911,0.003558409852561867,50.823510670256006,5970.740331033229
272,"wind power plant construction, 2MW, offshore, fixed parts",ei_cutoff_3.10_remind_SSP2-PkBudg650_2050 2025-10-10,"Wind, offshore, fixed parts (Bonus 2 MW)","wind power plant construction, 2MW, offshore, fixed parts (GLO)",MW,2.0,GLO,474.2722210586042,388.0424006491518,5.27341002045075,1835.9184423029892,0.00769702561520115,0.1033396591961935,0.0067420774660591,2.786401537103056,0.0484306593151172,0.000966466093276,1.8900139543484016,1403.9241828789945,0.2327823452664267,623.8927049736031,0.0027516273638029,0.00124905309022325,0.02626431202963175,1.5269528890619424,3650.5121157010462,0.5168212579172174,0.0014233020752809,0.184084004954114,311.4143174901122
273,"market for battery capacity, Sodium-ion, SiB",ei_cutoff_3.10_remind_SSP2-PkBudg650_2050 2025-10-10,Market for SiB,"market for battery capacity, Sodium-ion, SiB (GLO)",MWh,0.001,GLO,379.3058612828612,0.0498981455696251,11.108067508140401,366.056383654267,0.0015831856058731396,0.019897886534941102,2.510005872901317e-07,0.9239553524013,7.298789050064842e-07,2.5820320964441632e-08,0.1333682432252,813.2325258758977,0.04277332316192506,193.2025313859162,0.0002269826487628956,0.00010902802276312065,0.011187265752984848,5.744573328583128e-05,0.7432681141420919,0.05078822615603303,0.0007576602967570182,0.050294738799145776,40.2438406628154
274,"wind power plant construction, 2MW, offshore, moving parts",ei_cutoff_3.10_tiam-ucl_SSP2-RCP19_2040 2025-10-20,"Wind, offshore, moving parts (Bonus 2 MW)","wind power plant construction, 2MW, offshore, moving parts (GLO)",MW,2.0,GLO,1645.659006088044,12536.137719275774,5.591251021214776,884.3579705656296,1.2593886762729356,0.05194807868664265,0.0034717170103803,5.565733831930268,0.0925832870284808,0.0002046866345938,0.783682238371705,1999.9183332728503,9.639680540144226,4265.4654860328765,0.00122703221631745,0.00076084636900745,4.027520948479219,0.971155309190304,1816.361363276008,0.26169016522207666,0.0012184177575592,50.9864860750299,4588.176698952226
275,"market for battery capacity, Li-ion, NMC811",ei_cutoff_3.10_tiam-ucl_SSP2-RCP19_2040 2025-10-20,Market for NMC811,"market for battery capacity, Li-ion, NMC811 (GLO)",MWh,0.001,GLO,1115.770885508186,0.0967776754450611,87.67208215507651,1056.101734121094,0.0009930404076662137,0.012242644438737632,3.912960223299013e-07,3.1602348591024,1.85439998426842e-06,1.7653776320113956e-08,44.4882665174845,140.00964869021658,0.157188386911,334.9708438058825,0.0054659229096252785,0.00030640907712255563,0.04655731092060841,0.0002319363430613,1.562929978185766,0.49100437716699996,-0.0004741962684781572,0.1207532928536,98.2832725282894
276,"market for electricity, low voltage",ei_cutoff_3.10_tiam-ucl_SSP2-RCP19_2040 2025-10-20,"North India electricity grid, low voltage","market for electricity, low voltage (IN-Northern grid)",kWh,1.0,IN-Northern grid,0.0003304516604401,3.978071501615008e-05,1.2498582060086113e-06,0.0004830627486687,2.2329705736818622e-09,2.3668726855952686e-07,1.5978217112027443e-09,5.85290802645363e-06,5.57027910037172e-09,1.6923299635884752e-11,5.614686594369339e-07,3.0656806153959606e-05,5.2173538537824264e-08,4.1531558215097816e-05,7.683739393680855e-10,6.188632756931334e-10,9.592739327192117e-09,2.007009244910995e-07,0.00049682975802,3.6835744655372905e-07,2.813426103016351e-08,2.038535497512833e-06,7.008625397616491e-05
277,"market for battery capacity, Li-ion, NMC811, stationary",ei_cutoff_3.10_tiam-ucl_SSP2-RCP19_2040 2025-10-20,"Market for NMC811, stationary","market for battery capacity, Li-ion, NMC811, stationary (GLO)",MWh,0.001,GLO,1115.770885508186,0.0967776754450611,87.67208215507651,1056.101734121094,0.0009930404076662137,0.012242644438737632,3.912960223299013e-07,3.1602348591024,1.85439998426842e-06,1.7653776320113956e-08,44.4882665174845,140.00964869021658,0.157188386911,334.9708438058825,0.0054659229096252785,0.00030640907712255563,0.04655731092060841,0.0002319363430613,1.562929978185766,0.49100437716699996,-0.0004741962684781572,0.1207532928536,98.2832725282894
278,"market for battery capacity, Li-ion, NMC622",ei_cutoff_3.10_tiam-ucl_SSP2-RCP19_2040 2025-10-20,Market for NMC622,"market for battery capacity, Li-ion, NMC622 (GLO)",MWh,0.001,GLO,1304.1415747174417,0.1061230061906442,202.3189992991592,1302.8338771232666,0.0012196638620787842,0.015274420041803344,4.692190859250357e-07,2.0698708796245002,2.2906568350700345e-06,2.1145046126815162e-08,108.618191739593,310.32215209452306,0.2003385243112,352.3128793800238,0.00659343633236947,0.0003804627984266571,0.059780028815380776,0.0002826784025815,1.6690799514449286,0.5927013636246999,-0.000689371937245747,0.1487694976086,124.6465219981747
279,"battery production, Li-ion, LFP, rechargeable, prismatic",ei_cutoff_3.10_tiam-ucl_SSP2-RCP19_2040 2025-10-20,LFP,"battery production, Li-ion, LFP, rechargeable, prismatic (CN)",kWh,0.116,CN,1.8085464919404,0.0055943051110012,0.0014977210597689654,0.9154949184196663,1.0858638677211323e-06,1.7053221693860305e-05,4.6824112040640084e-08,0.003207986249237069,3.1822242254842154e-07,3.116500244562629e-09,0.0857599053753569,0.01926773297920603,0.00035616111947205716,0.053319634166765516,9.495842486274503e-06,4.375952689370528e-07,0.00011325576438878751,4.642567268727472e-05,0.0642690103098363,0.0008188894410910945,-1.4170238167184497e-06,0.00015614316109242054,0.15453834928019827
280,"market for electricity, medium voltage",ei_cutoff_3.10_tiam-ucl_SSP2-RCP19_2040 2025-10-20,"Alberta electricity market, medium voltage","market for electricity, medium voltage (CA-AB)",kWh,1.0,CA-AB,6.271220057850833e-05,5.102585966622634e-05,2.851193184203645e-07,3.178780616177607e-05,6.1070760321934e-09,1.731733773218724e-08,4.5432256504384656e-10,4.835086358124868e-07,5.687021228690558e-09,6.296729489937817e-12,2.648368338118955e-07,2.7598523230141643e-05,7.015930159993041e-08,4.040315315886403e-05,8.312376057081518e-11,1.335951453399055e-09,2.019194330263986e-08,1.3175984730411641e-08,7.221753207629679e-05,7.887730379505347e-08,8.749277062656184e-10,2.442548946507464e-07,2.9130978230782843e-05
281,"market for electricity, low voltage",ei_cutoff_3.10_tiam-ucl_SSP2-RCP19_2040 2025-10-20,"Swiss electricity market, low voltage","market for electricity, low voltage (CH)",kWh,1.0,CH,0.0002162880631699,7.763119946704155e-05,9.16378114907356e-07,0.0004500386189109,1.3202999440249433e-08,1.507228784599571e-07,4.5417105755796127e-10,3.7151669091354217e-06,6.4693666498373e-09,1.0968254428772666e-11,2.59703363596437e-07,4.497102660484885e-05,1.1277500591706617e-07,6.567630046880724e-05,6.70925967965524e-10,2.5178886667675727e-10,4.39432897647852e-08,1.8790145717398986e-07,0.0003782623089104,2.032165324340655e-07,7.415185166458449e-09,1.5356194034010637e-06,9.61006492029262e-05
282,"gas turbine construction, 10MW electrical",ei_cutoff_3.10_tiam-ucl_SSP2-RCP19_2040 2025-10-20,,"gas turbine construction, 10MW electrical (RER)",MW,10.0,RER,32.599674042852605,705.3583999309677,0.6968789439768929,412.7938276180695,0.0002962670835708,0.0035648209620810405,0.0013430064261953,0.1149792843305234,0.0079055889242467,0.0001038454986224,0.059454835374154934,58.96708405972324,0.00988772386390953,62.97628369040997,0.00059293064360973,0.00027780924267890004,0.0012427076962971098,1.7089359400633155,1999.1919250112885,0.02024891425148677,-0.00092212817398058,0.035209808666323124,38.29995287004321
283,"fuel cell production, polymer electrolyte membrane, 2kW electrical, future",ei_cutoff_3.10_tiam-ucl_SSP2-RCP19_2040 2025-10-20,Fuel Cell,"fuel cell production, polymer electrolyte membrane, 2kW electrical, future (RoW)",kW,1.0,RoW,14.870190610430628,10.544930455986409,0.0333678182692415,5.402400612114791,9.15549935070566e-05,0.0005119207856828,8.08276747204986e-05,9.50713235334684,4.962440432538269e-05,4.0194006396511683e-07,0.0060984340767948,1.6757555583430752,0.0047315988968754,7.548591675128049,0.000111431498982,0.0026251522984645,0.0002542874095623,0.0020902481203233,5.129909753303272,0.0059334264328638,2.136367582716471e-05,0.0037381084988115,0.9222498120022292
284,"market for battery capacity, Li-ion, NCA",ei_cutoff_3.10_tiam-ucl_SSP2-RCP19_2040 2025-10-20,Market for NCA,"market for battery capacity, Li-ion, NCA (GLO)",MWh,0.001,GLO,1138.8104296419663,0.0981749299404851,122.3247329497583,1117.0156403591448,0.0010244688813884862,0.012548831768727654,4.058230583585842e-07,3.2579391745143003,1.928125905088558e-06,1.8192799513997617e-08,44.2086147180164,49.5596452964513,0.14539093136509998,337.1992644682131,0.005735206676491475,0.000321875987931685,0.042367506617218366,0.0002423863491735,1.58176130950607,0.5145075815743,-0.000518673948054426,0.12360511772869999,102.5404190342781
285,"furnace production, wood chips, average storage area, 50kW",ei_cutoff_3.10_tiam-ucl_SSP2-RCP19_2040 2025-10-20,,"furnace production, wood chips, average storage area, 50kW (RoW)",MW,0.05,RoW,650.0856656045448,2.3159585584671514,3.726349892858086,254.3834221019383,0.009173369102688,0.036539729497798,0.0004359917709171,1.4718094590943238,0.0003029260870922,6.9094754717875875e-06,3.37310240606787,232.61340602994326,0.493127728814082,107.9566405472039,0.000611394027812013,0.0015363939882161897,0.02103379490979,0.0045123504663767,18.480111156183508,1.034526521850058,0.0017618148938706541,0.273805630843456,152.889993148885
286,"market for battery capacity, Li-ion, NMC532, stationary",ei_cutoff_3.10_tiam-ucl_SSP2-RCP19_2040 2025-10-20,"Market for NMC532, stationary","market for battery capacity, Li-ion, NMC532, stationary (GLO)",MWh,0.001,GLO,1169.3071745062136,0.0874106823991503,259.9620133340795,1201.0660559494806,0.0012129838998930795,0.014762090748461036,4.7645126856412506e-07,1.9241715856838,2.175588347941102e-06,2.0613583323912018e-08,99.8877165270599,279.7449428346252,0.18995008126139998,272.70473824307277,0.006068647388122565,0.00036303733868430746,0.05613711096815744,0.000261043798779,1.3311031069898125,0.551067949178,-0.0005842872420661143,0.1434006577068,118.88885424569361
287,"nuclear power plant construction, pressure water reactor, 1000MW",ei_cutoff_3.10_tiam-ucl_SSP2-RCP19_2040 2025-10-20,Pressure water reactor - DE,"nuclear power plant construction, pressure water reactor, 1000MW (DE)",MW,1000.0,DE,460.4615615537576,575641.7545830789,3.736732586700283,1350.7327522324288,0.010209323282040607,0.09275104292389488,2.599374611684312,2.7103380581279515,5809.045137259366,0.1362143445269267,1.1534761892928067,1205.6476201981066,0.23959206037099787,851.582815171631,0.0020041155391571203,0.0013840089432212118,0.04345727858601977,655.5823727994382,937414.8636328996,8.778828992260937,-0.000977434584957416,1.7256621914759835,431.18065116886777
288,"battery production, Li-ion, NMC811, rechargeable, prismatic",ei_cutoff_3.10_tiam-ucl_SSP2-RCP19_2040 2025-10-20,NMC811,"battery production, Li-ion, NMC811, rechargeable, prismatic (CN)",kWh,0.149,CN,1.692659499410435,0.021470584304306,0.1336040252089255,1.6011642527517196,1.2539127724748646e-06,2.0134363202666877e-05,6.69725067896373e-08,0.004833483100744967,3.8778183258613025e-07,3.369346913217498e-09,0.06777047985084564,0.21195521219306576,0.00022417558319878577,0.5082063421711303,8.31481536632458e-06,4.389897247189613e-07,6.828156887190525e-05,5.217524432601743e-05,0.3527839356657796,0.0007333147137711409,-1.2690969260035276e-06,0.0001661618268123564,0.142438969749598
289,"auxiliary heating unit production, electric, 5kW",ei_cutoff_3.10_tiam-ucl_SSP2-RCP19_2040 2025-10-20,,"auxiliary heating unit production, electric, 5kW (RoW)",MW,0.005,RoW,4.608835691591779,0.2257984981208967,0.03435960193222,4.0906015073041795,1.6588889862700973e-05,0.00023077118811092232,3.8909048208289746e-08,0.02882427193494,1.760560620554897e-07,1.7274001532518727e-09,0.0034429244945657273,0.32562636560777997,0.0005148756653296868,30.40091655539392,5.39015888818196e-06,3.2230536327132492e-06,5.234419070784157e-05,7.2696470490190995e-06,0.023964189268879,0.001142671763162591,1.378870608161636e-05,0.0022427120192456498,2.6204163872154798
290,"wind turbine construction, 4.5MW, onshore, direct drive",ei_cutoff_3.10_tiam-ucl_SSP2-RCP19_2040 2025-10-20,"Wind, onshore (Enercon E112), DD","wind turbine construction, 4.5MW, onshore, direct drive (GLO)",MW,4.5,GLO,1691.055116809209,4367.609872697004,17.948375701034777,8628.011557158763,9.265035435483851,0.13098212943125612,0.0491748190659111,7.223444548125,0.2586104995189235,0.0019268927806066,4.393612403525577,2928.61180402617,97.69634227200679,1202.7875204694856,0.013234897538300601,0.006326030934607689,35.05580932730825,16.766383690204034,23921.942965614315,1.460945686121884,-0.014823452807631757,51.656579749238276,1406.5710176721946
291,"photovoltaic plant construction, 570kWp, multi-Si, on open ground",ei_cutoff_3.10_tiam-ucl_SSP2-RCP19_2040 2025-10-20,PV plant - multi-Si,"photovoltaic plant construction, 570kWp, multi-Si, on open ground (GLO)",MW,0.57,GLO,21547.403076895047,326.8784246799671,7.990797464129543,3705.185408447433,0.01615261042485965,20.383197687170842,0.0021714036594569,728.8895076941451,0.0167122561105861,0.0001447839635521,1.8605403723000653,874.5325727737743,0.6389365904592367,569.6347100033547,0.005546694077296667,0.002890342850895614,0.1623439600647439,0.8769218126036563,16992.43218032324,40.909660744896826,0.012497763266921228,2.581629440604126,2076.731645618139
292,"photovoltaic slanted-roof installation, 3 kWp, CdTe, panel, mounted, on roof",ei_cutoff_3.10_tiam-ucl_SSP2-RCP19_2040 2025-10-20,Rooftop PV - CdTe,"photovoltaic slanted-roof installation, 3 kWp, CdTe, panel, mounted, on roof (RER)",MW,0.003,RER,13934.496113593565,0.8352796820710789,9.251048473252034,6046.6212740503615,0.0093112754337771,0.1802990753981,5.549688986809296e-06,32.3860066441907,5.35364330329677e-05,1.365057220361628e-06,1.0959453641359667,272.78714760945445,0.21413965405459998,348.0613324017378,0.015269067296993791,0.0036784916398933335,0.04899093130476667,0.0075229277797059,63.3746282052376,1.8934672935364332,60.16862562708106,1.8852178871625,929.9302616981038
293,"market for electricity, low voltage",ei_cutoff_3.10_tiam-ucl_SSP2-RCP19_2040 2025-10-20,"British electricity market, low voltage","market for electricity, low voltage (GB)",kWh,1.0,GB,0.0002702385403908,6.781254180842637e-05,1.9123689904467824e-06,0.000503280703396,1.6067867482978844e-08,1.761042854540512e-07,8.825749820552241e-10,5.110859759448163e-06,5.872514705237074e-09,1.3065420781173527e-11,1.1881298057115766e-06,5.7335754421641625e-05,1.3989991808277912e-07,6.572599451001323e-05,8.481890234582229e-10,3.09198225756311e-10,5.4055576093521915e-08,2.092413449021866e-07,0.0004418746901467,2.513410389411179e-07,1.7803525656473962e-08,6.240127290922314e-06,0.0001155296136011
294,"wind turbine construction, 750kW, onshore, direct drive",ei_cutoff_3.10_tiam-ucl_SSP2-RCP19_2040 2025-10-20,"Wind, onshore, DD","wind turbine construction, 750kW, onshore, direct drive (RoW)",MW,0.75,RoW,2064.1008513722,896.5413974700066,10.277515849702274,3622.50631860473,12.346136398352689,0.11713040449716079,0.0066993813804064,8.517992385346513,0.0532933584822651,0.0002231324785939,3.3186727209517586,2833.295546473771,129.95762893910867,1358.638106379193,0.008372268236789866,0.0038189195873104,46.73086163428661,1.2805114205068726,2573.2930245052544,1.3576321517601915,-0.0018586737523442667,68.28443766407581,2288.3388677259345
295,"transmission network construction, electricity, medium voltage",ei_cutoff_3.10_tiam-ucl_SSP2-RCP19_2040 2025-10-20,Medium voltage transmission network construction,"transmission network construction, electricity, medium voltage (RoW)",kilometer,1.0,RoW,1973.6573848276532,85.92189570256001,3.667765223737649,2416.2684261199624,0.000918183881808,0.0121369175660959,0.0004819996605344,3.3500180745240806,0.0042508082321173,3.0864174327986306e-05,0.1974942348229837,23.31212559734469,0.0408257543677727,93.85761198236132,0.0034483440808389,0.0012908667662697,0.0061096654098377,1.0011853205576595,1154.7447557231071,0.0741637270241347,-0.005965158166811,0.1044800807514326,219.55976301097468
296,"electricity production, nuclear, boiling water reactor",ei_cutoff_3.10_tiam-ucl_SSP2-RCP19_2040 2025-10-20,,"electricity production, nuclear, boiling water reactor (CH)",kWh,1.0,CH,1.1106552801770292e-05,1.502661997059518e-05,4.403512889040999e-08,1.1462494431031356e-05,1.0340603459676095e-10,1.0620707135017234e-09,2.7040806353666342e-11,3.9463052572793124e-08,1.6882964472704588e-08,1.2070430265089913e-12,1.210452741079581e-08,5.619983638176292e-06,8.185408836387189e-09,1.0854125594124817e-05,1.4311840419553363e-11,1.5861446233666046e-11,2.357791938680867e-09,4.9099792305484804e-09,2.5281887091567284e-05,2.8449197696930466e-08,2.1420884793270148e-11,1.3728932269584514e-08,6.100629710814084e-06
297,"battery production, Li-ion, NMC532",ei_cutoff_3.10_tiam-ucl_SSP2-RCP19_2040 2025-10-20,NMC532,"battery production, Li-ion, NMC532 (GLO)",kilogram,1.0,GLO,0.2329710182651724,0.0168806776654396,0.0522713369059278,0.2396625589407692,1.959632761594752e-07,2.5892020605283736e-06,7.154332059367654e-08,0.0003750183700258,4.023067080280407e-07,3.499946320377651e-09,0.0200797224929856,0.0559761310834732,3.539040119952878e-05,0.0543405480861407,1.2167098694310613e-06,6.811322682513391e-08,1.0747936087683076e-05,5.176723725324909e-05,0.264034900667937,0.0001076446567854,-1.4630318109555189e-07,2.493080842526133e-05,0.0223578731982142
298,"battery production, Li-ion, NMC111, rechargeable, prismatic",ei_cutoff_3.10_tiam-ucl_SSP2-RCP19_2040 2025-10-20,NMC111,"battery production, Li-ion, NMC111, rechargeable, prismatic (CN)",kWh,0.143,CN,1.5647402660135596,0.0136655306266501,0.4062144549329049,1.5659536690738023,1.378178095491523e-06,2.16116475981328e-05,6.951928718329933e-08,0.0027006696986356642,3.969934067506202e-07,3.7237772569036156e-09,0.07441295554826154,0.5913293453492532,0.0002215436081912607,0.2758708728099056,8.50861355405373e-06,4.617359792687138e-07,6.67703414097903e-05,5.170822242031392e-05,0.2031770026435402,0.0007545935191867134,-1.2598283133637057e-06,0.00017705303578299136,0.15820076805875177
299,"market for electricity, medium voltage",ei_cutoff_3.10_tiam-ucl_SSP2-RCP19_2040 2025-10-20,"North India electricity grid, medium voltage","market for electricity, medium voltage (IN-Northern grid)",kWh,1.0,IN-Northern grid,0.0002422231725279,2.9225821224857857e-05,7.713933700686958e-07,0.0001052480014264,2.264497557809463e-09,1.585140548760966e-07,8.470065363747639e-10,4.100324776919216e-06,2.881906740738066e-09,1.1880878291977503e-11,5.811265317812723e-07,2.9361442075280444e-05,4.8839262389278815e-08,2.8750735354949588e-05,2.0201817470299907e-10,4.5269035070479637e-10,9.075184353068938e-09,4.3092271133323194e-08,0.0002365726166989,2.5811685177167724e-07,9.540377892791302e-09,2.225732242468283e-06,3.399535418192588e-05
300,"market for electricity, low voltage",ei_cutoff_3.10_tiam-ucl_SSP2-RCP19_2040 2025-10-20,"Alberta electricity market, low voltage","market for electricity, low voltage (CA-AB)",kWh,1.0,CA-AB,0.0001961529100462,5.545772837436571e-05,3.404998393461237e-07,7.173158391730698e-05,5.9077442233208314e-09,6.140932289450477e-08,8.21002349103789e-10,1.6259886103700343e-06,6.194446172472507e-09,7.816108152077769e-12,2.656322244733022e-07,2.8608016883884815e-05,6.961872024419511e-08,4.111447106272556e-05,1.5518958277702807e-10,1.3048717393700002e-09,1.977555349817304e-08,3.0303420719978354e-08,0.0001386379948206,1.3816021117225676e-07,1.062796012404743e-08,2.434433915664739e-07,3.40428180333572e-05
301,"photovoltaic slanted-roof installation, 3kWp, a-Si, panel, mounted, on roof",ei_cutoff_3.10_tiam-ucl_SSP2-RCP19_2040 2025-10-20,Rooftop PV - a-Si,"photovoltaic slanted-roof installation, 3kWp, a-Si, panel, mounted, on roof (RoW)",MW,0.003,RoW,58727.76878889193,11.254549931387835,17.747305656236833,10212.23425077318,0.02419978898016054,0.5137923930586333,0.1778484352697933,214.7537221567402,0.0023248278613845,1.3831840530747676e-06,2.735319722664167,1975.5158788914514,1.1220607367895667,1778.9203138457203,0.014834149540929042,0.006606748808630747,0.3051547068396,0.0127976102557531,27.29958758645723,2.0768003727956335,16.1475671193087,4.34336589844,45403.18639461589
302,"electrolyzer production, 1MWe, AEC, Stack",ei_cutoff_3.10_tiam-ucl_SSP2-RCP19_2040 2025-10-20,H2 Electrolyzer,"electrolyzer production, 1MWe, AEC, Stack (RER)",MW,1.0,RER,833.2040286736674,4429.839766800178,10.447390484423387,261.59228948472645,0.0043493016617763,0.0546316073582918,0.0012075423185897,77.4876789192017,0.0148738690480902,6.0817751210631376e-05,0.5115223120654513,53.36281782118565,0.2031860015147232,5842.180439787518,0.0003597189100592,1.2426499452209052,0.0511307290602276,0.1167506810731357,707.699737624803,234.54095699536836,0.0034645231383823,0.5979830104327925,1140.8144946084735
303,"gas power plant construction, combined cycle, 400MW electrical",ei_cutoff_3.10_tiam-ucl_SSP2-RCP19_2040 2025-10-20,,"gas power plant construction, combined cycle, 400MW electrical (RER)",MW,400.0,RER,937.3775711851066,394911.269884921,4.1098329863942675,943.1691637717673,0.0012580730915730345,0.017214928862213128,0.2481728902707539,1.870945384848349,0.8846701773181853,0.0178734488616213,0.2726161444572617,272.3462405243674,0.043111259235251186,735.3701279048246,0.0013521299182009464,0.0007797203134487735,0.004809535923877382,154.18256771157223,233191.01499630685,0.09141334691752277,-0.0014384632717388806,0.16398115295175086,103.3435093175126
304,"wind power plant construction, 2MW, offshore, moving parts, direct drive",ei_cutoff_3.10_tiam-ucl_SSP2-RCP19_2040 2025-10-20,"Wind, offshore, moving parts (Bonus 2 MW), DD","wind power plant construction, 2MW, offshore, moving parts, direct drive (GLO)",MW,2.0,GLO,1374.8558354519635,12279.609341020718,5.60809715608515,902.5773992073855,9.253847943953348,0.0500587106037646,0.0035501525537699,4.730476449960487,0.077563668324758,0.0001997127858433,0.7958202986928085,1160.928523115907,97.17574085544732,4205.243353720769,0.00125965606090065,0.0007745853778933,35.03123658696815,1.0071096642904176,3144.404100339423,0.26554891717450746,0.0020125305346588,50.9448176495624,582.5279167291055
305,"heat pump production, 30kW",ei_cutoff_3.10_tiam-ucl_SSP2-RCP19_2040 2025-10-20,Heat pump,"heat pump production, 30kW (RER)",MW,0.03,RER,86.38712471761899,1.9453500447186889,2.610014697197257,1794.8596864502165,0.0006232935433061117,0.009895554646203335,6.941329495862342e-06,0.31862097980339665,9.739071907519284e-05,8.048973462065136e-07,0.10945022003649,121.58443306805627,0.11286333121234333,97.18520569225741,0.0025522076009288123,0.0009353079703220414,0.03436524530815667,0.0223326422457801,23.24931033286417,0.04201929202829333,-0.0041835447871233335,0.08987140940531334,173.73580039810807
306,"market for battery capacity, Sodium-ion, SiB, stationary",ei_cutoff_3.10_tiam-ucl_SSP2-RCP19_2040 2025-10-20,"Market for SiB, stationary","market for battery capacity, Sodium-ion, SiB, stationary (GLO)",MWh,0.001,GLO,476.0145795067771,0.0647880030863907,14.172091813950301,461.7677368332978,0.0015685826910565171,0.014985104593340532,4.029906343196981e-07,0.9621488898957999,1.1578618015634488e-06,1.7358204239542226e-08,0.1670120425661,1033.8882929224465,0.05562936649023455,244.9194322619284,0.0002818601131988926,0.00017510536998785144,0.01268557681247763,7.106512893788417e-05,0.9213522813809204,0.06397226360188031,0.00032072910635492954,0.1594260388413,47.7132334342669
307,"wind turbine construction, 4.5MW, onshore",ei_cutoff_3.10_tiam-ucl_SSP2-RCP19_2040 2025-10-20,"Wind, onshore (Enercon E112)","wind turbine construction, 4.5MW, onshore (GLO)",MW,4.5,GLO,1961.8580103869836,4944.7983144436885,17.9315280057591,8609.791463348283,1.27057645054996,0.13287143181285535,0.0489983343710977,8.058700088009452,0.2923994744877857,0.0019380815456559,4.3814735668447256,3767.6015665338837,10.160280071459727,1263.0095702063272,0.013202272605937334,0.006312291134277378,4.05209348512971,16.68548516438501,20933.72969059545,1.457086704491095,-0.015617568834713777,51.69824965180819,5412.2195724521025
308,"nuclear power plant construction, pressure water reactor, 1000MW",ei_cutoff_3.10_tiam-ucl_SSP2-RCP19_2040 2025-10-20,Pressure water reactor - FR,"nuclear power plant construction, pressure water reactor, 1000MW (FR)",MW,1000.0,FR,460.4615615537576,575641.7545830789,3.736732586700283,1350.7327522324288,0.010209323282040607,0.09275104292389488,2.599374611684312,2.7103380581279515,5809.045137259366,0.1362143445269267,1.1534761892928067,1205.6476201981066,0.23959206037099787,851.582815171631,0.0020041155391571203,0.0013840089432212118,0.04345727858601977,655.5823727994382,937414.8636328996,8.778828992260937,-0.000977434584957416,1.7256621914759835,431.18065116886777
309,"electricity production, natural gas, combined cycle power plant",ei_cutoff_3.10_tiam-ucl_SSP2-RCP19_2040 2025-10-20,,"electricity production, natural gas, combined cycle power plant (CH)",KWh,1.0,CH,1.1556441545340808e-05,7.050021298537164e-06,5.0665897346311646e-08,7.853495849874131e-06,1.1177957036954696e-10,1.188180466930503e-09,2.801372058139798e-11,4.683879264118179e-08,7.470159705509737e-11,1.7983155045620049e-12,1.2246128883139151e-08,1.392913952622348e-05,4.214531445084315e-09,7.084930849657865e-06,1.4020854168650343e-11,2.239303523274274e-11,1.016875447805511e-09,3.227286574850479e-09,1.5037134884331596e-05,4.439520141707507e-09,2.991332354301151e-11,1.2911167712650078e-08,2.4056794149590634e-06
310,"market for battery capacity, Li-ion, LFP, stationary",ei_cutoff_3.10_tiam-ucl_SSP2-RCP19_2040 2025-10-20,"Market for LFP, stationary","market for battery capacity, Li-ion, LFP, stationary (GLO)",MWh,0.001,GLO,1447.3038461476,0.0417554529757031,1.252983231845,736.589095517871,0.0010847118180220112,0.015396349062648652,4.245737671114911e-07,2.6064048712009997,2.3470314055425395e-06,2.418982609022818e-08,68.1827069093294,16.6878405404297,0.296022123981,44.840061048630304,0.007562987827701966,0.0003691588616721649,0.09264609546099939,0.0003215655273026,0.4582573528228569,0.6645869267383,-0.000985235229089545,0.1432573254589,130.42966100607282
311,"wind turbine network connection construction, 4.5MW, onshore",ei_cutoff_3.10_tiam-ucl_SSP2-RCP19_2040 2025-10-20,,"wind turbine network connection construction, 4.5MW, onshore (GLO)",,,GLO,,1408.2041625161064,,,,,0.0016028259414537,,0.0320487022513322,0.0001675411198998,,,,,,,,6.678366100665598,7353.765448317201,,,,
312,"market for battery capacity, Li-ion, NMC622, stationary",ei_cutoff_3.10_tiam-ucl_SSP2-RCP19_2040 2025-10-20,"Market for NMC622, stationary","market for battery capacity, Li-ion, NMC622, stationary (GLO)",MWh,0.001,GLO,1304.1415747174417,0.1061230061906442,202.3189992991592,1302.8338771232666,0.0012196638620787842,0.015274420041803344,4.692190859250357e-07,2.0698708796245002,2.2906568350700345e-06,2.1145046126815162e-08,108.618191739593,310.32215209452306,0.2003385243112,352.3128793800238,0.00659343633236947,0.0003804627984266571,0.059780028815380776,0.0002826784025815,1.6690799514449286,0.5927013636246999,-0.000689371937245747,0.1487694976086,124.6465219981747
313,"wind power plant construction, 2MW, offshore, fixed parts, direct drive",ei_cutoff_3.10_tiam-ucl_SSP2-RCP19_2040 2025-10-20,"Wind, offshore, fixed parts(Bonus 2 MW), DD","wind power plant construction, 2MW, offshore, fixed parts, direct drive (GLO)",MW,2.0,GLO,483.5952921323858,362.88879007488424,5.401172372238326,1782.763175929985,0.0056568534400602,0.0524246321917612,0.0083544902705671,1.687367635657565,0.0474652468630264,0.0003865423366004,1.6540066580631805,1375.4353110494055,0.25648251005304634,515.2081425347835,0.00266923449472515,0.0017662564208503,0.01814299065806605,1.4767028588150375,3543.0633886009327,0.5446532789720105,-0.00172665890132255,0.4708177861471874,249.04384513586908
314,"market for battery capacity, Li-ion, NMC111",ei_cutoff_3.10_tiam-ucl_SSP2-RCP19_2040 2025-10-20,Market for NMC111,"market for battery capacity, Li-ion, NMC111 (GLO)",MWh,0.001,GLO,1594.69425106667,0.1004990024556751,411.6736776658036,1596.417823021255,0.0016734026460308987,0.02034875846048069,6.498923114458539e-07,2.7210430036533,3.051557040628636e-06,3.1001688392061285e-08,75.4684632517861,600.7849151228547,0.2409659677239,282.2388731005317,0.008642155332966549,0.0004978561707821111,0.07052234746923562,0.0003700746965125,1.4560343687649444,0.7810263630904,-0.0006991925761810067,0.198406664055,168.1424592004214
315,"wind power plant construction, 800kW, moving parts, direct drive",ei_cutoff_3.10_tiam-ucl_SSP2-RCP19_2040 2025-10-20,"Wind power plant, moving parts (Nordex N50/800 plant), DD","wind power plant construction, 800kW, moving parts, direct drive (GLO)",MW,0.8,GLO,1090.1922903094544,3591.2463975755313,5.494617380991846,1720.0907805908373,9.252908668228066,0.03836189515624587,0.0010389196241197,4.197763615147754,0.0316590270763562,6.621864231666421e-05,0.5881085969835075,1105.2850097849662,97.13528353431211,3095.6754325153747,0.002427202335914125,0.0010937962025886249,35.025114639793344,0.6813094496093773,1411.469970336267,0.20187747689442462,-0.0013564850106405,50.82617045336293,645.9976263088801
316,"battery module production, for SiB battery",ei_cutoff_3.10_tiam-ucl_SSP2-RCP19_2040 2025-10-20,Sodium-ion,"battery module production, for SiB battery (GLO)",kilogram,1.0,GLO,0.0556063611805588,0.0072725654078161,0.0016914498618947,0.0540674259454449,1.558262321994643e-07,1.5282931884146086e-06,3.3192754948357284e-08,0.0001070436166816,1.1449967835681585e-07,1.6676545201528022e-09,1.351367418089355e-05,0.123865219402504,4.770871795275151e-06,0.029028750540398,3.114452743537106e-08,1.787350678014078e-08,1.1336122380400788e-06,8.004881470185045e-06,0.1079256019125859,5.6376272504778684e-06,1.7926901323172117e-08,1.6327364674978506e-05,0.0046092743720929
317,"transmission network construction, electricity, high voltage direct current aerial line",ei_cutoff_3.10_tiam-ucl_SSP2-RCP19_2040 2025-10-20,HVDC transmission network construction,"transmission network construction, electricity, high voltage direct current aerial line (RER)",kilometer,1.0,RER,6953.616719855578,25.87533857450506,0.8668164098768942,79.66248730140013,0.0032713185445742,0.0326658896981502,0.0022370003225303,11.569203837994085,0.0072088000299191,6.850952331865128e-05,0.582598639961811,285.58468363049815,0.1374612995721608,47.23868180885541,0.0015697821396784,0.0007388169555862,0.0099853494541417,0.0301158418782552,662.1473092252645,0.2177300012894354,0.0012389729497142,0.2658657389683349,613.4979384517839
318,"market for battery capacity, Li-ion, NMC111, stationary",ei_cutoff_3.10_tiam-ucl_SSP2-RCP19_2040 2025-10-20,"Market for NMC111, stationary","market for battery capacity, Li-ion, NMC111, stationary (GLO)",MWh,0.001,GLO,1594.694251083793,0.1004990024536746,411.67367766582504,1596.4178230392035,0.0016734026460296435,0.020348758460478053,6.498923114438904e-07,2.7210430036807,3.051557040645246e-06,3.1001688395079455e-08,75.46846325178511,600.7849151230494,0.2409659677239,282.238873099521,0.008642155332969309,0.00049785617080667,0.07052234747443356,0.00037007469652,1.456034368818795,0.7810263630899,-0.0006991925747378384,0.1984066640553,168.1424592009152
319,"battery production, Li-ion, NMC622",ei_cutoff_3.10_tiam-ucl_SSP2-RCP19_2040 2025-10-20,NMC622,"battery production, Li-ion, NMC622 (GLO)",kilogram,1.0,GLO,0.2395763814779737,0.0191175734073016,0.0374053576769422,0.2395552043404233,1.907125453252017e-07,2.549011698397225e-06,6.91463721614817e-08,0.0003740886368042,3.980213477168917e-07,3.441486547238945e-09,0.0200795880564398,0.0571797789345141,3.500680362321033e-05,0.0647858473823167,1.2165454443855135e-06,6.680087126148439e-08,1.066133556073838e-05,5.174261736579587e-05,0.3059930248608539,0.0001072946459169,-1.4838485009087996e-07,2.4673464910288543e-05,0.0219233267341388
320,"photovoltaic slanted-roof installation, 3kWp, single-Si, panel, mounted, on roof",ei_cutoff_3.10_tiam-ucl_SSP2-RCP19_2040 2025-10-20,Rooftop PV - single-Si,"photovoltaic slanted-roof installation, 3kWp, single-Si, panel, mounted, on roof (RER)",MW,0.003,RER,15855.886442406458,1.089739395339762,10.468094820923366,6462.340559083933,0.014852002177451272,18.7985440955468,7.536482788900848e-06,386.82154581874386,7.220018268450813e-05,1.149085712843766e-06,1.3989158819433667,405.24313150948086,0.5088418103725667,405.17397429373034,0.015931484008528656,0.004050606292750807,0.1406110443877,0.008043994733552,56.45405038055084,22.2092796413838,0.002479207578414605,2.6888421754044,1340.7882925326521
321,"nuclear power plant construction, pressure water reactor, 1000MW",ei_cutoff_3.10_tiam-ucl_SSP2-RCP19_2040 2025-10-20,Pressure water reactor - CH,"nuclear power plant construction, pressure water reactor, 1000MW (CH)",MW,1000.0,CH,400.9751756759478,573274.1663343898,3.342593304118756,1337.856388411214,0.009226926713530044,0.0894358817536816,1.5574724989169548,2.567569009837041,5808.280244723138,0.123654194414887,0.760968451196818,1199.6799931462988,0.1815884462613268,848.2542739307064,0.001957551127182653,0.0011292990004497057,0.041338693945953936,652.3485581551342,922011.224192612,8.652306541489049,-0.0012348490475883721,1.70306929836907,408.6875362812754
322,"market for battery capacity, redox-flow, Vanadium, stationary",ei_cutoff_3.10_tiam-ucl_SSP2-RCP19_2040 2025-10-20,Market for vanadium redox-flow battery,"market for battery capacity, redox-flow, Vanadium, stationary (GLO)",kWh,0.001,GLO,141.19626435929462,0.134827001441411,1.0391339860635,468.0222046154184,0.002128206277142169,0.02085516891709271,1.173200187820553e-06,960.099895381014,4.221305851367438e-06,5.986334603460236e-08,0.31654569716489994,39.5044235333665,0.1690071055718,72.68428604149629,0.0007297344403758455,0.0005502321756152493,0.03802356503080886,0.0001929011360439,0.8016836395647068,0.1523908681683,0.00017864478587672122,5743.4846702239,304.4260855801632
323,"electricity production, natural gas, conventional power plant",ei_cutoff_3.10_tiam-ucl_SSP2-RCP19_2040 2025-10-20,,"electricity production, natural gas, conventional power plant (DE)",KWh,1.0,DE,1.0813852488212002e-05,2.1951614501643095e-06,3.9950060848608114e-08,6.539360243817689e-06,1.3001170112714135e-10,1.3477241248178203e-09,3.2637376966500156e-11,4.995621215572767e-08,8.253351567950859e-11,1.9622725302221634e-12,1.4191753057098297e-08,1.5273045982769178e-05,4.959092034629945e-09,3.929612942923363e-06,1.2745524917720638e-11,2.4222334576304964e-11,1.200308375884636e-09,2.708945819562592e-09,1.5808246783629304e-05,5.11937749626847e-09,3.8413171583608106e-11,1.4720009512115868e-08,2.5532793944775997e-06
324,"wind power plant construction, 800kW, moving parts",ei_cutoff_3.10_tiam-ucl_SSP2-RCP19_2040 2025-10-20,"Wind power plant, moving parts (Nordex N50/800 plant)","wind power plant construction, 800kW, moving parts (GLO)",MW,0.8,GLO,1360.9958732543585,3693.857831310188,5.477773566834175,1701.872349493699,1.2584494092103844,0.040251361749507,0.0010075466630721,5.033023959318457,0.0376682525087204,6.820882024964865e-05,0.5759716995395794,1944.274874419579,9.599225229219025,3155.897666678812,0.002394580121936625,0.0010800583815881249,4.021398441223385,0.6669280349526527,880.2841051872975,0.19801906913777348,-0.002150592977407125,50.867842229512625,4651.646756893246
325,"nuclear power plant construction, boiling water reactor 1000MW",ei_cutoff_3.10_tiam-ucl_SSP2-RCP19_2040 2025-10-20,Boiling water reactor - DE,"nuclear power plant construction, boiling water reactor 1000MW (DE)",MW,1000.0,DE,495.3366438612737,584330.5967633569,3.993874902388821,1361.1519362362303,0.010754842522782596,0.0963348410159898,3.039949697692443,2.8310017842488273,5809.374242368138,0.1492830426634152,1.3289389057227277,1280.5020934361544,0.3744859596526072,868.8557734013033,0.002034057085017269,0.001461602777037846,0.08145001677057592,659.3276405406507,985274.058544502,8.832665111534277,-0.0008130339150668274,1.7573898405625847,439.15340944178786
326,"electricity production, nuclear, pressure water reactor",ei_cutoff_3.10_tiam-ucl_SSP2-RCP19_2040 2025-10-20,,"electricity production, nuclear, pressure water reactor (CH)",kWh,1.0,CH,1.0198296741142835e-05,1.4158654332926887e-05,4.1460896904573195e-08,1.1122922944962246e-05,9.167034097931371e-11,9.228735425532456e-10,2.4640501436816688e-11,3.499939139109915e-08,1.878907379456547e-08,1.1414985187231157e-12,1.0986869703079655e-08,5.54030194135698e-06,7.784200536133936e-09,1.0419833934141583e-05,1.3915805066594858e-11,1.502993317978848e-11,2.252591479230262e-09,4.809893742341472e-09,2.3240208581549345e-05,3.079469349037376e-08,1.862393934110757e-11,1.2221517160003561e-08,5.876335345870763e-06
327,"direct air capture system, solvent-based, 1MtCO2",ei_cutoff_3.10_tiam-ucl_SSP2-RCP19_2040 2025-10-20,Direct air capture system,"direct air capture system, solvent-based, 1MtCO2 (RER)",MtCO2,1.0,RER,316403.74634364044,341989.41216644476,1250.4167885340437,90472.08141722958,3.243426816839475,17.215297505809406,2.4798328725101686,711.9452936108154,2.1093496847488575,0.0513296496169181,968.9105195059742,212825.38575020235,171.63055613953213,245108.6667157767,0.2580028316961941,0.5653454474580372,16.53658041599856,32.48223477695152,231318.47304816917,309.12387884777957,0.9955057418784908,145.15956324956096,64090.43286974741
328,"market for battery capacity, Li-ion, LFP",ei_cutoff_3.10_tiam-ucl_SSP2-RCP19_2040 2025-10-20,Market for LFP,"market for battery capacity, Li-ion, LFP (GLO)",MWh,0.001,GLO,1447.3038461476,0.0417554529757031,1.252983231845,736.589095517871,0.0010847118180220112,0.015396349062648652,4.245737671114911e-07,2.6064048712009997,2.3470314055425395e-06,2.418982609022818e-08,68.1827069093294,16.6878405404297,0.296022123981,44.840061048630304,0.007562987827701966,0.0003691588616721649,0.09264609546099939,0.0003215655273026,0.4582573528228569,0.6645869267383,-0.000985235229089545,0.1432573254589,130.42966100607282
329,"market for battery capacity, Li-ion, NMC532",ei_cutoff_3.10_tiam-ucl_SSP2-RCP19_2040 2025-10-20,Market for NMC532,"market for battery capacity, Li-ion, NMC532 (GLO)",MWh,0.001,GLO,1169.3071744917331,0.087410682400197,259.9620133340635,1201.0660559471664,0.001212983899849183,0.014762090748260997,4.764512685295531e-07,1.9241715856557,2.175588347780302e-06,2.061358332283023e-08,99.8877165270487,279.74494283101296,0.189950081259,272.7047382429259,0.006068647388090207,0.00036303733869761344,0.05613711096808651,0.000261043798778,1.3311031069639785,0.5510679491741,-0.0005842872398345209,0.14340065770420002,118.8888542308677
330,"hydropower plant construction, reservoir, non-alpine regions",ei_cutoff_3.10_tiam-ucl_SSP2-RCP19_2040 2025-10-20,Hydro run-of-river,"hydropower plant construction, reservoir, non-alpine regions (RER)",MW,175.0,RER,139834.6475646107,41714610.51900659,711.9749667591533,27880.359241614282,1.6381531467023567,8.58755773426256,213.89888782883625,323.9107221627672,133.05884241127333,4.564457092126624,502.96997971812146,82050.68209724173,71.68046027768263,185467.2943714241,0.07453194592924957,0.15524618848040303,4.088553817784497,1518.6063001929128,14612034.422681326,142.56670356172162,0.2978087331569865,79.76669448988528,10858.14218591984
331,"wind turbine construction, 750kW, onshore",ei_cutoff_3.10_tiam-ucl_SSP2-RCP19_2040 2025-10-20,"Wind, onshore","wind turbine construction, 750kW, onshore (RoW)",MW,0.75,RoW,2197.8165794367437,869.9777873771128,10.081479520073877,3580.2421262691755,1.2681270873425263,0.11576148686227973,0.0066160366747866,8.359829191789554,0.0484201327780353,0.0002178305991782,3.2708499271081197,3337.119369987038,10.077777611328878,1298.7808858175956,0.008302427905192533,0.0037760336835618667,4.058109359839231,1.219604436250726,1870.5937727239443,1.3387395493471788,-0.0027966732881546667,51.47979297683549,5916.678901239542
332,"wind power plant construction, 2MW, offshore, fixed parts",ei_cutoff_3.10_tiam-ucl_SSP2-RCP19_2040 2025-10-20,"Wind, offshore, fixed parts (Bonus 2 MW)","wind power plant construction, 2MW, offshore, fixed parts (GLO)",MW,2.0,GLO,483.5952922388086,362.88879008011713,5.401172372398372,1782.7631760139107,0.0056568534401922,0.0524246321923835,0.0083544902707692,1.6873676358397285,0.0474652468638211,0.0003865423366449,1.6540066580989468,1375.4353110608038,0.2564825100592314,515.2081425410289,0.00266923449522005,0.00176625642063655,0.0181429906646855,1.476702858884546,3543.0633891779216,0.5446532789840158,-0.0017266589048923,0.4708177861564587,249.04384516471987
333,"market for battery capacity, Sodium-ion, SiB",ei_cutoff_3.10_tiam-ucl_SSP2-RCP19_2040 2025-10-20,Market for SiB,"market for battery capacity, Sodium-ion, SiB (GLO)",MWh,0.001,GLO,402.51862219758436,0.0547848298340239,11.9839414926888,390.4714712770964,0.0013263958096220473,0.012671426285133257,3.407694676928723e-07,0.8135945035669,9.790896267128603e-07,1.4678122800496682e-08,0.1412256265962,874.257447303733,0.04704027337837093,207.1042288710101,0.00023834132239110357,0.0001480693561344805,0.010726942241299563,6.009277660944694e-05,0.7790968319885365,0.05409503933341327,0.00027120900058327075,0.13481089079390002,40.3463797108109
334,"wind power plant construction, 2MW, offshore, moving parts",ei_cutoff_3.10_tiam-ucl_SSP2-RCP26_2040 2025-10-20,"Wind, offshore, moving parts (Bonus 2 MW)","wind power plant construction, 2MW, offshore, moving parts (GLO)",MW,2.0,GLO,1655.1779862295666,12511.72103631316,5.720808159660285,883.8459379347403,1.2606444528712633,0.0507745422322899,0.004118192995611,5.574186915006236,0.0923278134732142,8.543481741452524e-05,0.9170226058830152,2044.4043785813694,9.665177432873593,4329.483858209944,0.00123692741820825,0.00101077362731245,4.031157083875465,0.9717801878972168,1777.2792011063843,0.30021898206197617,0.0015946667428931,51.12937245238244,4592.685031527118
335,"market for battery capacity, Li-ion, NMC811",ei_cutoff_3.10_tiam-ucl_SSP2-RCP26_2040 2025-10-20,Market for NMC811,"market for battery capacity, Li-ion, NMC811 (GLO)",MWh,0.001,GLO,1117.8155729146163,0.0947935840683047,87.7006192885404,1056.0626246508389,0.0013001161641210473,0.011943405873274988,4.581255422361521e-07,3.162613346238,1.8310223032480731e-06,6.821053723965689e-09,44.519801189228495,143.0026682676637,0.1628230205007,337.7561733222458,0.005468707207330489,0.0003615782603059771,0.047464198597556365,0.0002318732058356,1.562193433010484,0.4989513556156999,-0.00038180920126912706,0.1599516150746,99.4544161756672
336,"market for electricity, low voltage",ei_cutoff_3.10_tiam-ucl_SSP2-RCP26_2040 2025-10-20,"North India electricity grid, low voltage","market for electricity, low voltage (IN-Northern grid)",kWh,1.0,IN-Northern grid,0.0003628474931331,2.890836084617376e-05,2.105902503691513e-06,0.0005047459471474,2.781655278476694e-09,2.5772211698987977e-07,7.67998926864926e-10,7.1314438296517526e-06,3.475392385805506e-09,6.36120353170418e-12,1.406796625922451e-06,3.7853191739907275e-05,4.300539801907178e-08,4.590609702785862e-05,8.357979106384003e-10,3.904399957164842e-10,1.2135871592318732e-08,2.0776285223049098e-07,0.000503332035742,3.388046167296725e-07,1.4051911420912905e-08,6.7410465050448385e-06,7.49916312881306e-05
337,"market for battery capacity, Li-ion, NMC811, stationary",ei_cutoff_3.10_tiam-ucl_SSP2-RCP26_2040 2025-10-20,"Market for NMC811, stationary","market for battery capacity, Li-ion, NMC811, stationary (GLO)",MWh,0.001,GLO,1117.8155729146163,0.0947935840683047,87.7006192885404,1056.0626246508389,0.0013001161641210473,0.011943405873274988,4.581255422361521e-07,3.162613346238,1.8310223032480731e-06,6.821053723965689e-09,44.519801189228495,143.0026682676637,0.1628230205007,337.7561733222458,0.005468707207330489,0.0003615782603059771,0.047464198597556365,0.0002318732058356,1.562193433010484,0.4989513556156999,-0.00038180920126912706,0.1599516150746,99.4544161756672
338,"market for battery capacity, Li-ion, NMC622",ei_cutoff_3.10_tiam-ucl_SSP2-RCP26_2040 2025-10-20,Market for NMC622,"market for battery capacity, Li-ion, NMC622 (GLO)",MWh,0.001,GLO,1306.366617976561,0.103699703974477,202.35149809123808,1302.7517893780348,0.0016060520982060622,0.014811956374819423,5.457843903313627e-07,2.0705236235497,2.271009096290474e-06,8.131277110161627e-09,108.653026847498,313.9903490372411,0.2070586833591,355.7251686155508,0.006596486934847289,0.0004440543400546741,0.06092962167695959,0.0002826005403479,1.667612535146693,0.6016878296231,-0.0005701703834123394,0.1997460306606,126.1152229575945
339,"battery production, Li-ion, LFP, rechargeable, prismatic",ei_cutoff_3.10_tiam-ucl_SSP2-RCP26_2040 2025-10-20,LFP,"battery production, Li-ion, LFP, rechargeable, prismatic (CN)",kWh,0.116,CN,1.8098219412987921,0.0052822012667054,0.001525540407250862,0.9149307949013017,1.5146848764626793e-06,1.5889762718124603e-05,5.5080808060750196e-08,0.0031914808578318967,3.1539573293679685e-07,1.1469772616960806e-09,0.08578923369832328,0.023224430936518964,0.0003629674375134128,0.05701702414445344,9.498111103587366e-06,4.921543756788703e-07,0.00011453617302825675,4.639636515858466e-05,0.0640119082057365,0.0008264415211938319,-1.3504328973338979e-06,0.00020463483686984895,0.15609596245605775
340,"market for electricity, medium voltage",ei_cutoff_3.10_tiam-ucl_SSP2-RCP26_2040 2025-10-20,"Alberta electricity market, medium voltage","market for electricity, medium voltage (CA-AB)",kWh,1.0,CA-AB,4.283058434856316e-05,1.9068729630007397e-05,1.0647397749398009e-07,2.362752416498815e-05,3.920316622145453e-09,2.4985632586625652e-08,1.6193088976921448e-10,6.062626801486009e-07,2.921068951266976e-09,1.661957443065335e-12,5.8051985106474266e-08,2.0353625778106745e-05,3.6402936136870345e-08,2.1800427434763675e-05,5.917977466317755e-11,6.955924745770352e-10,1.2775589759425841e-08,1.017162743123584e-08,4.895296052169186e-05,4.64580278991567e-08,1.3255628507408312e-09,1.977646370847961e-07,2.0328866225476337e-05
341,"market for electricity, low voltage",ei_cutoff_3.10_tiam-ucl_SSP2-RCP26_2040 2025-10-20,"Swiss electricity market, low voltage","market for electricity, low voltage (CH)",kWh,1.0,CH,0.000216649277707,3.82666786810688e-05,8.11596201127316e-07,0.0004423695835615,1.4855117527462733e-08,1.5431416890183152e-07,3.2702800383245655e-10,3.715252658857057e-06,3.774965017681542e-09,5.4982310759396015e-12,1.848626855176171e-07,5.8952272361666695e-05,1.264268941699426e-07,5.337382160882352e-05,6.591012911231538e-10,2.7331272345519864e-10,4.8700554622099064e-08,1.8511575427152208e-07,0.0003645482123265,2.039224413966013e-07,2.681468902353363e-09,1.1037163995028375e-06,0.0001040042483788
342,"gas turbine construction, 10MW electrical",ei_cutoff_3.10_tiam-ucl_SSP2-RCP26_2040 2025-10-20,,"gas turbine construction, 10MW electrical (RER)",MW,10.0,RER,32.710637155676096,678.2464094970967,0.6893585677771015,412.77815573684046,0.00036569297097011,0.00343734915980379,0.0015216894553231,0.11279310810921539,0.0077195398434694,6.722130446749493e-05,0.06747318795059933,66.45269991487399,0.01134744627773297,76.45231028318616,0.0005937193301123899,0.00029244357925176003,0.00145285043765046,1.7105054064052767,1891.5314971951184,0.02234042773224332,-0.0009217552277995501,0.03912347449396869,38.49904294373985
343,"fuel cell production, polymer electrolyte membrane, 2kW electrical, future",ei_cutoff_3.10_tiam-ucl_SSP2-RCP26_2040 2025-10-20,Fuel Cell,"fuel cell production, polymer electrolyte membrane, 2kW electrical, future (RoW)",kW,1.0,RoW,14.82172232555278,10.405455842222912,0.0332660476961961,5.385586420141027,0.0001025942568449,0.000483256103852,8.142777162842418e-05,9.506566562120415,4.842003851151895e-05,1.9699041989953277e-07,0.0058211749136908,2.0328259491120386,0.0048456346862708,8.068495666498455,0.0001163980646362,0.0026209107317394,0.0002881255393074,0.0020924498830997,4.866240594753324,0.0059239955221717,2.4256035642013957e-05,0.0049907130979967,0.9624409166665931
344,"market for battery capacity, Li-ion, NCA",ei_cutoff_3.10_tiam-ucl_SSP2-RCP26_2040 2025-10-20,Market for NCA,"market for battery capacity, Li-ion, NCA (GLO)",MWh,0.001,GLO,1140.9133578314581,0.0961332786560813,122.3540518409375,1116.9735830921397,0.0013395192980039754,0.012237191900610745,4.7469583212253555e-07,3.2602770302694,1.9043893510737043e-06,7.035044738338353e-09,44.2410302191154,52.674196737492,0.1511874301789,340.1363686243039,0.005738062739913442,0.0003787178078272698,0.04329763998917368,0.0002423213504332,1.5809464347952793,0.5226966386538,-0.0004244466323487534,0.1637673640668,103.7411855386859
345,"furnace production, wood chips, average storage area, 50kW",ei_cutoff_3.10_tiam-ucl_SSP2-RCP26_2040 2025-10-20,,"furnace production, wood chips, average storage area, 50kW (RoW)",MW,0.05,RoW,722.7023693486548,1.930028729434694,4.527939306929212,268.4567014094726,0.011479738322292,0.037567703807508,0.0005320486925639,1.635721888003514,0.0003354119712245,3.6130383655899264e-06,4.280194860186517,307.3931112736516,0.605029268289778,216.40023409567337,0.0006884078660341156,0.0029645595283139996,0.026547034064313996,0.0047018811251359,17.957545181690808,1.27331102860068,0.0015797772450500756,0.362121606869586,161.11419875590434
346,"market for battery capacity, Li-ion, NMC532, stationary",ei_cutoff_3.10_tiam-ucl_SSP2-RCP26_2040 2025-10-20,"Market for NMC532, stationary","market for battery capacity, Li-ion, NMC532, stationary (GLO)",MWh,0.001,GLO,1171.629381547764,0.0850838448752844,259.9949274224311,1201.0007298533176,0.0015904839852077322,0.01431744149501259,5.554103539626758e-07,1.9250675153901,2.1585968306774837e-06,7.907851844449961e-09,99.92255123191809,283.2410418459348,0.1967145646536,275.9082548570981,0.006071673870007512,0.0004278895385282664,0.057255094941494694,0.0002609650102684,1.3297084000055983,0.5603729132316999,-0.0004678644928018971,0.1925868178163,120.320274967377
347,"nuclear power plant construction, pressure water reactor, 1000MW",ei_cutoff_3.10_tiam-ucl_SSP2-RCP26_2040 2025-10-20,Pressure water reactor - DE,"nuclear power plant construction, pressure water reactor, 1000MW (DE)",MW,1000.0,DE,479.7191243946155,533891.4546659839,3.7495051393223338,1349.567690543217,0.011511919996329894,0.10258474958783154,3.0777451938859404,2.911149054348299,5807.806367253483,0.0747768496405071,1.2815791888879011,1292.4257261119599,0.2723539288056376,983.1927119372008,0.002017988739144945,0.0017520974303541388,0.0469587691137432,656.6232769392925,855992.8027063465,8.846374912020757,-0.0008582538098133031,1.5197766066724572,436.63965936685844
348,"battery production, Li-ion, NMC811, rechargeable, prismatic",ei_cutoff_3.10_tiam-ucl_SSP2-RCP26_2040 2025-10-20,NMC811,"battery production, Li-ion, NMC811, rechargeable, prismatic (CN)",kWh,0.149,CN,1.693145314750108,0.0210663563916824,0.13363340884017919,1.6009417141378788,1.7971791133867873e-06,1.7933522652042324e-05,7.705112354195738e-08,0.004794354111499329,3.892424880035496e-07,1.2974445137908712e-09,0.06780325616172618,0.2164849345482148,0.00023173121400366285,0.5123329795419684,8.31801170504169e-06,4.984248422565386e-07,6.993822300945227e-05,5.216159204194294e-05,0.3522858984307165,0.0007395203075845637,-1.2698208336283894e-06,0.0002191398694622953,0.14444234048439264
349,"auxiliary heating unit production, electric, 5kW",ei_cutoff_3.10_tiam-ucl_SSP2-RCP26_2040 2025-10-20,,"auxiliary heating unit production, electric, 5kW (RoW)",MW,0.005,RoW,4.65395167440846,0.2255956587372543,0.034928648832739995,4.08949473657698,2.2748963190323737e-05,0.00022485220398545984,4.640474677851145e-08,0.028872725385079998,1.741199754514053e-07,6.82031598015964e-10,0.004112278162370038,0.36301035560572,0.0006355646542407622,30.42946764888686,5.447883036798552e-06,4.384203831021897e-06,7.035349816385416e-05,7.259017238391576e-06,0.0237992195659514,0.0013214476326178716,1.6263428571884914e-05,0.0029789406574474465,2.6430982342986
350,"wind turbine construction, 4.5MW, onshore, direct drive",ei_cutoff_3.10_tiam-ucl_SSP2-RCP26_2040 2025-10-20,"Wind, onshore (Enercon E112), DD","wind turbine construction, 4.5MW, onshore, direct drive (GLO)",MW,4.5,GLO,1748.026451079463,4002.526326279108,18.428688525303123,8639.03882396595,9.26890221445227,0.12536323763270127,0.0579324852510287,7.238234328760045,0.2595020830360395,0.0011551169017473,5.249684053977113,3282.173044751212,97.82257566681338,1796.882065909432,0.013308122986915711,0.007926638146764822,35.06629794554281,16.810228292530894,22504.628458904383,1.6982447417010984,-0.014772657762431045,51.97306991662182,1417.9768647746196
351,"photovoltaic plant construction, 570kWp, multi-Si, on open ground",ei_cutoff_3.10_tiam-ucl_SSP2-RCP26_2040 2025-10-20,PV plant - multi-Si,"photovoltaic plant construction, 570kWp, multi-Si, on open ground (GLO)",MW,0.57,GLO,21541.06812740688,290.3409159375037,8.165832527136718,3706.5764512210035,0.023833815338949474,20.356621441181012,0.0024722341767635,728.4027258240187,0.01638589320514,7.019548884910538e-05,2.146232048740467,1029.5501920880236,0.7244157707951331,782.6992159423713,0.005585489538480351,0.0033431051575192987,0.18617573385120983,0.8790904088797887,16917.494753049137,40.947204251023884,0.013942046891641755,3.2981685111849726,2105.886778220475
352,"photovoltaic slanted-roof installation, 3 kWp, CdTe, panel, mounted, on roof",ei_cutoff_3.10_tiam-ucl_SSP2-RCP26_2040 2025-10-20,Rooftop PV - CdTe,"photovoltaic slanted-roof installation, 3 kWp, CdTe, panel, mounted, on roof (RER)",MW,0.003,RER,13933.729573473638,0.7327789851577581,9.386101671880066,6029.651007162005,0.012112946177270037,0.1806518916796,5.926261845467709e-06,32.5203703725912,5.041485493748999e-05,5.316818486903108e-07,1.1979749440641334,327.9435633198718,0.24142115228866665,418.4208245543447,0.015258731807036893,0.0037419294374991395,0.057604634817999996,0.0075056369638693,63.286772840581015,1.9065990297299,60.1702087607202,2.7805943816919334,939.5882729147752
353,"market for electricity, low voltage",ei_cutoff_3.10_tiam-ucl_SSP2-RCP26_2040 2025-10-20,"British electricity market, low voltage","market for electricity, low voltage (GB)",kWh,1.0,GB,0.0001901896984554,4.0837910610968224e-05,2.0054443498889142e-06,0.0004888155183033,2.1401406091226313e-08,7.295733707826795e-08,3.3402692000067267e-10,2.9056371072127452e-06,3.2637779245766703e-09,5.910587494468781e-12,1.3112887816123533e-06,7.76139834876284e-05,1.814374155478718e-07,6.503362655717708e-05,8.265330673099455e-10,3.145085354705181e-10,7.055269545317765e-08,2.031662722389017e-07,0.000352812398775,1.2597463123375878e-07,1.319003887279032e-09,6.978330550978297e-06,0.0001321816205965
354,"wind turbine construction, 750kW, onshore, direct drive",ei_cutoff_3.10_tiam-ucl_SSP2-RCP26_2040 2025-10-20,"Wind, onshore, DD","wind turbine construction, 750kW, onshore, direct drive (RoW)",MW,0.75,RoW,2114.1664340644334,852.8904402037695,10.930269770253803,3641.2326433630137,12.349699118858725,0.11080628645693347,0.0078392289593812,8.492516822392018,0.0534488334693663,0.0001385502672889,3.954492112226403,3286.1525720322807,130.06033436253577,2075.706712130205,0.008436436302435601,0.0050584449449804,46.740792716401494,1.2924695208124697,2424.829193409037,1.5410274056673385,-0.001759438625576,68.55233377117247,2301.001046755265
355,"transmission network construction, electricity, medium voltage",ei_cutoff_3.10_tiam-ucl_SSP2-RCP26_2040 2025-10-20,Medium voltage transmission network construction,"transmission network construction, electricity, medium voltage (RoW)",kilometer,1.0,RoW,1975.0522533271928,83.71453237058445,3.692144933486898,2415.2009295145767,0.0012379459299824,0.0109093137525333,0.0005657053744737,3.3295755214688154,0.0042472272637969,1.1580906812311618e-05,0.226203971670144,25.233727027721542,0.0474071187396772,95.54309687234004,0.003449538660275,0.0013548556066786,0.0070240738854424,1.0006558241164971,1150.3469091215052,0.0832349565280963,-0.0059874318683742,0.134076822652562,220.55551495506785
356,"electricity production, nuclear, boiling water reactor",ei_cutoff_3.10_tiam-ucl_SSP2-RCP26_2040 2025-10-20,,"electricity production, nuclear, boiling water reactor (CH)",kWh,1.0,CH,1.1342236272982002e-05,1.467843751847103e-05,4.54140400072725e-08,1.1488512947946174e-05,1.2229149417920288e-10,1.153005949722305e-09,3.2417163909313986e-11,4.1633832370397866e-08,1.68721611697151e-08,6.151794632769268e-13,1.4587872509381969e-08,6.314817358321928e-06,8.590501823192428e-09,1.1807175866740318e-05,1.4640367086364227e-11,1.9185181678793627e-11,2.412269348198397e-09,4.928757588507199e-09,2.493081370521492e-05,2.9180205528082816e-08,2.5480441070250244e-11,1.2920894136414365e-08,6.189072956652464e-06
357,"battery production, Li-ion, NMC532",ei_cutoff_3.10_tiam-ucl_SSP2-RCP26_2040 2025-10-20,NMC532,"battery production, Li-ion, NMC532 (GLO)",kilogram,1.0,GLO,0.2332373322526875,0.0164674187258895,0.0522757336846923,0.2396274335089036,2.5996853135706593e-07,2.489002596958605e-06,8.208447355283555e-08,0.0003744258433049,3.9840245833254825e-07,1.331316730616521e-09,0.0200842878062741,0.0565975776547931,3.639979945010897e-05,0.0549311116310353,1.217116029052312e-06,7.716094356514536e-08,1.0940395962857651e-05,5.175048430936446e-05,0.2637396737664316,0.0001088479392706,-1.273416202667088e-07,3.340561742082096e-05,0.022601219445936
358,"battery production, Li-ion, NMC111, rechargeable, prismatic",ei_cutoff_3.10_tiam-ucl_SSP2-RCP26_2040 2025-10-20,NMC111,"battery production, Li-ion, NMC111, rechargeable, prismatic (CN)",kWh,0.143,CN,1.5651431732048777,0.0132480487093469,0.40624483041858256,1.565540370545428,1.959654072431312e-06,1.9161188898300188e-05,8.001449698674202e-08,0.0026562682496048956,3.982793194416863e-07,1.3950852843661747e-09,0.07444584045321959,0.596007506437293,0.00022967905824872268,0.2800194392695371,8.511611526342413e-06,5.234885815106585e-07,6.85389071476582e-05,5.1683510903177335e-05,0.2026357006867747,0.0007612472727524476,-1.2620433120133288e-06,0.00023283685067490974,0.16032316654253498
359,"market for electricity, medium voltage",ei_cutoff_3.10_tiam-ucl_SSP2-RCP26_2040 2025-10-20,"North India electricity grid, medium voltage","market for electricity, medium voltage (IN-Northern grid)",kWh,1.0,IN-Northern grid,0.0002981267602167,1.569149948239448e-05,1.4197327259148985e-06,0.0001343346993551,2.3429486070044195e-09,2.2692391872772057e-07,6.06379144093611e-10,6.255653143477257e-06,1.7419561568348801e-09,4.327561363118852e-12,1.2147084355570845e-06,3.142585333141528e-05,3.2526812702575995e-08,2.857629170960996e-05,2.9475969767248543e-10,1.7163903040444948e-10,1.005573988271254e-08,5.444726945862332e-08,0.0002932251818635,2.893523993777972e-07,1.3219154044647104e-08,5.945575388824888e-06,3.8343658964832525e-05
360,"market for electricity, low voltage",ei_cutoff_3.10_tiam-ucl_SSP2-RCP26_2040 2025-10-20,"Alberta electricity market, low voltage","market for electricity, low voltage (CA-AB)",kWh,1.0,CA-AB,0.0001393949856939,2.466812044598044e-05,1.534146902579973e-07,4.919292875183752e-05,4.1416230111776045e-09,2.6483962043312697e-08,1.9125248339330443e-10,7.900128459926819e-07,3.1085367173852775e-09,2.088464602705897e-12,7.124082660056968e-08,2.2584343586907815e-05,3.9613519937777673e-08,2.3906067625928276e-05,9.752026117927015e-11,7.466244293772347e-10,1.353021560599808e-08,2.075291441530161e-08,6.701329421473675e-05,5.1509555658051793e-08,1.3379733232842007e-09,2.110938711413646e-07,2.3736503829866273e-05
361,"photovoltaic slanted-roof installation, 3kWp, a-Si, panel, mounted, on roof",ei_cutoff_3.10_tiam-ucl_SSP2-RCP26_2040 2025-10-20,Rooftop PV - a-Si,"photovoltaic slanted-roof installation, 3kWp, a-Si, panel, mounted, on roof (RoW)",MW,0.003,RoW,58707.70367396059,10.947687157207678,18.17256067142373,10217.305040099907,0.0371500366321,0.4665921821790333,0.1778502227711038,213.87710181843306,0.0023230216029334,6.437741585157508e-07,3.0595659342881665,2420.3785131619998,1.2516932693265668,2411.0734727297026,0.014884244647326295,0.007175957287992962,0.3455446369335,0.0128346164673194,26.65765097176835,2.1020826108552333,16.149038238316166,5.6830061969005,45452.05088033191
362,"electrolyzer production, 1MWe, AEC, Stack",ei_cutoff_3.10_tiam-ucl_SSP2-RCP26_2040 2025-10-20,H2 Electrolyzer,"electrolyzer production, 1MWe, AEC, Stack (RER)",MW,1.0,RER,843.3792751321222,4417.672506250102,10.536661366015196,261.7381194352739,0.005720432590017,0.0593802320781382,0.0014016457967988,77.63290629388484,0.0144590562374949,2.3309289092056524e-05,0.6105276452031881,61.73784500716653,0.2230502391368519,5845.990374865469,0.0003635456017881,1.2427589597689237,0.0551368161949607,0.1166814000099833,706.1445437875536,234.5680086649483,0.0035669009015351,0.8131831601820628,1146.6620254324991
363,"gas power plant construction, combined cycle, 400MW electrical",ei_cutoff_3.10_tiam-ucl_SSP2-RCP26_2040 2025-10-20,,"gas power plant construction, combined cycle, 400MW electrical (RER)",MW,400.0,RER,937.569214886627,390016.4420619381,4.07612176577365,943.4066010023836,0.0016305259360389118,0.01619222017883033,0.2800524984437365,1.8535098508843941,0.8649833156358494,0.0120190199257774,0.3101067101935389,306.8135368064118,0.050122391744054265,797.7287472287484,0.00135627136418023,0.0008481286209696533,0.0059499807579339445,154.52508940394068,213164.89024260812,0.10040720123455923,-0.001410850033082744,0.19857487308056687,104.45769363460316
364,"wind power plant construction, 2MW, offshore, moving parts, direct drive",ei_cutoff_3.10_tiam-ucl_SSP2-RCP26_2040 2025-10-20,"Wind, offshore, moving parts (Bonus 2 MW), DD","wind power plant construction, 2MW, offshore, moving parts, direct drive (GLO)",MW,2.0,GLO,1385.1261529021822,12255.85484073959,5.743197581922614,902.3168863740289,9.255068660366351,0.04898550119404735,0.0042262869041077,4.741310799816005,0.0773244334324951,8.401461997154768e-05,0.935937065380984,1205.6153749396092,97.20172240624365,4269.783075056903,0.0012703472070442,0.0010345465108948,35.03475744188258,1.007885585238831,3105.4982231421573,0.30604025844120486,0.00239989535527965,51.07937320073766,586.9150875788285
365,"heat pump production, 30kW",ei_cutoff_3.10_tiam-ucl_SSP2-RCP26_2040 2025-10-20,Heat pump,"heat pump production, 30kW (RER)",MW,0.03,RER,85.50187364736318,1.7783771229137046,2.59612350227161,1794.5119934941788,0.0008317005703867989,0.008954724334303334,7.497018972996244e-06,0.2991884474738367,9.630734942778822e-05,4.511125764783975e-07,0.11267210105125,142.88151175470392,0.11547056134443001,132.98017302204738,0.002552461342197813,0.0009590085078754911,0.035009961754553336,0.0223438104367944,22.6320003220124,0.04348841383260667,-0.0041695266890700005,0.11266712686289,174.3286272318292
366,"market for battery capacity, Sodium-ion, SiB, stationary",ei_cutoff_3.10_tiam-ucl_SSP2-RCP26_2040 2025-10-20,"Market for SiB, stationary","market for battery capacity, Sodium-ion, SiB, stationary (GLO)",MWh,0.001,GLO,479.0633964514615,0.0609590566090138,14.1981368864442,461.8164128619119,0.001850241096051259,0.015821180608161334,4.761185447949582e-07,0.9835279937570999,1.0223434313043246e-06,7.769949859248391e-09,0.1985355486931,1041.1982273181443,0.061303786999861956,253.6173938741404,0.0002850439932210848,0.00023260627716103138,0.013492446622662904,7.114549744492733e-05,0.9198504726799238,0.07360803760861855,0.0003797653453226202,0.154085918447,48.923680569834
367,"wind turbine construction, 4.5MW, onshore",ei_cutoff_3.10_tiam-ucl_SSP2-RCP26_2040 2025-10-20,"Wind, onshore (Enercon E112)","wind turbine construction, 4.5MW, onshore (GLO)",MW,4.5,GLO,2018.0780306310783,4578.224929452714,18.40629768653971,8620.567248643703,1.2744782891288253,0.1271522283147733,0.0576892688609563,8.071108987484555,0.2932545239097384,0.0011583115831558,5.230769063273816,4120.961995461341,10.286028798835282,1856.5827645271338,0.013274702180341467,0.00790286442225369,4.062697382458448,16.728989991318052,19516.018742622666,1.6924232413605271,-0.015577888597433467,52.0230706413571,5423.7465842596885
368,"nuclear power plant construction, pressure water reactor, 1000MW",ei_cutoff_3.10_tiam-ucl_SSP2-RCP26_2040 2025-10-20,Pressure water reactor - FR,"nuclear power plant construction, pressure water reactor, 1000MW (FR)",MW,1000.0,FR,479.7191243946155,533891.4546659839,3.7495051393223338,1349.567690543217,0.011511919996329894,0.10258474958783154,3.0777451938859404,2.911149054348299,5807.806367253483,0.0747768496405071,1.2815791888879011,1292.4257261119599,0.2723539288056376,983.1927119372008,0.002017988739144945,0.0017520974303541388,0.0469587691137432,656.6232769392925,855992.8027063465,8.846374912020757,-0.0008582538098133031,1.5197766066724572,436.63965936685844
369,"electricity production, natural gas, combined cycle power plant",ei_cutoff_3.10_tiam-ucl_SSP2-RCP26_2040 2025-10-20,,"electricity production, natural gas, combined cycle power plant (CH)",KWh,1.0,CH,1.791016820270107e-05,9.44289570772145e-06,6.575237457195132e-08,1.555152916355058e-05,1.6215232831138948e-10,1.5584062901347651e-09,4.0463964721199585e-11,6.427668220019756e-08,1.0780371213519311e-10,1.531526353482201e-12,1.717584264253722e-08,1.598205524305915e-05,5.232591011470052e-09,1.2780247789450028e-05,3.6698454601357817e-11,3.0305988215934304e-11,1.177942031967323e-09,6.424849323916873e-09,0.0001137106996272,7.110256276321089e-09,2.6849997213812412e-11,1.4384214454062378e-08,5.622517269807422e-06
370,"market for battery capacity, Li-ion, LFP, stationary",ei_cutoff_3.10_tiam-ucl_SSP2-RCP26_2040 2025-10-20,"Market for LFP, stationary","market for battery capacity, Li-ion, LFP, stationary (GLO)",MWh,0.001,GLO,1449.1657285693261,0.0393457461223021,1.2845876218495,736.2361833101361,0.001480852887079753,0.014527039487655187,5.035962728082854e-07,2.5969079846845,2.3286805428880312e-06,8.996019946766245e-09,68.2164535416665,20.216912943904898,0.3029465366611,48.034197064141495,0.007565677044798692,0.0004293752507376577,0.09381641832324156,0.0003213709179743,0.4565439113078992,0.6734068388196001,-0.0009091592467092567,0.1888115666864,131.87679409424467
371,"wind turbine network connection construction, 4.5MW, onshore",ei_cutoff_3.10_tiam-ucl_SSP2-RCP26_2040 2025-10-20,,"wind turbine network connection construction, 4.5MW, onshore (GLO)",,,GLO,,1388.6554047415354,,,,,0.0018353295226053,,0.0317393461088483,6.604447330206537e-05,,,,,,,,6.67821385929712,7320.469569709953,,,,
372,"market for battery capacity, Li-ion, NMC622, stationary",ei_cutoff_3.10_tiam-ucl_SSP2-RCP26_2040 2025-10-20,"Market for NMC622, stationary","market for battery capacity, Li-ion, NMC622, stationary (GLO)",MWh,0.001,GLO,1306.366617976561,0.103699703974477,202.35149809123808,1302.7517893780348,0.0016060520982060622,0.014811956374819423,5.457843903313627e-07,2.0705236235497,2.271009096290474e-06,8.131277110161627e-09,108.653026847498,313.9903490372411,0.2070586833591,355.7251686155508,0.006596486934847289,0.0004440543400546741,0.06092962167695959,0.0002826005403479,1.667612535146693,0.6016878296231,-0.0005701703834123394,0.1997460306606,126.1152229575945
373,"wind power plant construction, 2MW, offshore, fixed parts, direct drive",ei_cutoff_3.10_tiam-ucl_SSP2-RCP26_2040 2025-10-20,"Wind, offshore, fixed parts(Bonus 2 MW), DD","wind power plant construction, 2MW, offshore, fixed parts, direct drive (GLO)",MW,2.0,GLO,502.0733639759139,263.3054718076093,5.606253785777055,1794.5289369751315,0.0070724973866054,0.0489005831479676,0.0096341045674671,1.6519076354415472,0.0475859601097469,0.0002758213062237,1.939450292374834,1724.3842928906122,0.2996740226460359,1089.5171117413395,0.0027011418380981,0.00233735616702705,0.0221492815510744,1.5011680515587846,3133.1439299201484,0.6220244516116973,-0.00186696832160745,0.581854957037509,253.28260673715835
374,"market for battery capacity, Li-ion, NMC111",ei_cutoff_3.10_tiam-ucl_SSP2-RCP26_2040 2025-10-20,Market for NMC111,"market for battery capacity, Li-ion, NMC111 (GLO)",MWh,0.001,GLO,1597.9018868336098,0.0972103630132938,411.7195617860645,1596.1718398236685,0.002183518573029226,0.019710765257444477,7.609350339498452e-07,2.7212914434164,3.012701428541419e-06,1.1699722103044253e-08,75.51815518381889,605.5633411585945,0.2503289674446,286.57196487224365,0.008646315825858642,0.000586851882433274,0.07202520343611873,0.0003698940848613,1.4545576146218662,0.7940754511797999,-0.0005519478098896027,0.2620779488687,170.0637077928658
375,"wind power plant construction, 800kW, moving parts, direct drive",ei_cutoff_3.10_tiam-ucl_SSP2-RCP26_2040 2025-10-20,"Wind power plant, moving parts (Nordex N50/800 plant), DD","wind power plant construction, 800kW, moving parts, direct drive (GLO)",MW,0.8,GLO,1096.9856065422816,3584.369088434255,5.587820233980601,1718.913922617259,9.253822284240815,0.03721267844282837,0.0012345249244372,4.196829442966772,0.0315801335439797,2.6473775238635513e-05,0.6837517390821061,1133.154175991228,97.1543230342456,3134.9138972737937,0.0024333096859038747,0.0012809997102263748,35.02774958232127,0.6811280184513394,1400.761412188075,0.23074763098929246,-0.0010938426813161249,50.92779619255128,649.1815767843384
376,"battery module production, for SiB battery",ei_cutoff_3.10_tiam-ucl_SSP2-RCP26_2040 2025-10-20,Sodium-ion,"battery module production, for SiB battery (GLO)",kilogram,1.0,GLO,0.0558484080489208,0.0068527935617259,0.0016931879668678,0.0540593569523868,1.815214740727438e-07,1.6206765140286432e-06,3.8687427588674016e-08,0.0001090829575676,9.808624786247428e-08,7.65918484218611e-10,1.5771846989237378e-05,0.1246861187435773,5.230283836361452e-06,0.0300350397137303,3.13971385392723e-08,2.23103499115772e-08,1.2080639290956017e-06,8.013631131893876e-06,0.1077385331324904,6.382325262347252e-06,2.1627300266764535e-08,1.4658717327363728e-05,0.0047238956089707
377,"transmission network construction, electricity, high voltage direct current aerial line",ei_cutoff_3.10_tiam-ucl_SSP2-RCP26_2040 2025-10-20,HVDC transmission network construction,"transmission network construction, electricity, high voltage direct current aerial line (RER)",kilometer,1.0,RER,6963.042460735333,18.24109704225306,1.033745035787344,82.25892535068687,0.004185405729167,0.0297134506012147,0.0025064897992377,11.53304956192972,0.007253829695334,4.0507875126413566e-05,0.7459617912170492,264.1428623648951,0.1580809720052491,95.90629820901076,0.0016394686310046,0.0008671802022544,0.0127008827285322,0.0314699153154426,635.6866069672433,0.2455938775142724,0.0011727295508878,0.3281978825325715,617.5105527939711
378,"market for battery capacity, Li-ion, NMC111, stationary",ei_cutoff_3.10_tiam-ucl_SSP2-RCP26_2040 2025-10-20,"Market for NMC111, stationary","market for battery capacity, Li-ion, NMC111, stationary (GLO)",MWh,0.001,GLO,1597.9018868283183,0.0972103630131988,411.7195617860629,1596.171839826419,0.0021835185730255144,0.019710765257738933,7.60935033938982e-07,2.7212914434099003,3.0127014284703227e-06,1.1699722102456944e-08,75.5181551838144,605.5633411569468,0.2503289674441,286.57196487229095,0.008646315825855882,0.0005868518824350419,0.07202520343576581,0.0003698940848625,1.4545576146136592,0.7940754511786,-0.0005519478075534762,0.262077948868,170.063707785681
379,"battery production, Li-ion, NMC622",ei_cutoff_3.10_tiam-ucl_SSP2-RCP26_2040 2025-10-20,NMC622,"battery production, Li-ion, NMC622 (GLO)",kilogram,1.0,GLO,0.2398421438745784,0.0187091535527106,0.0374097539953661,0.2395240632864166,2.535156487470661e-07,2.455669752894979e-06,7.942975030393986e-08,0.0003736484240791,3.940344536087027e-07,1.3156138679752455e-09,0.0200842583684025,0.0577988346155602,3.5994702685331e-05,0.0653778759320865,1.2169625714114425e-06,7.56604733413397e-08,1.085041647739436e-05,5.1727560036402115e-05,0.3057109697301395,0.0001084714929842,-1.295738444550075e-07,3.307149386434594e-05,0.0221625985276419
380,"photovoltaic slanted-roof installation, 3kWp, single-Si, panel, mounted, on roof",ei_cutoff_3.10_tiam-ucl_SSP2-RCP26_2040 2025-10-20,Rooftop PV - single-Si,"photovoltaic slanted-roof installation, 3kWp, single-Si, panel, mounted, on roof (RER)",MW,0.003,RER,15843.257718187468,0.9454432499293852,10.641885398399532,6451.347417753807,0.021631900798650364,18.77626406653467,8.323954961166323e-06,386.4319242957135,6.980429164857274e-05,4.5393789157900083e-07,1.5626739070283,481.20103568963987,0.5739452652179,485.8868338073674,0.015941929351590514,0.0042453723859758674,0.16170448280223335,0.0080356914595941,56.315778749481126,22.216909945301598,0.003977329434784095,3.5012371819756996,1366.4106764938556
381,"nuclear power plant construction, pressure water reactor, 1000MW",ei_cutoff_3.10_tiam-ucl_SSP2-RCP26_2040 2025-10-20,Pressure water reactor - CH,"nuclear power plant construction, pressure water reactor, 1000MW (CH)",MW,1000.0,CH,413.02114014974575,531591.2843734851,3.3044604468606984,1336.4188510333395,0.010282515610166283,0.09932442346146761,1.819610932938144,2.761143440519557,5806.952628640815,0.0696605662516875,0.8743121684362527,1285.1500723503764,0.2020378532961305,978.4350207962747,0.001969803063503652,0.0012941189897140003,0.044324216348281195,653.5464713963581,840603.129855542,8.691845549930605,-0.001089579832829909,1.4805167526773566,413.4127665648648
382,"market for battery capacity, redox-flow, Vanadium, stationary",ei_cutoff_3.10_tiam-ucl_SSP2-RCP26_2040 2025-10-20,Market for vanadium redox-flow battery,"market for battery capacity, redox-flow, Vanadium, stationary (GLO)",kWh,0.001,GLO,148.2238441918559,0.1310126798619929,1.1017018999946,467.6969885974933,0.0029571086707971183,0.02338173924387168,1.3115020828700938e-06,960.1749177938076,4.0919804078852745e-06,3.0074474278183905e-08,0.3868122556944,47.0157194503859,0.18168437496009998,81.0762679424252,0.0007340220470532996,0.0006839746131598308,0.04045110015215573,0.0001927257068355,0.8006461438169917,0.17063564976339998,0.0003280454573560431,5743.566102951992,307.6651265117712
383,"electricity production, natural gas, conventional power plant",ei_cutoff_3.10_tiam-ucl_SSP2-RCP26_2040 2025-10-20,,"electricity production, natural gas, conventional power plant (DE)",KWh,1.0,DE,1.8431059523136915e-05,5.118547423257396e-06,5.8346069217211723e-08,1.5747206679182883e-05,1.8908951161513028e-10,1.795587955893229e-09,4.7654627025215167e-11,7.092740347074723e-08,1.225215317649398e-10,1.6938141064536165e-12,2.0053024669657636e-08,1.7555770410215688e-05,6.172459945179397e-09,1.042377280928552e-05,3.986168261874772e-11,3.37656402820837e-11,1.3888693530745462e-09,6.5289355512754184e-09,0.0001340892904417,8.33462924602557e-09,3.450859066938729e-11,1.6326826597363602e-08,6.397706612130122e-06
384,"wind power plant construction, 800kW, moving parts",ei_cutoff_3.10_tiam-ucl_SSP2-RCP26_2040 2025-10-20,"Wind power plant, moving parts (Nordex N50/800 plant)","wind power plant construction, 800kW, moving parts (GLO)",MW,0.8,GLO,1367.0378176832019,3686.7156297578726,5.565432917073483,1700.4439143363727,1.259398086270859,0.03900179500901375,0.0011912887174789,5.029707942525923,0.0375828627434059,2.7042057596223505e-05,0.6648380749227851,1971.9432422734203,9.617780085145952,3194.6147852731124,0.0023998914238881246,0.0012572280875078749,4.024148666127917,0.6666861683407986,869.5049803598282,0.224926690275298,-0.00189906782360025,50.97779880078974,4654.951865140374
385,"nuclear power plant construction, boiling water reactor 1000MW",ei_cutoff_3.10_tiam-ucl_SSP2-RCP26_2040 2025-10-20,Boiling water reactor - DE,"nuclear power plant construction, boiling water reactor 1000MW (DE)",MW,1000.0,DE,517.1266714522559,539490.6570057087,4.02290381645772,1360.5742200979737,0.012182259810123571,0.10607131195386542,3.600930755370485,3.0350255601127674,5808.149426997201,0.0838904452404184,1.4980935150710317,1376.979701307038,0.412303480674689,1017.8958230612378,0.0020516018725588673,0.0018968000311552868,0.08527623957996365,660.6980200196645,890905.8452940636,8.910394818934416,-0.0007091933751827022,1.5566246271350304,444.95932459365866
386,"electricity production, nuclear, pressure water reactor",ei_cutoff_3.10_tiam-ucl_SSP2-RCP26_2040 2025-10-20,,"electricity production, nuclear, pressure water reactor (CH)",kWh,1.0,CH,1.0402572595345294e-05,1.3852958212935488e-05,4.2734615709523665e-08,1.1143963779930905e-05,1.0888356061287836e-10,9.901446683755103e-10,2.9573329431812414e-11,3.6636171276563897e-08,1.8780059535656164e-08,5.742806887394417e-13,1.3252883745767374e-08,6.176906522083523e-06,8.156395975395621e-09,1.1302773996095558e-05,1.4208422057010435e-11,1.8062689360479577e-11,2.302373633542995e-09,4.8258566767664615e-09,2.290401918016123e-05,3.145104864472344e-08,2.2238679425894197e-11,1.1531680446963728e-08,5.955609154169214e-06
387,"direct air capture system, solvent-based, 1MtCO2",ei_cutoff_3.10_tiam-ucl_SSP2-RCP26_2040 2025-10-20,Direct air capture system,"direct air capture system, solvent-based, 1MtCO2 (RER)",MtCO2,1.0,RER,340260.0068157403,338266.9729446193,1551.558838203468,96931.02715430556,4.067338158719912,17.414371960035268,3.048821830321332,760.1305441277062,2.275432062493822,0.0313950231718557,1211.5237349775432,244721.90231127615,205.95988378697177,340103.38094181713,0.2834364654830333,0.9858325168649328,18.650195472916703,35.61148523596742,224855.8088646831,379.5992067725481,0.9871065413688924,184.6557727935732,67770.03573248582
388,"market for battery capacity, Li-ion, LFP",ei_cutoff_3.10_tiam-ucl_SSP2-RCP26_2040 2025-10-20,Market for LFP,"market for battery capacity, Li-ion, LFP (GLO)",MWh,0.001,GLO,1449.1657285693261,0.0393457461223021,1.2845876218495,736.2361833101361,0.001480852887079753,0.014527039487655187,5.035962728082854e-07,2.5969079846845,2.3286805428880312e-06,8.996019946766245e-09,68.2164535416665,20.216912943904898,0.3029465366611,48.034197064141495,0.007565677044798692,0.0004293752507376577,0.09381641832324156,0.0003213709179743,0.4565439113078992,0.6734068388196001,-0.0009091592467092567,0.1888115666864,131.87679409424467
389,"market for battery capacity, Li-ion, NMC532",ei_cutoff_3.10_tiam-ucl_SSP2-RCP26_2040 2025-10-20,Market for NMC532,"market for battery capacity, Li-ion, NMC532 (GLO)",MWh,0.001,GLO,1171.629381546644,0.0850838448752603,259.99492742242956,1201.0007298528362,0.001590483985204616,0.014317441495488576,5.554103539616841e-07,1.9250675153896,2.1585968306694467e-06,7.907851844358021e-09,99.9225512319173,283.2410418458023,0.19671456465329998,275.9082548570244,0.006071673869993255,0.0004278895385291415,0.057255094941367435,0.0002609650102682,1.3297084000030968,0.5603729132313999,-0.0004678644937889877,0.1925868178162,120.32027496670331
390,"hydropower plant construction, reservoir, non-alpine regions",ei_cutoff_3.10_tiam-ucl_SSP2-RCP26_2040 2025-10-20,Hydro run-of-river,"hydropower plant construction, reservoir, non-alpine regions (RER)",MW,175.0,RER,152228.1284962005,41099785.291992605,874.0732610632034,31630.041188216484,2.017123038902085,9.392520764269205,265.46164009560977,369.7979259165228,139.91203076183646,2.7732815513633264,734.798923174661,107674.92005207729,89.21381228894417,223659.3028385353,0.09423161052758776,0.3259536403196341,5.08318450945915,1771.367582465461,13538657.706132753,178.28570412719282,0.27644175566793144,77.53590528746582,12433.87994673823
391,"wind turbine construction, 750kW, onshore",ei_cutoff_3.10_tiam-ucl_SSP2-RCP26_2040 2025-10-20,"Wind, onshore","wind turbine construction, 750kW, onshore (RoW)",MW,0.75,RoW,2247.147670615856,826.4746737543335,10.72599067391806,3599.222712176746,1.2716617526419107,0.10963791804535546,0.0077357228970117,8.337890807002148,0.0485772612316472,0.000136678690242,3.8982286079101782,3789.279155522545,10.178908526371556,2015.0034875595145,0.008366287435682133,0.004996579356744667,4.067972331981397,1.231665829763308,1722.6324496923228,1.519008100237907,-0.0027073885281586663,51.74990418810464,5929.287230362018
392,"wind power plant construction, 2MW, offshore, fixed parts",ei_cutoff_3.10_tiam-ucl_SSP2-RCP26_2040 2025-10-20,"Wind, offshore, fixed parts (Bonus 2 MW)","wind power plant construction, 2MW, offshore, fixed parts (GLO)",MW,2.0,GLO,502.0733639759139,263.3054718076093,5.606253785777055,1794.5289369751315,0.0070724973866054,0.0489005831479676,0.0096341045674671,1.6519076354415472,0.0475859601097469,0.0002758213062237,1.939450292374834,1724.3842928906122,0.2996740226460359,1089.5171117413395,0.0027011418380981,0.00233735616702705,0.0221492815510744,1.5011680515587846,3133.1439299201484,0.6220244516116973,-0.00186696832160745,0.581854957037509,253.28260673715835
393,"market for battery capacity, Sodium-ion, SiB",ei_cutoff_3.10_tiam-ucl_SSP2-RCP26_2040 2025-10-20,Market for SiB,"market for battery capacity, Sodium-ion, SiB (GLO)",MWh,0.001,GLO,405.0967062658628,0.0515470671131246,12.0059652439828,390.5126317913909,0.001564566567488358,0.013378413381953202,4.0260653543720586e-07,0.8316727049899,8.644950957349442e-07,6.570280926227055e-09,0.1678819493473,880.4387385018807,0.05183857163565762,214.45923789603629,0.0002410336161160197,0.00019669220699361858,0.011409232527002567,6.016073633357989e-05,0.7778269003658418,0.06224306388662879,0.00032113012806977845,0.1302952772132,41.369935613469096
