component,carrier,location,bus_carrier,0
Generator,biogas,EU,biogas,72965534.71809
Generator,gas,EU,gas,418275277.66152
Generator,load,AL0 0,AC,16.90017
Generator,load,AL0 0,EV battery,16.8892
Generator,load,AL0 0,H2,17.07222
Generator,load,AL0 0,battery,17.58014
Generator,load,AL0 0,home battery,17.87649
Generator,load,AL0 0,low voltage,17.15704
Generator,load,AL0 0,residential rural heat,0.0
Generator,load,AL0 0,residential urban decentral heat,0.0
Generator,load,AL0 0,services rural heat,0.0
Generator,load,AL0 0,services urban decentral heat,0.0
Generator,load,AL0 0,urban central heat,0.0
Generator,load,AT0 0,AC,10.92704
Generator,load,AT0 0,EV battery,18.24891
Generator,load,AT0 0,H2,17.35754
Generator,load,AT0 0,battery,12.22043
Generator,load,AT0 0,home battery,14.01266
Generator,load,AT0 0,low voltage,11.96676
Generator,load,AT0 0,residential rural heat,0.0
Generator,load,AT0 0,residential urban decentral heat,0.0
Generator,load,AT0 0,services rural heat,0.0
Generator,load,AT0 0,services urban decentral heat,0.0
Generator,load,AT0 0,urban central heat,0.0
Generator,load,BA0 0,AC,16.58763
Generator,load,BA0 0,EV battery,17.45216
Generator,load,BA0 0,H2,17.07431
Generator,load,BA0 0,battery,17.47065
Generator,load,BA0 0,home battery,17.7873
Generator,load,BA0 0,low voltage,17.07308
Generator,load,BA0 0,residential rural heat,0.0
Generator,load,BA0 0,residential urban decentral heat,0.0
Generator,load,BA0 0,services rural heat,0.0
Generator,load,BA0 0,services urban decentral heat,0.0
Generator,load,BA0 0,urban central heat,0.0
Generator,load,BE0 0,AC,13.6737
Generator,load,BE0 0,EV battery,18.2872
Generator,load,BE0 0,H2,17.38592
Generator,load,BE0 0,battery,15.3087
Generator,load,BE0 0,home battery,16.5664
Generator,load,BE0 0,low voltage,14.41537
Generator,load,BE0 0,residential rural heat,0.0
Generator,load,BE0 0,residential urban decentral heat,0.0
Generator,load,BE0 0,services rural heat,0.0
Generator,load,BE0 0,services urban decentral heat,0.0
Generator,load,BE0 0,urban central heat,0.0
Generator,load,BG0 0,AC,14.88118
Generator,load,BG0 0,EV battery,17.94938
Generator,load,BG0 0,H2,17.05582
Generator,load,BG0 0,battery,14.94362
Generator,load,BG0 0,home battery,16.43213
Generator,load,BG0 0,low voltage,14.54934
Generator,load,BG0 0,residential rural heat,0.0
Generator,load,BG0 0,residential urban decentral heat,0.0
Generator,load,BG0 0,services rural heat,0.0
Generator,load,BG0 0,services urban decentral heat,0.0
Generator,load,BG0 0,urban central heat,0.0
Generator,load,CH0 0,AC,14.92251
Generator,load,CH0 0,EV battery,18.082
Generator,load,CH0 0,H2,17.40924
Generator,load,CH0 0,battery,14.9418
Generator,load,CH0 0,home battery,16.35742
Generator,load,CH0 0,low voltage,14.58557
Generator,load,CH0 0,residential rural heat,0.0
Generator,load,CH0 0,residential urban decentral heat,0.0
Generator,load,CH0 0,services rural heat,0.0
Generator,load,CH0 0,services urban decentral heat,0.0
Generator,load,CH0 0,urban central heat,0.0
Generator,load,CZ0 0,AC,13.6192
Generator,load,CZ0 0,EV battery,18.19299
Generator,load,CZ0 0,H2,17.2467
Generator,load,CZ0 0,battery,15.21566
Generator,load,CZ0 0,home battery,16.62049
Generator,load,CZ0 0,low voltage,14.94177
Generator,load,CZ0 0,residential rural heat,0.0
Generator,load,CZ0 0,residential urban decentral heat,0.0
Generator,load,CZ0 0,services rural heat,0.0
Generator,load,CZ0 0,services urban decentral heat,0.0
Generator,load,CZ0 0,urban central heat,0.0
Generator,load,DE0 0,AC,13.79711
Generator,load,DE0 0,EV battery,18.34563
Generator,load,DE0 0,H2,17.36025
Generator,load,DE0 0,battery,15.23175
Generator,load,DE0 0,home battery,16.54044
Generator,load,DE0 0,low voltage,14.82652
Generator,load,DE0 0,residential rural heat,0.0
Generator,load,DE0 0,residential urban decentral heat,0.0
Generator,load,DE0 0,services rural heat,0.0
Generator,load,DE0 0,services urban decentral heat,0.0
Generator,load,DE0 0,urban central heat,0.0
Generator,load,DE0 1,AC,14.64052
Generator,load,DE0 1,EV battery,18.34997
Generator,load,DE0 1,H2,17.26854
Generator,load,DE0 1,battery,14.70369
Generator,load,DE0 1,home battery,16.28868
Generator,load,DE0 1,low voltage,14.39276
Generator,load,DE0 1,residential rural heat,0.0
Generator,load,DE0 1,residential urban decentral heat,0.0
Generator,load,DE0 1,services rural heat,0.0
Generator,load,DE0 1,services urban decentral heat,0.0
Generator,load,DE0 1,urban central heat,0.0
Generator,load,DK0 0,AC,13.63075
Generator,load,DK0 0,EV battery,18.08368
Generator,load,DK0 0,H2,17.27172
Generator,load,DK0 0,battery,15.40583
Generator,load,DK0 0,home battery,16.47202
Generator,load,DK0 0,low voltage,14.13548
Generator,load,DK0 0,residential rural heat,0.0
Generator,load,DK0 0,residential urban decentral heat,0.0
Generator,load,DK0 0,services rural heat,0.0
Generator,load,DK0 0,services urban decentral heat,0.0
Generator,load,DK0 0,urban central heat,0.0
Generator,load,DK1 0,AC,15.15503
Generator,load,DK1 0,EV battery,17.86899
Generator,load,DK1 0,H2,17.21014
Generator,load,DK1 0,battery,16.77405
Generator,load,DK1 0,home battery,17.48399
Generator,load,DK1 0,low voltage,15.72478
Generator,load,DK1 0,residential rural heat,0.0
Generator,load,DK1 0,residential urban decentral heat,0.0
Generator,load,DK1 0,services rural heat,0.0
Generator,load,DK1 0,services urban decentral heat,0.0
Generator,load,DK1 0,urban central heat,0.0
Generator,load,EE0 0,AC,14.7919
Generator,load,EE0 0,EV battery,17.11283
Generator,load,EE0 0,H2,16.94681
Generator,load,EE0 0,battery,16.42801
Generator,load,EE0 0,home battery,17.23266
Generator,load,EE0 0,low voltage,15.79054
Generator,load,EE0 0,residential rural heat,0.0
Generator,load,EE0 0,residential urban decentral heat,0.0
Generator,load,EE0 0,services rural heat,0.0
Generator,load,EE0 0,services urban decentral heat,0.0
Generator,load,EE0 0,urban central heat,0.0
Generator,load,ES0 0,AC,14.89957
Generator,load,ES0 0,EV battery,18.34525
Generator,load,ES0 0,H2,17.42237
Generator,load,ES0 0,battery,14.94183
Generator,load,ES0 0,home battery,16.30929
Generator,load,ES0 0,low voltage,14.45993
Generator,load,ES0 0,residential rural heat,0.0
Generator,load,ES0 0,residential urban decentral heat,0.0
Generator,load,ES0 0,services rural heat,0.0
Generator,load,ES0 0,services urban decentral heat,0.0
Generator,load,ES0 0,urban central heat,0.0
Generator,load,ES6 0,AC,14.91022
Generator,load,ES6 0,EV battery,16.39237
Generator,load,ES6 0,H2,17.31489
Generator,load,ES6 0,battery,14.9819
Generator,load,ES6 0,home battery,16.5102
Generator,load,ES6 0,low voltage,14.47506
Generator,load,ES6 0,residential rural heat,0.0
Generator,load,ES6 0,residential urban decentral heat,0.0
Generator,load,ES6 0,services rural heat,0.0
Generator,load,ES6 0,services urban decentral heat,0.0
Generator,load,ES6 0,urban central heat,0.0
Generator,load,EU,agriculture machinery oil,9.79424
Generator,load,EU,biogas,315.23906
Generator,load,EU,co2,0.0
Generator,load,EU,co2 sequestered,18.17993
Generator,load,EU,co2 stored,17.97708
Generator,load,EU,gas,0.0
Generator,load,EU,gas for industry,17.77095
Generator,load,EU,industry methanol,14.37596
Generator,load,EU,kerosene for aviation,1.96916
Generator,load,EU,methanol,18.06635
Generator,load,EU,naphtha for industry,5.25815
Generator,load,EU,non-sequestered HVC,142.08347
Generator,load,EU,none,0.0
Generator,load,EU,oil,18.06753
Generator,load,EU,oil primary,0.0
Generator,load,EU,process emissions,17.69087
Generator,load,EU,shipping methanol,2.58775
Generator,load,EU,solid biomass,676.88556
Generator,load,EU,solid biomass for industry,16.96174
Generator,load,FI1 0,AC,15.01006
Generator,load,FI1 0,EV battery,18.0938
Generator,load,FI1 0,H2,17.1142
Generator,load,FI1 0,battery,15.0902
Generator,load,FI1 0,home battery,16.30069
Generator,load,FI1 0,low voltage,14.63357
Generator,load,FI1 0,residential rural heat,0.0
Generator,load,FI1 0,residential urban decentral heat,0.0
Generator,load,FI1 0,services rural heat,0.0
Generator,load,FI1 0,services urban decentral heat,0.0
Generator,load,FI1 0,urban central heat,0.0
Generator,load,FR0 0,AC,14.73426
Generator,load,FR0 0,EV battery,18.30966
Generator,load,FR0 0,H2,17.54455
Generator,load,FR0 0,battery,14.76794
Generator,load,FR0 0,home battery,16.2985
Generator,load,FR0 0,low voltage,14.30555
Generator,load,FR0 0,residential rural heat,0.0
Generator,load,FR0 0,residential urban decentral heat,0.0
Generator,load,FR0 0,services rural heat,0.0
Generator,load,FR0 0,services urban decentral heat,0.0
Generator,load,FR0 0,urban central heat,0.0
Generator,load,FR5 0,AC,7.95229
Generator,load,FR5 0,EV battery,13.82656
Generator,load,FR5 0,H2,11.81275
Generator,load,FR5 0,battery,8.12124
Generator,load,FR5 0,home battery,8.63211
Generator,load,FR5 0,low voltage,8.35343
Generator,load,FR5 0,residential rural heat,0.0
Generator,load,FR5 0,residential urban decentral heat,0.0
Generator,load,FR5 0,services rural heat,0.0
Generator,load,FR5 0,services urban decentral heat,0.0
Generator,load,GB2 0,AC,14.95613
Generator,load,GB2 0,EV battery,18.34751
Generator,load,GB2 0,H2,17.35694
Generator,load,GB2 0,battery,14.98841
Generator,load,GB2 0,home battery,16.48205
Generator,load,GB2 0,low voltage,14.58009
Generator,load,GB2 0,residential rural heat,0.0
Generator,load,GB2 0,residential urban decentral heat,0.0
Generator,load,GB2 0,services rural heat,0.0
Generator,load,GB2 0,services urban decentral heat,0.0
Generator,load,GB2 0,urban central heat,0.0
Generator,load,GB3 0,AC,13.82009
Generator,load,GB3 0,EV battery,17.15338
Generator,load,GB3 0,H2,17.3274
Generator,load,GB3 0,battery,15.48472
Generator,load,GB3 0,home battery,16.81145
Generator,load,GB3 0,low voltage,14.84106
Generator,load,GB3 0,residential rural heat,0.0
Generator,load,GB3 0,residential urban decentral heat,0.0
Generator,load,GB3 0,services rural heat,0.0
Generator,load,GB3 0,services urban decentral heat,0.0
Generator,load,GB3 0,urban central heat,0.0
Generator,load,GR0 0,AC,15.47974
Generator,load,GR0 0,EV battery,18.15781
Generator,load,GR0 0,H2,17.14238
Generator,load,GR0 0,battery,15.45901
Generator,load,GR0 0,home battery,16.88755
Generator,load,GR0 0,low voltage,15.02179
Generator,load,GR0 0,residential rural heat,0.0
Generator,load,GR0 0,residential urban decentral heat,0.0
Generator,load,GR0 0,services rural heat,0.0
Generator,load,GR0 0,services urban decentral heat,0.0
Generator,load,GR0 0,urban central heat,0.0
Generator,load,HR0 0,AC,15.39102
Generator,load,HR0 0,EV battery,17.91893
Generator,load,HR0 0,H2,17.10509
Generator,load,HR0 0,battery,16.91849
Generator,load,HR0 0,home battery,17.48867
Generator,load,HR0 0,low voltage,16.12719
Generator,load,HR0 0,residential rural heat,0.0
Generator,load,HR0 0,residential urban decentral heat,0.0
Generator,load,HR0 0,services rural heat,0.0
Generator,load,HR0 0,services urban decentral heat,0.0
Generator,load,HR0 0,urban central heat,0.0
Generator,load,HU0 0,AC,13.58797
Generator,load,HU0 0,EV battery,18.13732
Generator,load,HU0 0,H2,17.15369
Generator,load,HU0 0,battery,15.09469
Generator,load,HU0 0,home battery,16.46653
Generator,load,HU0 0,low voltage,14.48751
Generator,load,HU0 0,residential rural heat,0.0
Generator,load,HU0 0,residential urban decentral heat,0.0
Generator,load,HU0 0,services rural heat,0.0
Generator,load,HU0 0,services urban decentral heat,0.0
Generator,load,HU0 0,urban central heat,0.0
Generator,load,IE3 0,AC,14.58146
Generator,load,IE3 0,EV battery,18.07384
Generator,load,IE3 0,H2,17.40063
Generator,load,IE3 0,battery,16.28751
Generator,load,IE3 0,home battery,17.27661
Generator,load,IE3 0,low voltage,15.57386
Generator,load,IE3 0,residential rural heat,0.0
Generator,load,IE3 0,residential urban decentral heat,0.0
Generator,load,IE3 0,services rural heat,0.0
Generator,load,IE3 0,services urban decentral heat,0.0
Generator,load,IE3 0,urban central heat,0.0
Generator,load,IT0 0,AC,13.3559
Generator,load,IT0 0,EV battery,18.36228
Generator,load,IT0 0,H2,15.54105
Generator,load,IT0 0,battery,14.69983
Generator,load,IT0 0,home battery,16.16148
Generator,load,IT0 0,low voltage,13.89077
Generator,load,IT0 0,residential rural heat,0.0
Generator,load,IT0 0,residential urban decentral heat,0.0
Generator,load,IT0 0,services rural heat,0.0
Generator,load,IT0 0,services urban decentral heat,0.0
Generator,load,IT0 0,urban central heat,0.0
Generator,load,IT4 0,AC,14.73599
Generator,load,IT4 0,EV battery,17.34779
Generator,load,IT4 0,H2,15.39948
Generator,load,IT4 0,battery,16.3525
Generator,load,IT4 0,home battery,17.25046
Generator,load,IT4 0,low voltage,15.00739
Generator,load,IT4 0,residential rural heat,0.0
Generator,load,IT4 0,residential urban decentral heat,0.0
Generator,load,IT4 0,services rural heat,0.0
Generator,load,IT4 0,services urban decentral heat,0.0
Generator,load,IT4 0,urban central heat,0.0
Generator,load,LT0 0,AC,13.6756
Generator,load,LT0 0,EV battery,17.90614
Generator,load,LT0 0,H2,17.07795
Generator,load,LT0 0,battery,15.331
Generator,load,LT0 0,home battery,16.55705
Generator,load,LT0 0,low voltage,14.58147
Generator,load,LT0 0,residential rural heat,0.0
Generator,load,LT0 0,residential urban decentral heat,0.0
Generator,load,LT0 0,services rural heat,0.0
Generator,load,LT0 0,services urban decentral heat,0.0
Generator,load,LT0 0,urban central heat,0.0
Generator,load,LU0 0,AC,17.51865
Generator,load,LU0 0,EV battery,17.59298
Generator,load,LU0 0,H2,17.40494
Generator,load,LU0 0,battery,17.89138
Generator,load,LU0 0,home battery,18.08544
Generator,load,LU0 0,low voltage,17.68733
Generator,load,LU0 0,residential rural heat,0.0
Generator,load,LU0 0,residential urban decentral heat,0.0
Generator,load,LU0 0,services rural heat,0.0
Generator,load,LU0 0,services urban decentral heat,0.0
Generator,load,LU0 0,urban central heat,0.0
Generator,load,LV0 0,AC,14.78931
Generator,load,LV0 0,EV battery,17.4988
Generator,load,LV0 0,H2,16.93667
Generator,load,LV0 0,battery,16.38803
Generator,load,LV0 0,home battery,17.23445
Generator,load,LV0 0,low voltage,15.68441
Generator,load,LV0 0,residential rural heat,0.0
Generator,load,LV0 0,residential urban decentral heat,0.0
Generator,load,LV0 0,services rural heat,0.0
Generator,load,LV0 0,services urban decentral heat,0.0
Generator,load,LV0 0,urban central heat,0.0
Generator,load,ME0 0,AC,15.34394
Generator,load,ME0 0,EV battery,15.62698
Generator,load,ME0 0,H2,17.17614
Generator,load,ME0 0,battery,16.83858
Generator,load,ME0 0,home battery,17.47535
Generator,load,ME0 0,low voltage,16.03562
Generator,load,ME0 0,residential rural heat,0.0
Generator,load,ME0 0,residential urban decentral heat,0.0
Generator,load,ME0 0,services rural heat,0.0
Generator,load,ME0 0,services urban decentral heat,0.0
Generator,load,ME0 0,urban central heat,0.0
Generator,load,MK0 0,AC,17.5139
Generator,load,MK0 0,EV battery,16.94744
Generator,load,MK0 0,H2,17.05918
Generator,load,MK0 0,battery,17.84744
Generator,load,MK0 0,home battery,18.06079
Generator,load,MK0 0,low voltage,17.65168
Generator,load,MK0 0,residential rural heat,0.0
Generator,load,MK0 0,residential urban decentral heat,0.0
Generator,load,MK0 0,services rural heat,0.0
Generator,load,MK0 0,services urban decentral heat,0.0
Generator,load,MK0 0,urban central heat,0.0
Generator,load,NL0 0,AC,13.77657
Generator,load,NL0 0,EV battery,18.32565
Generator,load,NL0 0,H2,17.3098
Generator,load,NL0 0,battery,15.35303
Generator,load,NL0 0,home battery,16.69074
Generator,load,NL0 0,low voltage,14.57832
Generator,load,NL0 0,residential rural heat,0.0
Generator,load,NL0 0,residential urban decentral heat,0.0
Generator,load,NL0 0,services rural heat,0.0
Generator,load,NL0 0,services urban decentral heat,0.0
Generator,load,NL0 0,urban central heat,0.0
Generator,load,NO1 0,AC,16.58334
Generator,load,NO1 0,EV battery,17.98518
Generator,load,NO1 0,H2,17.25268
Generator,load,NO1 0,battery,16.5829
Generator,load,NO1 0,home battery,17.3077
Generator,load,NO1 0,low voltage,16.24868
Generator,load,NO1 0,residential rural heat,0.0
Generator,load,NO1 0,residential urban decentral heat,0.0
Generator,load,NO1 0,services rural heat,0.0
Generator,load,NO1 0,services urban decentral heat,0.0
Generator,load,NO1 0,urban central heat,0.0
Generator,load,PL0 0,AC,14.63567
Generator,load,PL0 0,EV battery,18.35273
Generator,load,PL0 0,H2,17.16773
Generator,load,PL0 0,battery,14.69509
Generator,load,PL0 0,home battery,16.40904
Generator,load,PL0 0,low voltage,14.38603
Generator,load,PL0 0,residential rural heat,0.0
Generator,load,PL0 0,residential urban decentral heat,0.0
Generator,load,PL0 0,services rural heat,0.0
Generator,load,PL0 0,services urban decentral heat,0.0
Generator,load,PL0 0,urban central heat,0.0
Generator,load,PT0 0,AC,15.44016
Generator,load,PT0 0,EV battery,18.20897
Generator,load,PT0 0,H2,17.32105
Generator,load,PT0 0,battery,15.50555
Generator,load,PT0 0,home battery,16.88134
Generator,load,PT0 0,low voltage,15.04946
Generator,load,PT0 0,residential rural heat,0.0
Generator,load,PT0 0,residential urban decentral heat,0.0
Generator,load,PT0 0,services rural heat,0.0
Generator,load,PT0 0,services urban decentral heat,0.0
Generator,load,PT0 0,urban central heat,0.0
Generator,load,RO0 0,AC,13.6451
Generator,load,RO0 0,EV battery,18.21699
Generator,load,RO0 0,H2,17.04854
Generator,load,RO0 0,battery,14.99631
Generator,load,RO0 0,home battery,16.60813
Generator,load,RO0 0,low voltage,14.61212
Generator,load,RO0 0,residential rural heat,0.0
Generator,load,RO0 0,residential urban decentral heat,0.0
Generator,load,RO0 0,services rural heat,0.0
Generator,load,RO0 0,services urban decentral heat,0.0
Generator,load,RO0 0,urban central heat,0.0
Generator,load,RS0 0,AC,14.1462
Generator,load,RS0 0,EV battery,17.89395
Generator,load,RS0 0,H2,17.07799
Generator,load,RS0 0,battery,15.60191
Generator,load,RS0 0,home battery,16.94562
Generator,load,RS0 0,low voltage,15.02397
Generator,load,RS0 0,residential rural heat,0.0
Generator,load,RS0 0,residential urban decentral heat,0.0
Generator,load,RS0 0,services rural heat,0.0
Generator,load,RS0 0,services urban decentral heat,0.0
Generator,load,RS0 0,urban central heat,0.0
Generator,load,SE1 0,AC,14.76028
Generator,load,SE1 0,EV battery,18.18633
Generator,load,SE1 0,H2,17.21632
Generator,load,SE1 0,battery,14.79952
Generator,load,SE1 0,home battery,16.317
Generator,load,SE1 0,low voltage,14.55444
Generator,load,SE1 0,residential rural heat,0.0
Generator,load,SE1 0,residential urban decentral heat,0.0
Generator,load,SE1 0,services rural heat,0.0
Generator,load,SE1 0,services urban decentral heat,0.0
Generator,load,SE1 0,urban central heat,0.0
Generator,load,SI0 0,AC,13.81139
Generator,load,SI0 0,EV battery,17.83813
Generator,load,SI0 0,H2,17.23146
Generator,load,SI0 0,battery,15.29193
Generator,load,SI0 0,home battery,16.59516
Generator,load,SI0 0,low voltage,14.67519
Generator,load,SI0 0,residential rural heat,0.0
Generator,load,SI0 0,residential urban decentral heat,0.0
Generator,load,SI0 0,services rural heat,0.0
Generator,load,SI0 0,services urban decentral heat,0.0
Generator,load,SI0 0,urban central heat,0.0
Generator,load,SK0 0,AC,13.70411
Generator,load,SK0 0,EV battery,18.00525
Generator,load,SK0 0,H2,17.15765
Generator,load,SK0 0,battery,15.2725
Generator,load,SK0 0,home battery,16.63219
Generator,load,SK0 0,low voltage,14.66858
Generator,load,SK0 0,residential rural heat,0.0
Generator,load,SK0 0,residential urban decentral heat,0.0
Generator,load,SK0 0,services rural heat,0.0
Generator,load,SK0 0,services urban decentral heat,0.0
Generator,load,SK0 0,urban central heat,0.0
Generator,load,XK0 0,AC,17.61396
Generator,load,XK0 0,EV battery,16.26403
Generator,load,XK0 0,H2,17.06248
Generator,load,XK0 0,battery,17.90374
Generator,load,XK0 0,home battery,18.10403
Generator,load,XK0 0,low voltage,17.73214
Generator,load,XK0 0,residential rural heat,0.0
Generator,load,XK0 0,residential urban decentral heat,0.0
Generator,load,XK0 0,services rural heat,0.0
Generator,load,XK0 0,services urban decentral heat,0.0
Generator,load,XK0 0,urban central heat,0.0
Generator,nuclear,BE0 0,AC,33786223.08051
Generator,nuclear,BG0 0,AC,11070679.80959
Generator,nuclear,CH0 0,AC,17521198.19549
Generator,nuclear,CZ0 0,AC,25038593.94567
Generator,nuclear,DE0 0,AC,96726601.17341
Generator,nuclear,DE0 1,AC,48919106.11401
Generator,nuclear,ES0 0,AC,25442305.96362
Generator,nuclear,ES6 0,AC,16491642.82489
Generator,nuclear,FI1 0,AC,27356160.45927
Generator,nuclear,FR0 0,AC,249294522.25164
Generator,nuclear,GB2 0,AC,65598532.96087
Generator,nuclear,GB3 0,AC,13466669.88604
Generator,nuclear,HU0 0,AC,10973989.55028
Generator,nuclear,IT0 0,AC,8901218.42687
Generator,nuclear,LT0 0,AC,17536480.33122
Generator,nuclear,NL0 0,AC,350606.99735
Generator,nuclear,RO0 0,AC,7243355.38141
Generator,nuclear,SE1 0,AC,57129475.49425
Generator,nuclear,SI0 0,AC,3923331.00466
Generator,nuclear,SK0 0,AC,11859693.71055
Generator,offwind-ac,AL0 0,AC,81557.89706
Generator,offwind-ac,BA0 0,AC,11260.63543
Generator,offwind-ac,BE0 0,AC,9735700.84294
Generator,offwind-ac,BG0 0,AC,295230.49135
Generator,offwind-ac,DE0 0,AC,33298139.80023
Generator,offwind-ac,DE0 1,AC,9273478.15337
Generator,offwind-ac,DK0 0,AC,6743247.49841
Generator,offwind-ac,DK1 0,AC,4516262.29014
Generator,offwind-ac,EE0 0,AC,161627.17974
Generator,offwind-ac,ES0 0,AC,104305.89803
Generator,offwind-ac,ES6 0,AC,37328.40246
Generator,offwind-ac,FI1 0,AC,539340.51111
Generator,offwind-ac,FR0 0,AC,174302862.64508
Generator,offwind-ac,FR5 0,AC,41666.56726
Generator,offwind-ac,GB2 0,AC,516909859.57736
Generator,offwind-ac,GB3 0,AC,26722333.85011
Generator,offwind-ac,GR0 0,AC,123809.42966
Generator,offwind-ac,HR0 0,AC,50644.16125
Generator,offwind-ac,IE3 0,AC,50614557.16736
Generator,offwind-ac,IT0 0,AC,70606.38407
Generator,offwind-ac,IT4 0,AC,80607.36678
Generator,offwind-ac,LT0 0,AC,666823.06912
Generator,offwind-ac,LV0 0,AC,264778.01857
Generator,offwind-ac,ME0 0,AC,34306.6766
Generator,offwind-ac,NL0 0,AC,24423572.91659
Generator,offwind-ac,NO1 0,AC,1253687.27361
Generator,offwind-ac,PL0 0,AC,27798713.9743
Generator,offwind-ac,PT0 0,AC,530373.68327
Generator,offwind-ac,RO0 0,AC,5469866.00865
Generator,offwind-ac,SE1 0,AC,1109427.22356
Generator,offwind-ac,SI0 0,AC,17336.68323
Generator,offwind-dc,AL0 0,AC,6026815.79881
Generator,offwind-dc,BE0 0,AC,4026427.65483
Generator,offwind-dc,BG0 0,AC,481286.44545
Generator,offwind-dc,DE0 0,AC,109806706.78607
Generator,offwind-dc,DE0 1,AC,1201426.56393
Generator,offwind-dc,DK0 0,AC,250348.21476
Generator,offwind-dc,DK1 0,AC,182445.9557
Generator,offwind-dc,EE0 0,AC,124237.32064
Generator,offwind-dc,ES0 0,AC,439004.72141
Generator,offwind-dc,ES6 0,AC,81636.46512
Generator,offwind-dc,FI1 0,AC,122439676.89157
Generator,offwind-dc,FR0 0,AC,429697131.31715
Generator,offwind-dc,FR5 0,AC,89546.44893
Generator,offwind-dc,GB2 0,AC,322510.35118
Generator,offwind-dc,GB3 0,AC,301773.93493
Generator,offwind-dc,GR0 0,AC,280317.89919
Generator,offwind-dc,HR0 0,AC,97125.20198
Generator,offwind-dc,IE3 0,AC,6062158.23772
Generator,offwind-dc,IT0 0,AC,1243380.63066
Generator,offwind-dc,IT4 0,AC,271027.22791
Generator,offwind-dc,LT0 0,AC,7871978.81443
Generator,offwind-dc,LV0 0,AC,985920.81129
Generator,offwind-dc,ME0 0,AC,115955.21092
Generator,offwind-dc,NL0 0,AC,524592.24152
Generator,offwind-dc,NO1 0,AC,2351747.30238
Generator,offwind-dc,PL0 0,AC,80413217.89347
Generator,offwind-dc,PT0 0,AC,438874.14409
Generator,offwind-dc,RO0 0,AC,63004995.52352
Generator,offwind-dc,SE1 0,AC,3140547.59127
Generator,oil primary,EU,oil primary,288905881.1424
Generator,onwind,AL0 0,AC,98030.58028
Generator,onwind,AT0 0,AC,3500150.53544
Generator,onwind,BA0 0,AC,152640.63306
Generator,onwind,BE0 0,AC,37437448.33304
Generator,onwind,BG0 0,AC,704449.94708
Generator,onwind,CH0 0,AC,21666.54843
Generator,onwind,CZ0 0,AC,459224.75001
Generator,onwind,DE0 0,AC,64036284.28882
Generator,onwind,DE0 1,AC,41506062.52992
Generator,onwind,DK0 0,AC,223314400.56725
Generator,onwind,DK1 0,AC,63752668.5071
Generator,onwind,EE0 0,AC,23153235.56432
Generator,onwind,ES0 0,AC,48445486.39111
Generator,onwind,ES6 0,AC,3318924.27625
Generator,onwind,FI1 0,AC,17211015.87136
Generator,onwind,FR0 0,AC,45505344.93717
Generator,onwind,FR5 0,AC,94468.60753
Generator,onwind,GB2 0,AC,900724207.33783
Generator,onwind,GB3 0,AC,14081312.39215
Generator,onwind,GR0 0,AC,12958171.56794
Generator,onwind,HR0 0,AC,904549.71028
Generator,onwind,HU0 0,AC,1808007.66995
Generator,onwind,IE3 0,AC,13796607.87813
Generator,onwind,IT0 0,AC,9391484.61073
Generator,onwind,IT4 0,AC,27643113.39667
Generator,onwind,LT0 0,AC,2317748.38448
Generator,onwind,LU0 0,AC,272003.28833
Generator,onwind,LV0 0,AC,796161.35971
Generator,onwind,ME0 0,AC,32564.25908
Generator,onwind,MK0 0,AC,12539.37149
Generator,onwind,NL0 0,AC,136376815.99229
Generator,onwind,NO1 0,AC,9672340.10662
Generator,onwind,PL0 0,AC,115019405.74089
Generator,onwind,PT0 0,AC,7945186.02989
Generator,onwind,RO0 0,AC,6062108.39681
Generator,onwind,RS0 0,AC,687527.59238
Generator,onwind,SE1 0,AC,32062340.86945
Generator,onwind,SI0 0,AC,7303.05773
Generator,onwind,SK0 0,AC,109630.55024
Generator,onwind,XK0 0,AC,38153.02991
Generator,residential rural solar thermal,AL0 0,residential rural heat,24439.5959
Generator,residential rural solar thermal,AT0 0,residential rural heat,8946.13159
Generator,residential rural solar thermal,BA0 0,residential rural heat,10847.73028
Generator,residential rural solar thermal,BE0 0,residential rural heat,3838.89364
Generator,residential rural solar thermal,BG0 0,residential rural heat,8718.80255
Generator,residential rural solar thermal,CH0 0,residential rural heat,10602.6588
Generator,residential rural solar thermal,CZ0 0,residential rural heat,4077.04881
Generator,residential rural solar thermal,DE0 0,residential rural heat,5017.27348
Generator,residential rural solar thermal,DE0 1,residential rural heat,6002.11543
Generator,residential rural solar thermal,DK0 0,residential rural heat,3830.14431
Generator,residential rural solar thermal,DK1 0,residential rural heat,4016.83331
Generator,residential rural solar thermal,EE0 0,residential rural heat,4001.49897
Generator,residential rural solar thermal,ES0 0,residential rural heat,30047.84449
Generator,residential rural solar thermal,ES6 0,residential rural heat,5605.22491
Generator,residential rural solar thermal,FI1 0,residential rural heat,918.32657
Generator,residential rural solar thermal,FR0 0,residential rural heat,13518.81637
Generator,residential rural solar thermal,FR5 0,residential rural heat,14662.67703
Generator,residential rural solar thermal,GB2 0,residential rural heat,4754.58383
Generator,residential rural solar thermal,GB3 0,residential rural heat,2980.98548
Generator,residential rural solar thermal,GR0 0,residential rural heat,13272.9341
Generator,residential rural solar thermal,HR0 0,residential rural heat,10025.83075
Generator,residential rural solar thermal,HU0 0,residential rural heat,8180.65951
Generator,residential rural solar thermal,IE3 0,residential rural heat,3994.92333
Generator,residential rural solar thermal,IT0 0,residential rural heat,33926.80281
Generator,residential rural solar thermal,IT4 0,residential rural heat,32498.00396
Generator,residential rural solar thermal,LT0 0,residential rural heat,3808.12394
Generator,residential rural solar thermal,LU0 0,residential rural heat,2211.65309
Generator,residential rural solar thermal,LV0 0,residential rural heat,3914.78435
Generator,residential rural solar thermal,ME0 0,residential rural heat,10908.0744
Generator,residential rural solar thermal,MK0 0,residential rural heat,11838.89524
Generator,residential rural solar thermal,NL0 0,residential rural heat,3940.67073
Generator,residential rural solar thermal,NO1 0,residential rural heat,1617.5202
Generator,residential rural solar thermal,PL0 0,residential rural heat,5352.09311
Generator,residential rural solar thermal,PT0 0,residential rural heat,17410.81881
Generator,residential rural solar thermal,RO0 0,residential rural heat,8504.63132
Generator,residential rural solar thermal,RS0 0,residential rural heat,9940.92942
Generator,residential rural solar thermal,SE1 0,residential rural heat,2285.42492
Generator,residential rural solar thermal,SI0 0,residential rural heat,6754.22198
Generator,residential rural solar thermal,SK0 0,residential rural heat,5404.69187
Generator,residential rural solar thermal,XK0 0,residential rural heat,7285.00034
Generator,residential urban decentral solar thermal,AL0 0,residential urban decentral heat,16039.21166
Generator,residential urban decentral solar thermal,AT0 0,residential urban decentral heat,9455.11564
Generator,residential urban decentral solar thermal,BA0 0,residential urban decentral heat,10213.51743
Generator,residential urban decentral solar thermal,BE0 0,residential urban decentral heat,4994.35361
Generator,residential urban decentral solar thermal,BG0 0,residential urban decentral heat,9306.004
Generator,residential urban decentral solar thermal,CH0 0,residential urban decentral heat,13232.83172
Generator,residential urban decentral solar thermal,CZ0 0,residential urban decentral heat,4526.37966
Generator,residential urban decentral solar thermal,DE0 0,residential urban decentral heat,6161.87724
Generator,residential urban decentral solar thermal,DE0 1,residential urban decentral heat,6215.82877
Generator,residential urban decentral solar thermal,DK0 0,residential urban decentral heat,4477.89271
Generator,residential urban decentral solar thermal,DK1 0,residential urban decentral heat,4401.41181
Generator,residential urban decentral solar thermal,EE0 0,residential urban decentral heat,3996.91753
Generator,residential urban decentral solar thermal,ES0 0,residential urban decentral heat,35936.71567
Generator,residential urban decentral solar thermal,ES6 0,residential urban decentral heat,12190.15587
Generator,residential urban decentral solar thermal,FI1 0,residential urban decentral heat,1146.03369
Generator,residential urban decentral solar thermal,FR0 0,residential urban decentral heat,15261.04018
Generator,residential urban decentral solar thermal,FR5 0,residential urban decentral heat,0.0
Generator,residential urban decentral solar thermal,GB2 0,residential urban decentral heat,5982.67925
Generator,residential urban decentral solar thermal,GB3 0,residential urban decentral heat,2870.78666
Generator,residential urban decentral solar thermal,GR0 0,residential urban decentral heat,14849.86577
Generator,residential urban decentral solar thermal,HR0 0,residential urban decentral heat,10001.51926
Generator,residential urban decentral solar thermal,HU0 0,residential urban decentral heat,8697.95041
Generator,residential urban decentral solar thermal,IE3 0,residential urban decentral heat,4490.66539
Generator,residential urban decentral solar thermal,IT0 0,residential urban decentral heat,39024.43152
Generator,residential urban decentral solar thermal,IT4 0,residential urban decentral heat,11056.55516
Generator,residential urban decentral solar thermal,LT0 0,residential urban decentral heat,3840.66926
Generator,residential urban decentral solar thermal,LU0 0,residential urban decentral heat,4053.35863
Generator,residential urban decentral solar thermal,LV0 0,residential urban decentral heat,3956.256
Generator,residential urban decentral solar thermal,ME0 0,residential urban decentral heat,11942.80631
Generator,residential urban decentral solar thermal,MK0 0,residential urban decentral heat,8256.35432
Generator,residential urban decentral solar thermal,NL0 0,residential urban decentral heat,5305.03901
Generator,residential urban decentral solar thermal,NO1 0,residential urban decentral heat,1930.50336
Generator,residential urban decentral solar thermal,PL0 0,residential urban decentral heat,5492.9122
Generator,residential urban decentral solar thermal,PT0 0,residential urban decentral heat,18132.21532
Generator,residential urban decentral solar thermal,RO0 0,residential urban decentral heat,8602.46213
Generator,residential urban decentral solar thermal,RS0 0,residential urban decentral heat,10007.95726
Generator,residential urban decentral solar thermal,SE1 0,residential urban decentral heat,2975.6243
Generator,residential urban decentral solar thermal,SI0 0,residential urban decentral heat,6605.56482
Generator,residential urban decentral solar thermal,SK0 0,residential urban decentral heat,5398.81786
Generator,residential urban decentral solar thermal,XK0 0,residential urban decentral heat,6705.92402
Generator,ror,AL0 0,AC,137349.66852
Generator,ror,AT0 0,AC,17866795.08511
Generator,ror,BE0 0,AC,254953.73401
Generator,ror,BG0 0,AC,176849.20626
Generator,ror,CH0 0,AC,9067864.48617
Generator,ror,CZ0 0,AC,123102.72819
Generator,ror,DE0 0,AC,6637442.6642
Generator,ror,DE0 1,AC,14692464.36466
Generator,ror,ES0 0,AC,259177.16045
Generator,ror,ES6 0,AC,299644.46502
Generator,ror,FI1 0,AC,6808809.80327
Generator,ror,FR0 0,AC,28097368.38798
Generator,ror,FR5 0,AC,528334.69808
Generator,ror,GB2 0,AC,2384008.56995
Generator,ror,GB3 0,AC,1539570.09469
Generator,ror,GR0 0,AC,211479.34194
Generator,ror,HR0 0,AC,1133742.74008
Generator,ror,HU0 0,AC,58261.6946
Generator,ror,IE3 0,AC,509476.07397
Generator,ror,IT0 0,AC,28918001.46246
Generator,ror,IT4 0,AC,438370.55143
Generator,ror,LT0 0,AC,462241.0095
Generator,ror,LV0 0,AC,2706504.16441
Generator,ror,ME0 0,AC,18645.14363
Generator,ror,MK0 0,AC,438567.51932
Generator,ror,NO1 0,AC,4284079.83874
Generator,ror,PL0 0,AC,1107316.34781
Generator,ror,PT0 0,AC,6393430.41927
Generator,ror,RO0 0,AC,6235008.32204
Generator,ror,RS0 0,AC,6519935.04373
Generator,ror,SE1 0,AC,6282190.82364
Generator,ror,SI0 0,AC,1943469.0778
Generator,ror,SK0 0,AC,3364287.50979
Generator,ror,XK0 0,AC,47970.38323
Generator,services rural solar thermal,AL0 0,services rural heat,14001.5646
Generator,services rural solar thermal,AT0 0,services rural heat,6119.99491
Generator,services rural solar thermal,BA0 0,services rural heat,7298.00673
Generator,services rural solar thermal,BE0 0,services rural heat,4016.70301
Generator,services rural solar thermal,BG0 0,services rural heat,8516.32264
Generator,services rural solar thermal,CH0 0,services rural heat,7567.88416
Generator,services rural solar thermal,CZ0 0,services rural heat,3826.3671
Generator,services rural solar thermal,DE0 0,services rural heat,4873.31033
Generator,services rural solar thermal,DE0 1,services rural heat,5116.03065
Generator,services rural solar thermal,DK0 0,services rural heat,3950.46138
Generator,services rural solar thermal,DK1 0,services rural heat,4199.21065
Generator,services rural solar thermal,EE0 0,services rural heat,3985.20561
Generator,services rural solar thermal,ES0 0,services rural heat,27068.74673
Generator,services rural solar thermal,ES6 0,services rural heat,14107.32403
Generator,services rural solar thermal,FI1 0,services rural heat,945.37124
Generator,services rural solar thermal,FR0 0,services rural heat,13792.60427
Generator,services rural solar thermal,FR5 0,services rural heat,8640.12629
Generator,services rural solar thermal,GB2 0,services rural heat,4048.57668
Generator,services rural solar thermal,GB3 0,services rural heat,2819.57848
Generator,services rural solar thermal,GR0 0,services rural heat,11831.15095
Generator,services rural solar thermal,HR0 0,services rural heat,7789.41414
Generator,services rural solar thermal,HU0 0,services rural heat,7818.11974
Generator,services rural solar thermal,IE3 0,services rural heat,3782.84356
Generator,services rural solar thermal,IT0 0,services rural heat,13735.81084
Generator,services rural solar thermal,IT4 0,services rural heat,22203.094
Generator,services rural solar thermal,LT0 0,services rural heat,3777.99046
Generator,services rural solar thermal,LU0 0,services rural heat,3358.46771
Generator,services rural solar thermal,LV0 0,services rural heat,3891.91821
Generator,services rural solar thermal,ME0 0,services rural heat,4571.46043
Generator,services rural solar thermal,MK0 0,services rural heat,7850.0697
Generator,services rural solar thermal,NL0 0,services rural heat,5195.46227
Generator,services rural solar thermal,NO1 0,services rural heat,1522.69483
Generator,services rural solar thermal,PL0 0,services rural heat,5457.18771
Generator,services rural solar thermal,PT0 0,services rural heat,18000.80849
Generator,services rural solar thermal,RO0 0,services rural heat,7493.40077
Generator,services rural solar thermal,RS0 0,services rural heat,8969.74445
Generator,services rural solar thermal,SE1 0,services rural heat,2220.75639
Generator,services rural solar thermal,SI0 0,services rural heat,5578.87525
Generator,services rural solar thermal,SK0 0,services rural heat,5223.2532
Generator,services rural solar thermal,XK0 0,services rural heat,7516.10837
Generator,services urban decentral solar thermal,AL0 0,services urban decentral heat,7916.53004
Generator,services urban decentral solar thermal,AT0 0,services urban decentral heat,5987.33002
Generator,services urban decentral solar thermal,BA0 0,services urban decentral heat,6244.13499
Generator,services urban decentral solar thermal,BE0 0,services urban decentral heat,4525.33635
Generator,services urban decentral solar thermal,BG0 0,services urban decentral heat,8279.78743
Generator,services urban decentral solar thermal,CH0 0,services urban decentral heat,8948.07867
Generator,services urban decentral solar thermal,CZ0 0,services urban decentral heat,4017.02666
Generator,services urban decentral solar thermal,DE0 0,services urban decentral heat,5463.27513
Generator,services urban decentral solar thermal,DE0 1,services urban decentral heat,5150.03004
Generator,services urban decentral solar thermal,DK0 0,services urban decentral heat,3851.88637
Generator,services urban decentral solar thermal,DK1 0,services urban decentral heat,3933.95985
Generator,services urban decentral solar thermal,EE0 0,services urban decentral heat,3748.43606
Generator,services urban decentral solar thermal,ES0 0,services urban decentral heat,29188.77817
Generator,services urban decentral solar thermal,ES6 0,services urban decentral heat,9036.22431
Generator,services urban decentral solar thermal,FI1 0,services urban decentral heat,983.40821
Generator,services urban decentral solar thermal,FR0 0,services urban decentral heat,13933.14065
Generator,services urban decentral solar thermal,FR5 0,services urban decentral heat,1868.03599
Generator,services urban decentral solar thermal,GB2 0,services urban decentral heat,5169.17486
Generator,services urban decentral solar thermal,GB3 0,services urban decentral heat,2701.20398
Generator,services urban decentral solar thermal,GR0 0,services urban decentral heat,11698.34419
Generator,services urban decentral solar thermal,HR0 0,services urban decentral heat,7025.52872
Generator,services urban decentral solar thermal,HU0 0,services urban decentral heat,7701.89659
Generator,services urban decentral solar thermal,IE3 0,services urban decentral heat,3781.20418
Generator,services urban decentral solar thermal,IT0 0,services urban decentral heat,14018.23701
Generator,services urban decentral solar thermal,IT4 0,services urban decentral heat,6063.45373
Generator,services urban decentral solar thermal,LT0 0,services urban decentral heat,3624.6738
Generator,services urban decentral solar thermal,LU0 0,services urban decentral heat,3708.84776
Generator,services urban decentral solar thermal,LV0 0,services urban decentral heat,3749.32827
Generator,services urban decentral solar thermal,ME0 0,services urban decentral heat,3938.8629
Generator,services urban decentral solar thermal,MK0 0,services urban decentral heat,6342.104
Generator,services urban decentral solar thermal,NL0 0,services urban decentral heat,4880.10294
Generator,services urban decentral solar thermal,NO1 0,services urban decentral heat,1758.96089
Generator,services urban decentral solar thermal,PL0 0,services urban decentral heat,4741.48305
Generator,services urban decentral solar thermal,PT0 0,services urban decentral heat,17001.15246
Generator,services urban decentral solar thermal,RO0 0,services urban decentral heat,7277.48614
Generator,services urban decentral solar thermal,RS0 0,services urban decentral heat,8533.73716
Generator,services urban decentral solar thermal,SE1 0,services urban decentral heat,2455.64942
Generator,services urban decentral solar thermal,SI0 0,services urban decentral heat,5035.34481
Generator,services urban decentral solar thermal,SK0 0,services urban decentral heat,5073.817
Generator,services urban decentral solar thermal,XK0 0,services urban decentral heat,5034.29772
Generator,solar,AL0 0,AC,27780893.05286
Generator,solar,AT0 0,AC,147537578.67615
Generator,solar,BA0 0,AC,4594777.6512
Generator,solar,BE0 0,AC,65684711.68188
Generator,solar,BG0 0,AC,16774305.96401
Generator,solar,CH0 0,AC,141412211.78486
Generator,solar,CZ0 0,AC,4159844.13084
Generator,solar,DE0 0,AC,69987644.98114
Generator,solar,DE0 1,AC,150358638.42745
Generator,solar,DK0 0,AC,1372149.18857
Generator,solar,DK1 0,AC,8531832.30957
Generator,solar,EE0 0,AC,4406283.52448
Generator,solar,ES0 0,AC,862294620.06995
Generator,solar,ES6 0,AC,1689369.93454
Generator,solar,FI1 0,AC,555732.69372
Generator,solar,FR0 0,AC,166406691.82424
Generator,solar,FR5 0,AC,13648553.48999
Generator,solar,GB2 0,AC,45777161.57946
Generator,solar,GB3 0,AC,246169.21459
Generator,solar,GR0 0,AC,199245334.74673
Generator,solar,HR0 0,AC,2676074.56052
Generator,solar,HU0 0,AC,7207424.71794
Generator,solar,IE3 0,AC,6826216.09132
Generator,solar,IT0 0,AC,837726559.32147
Generator,solar,IT4 0,AC,41396823.36585
Generator,solar,LT0 0,AC,4390468.06929
Generator,solar,LU0 0,AC,5014348.44294
Generator,solar,LV0 0,AC,14533051.58223
Generator,solar,ME0 0,AC,13035210.98875
Generator,solar,MK0 0,AC,18499749.42827
Generator,solar,NL0 0,AC,61492504.84408
Generator,solar,NO1 0,AC,622985.06636
Generator,solar,PL0 0,AC,42844426.538
Generator,solar,PT0 0,AC,45557913.1166
Generator,solar,RO0 0,AC,34524391.75258
Generator,solar,RS0 0,AC,3406402.69307
Generator,solar,SE1 0,AC,29370184.44436
Generator,solar,SI0 0,AC,289431.7624
Generator,solar,SK0 0,AC,16174729.07475
Generator,solar,XK0 0,AC,2616477.38203
Generator,solar rooftop,AL0 0,low voltage,3018742.19947
Generator,solar rooftop,AT0 0,low voltage,17651109.72389
Generator,solar rooftop,BA0 0,low voltage,2484098.84335
Generator,solar rooftop,BE0 0,low voltage,386814.28153
Generator,solar rooftop,BG0 0,low voltage,5213818.75112
Generator,solar rooftop,CH0 0,low voltage,17318088.59408
Generator,solar rooftop,CZ0 0,low voltage,272189.588
Generator,solar rooftop,DE0 0,low voltage,508674.55491
Generator,solar rooftop,DE0 1,low voltage,2421419.90863
Generator,solar rooftop,DK0 0,low voltage,88948.29356
Generator,solar rooftop,DK1 0,low voltage,414439.25751
Generator,solar rooftop,EE0 0,low voltage,551535.04907
Generator,solar rooftop,ES0 0,low voltage,118578122.33763
Generator,solar rooftop,ES6 0,low voltage,1942320.10267
Generator,solar rooftop,FI1 0,low voltage,148408.20164
Generator,solar rooftop,FR0 0,low voltage,78046946.30659
Generator,solar rooftop,FR5 0,low voltage,476922.70825
Generator,solar rooftop,GB2 0,low voltage,391223.57226
Generator,solar rooftop,GB3 0,low voltage,89731.36904
Generator,solar rooftop,GR0 0,low voltage,19692488.0057
Generator,solar rooftop,HR0 0,low voltage,3709203.82425
Generator,solar rooftop,HU0 0,low voltage,1274390.25681
Generator,solar rooftop,IE3 0,low voltage,661890.24292
Generator,solar rooftop,IT0 0,low voltage,126440633.42386
Generator,solar rooftop,IT4 0,low voltage,3179406.99713
Generator,solar rooftop,LT0 0,low voltage,585888.8925
Generator,solar rooftop,LU0 0,low voltage,671997.69101
Generator,solar rooftop,LV0 0,low voltage,538186.20829
Generator,solar rooftop,ME0 0,low voltage,1177392.22363
Generator,solar rooftop,MK0 0,low voltage,3402073.44451
Generator,solar rooftop,NL0 0,low voltage,274789.17559
Generator,solar rooftop,NO1 0,low voltage,92311.55873
Generator,solar rooftop,PL0 0,low voltage,601510.414
Generator,solar rooftop,PT0 0,low voltage,22446708.26132
Generator,solar rooftop,RO0 0,low voltage,3006702.47032
Generator,solar rooftop,RS0 0,low voltage,2595398.533
Generator,solar rooftop,SE1 0,low voltage,399653.32385
Generator,solar rooftop,SI0 0,low voltage,108403.76707
Generator,solar rooftop,SK0 0,low voltage,4180752.39183
Generator,solar rooftop,XK0 0,low voltage,1685204.55518
Generator,solar-hsat,AL0 0,AC,429900.22702
Generator,solar-hsat,AT0 0,AC,345601.57253
Generator,solar-hsat,BA0 0,AC,334032.86131
Generator,solar-hsat,BE0 0,AC,397898.41243
Generator,solar-hsat,BG0 0,AC,598282.78486
Generator,solar-hsat,CH0 0,AC,617598.83567
Generator,solar-hsat,CZ0 0,AC,312402.29707
Generator,solar-hsat,DE0 0,AC,499856.23702
Generator,solar-hsat,DE0 1,AC,418705.13623
Generator,solar-hsat,DK0 0,AC,286779.74463
Generator,solar-hsat,DK1 0,AC,701925.98764
Generator,solar-hsat,EE0 0,AC,818111.54249
Generator,solar-hsat,ES0 0,AC,464944.05299
Generator,solar-hsat,ES6 0,AC,322761.96452
Generator,solar-hsat,FI1 0,AC,424793.38152
Generator,solar-hsat,FR0 0,AC,447769.54187
Generator,solar-hsat,FR5 0,AC,158478.84998
Generator,solar-hsat,GB2 0,AC,593826.73678
Generator,solar-hsat,GB3 0,AC,142115.18459
Generator,solar-hsat,GR0 0,AC,645852.23621
Generator,solar-hsat,HR0 0,AC,286308.76709
Generator,solar-hsat,HU0 0,AC,323418.3923
Generator,solar-hsat,IE3 0,AC,708921.8769
Generator,solar-hsat,IT0 0,AC,314262.95013
Generator,solar-hsat,IT4 0,AC,285867.11181
Generator,solar-hsat,LT0 0,AC,444538.18465
Generator,solar-hsat,LU0 0,AC,436681.92642
Generator,solar-hsat,LV0 0,AC,626390.13763
Generator,solar-hsat,ME0 0,AC,382962.20118
Generator,solar-hsat,MK0 0,AC,416493.12847
Generator,solar-hsat,NL0 0,AC,448451.03943
Generator,solar-hsat,NO1 0,AC,1046484.97967
Generator,solar-hsat,PL0 0,AC,658105.61048
Generator,solar-hsat,PT0 0,AC,507963.1638
Generator,solar-hsat,RO0 0,AC,435006.34454
Generator,solar-hsat,RS0 0,AC,317587.58718
Generator,solar-hsat,SE1 0,AC,3329741.73291
Generator,solar-hsat,SI0 0,AC,68776.27421
Generator,solar-hsat,SK0 0,AC,338548.9934
Generator,solar-hsat,XK0 0,AC,306145.63413
Generator,solid biomass,EU,solid biomass,1049092778.32537
Generator,urban central solar thermal,AL0 0,urban central heat,32043.70654
Generator,urban central solar thermal,AT0 0,urban central heat,18472.04161
Generator,urban central solar thermal,BA0 0,urban central heat,21356.73316
Generator,urban central solar thermal,BE0 0,urban central heat,8320.72356
Generator,urban central solar thermal,BG0 0,urban central heat,24642.65961
Generator,urban central solar thermal,CH0 0,urban central heat,33234.56715
Generator,urban central solar thermal,CZ0 0,urban central heat,7340.45047
Generator,urban central solar thermal,DE0 0,urban central heat,11240.14519
Generator,urban central solar thermal,DE0 1,urban central heat,10799.78131
Generator,urban central solar thermal,DK0 0,urban central heat,5497.98215
Generator,urban central solar thermal,DK1 0,urban central heat,6886.33354
Generator,urban central solar thermal,EE0 0,urban central heat,5301.4062
Generator,urban central solar thermal,ES0 0,urban central heat,74234.7976
Generator,urban central solar thermal,ES6 0,urban central heat,5961.30609
Generator,urban central solar thermal,FI1 0,urban central heat,2014.22977
Generator,urban central solar thermal,FR0 0,urban central heat,33305.3085
Generator,urban central solar thermal,GB2 0,urban central heat,11255.49627
Generator,urban central solar thermal,GB3 0,urban central heat,3661.85673
Generator,urban central solar thermal,GR0 0,urban central heat,43375.7707
Generator,urban central solar thermal,HR0 0,urban central heat,18036.0312
Generator,urban central solar thermal,HU0 0,urban central heat,15672.83927
Generator,urban central solar thermal,IE3 0,urban central heat,5578.32273
Generator,urban central solar thermal,IT0 0,urban central heat,168762.75199
Generator,urban central solar thermal,IT4 0,urban central heat,14504.73882
Generator,urban central solar thermal,LT0 0,urban central heat,5998.99334
Generator,urban central solar thermal,LU0 0,urban central heat,4743.5461
Generator,urban central solar thermal,LV0 0,urban central heat,7706.91828
Generator,urban central solar thermal,ME0 0,urban central heat,13289.52074
Generator,urban central solar thermal,MK0 0,urban central heat,9927.63972
Generator,urban central solar thermal,NL0 0,urban central heat,8615.51785
Generator,urban central solar thermal,NO1 0,urban central heat,4057.38974
Generator,urban central solar thermal,PL0 0,urban central heat,10498.76278
Generator,urban central solar thermal,PT0 0,urban central heat,41208.54536
Generator,urban central solar thermal,RO0 0,urban central heat,21488.47425
Generator,urban central solar thermal,RS0 0,urban central heat,18044.69151
Generator,urban central solar thermal,SE1 0,urban central heat,5203.59587
Generator,urban central solar thermal,SI0 0,urban central heat,10715.67168
Generator,urban central solar thermal,SK0 0,urban central heat,8677.04434
Generator,urban central solar thermal,XK0 0,urban central heat,8845.94126
Line,AC,AL0 0,AC,-26241374.93119
Line,AC,AT0 0,AC,-60973852.84747
Line,AC,BA0 0,AC,4918186.03389
Line,AC,BE0 0,AC,12642987.46723
Line,AC,BG0 0,AC,24319864.47844
Line,AC,CH0 0,AC,-69510222.22786
Line,AC,CZ0 0,AC,76781073.06331
Line,AC,DE0 0,AC,98778219.12004
Line,AC,DE0 1,AC,30272525.37413
Line,AC,DK0 0,AC,-40484390.22619
Line,AC,DK1 0,AC,-3270891.64585
Line,AC,EE0 0,AC,-5123547.7448
Line,AC,ES0 0,AC,-62034340.35352
Line,AC,FI1 0,AC,-2291026.17951
Line,AC,FR0 0,AC,-41315523.97324
Line,AC,GB3 0,AC,-19580166.47753
Line,AC,GR0 0,AC,-77411516.40976
Line,AC,HR0 0,AC,19148925.8393
Line,AC,HU0 0,AC,67228424.77483
Line,AC,IE3 0,AC,17672079.16806
Line,AC,IT0 0,AC,-23408788.36815
Line,AC,LT0 0,AC,-7115383.17783
Line,AC,LU0 0,AC,6908475.71709
Line,AC,LV0 0,AC,-749044.86022
Line,AC,ME0 0,AC,-15744007.78947
Line,AC,MK0 0,AC,-9660008.86974
Line,AC,NL0 0,AC,-32648941.97278
Line,AC,NO1 0,AC,-314065.94094
Line,AC,PL0 0,AC,20367804.78367
Line,AC,PT0 0,AC,43402687.59207
Line,AC,RO0 0,AC,-2696281.36234
Line,AC,RS0 0,AC,37224408.41332
Line,AC,SE1 0,AC,4963770.17752
Line,AC,SI0 0,AC,-68043306.70095
Line,AC,SK0 0,AC,11261994.67866
Line,AC,XK0 0,AC,5820736.95905
Link,BEV charger,AL0 0,EV battery,2065769.72166
Link,BEV charger,AL0 0,low voltage,-2295299.69074
Link,BEV charger,AT0 0,EV battery,21937515.63862
Link,BEV charger,AT0 0,low voltage,-24375017.37624
Link,BEV charger,BA0 0,EV battery,3451073.62524
Link,BEV charger,BA0 0,low voltage,-3834526.25027
Link,BEV charger,BE0 0,EV battery,29297094.67273
Link,BEV charger,BE0 0,low voltage,-32552327.41414
Link,BEV charger,BG0 0,EV battery,8181514.30381
Link,BEV charger,BG0 0,low voltage,-9090571.44868
Link,BEV charger,CH0 0,EV battery,12947417.80018
Link,BEV charger,CH0 0,low voltage,-14386019.77797
Link,BEV charger,CZ0 0,EV battery,20701624.13078
Link,BEV charger,CZ0 0,low voltage,-23001804.58976
Link,BEV charger,DE0 0,EV battery,105879316.9053
Link,BEV charger,DE0 0,low voltage,-117643685.45033
Link,BEV charger,DE0 1,EV battery,61926820.98921
Link,BEV charger,DE0 1,low voltage,-68807578.8769
Link,BEV charger,DK0 0,EV battery,8670511.62847
Link,BEV charger,DK0 0,low voltage,-9633901.80941
Link,BEV charger,DK1 0,EV battery,5005788.92468
Link,BEV charger,DK1 0,low voltage,-5561987.69409
Link,BEV charger,EE0 0,EV battery,2457972.59476
Link,BEV charger,EE0 0,low voltage,-2731080.66085
Link,BEV charger,ES0 0,EV battery,80888476.83399
Link,BEV charger,ES0 0,low voltage,-89876085.3711
Link,BEV charger,ES6 0,EV battery,1318859.18947
Link,BEV charger,ES6 0,low voltage,-1465399.09941
Link,BEV charger,FI1 0,EV battery,13578000.1919
Link,BEV charger,FI1 0,low voltage,-15086666.87989
Link,BEV charger,FR0 0,EV battery,135122119.42036
Link,BEV charger,FR0 0,low voltage,-150135688.24485
Link,BEV charger,FR5 0,EV battery,552765.48015
Link,BEV charger,FR5 0,low voltage,-614183.86683
Link,BEV charger,GB2 0,EV battery,101285195.50658
Link,BEV charger,GB2 0,low voltage,-112539106.11842
Link,BEV charger,GB3 0,EV battery,2742736.89859
Link,BEV charger,GB3 0,low voltage,-3047485.44287
Link,BEV charger,GR0 0,EV battery,15633359.25808
Link,BEV charger,GR0 0,low voltage,-17370399.17564
Link,BEV charger,HR0 0,EV battery,6519020.71019
Link,BEV charger,HR0 0,low voltage,-7243356.34466
Link,BEV charger,HU0 0,EV battery,14019573.09062
Link,BEV charger,HU0 0,low voltage,-15577303.43402
Link,BEV charger,IE3 0,EV battery,10939542.60981
Link,BEV charger,IE3 0,low voltage,-12155047.34424
Link,BEV charger,IT0 0,EV battery,104566888.90643
Link,BEV charger,IT0 0,low voltage,-116185432.11825
Link,BEV charger,IT4 0,EV battery,2611714.91112
Link,BEV charger,IT4 0,low voltage,-2901905.45681
Link,BEV charger,LT0 0,EV battery,6895889.62418
Link,BEV charger,LT0 0,low voltage,-7662099.58242
Link,BEV charger,LU0 0,EV battery,3076460.30945
Link,BEV charger,LU0 0,low voltage,-3418289.23272
Link,BEV charger,LV0 0,EV battery,3281604.46675
Link,BEV charger,LV0 0,low voltage,-3646227.18528
Link,BEV charger,ME0 0,EV battery,693826.65984
Link,BEV charger,ME0 0,low voltage,-770918.51093
Link,BEV charger,MK0 0,EV battery,1978823.96832
Link,BEV charger,MK0 0,low voltage,-2198693.29813
Link,BEV charger,NL0 0,EV battery,36084037.70842
Link,BEV charger,NL0 0,low voltage,-40093375.23158
Link,BEV charger,NO1 0,EV battery,9295323.90178
Link,BEV charger,NO1 0,low voltage,-10328137.66864
Link,BEV charger,PL0 0,EV battery,64121878.10685
Link,BEV charger,PL0 0,low voltage,-71246531.22983
Link,BEV charger,PT0 0,EV battery,19447452.19052
Link,BEV charger,PT0 0,low voltage,-21608280.21169
Link,BEV charger,RO0 0,EV battery,20407562.43404
Link,BEV charger,RO0 0,low voltage,-22675069.37116
Link,BEV charger,RS0 0,EV battery,5902551.2242
Link,BEV charger,RS0 0,low voltage,-6558390.24911
Link,BEV charger,SE1 0,EV battery,21150367.53524
Link,BEV charger,SE1 0,low voltage,-23500408.37249
Link,BEV charger,SI0 0,EV battery,5781902.59713
Link,BEV charger,SI0 0,low voltage,-6424336.21904
Link,BEV charger,SK0 0,EV battery,8955362.75817
Link,BEV charger,SK0 0,low voltage,-9950403.06463
Link,BEV charger,XK0 0,EV battery,1117177.39375
Link,BEV charger,XK0 0,low voltage,-1241308.21528
Link,CCGT,AL0 0,AC,24032.26033
Link,CCGT,AT0 0,AC,129310.60031
Link,CCGT,BA0 0,AC,31905.23882
Link,CCGT,BE0 0,AC,658125.17227
Link,CCGT,BG0 0,AC,19534.80892
Link,CCGT,CH0 0,AC,16364.69541
Link,CCGT,CZ0 0,AC,4670735.46244
Link,CCGT,DE0 0,AC,17345213.76552
Link,CCGT,DE0 1,AC,25579275.7874
Link,CCGT,DK0 0,AC,282598.75904
Link,CCGT,DK1 0,AC,299475.48616
Link,CCGT,EE0 0,AC,561786.59066
Link,CCGT,ES0 0,AC,7122.05448
Link,CCGT,ES6 0,AC,6027.02142
Link,CCGT,EU,co2,26375449.30753
Link,CCGT,EU,gas,-133209339.93702
Link,CCGT,FI1 0,AC,741364.86272
Link,CCGT,FR0 0,AC,13154.17257
Link,CCGT,FR5 0,AC,8418.96484
Link,CCGT,GB2 0,AC,25264.02282
Link,CCGT,GB3 0,AC,10979.82146
Link,CCGT,GR0 0,AC,16377.11248
Link,CCGT,HR0 0,AC,82301.35977
Link,CCGT,HU0 0,AC,1278574.85819
Link,CCGT,IE3 0,AC,12018.66784
Link,CCGT,IT0 0,AC,24742.29136
Link,CCGT,IT4 0,AC,10590.77844
Link,CCGT,LT0 0,AC,540208.03272
Link,CCGT,LU0 0,AC,193912.69116
Link,CCGT,LV0 0,AC,787947.78323
Link,CCGT,ME0 0,AC,28236.9324
Link,CCGT,MK0 0,AC,24470.57988
Link,CCGT,NL0 0,AC,5060707.02684
Link,CCGT,NO1 0,AC,38854.07336
Link,CCGT,PL0 0,AC,18650298.21061
Link,CCGT,PT0 0,AC,7520.9249
Link,CCGT,RO0 0,AC,26090.50461
Link,CCGT,RS0 0,AC,31716.43194
Link,CCGT,SE1 0,AC,357054.26148
Link,CCGT,SI0 0,AC,39950.12778
Link,CCGT,SK0 0,AC,2258107.29261
Link,CCGT,XK0 0,AC,25234.47299
Link,DC,BE0 0,AC,24648044.18273
Link,DC,CH0 0,AC,5635366.90588
Link,DC,DE0 0,AC,205293069.97654
Link,DC,DE0 1,AC,87393292.68212
Link,DC,DK0 0,AC,-60850577.55813
Link,DC,DK1 0,AC,-41087044.29227
Link,DC,EE0 0,AC,3249227.54006
Link,DC,ES0 0,AC,-88969040.27008
Link,DC,ES6 0,AC,-5358736.88924
Link,DC,FI1 0,AC,-4069870.04248
Link,DC,FR0 0,AC,-88475912.26133
Link,DC,FR5 0,AC,9438243.64732
Link,DC,GB2 0,AC,-166249315.14236
Link,DC,GB3 0,AC,-6089838.45632
Link,DC,GR0 0,AC,-52376.18066
Link,DC,IE3 0,AC,3704479.82736
Link,DC,IT0 0,AC,-64786197.72534
Link,DC,IT4 0,AC,-46674943.07732
Link,DC,LT0 0,AC,467749.90622
Link,DC,ME0 0,AC,5015167.24114
Link,DC,NL0 0,AC,74348781.38252
Link,DC,NO1 0,AC,7230180.53829
Link,DC,PL0 0,AC,3531059.32713
Link,DC,SE1 0,AC,-1181291.21557
Link,DC,SI0 0,AC,84134761.80182
Link,Fischer-Tropsch,AL0 0,H2,-1637376.902
Link,Fischer-Tropsch,AL0 0,urban central heat,61810.97805
Link,Fischer-Tropsch,AT0 0,H2,-1052779.6163
Link,Fischer-Tropsch,AT0 0,urban central heat,39742.43052
Link,Fischer-Tropsch,BA0 0,H2,-2168847.58483
Link,Fischer-Tropsch,BA0 0,urban central heat,81873.99633
Link,Fischer-Tropsch,BE0 0,H2,-2550759.85634
Link,Fischer-Tropsch,BE0 0,urban central heat,96291.18458
Link,Fischer-Tropsch,BG0 0,H2,-4432275.19497
Link,Fischer-Tropsch,BG0 0,urban central heat,167318.38861
Link,Fischer-Tropsch,CH0 0,H2,-23173102.14547
Link,Fischer-Tropsch,CH0 0,urban central heat,874784.60599
Link,Fischer-Tropsch,CZ0 0,H2,-749202.07329
Link,Fischer-Tropsch,CZ0 0,urban central heat,28282.37827
Link,Fischer-Tropsch,DE0 0,H2,-1344136.49562
Link,Fischer-Tropsch,DE0 0,urban central heat,50741.15271
Link,Fischer-Tropsch,DE0 1,H2,-919828.25283
Link,Fischer-Tropsch,DE0 1,urban central heat,34723.51654
Link,Fischer-Tropsch,DK0 0,H2,-28668012.34434
Link,Fischer-Tropsch,DK0 0,urban central heat,1082217.466
Link,Fischer-Tropsch,DK1 0,H2,-2427117.37285
Link,Fischer-Tropsch,DK1 0,urban central heat,91623.68083
Link,Fischer-Tropsch,EE0 0,H2,-1982201.11675
Link,Fischer-Tropsch,EE0 0,urban central heat,74828.09216
Link,Fischer-Tropsch,ES0 0,H2,-1402893.11889
Link,Fischer-Tropsch,ES0 0,urban central heat,52959.21524
Link,Fischer-Tropsch,ES6 0,H2,-276063.05275
Link,Fischer-Tropsch,ES6 0,urban central heat,10421.38024
Link,Fischer-Tropsch,EU,co2 stored,-130781540.84978
Link,Fischer-Tropsch,EU,oil,508679661.02598
Link,Fischer-Tropsch,FI1 0,H2,-21088866.20181
Link,Fischer-Tropsch,FI1 0,urban central heat,796104.69912
Link,Fischer-Tropsch,FR0 0,H2,-150236018.8248
Link,Fischer-Tropsch,FR0 0,urban central heat,5671409.71064
Link,Fischer-Tropsch,FR5 0,H2,-1700210.53172
Link,Fischer-Tropsch,GB2 0,H2,-226717264.85568
Link,Fischer-Tropsch,GB2 0,urban central heat,8558576.7483
Link,Fischer-Tropsch,GB3 0,H2,-1462906.26495
Link,Fischer-Tropsch,GB3 0,urban central heat,55224.7115
Link,Fischer-Tropsch,GR0 0,H2,-1224542.06523
Link,Fischer-Tropsch,GR0 0,urban central heat,46226.46296
Link,Fischer-Tropsch,HR0 0,H2,-1642173.81517
Link,Fischer-Tropsch,HR0 0,urban central heat,61992.06152
Link,Fischer-Tropsch,HU0 0,H2,-869060.27466
Link,Fischer-Tropsch,HU0 0,urban central heat,32807.02537
Link,Fischer-Tropsch,IE3 0,H2,-12879987.73341
Link,Fischer-Tropsch,IE3 0,urban central heat,486219.53694
Link,Fischer-Tropsch,IT0 0,H2,-95941196.40888
Link,Fischer-Tropsch,IT0 0,urban central heat,3621780.16444
Link,Fischer-Tropsch,IT4 0,H2,-328374.62879
Link,Fischer-Tropsch,IT4 0,urban central heat,12396.14224
Link,Fischer-Tropsch,LT0 0,H2,-813916.49981
Link,Fischer-Tropsch,LT0 0,urban central heat,30725.34787
Link,Fischer-Tropsch,LU0 0,H2,-2424669.38628
Link,Fischer-Tropsch,LU0 0,urban central heat,91531.26933
Link,Fischer-Tropsch,LV0 0,H2,-1142875.52741
Link,Fischer-Tropsch,LV0 0,urban central heat,43143.55116
Link,Fischer-Tropsch,ME0 0,H2,-1485357.061
Link,Fischer-Tropsch,ME0 0,urban central heat,56072.22905
Link,Fischer-Tropsch,MK0 0,H2,-1437137.82099
Link,Fischer-Tropsch,MK0 0,urban central heat,54251.95274
Link,Fischer-Tropsch,NL0 0,H2,-1290913.83295
Link,Fischer-Tropsch,NL0 0,urban central heat,48731.99719
Link,Fischer-Tropsch,NO1 0,H2,-1307340.36117
Link,Fischer-Tropsch,NO1 0,urban central heat,49352.09863
Link,Fischer-Tropsch,PL0 0,H2,-464377.80044
Link,Fischer-Tropsch,PL0 0,urban central heat,17530.26197
Link,Fischer-Tropsch,PT0 0,H2,-29776596.75821
Link,Fischer-Tropsch,PT0 0,urban central heat,1124066.52762
Link,Fischer-Tropsch,RO0 0,H2,-2128174.50204
Link,Fischer-Tropsch,RO0 0,urban central heat,80338.58745
Link,Fischer-Tropsch,RS0 0,H2,-1788639.09819
Link,Fischer-Tropsch,RS0 0,urban central heat,67521.12596
Link,Fischer-Tropsch,SE1 0,H2,-1731006.46123
Link,Fischer-Tropsch,SE1 0,urban central heat,65345.49391
Link,Fischer-Tropsch,SI0 0,H2,-1466794.69615
Link,Fischer-Tropsch,SI0 0,urban central heat,55371.49978
Link,Fischer-Tropsch,SK0 0,H2,-691142.43013
Link,Fischer-Tropsch,SK0 0,urban central heat,26090.62674
Link,Fischer-Tropsch,XK0 0,H2,-1821244.04291
Link,Fischer-Tropsch,XK0 0,urban central heat,68751.96262
Link,H2 Electrolysis,AL0 0,AC,-7459596.63168
Link,H2 Electrolysis,AL0 0,H2,5217241.8842
Link,H2 Electrolysis,AL0 0,urban central heat,262204.8216
Link,H2 Electrolysis,AT0 0,AC,-686145.21034
Link,H2 Electrolysis,AT0 0,H2,479889.96011
Link,H2 Electrolysis,AT0 0,urban central heat,24118.00414
Link,H2 Electrolysis,BA0 0,AC,-638656.23048
Link,H2 Electrolysis,BA0 0,H2,446676.1676
Link,H2 Electrolysis,BA0 0,urban central heat,22448.7665
Link,H2 Electrolysis,BE0 0,AC,-511394.57355
Link,H2 Electrolysis,BE0 0,H2,357669.36474
Link,H2 Electrolysis,BE0 0,urban central heat,17975.51926
Link,H2 Electrolysis,BG0 0,AC,-8618113.10767
Link,H2 Electrolysis,BG0 0,H2,6027508.3075
Link,H2 Electrolysis,BG0 0,urban central heat,302926.67573
Link,H2 Electrolysis,CH0 0,AC,-51403514.33723
Link,H2 Electrolysis,CH0 0,H2,35951617.92746
Link,H2 Electrolysis,CH0 0,urban central heat,1806833.52895
Link,H2 Electrolysis,CZ0 0,AC,-100604.88898
Link,H2 Electrolysis,CZ0 0,H2,70363.05935
Link,H2 Electrolysis,CZ0 0,urban central heat,3536.26185
Link,H2 Electrolysis,DE0 0,AC,-305105.87341
Link,H2 Electrolysis,DE0 0,H2,213391.04786
Link,H2 Electrolysis,DE0 0,urban central heat,10724.47145
Link,H2 Electrolysis,DE0 1,AC,-229109.04834
Link,H2 Electrolysis,DE0 1,H2,160238.86841
Link,H2 Electrolysis,DE0 1,urban central heat,8053.18305
Link,H2 Electrolysis,DK0 0,AC,-82310820.25176
Link,H2 Electrolysis,DK0 0,H2,57568187.68408
Link,H2 Electrolysis,DK0 0,urban central heat,2893225.33185
Link,H2 Electrolysis,DK1 0,AC,-4186330.70078
Link,H2 Electrolysis,DK1 0,H2,2927919.69213
Link,H2 Electrolysis,DK1 0,urban central heat,147149.52413
Link,H2 Electrolysis,EE0 0,AC,-13001451.57918
Link,H2 Electrolysis,EE0 0,H2,9093215.23448
Link,H2 Electrolysis,EE0 0,urban central heat,457001.02301
Link,H2 Electrolysis,ES0 0,AC,-426182199.81308
Link,H2 Electrolysis,ES0 0,H2,298071830.54927
Link,H2 Electrolysis,ES0 0,urban central heat,14980304.32343
Link,H2 Electrolysis,ES6 0,AC,-9496856.39361
Link,H2 Electrolysis,ES6 0,H2,6642101.36169
Link,H2 Electrolysis,ES6 0,urban central heat,333814.50224
Link,H2 Electrolysis,FI1 0,AC,-40320176.28341
Link,H2 Electrolysis,FI1 0,H2,28199931.29261
Link,H2 Electrolysis,FI1 0,urban central heat,1417254.19636
Link,H2 Electrolysis,FR0 0,AC,-257445683.4888
Link,H2 Electrolysis,FR0 0,H2,180057511.03207
Link,H2 Electrolysis,FR0 0,urban central heat,9049215.77463
Link,H2 Electrolysis,FR5 0,AC,-21971403.24587
Link,H2 Electrolysis,FR5 0,H2,15366799.43016
Link,H2 Electrolysis,GB2 0,AC,-751698951.60246
Link,H2 Electrolysis,GB2 0,H2,525738246.75076
Link,H2 Electrolysis,GB2 0,urban central heat,26422218.14883
Link,H2 Electrolysis,GB3 0,AC,-12117378.67508
Link,H2 Electrolysis,GB3 0,H2,8474894.64535
Link,H2 Electrolysis,GB3 0,urban central heat,425925.86043
Link,H2 Electrolysis,GR0 0,AC,-77175968.19538
Link,H2 Electrolysis,GR0 0,H2,53976872.15585
Link,H2 Electrolysis,GR0 0,urban central heat,2712735.28207
Link,H2 Electrolysis,HR0 0,AC,-267713.40342
Link,H2 Electrolysis,HR0 0,H2,187238.75435
Link,H2 Electrolysis,HR0 0,urban central heat,9410.12613
Link,H2 Electrolysis,HU0 0,AC,-225873.81147
Link,H2 Electrolysis,HU0 0,H2,157976.14374
Link,H2 Electrolysis,HU0 0,urban central heat,7939.46447
Link,H2 Electrolysis,IE3 0,AC,-42940704.44382
Link,H2 Electrolysis,IE3 0,H2,30032728.688
Link,H2 Electrolysis,IE3 0,urban central heat,1509365.7612
Link,H2 Electrolysis,IT0 0,AC,-327996803.58884
Link,H2 Electrolysis,IT0 0,H2,229400964.43003
Link,H2 Electrolysis,IT0 0,urban central heat,11529087.64615
Link,H2 Electrolysis,IT4 0,AC,-7565588.16291
Link,H2 Electrolysis,IT4 0,H2,5291372.36114
Link,H2 Electrolysis,IT4 0,urban central heat,265930.42393
Link,H2 Electrolysis,LT0 0,AC,-3064750.13194
Link,H2 Electrolysis,LT0 0,H2,2143486.24228
Link,H2 Electrolysis,LT0 0,urban central heat,107725.96714
Link,H2 Electrolysis,LU0 0,AC,-163242.39796
Link,H2 Electrolysis,LU0 0,H2,114171.73314
Link,H2 Electrolysis,LU0 0,urban central heat,5737.97029
Link,H2 Electrolysis,LV0 0,AC,-1865060.20017
Link,H2 Electrolysis,LV0 0,H2,1304423.104
Link,H2 Electrolysis,LV0 0,urban central heat,65556.86604
Link,H2 Electrolysis,ME0 0,AC,-777930.84042
Link,H2 Electrolysis,ME0 0,H2,544084.82979
Link,H2 Electrolysis,ME0 0,urban central heat,27344.26904
Link,H2 Electrolysis,MK0 0,AC,-2516711.66009
Link,H2 Electrolysis,MK0 0,H2,1760188.13507
Link,H2 Electrolysis,MK0 0,urban central heat,88462.41485
Link,H2 Electrolysis,NL0 0,AC,-684718.67406
Link,H2 Electrolysis,NL0 0,H2,478892.24064
Link,H2 Electrolysis,NL0 0,urban central heat,24067.86139
Link,H2 Electrolysis,NO1 0,AC,-2172009.80573
Link,H2 Electrolysis,NO1 0,H2,1519103.65813
Link,H2 Electrolysis,NO1 0,urban central heat,76346.14467
Link,H2 Electrolysis,PL0 0,AC,-1615324.03381
Link,H2 Electrolysis,PL0 0,H2,1129757.62925
Link,H2 Electrolysis,PL0 0,urban central heat,56778.63979
Link,H2 Electrolysis,PT0 0,AC,-39866998.87973
Link,H2 Electrolysis,PT0 0,H2,27882979.01648
Link,H2 Electrolysis,PT0 0,urban central heat,1401325.01062
Link,H2 Electrolysis,RO0 0,AC,-14548645.74845
Link,H2 Electrolysis,RO0 0,H2,10175322.83646
Link,H2 Electrolysis,RO0 0,urban central heat,511384.89806
Link,H2 Electrolysis,RS0 0,AC,-1038505.37761
Link,H2 Electrolysis,RS0 0,H2,726330.6611
Link,H2 Electrolysis,RS0 0,urban central heat,36503.46402
Link,H2 Electrolysis,SE1 0,AC,-4753362.71982
Link,H2 Electrolysis,SE1 0,H2,3324501.88625
Link,H2 Electrolysis,SE1 0,urban central heat,167080.6996
Link,H2 Electrolysis,SI0 0,AC,-377627.70376
Link,H2 Electrolysis,SI0 0,H2,264112.81601
Link,H2 Electrolysis,SI0 0,urban central heat,13273.61379
Link,H2 Electrolysis,SK0 0,AC,-162323.40749
Link,H2 Electrolysis,SK0 0,H2,113528.9912
Link,H2 Electrolysis,SK0 0,urban central heat,5705.66777
Link,H2 Electrolysis,XK0 0,AC,-1209907.92335
Link,H2 Electrolysis,XK0 0,H2,846209.60159
Link,H2 Electrolysis,XK0 0,urban central heat,42528.26351
Link,H2 pipeline,AL0 0,AC,-35787.75474
Link,H2 pipeline,AL0 0,H2,-1704202.28269
Link,H2 pipeline,AT0 0,AC,-94489.83065
Link,H2 pipeline,AT0 0,H2,9038790.02596
Link,H2 pipeline,BA0 0,AC,-23350.84864
Link,H2 pipeline,BA0 0,H2,3410552.26212
Link,H2 pipeline,BE0 0,AC,-172130.51959
Link,H2 pipeline,BE0 0,H2,11981805.41737
Link,H2 pipeline,BG0 0,AC,-32143.54286
Link,H2 pipeline,BG0 0,H2,1861839.6264
Link,H2 pipeline,CH0 0,AC,-209307.98633
Link,H2 pipeline,CH0 0,H2,-8996092.70473
Link,H2 pipeline,CZ0 0,AC,-59169.13815
Link,H2 pipeline,CZ0 0,H2,3532535.30293
Link,H2 pipeline,DE0 0,AC,-169227.048
Link,H2 pipeline,DE0 0,H2,30579235.35887
Link,H2 pipeline,DE0 1,AC,-115383.0461
Link,H2 pipeline,DE0 1,H2,7571007.42586
Link,H2 pipeline,DK0 0,AC,-258140.60192
Link,H2 pipeline,DK0 0,H2,-24404107.28964
Link,H2 pipeline,DK1 0,AC,-92307.78786
Link,H2 pipeline,DK1 0,H2,1040453.57359
Link,H2 pipeline,EE0 0,AC,-43626.55767
Link,H2 pipeline,EE0 0,H2,-6003549.10285
Link,H2 pipeline,ES0 0,AC,-502778.22121
Link,H2 pipeline,ES0 0,H2,-8911594.28601
Link,H2 pipeline,ES6 0,AC,-40993.04324
Link,H2 pipeline,ES6 0,H2,205698.19363
Link,H2 pipeline,FI1 0,AC,-66116.48359
Link,H2 pipeline,FI1 0,H2,-3308577.41441
Link,H2 pipeline,FR0 0,AC,-839401.26062
Link,H2 pipeline,FR0 0,H2,-12384865.15362
Link,H2 pipeline,FR5 0,AC,-16701.7622
Link,H2 pipeline,FR5 0,H2,11748359.5483
Link,H2 pipeline,GB2 0,AC,-755371.21151
Link,H2 pipeline,GB2 0,H2,-53476882.87557
Link,H2 pipeline,GB3 0,AC,-31185.94548
Link,H2 pipeline,GB3 0,H2,-222152.1917
Link,H2 pipeline,GR0 0,AC,-148789.9335
Link,H2 pipeline,GR0 0,H2,-14051515.12153
Link,H2 pipeline,HR0 0,AC,-35882.67234
Link,H2 pipeline,HR0 0,H2,4778873.10318
Link,H2 pipeline,HU0 0,AC,-71817.09211
Link,H2 pipeline,HU0 0,H2,4402174.27352
Link,H2 pipeline,IE3 0,AC,-72927.91017
Link,H2 pipeline,IE3 0,H2,11611569.56387
Link,H2 pipeline,IT0 0,AC,-548551.80362
Link,H2 pipeline,IT0 0,H2,-38481610.54216
Link,H2 pipeline,IT4 0,AC,-27977.78855
Link,H2 pipeline,IT4 0,H2,-1959397.20637
Link,H2 pipeline,LT0 0,AC,-45558.1483
Link,H2 pipeline,LT0 0,H2,4972392.69645
Link,H2 pipeline,LU0 0,AC,-55122.84382
Link,H2 pipeline,LU0 0,H2,2898252.79954
Link,H2 pipeline,LV0 0,AC,-29016.0889
Link,H2 pipeline,LV0 0,H2,231956.57257
Link,H2 pipeline,ME0 0,AC,-48439.75234
Link,H2 pipeline,ME0 0,H2,2096249.96259
Link,H2 pipeline,MK0 0,AC,-49176.56519
Link,H2 pipeline,MK0 0,H2,1902105.46117
Link,H2 pipeline,NL0 0,AC,-90823.4045
Link,H2 pipeline,NL0 0,H2,19825861.28452
Link,H2 pipeline,NO1 0,AC,-69240.56892
Link,H2 pipeline,NO1 0,H2,4328144.47117
Link,H2 pipeline,PL0 0,AC,-41708.48991
Link,H2 pipeline,PL0 0,H2,15781206.49518
Link,H2 pipeline,PT0 0,AC,-6426.10052
Link,H2 pipeline,PT0 0,H2,6852129.37785
Link,H2 pipeline,RO0 0,AC,-52963.97347
Link,H2 pipeline,RO0 0,H2,-1647991.09533
Link,H2 pipeline,RS0 0,AC,-76299.76299
Link,H2 pipeline,RS0 0,H2,3091504.25451
Link,H2 pipeline,SE1 0,AC,-106128.95152
Link,H2 pipeline,SE1 0,H2,1526426.56882
Link,H2 pipeline,SI0 0,AC,-70735.20788
Link,H2 pipeline,SI0 0,H2,1339148.68202
Link,H2 pipeline,SK0 0,AC,-52593.33399
Link,H2 pipeline,SK0 0,H2,6394297.25604
Link,H2 pipeline,XK0 0,AC,-26671.64935
Link,H2 pipeline,XK0 0,H2,2549967.70857
Link,HVC to air,EU,co2,7905.89503
Link,HVC to air,EU,non-sequestered HVC,-30750.27239
Link,SMR,AL0 0,H2,58448.54697
Link,SMR,AT0 0,H2,160053.23787
Link,SMR,BA0 0,H2,63800.92691
Link,SMR,BE0 0,H2,297665.93294
Link,SMR,BG0 0,H2,59416.18619
Link,SMR,CH0 0,H2,316227.70145
Link,SMR,CZ0 0,H2,133442.92286
Link,SMR,DE0 0,H2,291622.34161
Link,SMR,DE0 1,H2,175280.45355
Link,SMR,DK0 0,H2,179243.88319
Link,SMR,DK1 0,H2,149258.06942
Link,SMR,EE0 0,H2,88849.52509
Link,SMR,ES0 0,H2,44017.16318
Link,SMR,ES6 0,H2,29142.49412
Link,SMR,EU,co2,2274124.13832
Link,SMR,EU,gas,-11485475.44608
Link,SMR,FI1 0,H2,174764.31525
Link,SMR,FR0 0,H2,2964634.94902
Link,SMR,FR5 0,H2,98526.21302
Link,SMR,GB2 0,H2,886067.36453
Link,SMR,GB3 0,H2,126804.53035
Link,SMR,GR0 0,H2,52632.66206
Link,SMR,HR0 0,H2,83511.74359
Link,SMR,HU0 0,H2,102379.3874
Link,SMR,IE3 0,H2,193456.53508
Link,SMR,IT0 0,H2,237130.27831
Link,SMR,IT4 0,H2,65821.57394
Link,SMR,LT0 0,H2,96140.23706
Link,SMR,LU0 0,H2,185870.72339
Link,SMR,LV0 0,H2,86749.92993
Link,SMR,ME0 0,H2,63039.0926
Link,SMR,MK0 0,H2,59178.1749
Link,SMR,NL0 0,H2,339766.11287
Link,SMR,NO1 0,H2,135130.94349
Link,SMR,PL0 0,H2,156629.7843
Link,SMR,PT0 0,H2,47415.92621
Link,SMR,RO0 0,H2,59070.65303
Link,SMR,RS0 0,H2,63467.46958
Link,SMR,SE1 0,H2,118670.57028
Link,SMR,SI0 0,H2,124890.33976
Link,SMR,SK0 0,H2,101422.88539
Link,SMR,XK0 0,H2,59319.55834
Link,SMR CC,AL0 0,H2,425656.22332
Link,SMR CC,AT0 0,H2,1659982.12043
Link,SMR CC,BA0 0,H2,466280.80125
Link,SMR CC,BE0 0,H2,2264208.19309
Link,SMR CC,BG0 0,H2,470568.14896
Link,SMR CC,CH0 0,H2,1438393.91454
Link,SMR CC,CZ0 0,H2,1330916.44549
Link,SMR CC,DE0 0,H2,3828558.18849
Link,SMR CC,DE0 1,H2,1641603.83913
Link,SMR CC,DK0 0,H2,603248.15386
Link,SMR CC,DK1 0,H2,556862.64989
Link,SMR CC,EE0 0,H2,517012.81501
Link,SMR CC,ES0 0,H2,170575.55854
Link,SMR CC,ES6 0,H2,143068.15612
Link,SMR CC,EU,co2,1817086.60143
Link,SMR CC,EU,co2 stored,16353779.41288
Link,SMR CC,EU,gas,-91772050.57733
Link,SMR CC,FI1 0,H2,775731.84026
Link,SMR CC,FR0 0,H2,1481389.90838
Link,SMR CC,FR5 0,H2,625363.89306
Link,SMR CC,GB2 0,H2,14806567.16399
Link,SMR CC,GB3 0,H2,481358.7544
Link,SMR CC,GR0 0,H2,334293.23892
Link,SMR CC,HR0 0,H2,651924.04636
Link,SMR CC,HU0 0,H2,1062082.77238
Link,SMR CC,IE3 0,H2,743059.18914
Link,SMR CC,IT0 0,H2,12115787.0639
Link,SMR CC,IT4 0,H2,369830.55553
Link,SMR CC,LT0 0,H2,702059.25798
Link,SMR CC,LU0 0,H2,846890.64007
Link,SMR CC,LV0 0,H2,552862.29675
Link,SMR CC,ME0 0,H2,459614.3151
Link,SMR CC,MK0 0,H2,440906.20032
Link,SMR CC,NL0 0,H2,2842481.21318
Link,SMR CC,NO1 0,H2,705918.74346
Link,SMR CC,PL0 0,H2,3366478.09725
Link,SMR CC,PT0 0,H2,189229.00792
Link,SMR CC,RO0 0,H2,477357.60603
Link,SMR CC,RS0 0,H2,487009.23986
Link,SMR CC,SE1 0,H2,626059.1478
Link,SMR CC,SI0 0,H2,1147514.42417
Link,SMR CC,SK0 0,H2,1073933.59071
Link,SMR CC,XK0 0,H2,440077.48332
Link,Sabatier,AL0 0,H2,-52873.28973
Link,Sabatier,AL0 0,urban central heat,1982.74836
Link,Sabatier,AT0 0,H2,-76278.88352
Link,Sabatier,AT0 0,urban central heat,2860.45813
Link,Sabatier,BA0 0,H2,-57490.01302
Link,Sabatier,BA0 0,urban central heat,2155.87549
Link,Sabatier,BE0 0,H2,-80541.01379
Link,Sabatier,BE0 0,urban central heat,3020.28802
Link,Sabatier,BG0 0,H2,-65135.09961
Link,Sabatier,BG0 0,urban central heat,2442.56624
Link,Sabatier,CH0 0,H2,-79549.41326
Link,Sabatier,CH0 0,urban central heat,2983.103
Link,Sabatier,CZ0 0,H2,-75169.60918
Link,Sabatier,CZ0 0,urban central heat,2818.86034
Link,Sabatier,DE0 0,H2,-89805.53167
Link,Sabatier,DE0 0,urban central heat,3367.70744
Link,Sabatier,DE0 1,H2,-86034.34667
Link,Sabatier,DE0 1,urban central heat,3226.288
Link,Sabatier,DK0 0,H2,-75453.1685
Link,Sabatier,DK0 0,urban central heat,2829.49382
Link,Sabatier,DK1 0,H2,-68155.90265
Link,Sabatier,DK1 0,urban central heat,2555.84635
Link,Sabatier,EE0 0,H2,-60727.95634
Link,Sabatier,EE0 0,urban central heat,2277.29836
Link,Sabatier,ES0 0,H2,-89826.70404
Link,Sabatier,ES0 0,urban central heat,3368.5014
Link,Sabatier,ES6 0,H2,-46170.26722
Link,Sabatier,ES6 0,urban central heat,1731.38502
Link,Sabatier,EU,co2 stored,-454882.40902
Link,Sabatier,EU,gas,2297385.90416
Link,Sabatier,FI1 0,H2,-82122.80207
Link,Sabatier,FI1 0,urban central heat,3079.60508
Link,Sabatier,FR0 0,H2,-92379.56337
Link,Sabatier,FR0 0,urban central heat,3464.23363
Link,Sabatier,FR5 0,H2,-138441.33171
Link,Sabatier,GB2 0,H2,-92859.94383
Link,Sabatier,GB2 0,urban central heat,3482.24789
Link,Sabatier,GB3 0,H2,-56860.16284
Link,Sabatier,GB3 0,urban central heat,2132.25611
Link,Sabatier,GR0 0,H2,-68609.50664
Link,Sabatier,GR0 0,urban central heat,2572.8565
Link,Sabatier,HR0 0,H2,-60196.9878
Link,Sabatier,HR0 0,urban central heat,2257.38704
Link,Sabatier,HU0 0,H2,-67219.48084
Link,Sabatier,HU0 0,urban central heat,2520.73053
Link,Sabatier,IE3 0,H2,-72666.09451
Link,Sabatier,IE3 0,urban central heat,2724.97854
Link,Sabatier,IT0 0,H2,-90579.87004
Link,Sabatier,IT0 0,urban central heat,3396.74513
Link,Sabatier,IT4 0,H2,-48694.20759
Link,Sabatier,IT4 0,urban central heat,1826.03278
Link,Sabatier,LT0 0,H2,-60274.09722
Link,Sabatier,LT0 0,urban central heat,2260.27865
Link,Sabatier,LU0 0,H2,-59071.92996
Link,Sabatier,LU0 0,urban central heat,2215.19737
Link,Sabatier,LV0 0,H2,-62046.57377
Link,Sabatier,LV0 0,urban central heat,2326.74652
Link,Sabatier,ME0 0,H2,-52133.10597
Link,Sabatier,ME0 0,urban central heat,1954.99147
Link,Sabatier,MK0 0,H2,-53575.56253
Link,Sabatier,MK0 0,urban central heat,2009.08359
Link,Sabatier,NL0 0,H2,-83332.80493
Link,Sabatier,NL0 0,urban central heat,3124.98018
Link,Sabatier,NO1 0,H2,-81613.98559
Link,Sabatier,NO1 0,urban central heat,3060.52446
Link,Sabatier,PL0 0,H2,-81865.88901
Link,Sabatier,PL0 0,urban central heat,3069.97084
Link,Sabatier,PT0 0,H2,-70679.41295
Link,Sabatier,PT0 0,urban central heat,2650.47799
Link,Sabatier,RO0 0,H2,-72927.07159
Link,Sabatier,RO0 0,urban central heat,2734.76518
Link,Sabatier,RS0 0,H2,-62136.18833
Link,Sabatier,RS0 0,urban central heat,2330.10706
Link,Sabatier,SE1 0,H2,-83524.29312
Link,Sabatier,SE1 0,urban central heat,3132.16099
Link,Sabatier,SI0 0,H2,-58037.09979
Link,Sabatier,SI0 0,urban central heat,2176.39124
Link,Sabatier,SK0 0,H2,-63054.31428
Link,Sabatier,SK0 0,urban central heat,2364.53679
Link,Sabatier,XK0 0,H2,-53618.9007
Link,Sabatier,XK0 0,urban central heat,2010.70878
Link,agriculture machinery oil,EU,agriculture machinery oil,51423809.56017
Link,agriculture machinery oil,EU,co2,13221061.43792
Link,agriculture machinery oil,EU,oil,-51423809.56017
Link,battery charger,AL0 0,AC,-10329472.42577
Link,battery charger,AL0 0,battery,10120774.70212
Link,battery charger,AT0 0,AC,-40948437.63326
Link,battery charger,AT0 0,battery,40121111.18627
Link,battery charger,BA0 0,AC,-878512.25702
Link,battery charger,BA0 0,battery,860762.705
Link,battery charger,BE0 0,AC,-1693147.03744
Link,battery charger,BE0 0,battery,1658938.52049
Link,battery charger,BG0 0,AC,-1792592.13211
Link,battery charger,BG0 0,battery,1756374.41624
Link,battery charger,CH0 0,AC,-21952680.59034
Link,battery charger,CH0 0,battery,21509146.37305
Link,battery charger,CZ0 0,AC,-788204.81247
Link,battery charger,CZ0 0,battery,772279.84134
Link,battery charger,DE0 0,AC,-972294.71919
Link,battery charger,DE0 0,battery,952650.37665
Link,battery charger,DE0 1,AC,-1181078.72618
Link,battery charger,DE0 1,battery,1157216.09008
Link,battery charger,DK0 0,AC,-1887019.8868
Link,battery charger,DK0 0,battery,1848894.34286
Link,battery charger,DK1 0,AC,-1930444.87706
Link,battery charger,DK1 0,battery,1891441.97015
Link,battery charger,EE0 0,AC,-913534.97945
Link,battery charger,EE0 0,battery,895077.82473
Link,battery charger,ES0 0,AC,-348066819.01651
Link,battery charger,ES0 0,battery,341034441.19364
Link,battery charger,ES6 0,AC,-856831.45065
Link,battery charger,ES6 0,battery,839519.93986
Link,battery charger,FI1 0,AC,-859769.38719
Link,battery charger,FI1 0,battery,842398.51803
Link,battery charger,FR0 0,AC,-3013230.52247
Link,battery charger,FR0 0,battery,2952350.90297
Link,battery charger,FR5 0,AC,-5544838.51303
Link,battery charger,FR5 0,battery,5432810.02522
Link,battery charger,GB2 0,AC,-1961254.95991
Link,battery charger,GB2 0,battery,1921629.56291
Link,battery charger,GB3 0,AC,-1062830.88334
Link,battery charger,GB3 0,battery,1041357.33882
Link,battery charger,GR0 0,AC,-99788300.88747
Link,battery charger,GR0 0,battery,97772167.78945
Link,battery charger,HR0 0,AC,-1054540.88873
Link,battery charger,HR0 0,battery,1033234.83611
Link,battery charger,HU0 0,AC,-1271032.39794
Link,battery charger,HU0 0,battery,1245352.3286
Link,battery charger,IE3 0,AC,-1516978.77772
Link,battery charger,IE3 0,battery,1486329.58241
Link,battery charger,IT0 0,AC,-361747108.23782
Link,battery charger,IT0 0,battery,354438332.44401
Link,battery charger,IT4 0,AC,-18130282.20005
Link,battery charger,IT4 0,battery,17763976.11312
Link,battery charger,LT0 0,AC,-902985.01554
Link,battery charger,LT0 0,battery,884741.01338
Link,battery charger,LU0 0,AC,-770167.94924
Link,battery charger,LU0 0,battery,754607.39675
Link,battery charger,LV0 0,AC,-1042608.53465
Link,battery charger,LV0 0,battery,1021543.56454
Link,battery charger,ME0 0,AC,-3558909.8371
Link,battery charger,ME0 0,battery,3487005.25659
Link,battery charger,MK0 0,AC,-7086165.86668
Link,battery charger,MK0 0,battery,6942996.24244
Link,battery charger,NL0 0,AC,-1718484.55122
Link,battery charger,NL0 0,battery,1683764.11254
Link,battery charger,NO1 0,AC,-761721.56246
Link,battery charger,NO1 0,battery,746331.66164
Link,battery charger,PL0 0,AC,-1085383.35495
Link,battery charger,PL0 0,battery,1063454.15798
Link,battery charger,PT0 0,AC,-16210860.53753
Link,battery charger,PT0 0,battery,15883334.64335
Link,battery charger,RO0 0,AC,-1284236.90442
Link,battery charger,RO0 0,battery,1258290.04987
Link,battery charger,RS0 0,AC,-982457.71382
Link,battery charger,RS0 0,battery,962608.03708
Link,battery charger,SE1 0,AC,-793920.3762
Link,battery charger,SE1 0,battery,777879.92724
Link,battery charger,SI0 0,AC,-1587681.56871
Link,battery charger,SI0 0,battery,1555603.88695
Link,battery charger,SK0 0,AC,-1219490.19985
Link,battery charger,SK0 0,battery,1194851.49438
Link,battery charger,XK0 0,AC,-1906677.76088
Link,battery charger,XK0 0,battery,1868155.04722
Link,battery discharger,AL0 0,AC,9916309.18041
Link,battery discharger,AL0 0,battery,-10120790.67654
Link,battery discharger,AT0 0,AC,39310510.5271
Link,battery discharger,AT0 0,battery,-40121121.79987
Link,battery discharger,BA0 0,AC,843387.31045
Link,battery discharger,BA0 0,battery,-860778.56923
Link,battery discharger,BE0 0,AC,1625434.58145
Link,battery discharger,BE0 0,battery,-1658952.22284
Link,battery discharger,BG0 0,AC,1720901.53246
Link,battery discharger,BG0 0,battery,-1756387.77171
Link,battery discharger,CH0 0,AC,21074586.44901
Link,battery discharger,CH0 0,battery,-21509159.7251
Link,battery discharger,CZ0 0,AC,756689.95461
Link,battery discharger,CZ0 0,battery,-772293.45095
Link,battery discharger,DE0 0,AC,933417.07545
Link,battery discharger,DE0 0,battery,-952664.81336
Link,battery discharger,DE0 1,AC,1133848.42607
Link,battery discharger,DE0 1,battery,-1157229.20397
Link,battery discharger,DK0 0,AC,1811552.61143
Link,battery discharger,DK0 0,battery,-1848908.14176
Link,battery discharger,DK1 0,AC,1853241.94315
Link,battery discharger,DK1 0,battery,-1891457.13777
Link,battery discharger,EE0 0,AC,877008.10467
Link,battery discharger,EE0 0,battery,-895092.64864
Link,battery discharger,ES0 0,AC,334144159.33797
Link,battery discharger,ES0 0,battery,-341034454.54552
Link,battery discharger,ES6 0,AC,822571.31529
Link,battery discharger,ES6 0,battery,-839533.33313
Link,battery discharger,FI1 0,AC,825391.84014
Link,battery discharger,FI1 0,battery,-842412.01925
Link,battery discharger,FR0 0,AC,2892714.21323
Link,battery discharger,FR0 0,battery,-2952364.08088
Link,battery discharger,FR5 0,AC,5323051.34732
Link,battery discharger,FR5 0,battery,-5432816.53148
Link,battery discharger,GB2 0,AC,1882817.8892
Link,battery discharger,GB2 0,battery,-1921642.96131
Link,battery discharger,GB3 0,AC,1020331.24622
Link,battery discharger,GB3 0,battery,-1041371.21744
Link,battery discharger,GR0 0,AC,95796782.44064
Link,battery discharger,GR0 0,battery,-97772181.65833
Link,battery discharger,HR0 0,AC,1012374.2566
Link,battery discharger,HR0 0,battery,-1033250.14892
Link,battery discharger,HU0 0,AC,1220204.31789
Link,battery discharger,HU0 0,battery,-1245365.81699
Link,battery discharger,IE3 0,AC,1456314.01095
Link,battery discharger,IE3 0,battery,-1486344.26337
Link,battery discharger,IT0 0,AC,347277236.7372
Link,battery discharger,IT0 0,battery,-354438345.53744
Link,battery discharger,IT4 0,AC,17405085.3608
Link,battery discharger,IT4 0,battery,-17763990.85981
Link,battery discharger,LT0 0,AC,866879.0623
Link,battery discharger,LT0 0,battery,-884754.73805
Link,battery discharger,LU0 0,AC,739377.18815
Link,battery discharger,LU0 0,battery,-754623.68267
Link,battery discharger,LV0 0,AC,1000918.67703
Link,battery discharger,LV0 0,battery,-1021558.34698
Link,battery discharger,ME0 0,AC,3416568.3686
Link,battery discharger,ME0 0,battery,-3487020.48933
Link,battery discharger,MK0 0,AC,6802735.14577
Link,battery discharger,MK0 0,battery,-6943012.48435
Link,battery discharger,NL0 0,AC,1649758.63822
Link,battery discharger,NL0 0,battery,-1683777.85932
Link,battery discharger,NO1 0,AC,731267.38978
Link,battery discharger,NO1 0,battery,-746346.65438
Link,battery discharger,PL0 0,AC,1041980.86193
Link,battery discharger,PL0 0,battery,-1063467.26395
Link,battery discharger,PT0 0,AC,15562439.75073
Link,battery discharger,PT0 0,battery,-15883348.55921
Link,battery discharger,RO0 0,AC,1232881.34272
Link,battery discharger,RO0 0,battery,-1258304.25128
Link,battery discharger,RS0 0,AC,943173.11952
Link,battery discharger,RS0 0,battery,-962622.03413
Link,battery discharger,SE1 0,AC,762176.50388
Link,battery discharger,SE1 0,battery,-777893.13685
Link,battery discharger,SI0 0,AC,1524187.71509
Link,battery discharger,SI0 0,battery,-1555617.57258
Link,battery discharger,SK0 0,AC,1170723.982
Link,battery discharger,SK0 0,battery,-1194865.16064
Link,battery discharger,XK0 0,AC,1830426.61884
Link,battery discharger,XK0 0,battery,-1868171.3449
Link,biogas to gas,EU,biogas,-72965849.95716
Link,biogas to gas,EU,co2,-14447238.29152
Link,biogas to gas,EU,gas,72965849.95716
Link,biomass to liquid,EU,co2,-1422.9076
Link,biomass to liquid,EU,oil,5534.21279
Link,biomass to liquid,EU,solid biomass,-12298.25064
Link,co2 sequestered,EU,co2 sequestered,249995448.82883
Link,co2 sequestered,EU,co2 stored,-249995448.82883
Link,electricity distribution grid,AL0 0,AC,-5415819.24034
Link,electricity distribution grid,AL0 0,low voltage,5231467.51837
Link,electricity distribution grid,AT0 0,AC,-119457405.56431
Link,electricity distribution grid,AT0 0,low voltage,115708707.50751
Link,electricity distribution grid,BA0 0,AC,-15445879.45767
Link,electricity distribution grid,BA0 0,low voltage,14951404.08576
Link,electricity distribution grid,BE0 0,AC,-188012317.01971
Link,electricity distribution grid,BE0 0,low voltage,182164394.46717
Link,electricity distribution grid,BG0 0,AC,-48169531.91399
Link,electricity distribution grid,BG0 0,low voltage,46618900.64169
Link,electricity distribution grid,CH0 0,AC,-71077300.25138
Link,electricity distribution grid,CH0 0,low voltage,68667246.01006
Link,electricity distribution grid,CZ0 0,AC,-120806385.13621
Link,electricity distribution grid,CZ0 0,low voltage,117103657.7612
Link,electricity distribution grid,DE0 0,AC,-700824782.4676
Link,electricity distribution grid,DE0 0,low voltage,679604623.03157
Link,electricity distribution grid,DE0 1,AC,-408550773.98583
Link,electricity distribution grid,DE0 1,low voltage,396110254.31066
Link,electricity distribution grid,DK0 0,AC,-47780534.87704
Link,electricity distribution grid,DK0 0,low voltage,46231594.07344
Link,electricity distribution grid,DK1 0,AC,-29037367.43738
Link,electricity distribution grid,DK1 0,low voltage,28105890.4332
Link,electricity distribution grid,EE0 0,AC,-14163033.35517
Link,electricity distribution grid,EE0 0,low voltage,13696196.3616
Link,electricity distribution grid,ES0 0,AC,-320160881.33658
Link,electricity distribution grid,ES0 0,low voltage,310074213.02677
Link,electricity distribution grid,ES6 0,AC,-9130204.81165
Link,electricity distribution grid,ES6 0,low voltage,8816406.03384
Link,electricity distribution grid,FI1 0,AC,-134217127.69146
Link,electricity distribution grid,FI1 0,low voltage,130089495.29302
Link,electricity distribution grid,FR0 0,AC,-727428054.90678
Link,electricity distribution grid,FR0 0,low voltage,705304848.02802
Link,electricity distribution grid,FR5 0,AC,-5379713.49719
Link,electricity distribution grid,FR5 0,low voltage,5185750.78447
Link,electricity distribution grid,GB2 0,AC,-576632223.63743
Link,electricity distribution grid,GB2 0,low voltage,558916172.8986
Link,electricity distribution grid,GB3 0,AC,-17824385.85324
Link,electricity distribution grid,GB3 0,low voltage,17247249.42703
Link,electricity distribution grid,GR0 0,AC,-51166309.19945
Link,electricity distribution grid,GR0 0,low voltage,49290871.86713
Link,electricity distribution grid,HR0 0,AC,-30191474.89331
Link,electricity distribution grid,HR0 0,low voltage,29235519.86725
Link,electricity distribution grid,HU0 0,AC,-88668140.39765
Link,electricity distribution grid,HU0 0,low voltage,85896668.37658
Link,electricity distribution grid,IE3 0,AC,-50507760.98227
Link,electricity distribution grid,IE3 0,low voltage,48913011.67216
Link,electricity distribution grid,IT0 0,AC,-443465542.41993
Link,electricity distribution grid,IT0 0,low voltage,429529529.51233
Link,electricity distribution grid,IT4 0,AC,-14816050.29705
Link,electricity distribution grid,IT4 0,low voltage,14297302.80891
Link,electricity distribution grid,LT0 0,AC,-24028654.94139
Link,electricity distribution grid,LT0 0,low voltage,23247011.93747
Link,electricity distribution grid,LU0 0,AC,-12037467.19285
Link,electricity distribution grid,LU0 0,low voltage,11656242.02422
Link,electricity distribution grid,LV0 0,AC,-18053732.68008
Link,electricity distribution grid,LV0 0,low voltage,17463028.71382
Link,electricity distribution grid,ME0 0,AC,-3189722.5622
Link,electricity distribution grid,ME0 0,low voltage,3077516.00919
Link,electricity distribution grid,MK0 0,AC,-7474401.301
Link,electricity distribution grid,MK0 0,low voltage,7214585.99847
Link,electricity distribution grid,NL0 0,AC,-269457978.58081
Link,electricity distribution grid,NL0 0,low voltage,261071712.50907
Link,electricity distribution grid,NO1 0,AC,-134462039.24318
Link,electricity distribution grid,NO1 0,low voltage,130337526.29001
Link,electricity distribution grid,PL0 0,AC,-322979664.70289
Link,electricity distribution grid,PL0 0,low voltage,313130459.15347
Link,electricity distribution grid,PT0 0,AC,-65210940.04573
Link,electricity distribution grid,PT0 0,low voltage,63100532.54472
Link,electricity distribution grid,RO0 0,AC,-113000751.07929
Link,electricity distribution grid,RO0 0,low voltage,109450945.27174
Link,electricity distribution grid,RS0 0,AC,-49281005.90882
Link,electricity distribution grid,RS0 0,low voltage,47733627.62716
Link,electricity distribution grid,SE1 0,AC,-180456472.05732
Link,electricity distribution grid,SE1 0,low voltage,174954235.31332
Link,electricity distribution grid,SI0 0,AC,-23798200.33299
Link,electricity distribution grid,SI0 0,low voltage,23034299.84157
Link,electricity distribution grid,SK0 0,AC,-46466038.01714
Link,electricity distribution grid,SK0 0,low voltage,44991104.44055
Link,electricity distribution grid,XK0 0,AC,-7350409.32506
Link,electricity distribution grid,XK0 0,low voltage,7105803.17302
Link,electrobiofuels,AL0 0,H2,-761816.50075
Link,electrobiofuels,AT0 0,H2,-495566.61435
Link,electrobiofuels,BA0 0,H2,-518384.12106
Link,electrobiofuels,BE0 0,H2,-1006170.25809
Link,electrobiofuels,BG0 0,H2,-638582.61922
Link,electrobiofuels,CH0 0,H2,-1620812.79065
Link,electrobiofuels,CZ0 0,H2,-353960.76004
Link,electrobiofuels,DE0 0,H2,-577844.80691
Link,electrobiofuels,DE0 1,H2,-402137.98402
Link,electrobiofuels,DK0 0,H2,-3001708.16038
Link,electrobiofuels,DK1 0,H2,-1036095.1889
Link,electrobiofuels,EE0 0,H2,-684955.91155
Link,electrobiofuels,ES0 0,H2,-78058428.62676
Link,electrobiofuels,ES6 0,H2,-6303936.66526
Link,electrobiofuels,EU,co2,-74375798.49221
Link,electrobiofuels,EU,oil,289207766.79507
Link,electrobiofuels,EU,solid biomass,-217727747.34252
Link,electrobiofuels,FI1 0,H2,-1218857.41916
Link,electrobiofuels,FR0 0,H2,-2451172.57121
Link,electrobiofuels,FR5 0,H2,-1750755.56616
Link,electrobiofuels,GB2 0,H2,-97850817.56664
Link,electrobiofuels,GB3 0,H2,-3946143.27041
Link,electrobiofuels,GR0 0,H2,-2051938.29369
Link,electrobiofuels,HR0 0,H2,-506327.98867
Link,electrobiofuels,HU0 0,H2,-393740.45493
Link,electrobiofuels,IE3 0,H2,-3757751.95381
Link,electrobiofuels,IT0 0,H2,-2285324.43236
Link,electrobiofuels,IT4 0,H2,-2813246.33288
Link,electrobiofuels,LT0 0,H2,-346559.4651
Link,electrobiofuels,LU0 0,H2,-934447.05902
Link,electrobiofuels,LV0 0,H2,-422840.57784
Link,electrobiofuels,ME0 0,H2,-648940.85876
Link,electrobiofuels,MK0 0,H2,-772994.21726
Link,electrobiofuels,NL0 0,H2,-727343.31777
Link,electrobiofuels,NO1 0,H2,-515677.28625
Link,electrobiofuels,PL0 0,H2,-259680.2753
Link,electrobiofuels,PT0 0,H2,-723827.39738
Link,electrobiofuels,RO0 0,H2,-510964.25734
Link,electrobiofuels,RS0 0,H2,-492823.75196
Link,electrobiofuels,SE1 0,H2,-604805.29236
Link,electrobiofuels,SI0 0,H2,-544899.74533
Link,electrobiofuels,SK0 0,H2,-327919.89327
Link,electrobiofuels,XK0 0,H2,-644695.89637
Link,gas for industry,EU,co2,9876.83098
Link,gas for industry,EU,gas,-49882.98475
Link,gas for industry,EU,gas for industry,49882.98475
Link,gas for industry CC,EU,co2,2544521.2452
Link,gas for industry CC,EU,co2 stored,48345903.65872
Link,gas for industry CC,EU,gas,-257022347.99957
Link,gas for industry CC,EU,gas for industry,231320113.19961
Link,home battery charger,AL0 0,home battery,333755.38011
Link,home battery charger,AL0 0,low voltage,-340637.65841
Link,home battery charger,AT0 0,home battery,424088.34509
Link,home battery charger,AT0 0,low voltage,-432833.35473
Link,home battery charger,BA0 0,home battery,277372.37901
Link,home battery charger,BA0 0,low voltage,-283091.99888
Link,home battery charger,BE0 0,home battery,590943.71471
Link,home battery charger,BE0 0,low voltage,-603129.40323
Link,home battery charger,BG0 0,home battery,536361.6909
Link,home battery charger,BG0 0,low voltage,-547421.85845
Link,home battery charger,CH0 0,home battery,642536.00575
Link,home battery charger,CH0 0,low voltage,-655785.56477
Link,home battery charger,CZ0 0,home battery,479992.90892
Link,home battery charger,CZ0 0,low voltage,-489890.71125
Link,home battery charger,DE0 0,home battery,532718.45598
Link,home battery charger,DE0 0,low voltage,-543703.49738
Link,home battery charger,DE0 1,home battery,518330.08371
Link,home battery charger,DE0 1,low voltage,-529018.42642
Link,home battery charger,DK0 0,home battery,490360.81966
Link,home battery charger,DK0 0,low voltage,-500472.41584
Link,home battery charger,DK1 0,home battery,384395.6125
Link,home battery charger,DK1 0,low voltage,-392322.12917
Link,home battery charger,EE0 0,home battery,415982.21608
Link,home battery charger,EE0 0,low voltage,-424560.07144
Link,home battery charger,ES0 0,home battery,1445273.49121
Link,home battery charger,ES0 0,low voltage,-1475076.0801
Link,home battery charger,ES6 0,home battery,539781.82202
Link,home battery charger,ES6 0,low voltage,-550912.51516
Link,home battery charger,FI1 0,home battery,522678.29217
Link,home battery charger,FI1 0,low voltage,-533456.29811
Link,home battery charger,FR0 0,home battery,588654.56974
Link,home battery charger,FR0 0,low voltage,-600793.05443
Link,home battery charger,FR5 0,home battery,549606.13915
Link,home battery charger,FR5 0,low voltage,-560939.41684
Link,home battery charger,GB2 0,home battery,575390.43829
Link,home battery charger,GB2 0,low voltage,-587255.40695
Link,home battery charger,GB3 0,home battery,481230.36564
Link,home battery charger,GB3 0,low voltage,-491153.68523
Link,home battery charger,GR0 0,home battery,1085968.7876
Link,home battery charger,GR0 0,low voltage,-1108362.25259
Link,home battery charger,HR0 0,home battery,332103.4667
Link,home battery charger,HR0 0,low voltage,-338951.68134
Link,home battery charger,HU0 0,home battery,522659.94733
Link,home battery charger,HU0 0,low voltage,-533437.57498
Link,home battery charger,IE3 0,home battery,579338.07569
Link,home battery charger,IE3 0,low voltage,-591284.4475
Link,home battery charger,IT0 0,home battery,613198.01594
Link,home battery charger,IT0 0,low voltage,-625842.60431
Link,home battery charger,IT4 0,home battery,566208.84249
Link,home battery charger,IT4 0,low voltage,-577884.47998
Link,home battery charger,LT0 0,home battery,485183.95727
Link,home battery charger,LT0 0,low voltage,-495188.80279
Link,home battery charger,LU0 0,home battery,267823.67918
Link,home battery charger,LU0 0,low voltage,-273346.39793
Link,home battery charger,LV0 0,home battery,421933.79042
Link,home battery charger,LV0 0,low voltage,-430634.37157
Link,home battery charger,ME0 0,home battery,390598.06133
Link,home battery charger,ME0 0,low voltage,-398652.47699
Link,home battery charger,MK0 0,home battery,362602.18415
Link,home battery charger,MK0 0,low voltage,-370079.3045
Link,home battery charger,NL0 0,home battery,568367.31232
Link,home battery charger,NL0 0,low voltage,-580087.45903
Link,home battery charger,NO1 0,home battery,609395.41192
Link,home battery charger,NO1 0,low voltage,-621961.58784
Link,home battery charger,PL0 0,home battery,549548.38845
Link,home battery charger,PL0 0,low voltage,-560880.47528
Link,home battery charger,PT0 0,home battery,578372.59906
Link,home battery charger,PT0 0,low voltage,-590299.06204
Link,home battery charger,RO0 0,home battery,532876.54165
Link,home battery charger,RO0 0,low voltage,-543864.8429
Link,home battery charger,RS0 0,home battery,368773.65678
Link,home battery charger,RS0 0,low voltage,-376378.03737
Link,home battery charger,SE1 0,home battery,517569.50874
Link,home battery charger,SE1 0,low voltage,-528242.16784
Link,home battery charger,SI0 0,home battery,535755.66498
Link,home battery charger,SI0 0,low voltage,-546803.33584
Link,home battery charger,SK0 0,home battery,501083.53229
Link,home battery charger,SK0 0,low voltage,-511416.23859
Link,home battery charger,XK0 0,home battery,301907.09951
Link,home battery charger,XK0 0,low voltage,-308132.64314
Link,home battery discharger,AL0 0,home battery,-333770.16912
Link,home battery discharger,AL0 0,low voltage,327026.64228
Link,home battery discharger,AT0 0,home battery,-424099.30712
Link,home battery discharger,AT0 0,low voltage,415530.76108
Link,home battery discharger,BA0 0,home battery,-277387.16712
Link,home battery discharger,BA0 0,low voltage,271782.80825
Link,home battery discharger,BE0 0,home battery,-590957.29332
Link,home battery discharger,BE0 0,low voltage,579017.53136
Link,home battery discharger,BG0 0,home battery,-536374.98208
Link,home battery discharger,BG0 0,low voltage,525538.00676
Link,home battery discharger,CH0 0,home battery,-642549.24003
Link,home battery discharger,CH0 0,low voltage,629567.10908
Link,home battery discharger,CZ0 0,home battery,-480006.48147
Link,home battery discharger,CZ0 0,low voltage,470308.38113
Link,home battery discharger,DE0 0,home battery,-532731.98096
Link,home battery discharger,DE0 0,low voltage,521968.60921
Link,home battery discharger,DE0 1,home battery,-518343.3372
Link,home battery discharger,DE0 1,low voltage,507870.67509
Link,home battery discharger,DK0 0,home battery,-490374.46887
Link,home battery discharger,DK0 0,low voltage,480466.89264
Link,home battery discharger,DK1 0,home battery,-384410.00256
Link,home battery discharger,DK1 0,low voltage,376643.34332
Link,home battery discharger,EE0 0,home battery,-415996.48774
Link,home battery discharger,EE0 0,low voltage,407591.6519
Link,home battery discharger,ES0 0,home battery,-1445286.81225
Link,home battery discharger,ES0 0,low voltage,1416086.08879
Link,home battery discharger,ES6 0,home battery,-539795.16844
Link,home battery discharger,ES6 0,low voltage,528889.09132
Link,home battery discharger,FI1 0,home battery,-522691.56332
Link,home battery discharger,FI1 0,low voltage,512131.04919
Link,home battery discharger,FR0 0,home battery,-588667.74406
Link,home battery discharger,FR0 0,low voltage,576774.2404
Link,home battery discharger,FR5 0,home battery,-549611.56238
Link,home battery discharger,FR5 0,low voltage,538507.15382
Link,home battery discharger,GB2 0,home battery,-575403.75401
Link,home battery discharger,GB2 0,low voltage,563778.23736
Link,home battery discharger,GB3 0,home battery,-481244.01025
Link,home battery discharger,GB3 0,low voltage,471520.90676
Link,home battery discharger,GR0 0,home battery,-1085982.49754
Link,home battery discharger,GR0 0,low voltage,1064041.19543
Link,home battery discharger,HR0 0,home battery,-332118.031
Link,home battery discharger,HR0 0,low voltage,325407.88413
Link,home battery discharger,HU0 0,home battery,-522673.46342
Link,home battery discharger,HU0 0,low voltage,512113.31498
Link,home battery discharger,IE3 0,home battery,-579352.20643
Link,home battery discharger,IE3 0,low voltage,567646.91484
Link,home battery discharger,IT0 0,home battery,-613211.14527
Link,home battery discharger,IT0 0,low voltage,600821.7642
Link,home battery discharger,IT4 0,home battery,-566222.9655
Link,home battery discharger,IT4 0,low voltage,554782.93845
Link,home battery discharger,LT0 0,home battery,-485197.58936
Link,home battery discharger,LT0 0,low voltage,475394.60735
Link,home battery discharger,LU0 0,home battery,-267838.82887
Link,home battery discharger,LU0 0,low voltage,262427.38561
Link,home battery discharger,LV0 0,home battery,-421948.10435
Link,home battery discharger,LV0 0,low voltage,413423.02144
Link,home battery discharger,ME0 0,home battery,-390612.45967
Link,home battery discharger,ME0 0,low voltage,382720.48535
Link,home battery discharger,MK0 0,home battery,-362617.36409
Link,home battery discharger,MK0 0,low voltage,355291.00555
Link,home battery discharger,NL0 0,home battery,-568380.87237
Link,home battery discharger,NL0 0,low voltage,556897.24674
Link,home battery discharger,NO1 0,home battery,-609409.5935
Link,home battery discharger,NO1 0,low voltage,597097.01937
Link,home battery discharger,PL0 0,home battery,-549561.69683
Link,home battery discharger,PL0 0,low voltage,538458.29577
Link,home battery discharger,PT0 0,home battery,-578386.45828
Link,home battery discharger,PT0 0,low voltage,566700.67877
Link,home battery discharger,RO0 0,home battery,-532890.10344
Link,home battery discharger,RO0 0,low voltage,522123.53697
Link,home battery discharger,RS0 0,home battery,-368787.59815
Link,home battery discharger,RS0 0,low voltage,361336.57557
Link,home battery discharger,SE1 0,home battery,-517582.69722
Link,home battery discharger,SE1 0,low voltage,507125.40316
Link,home battery discharger,SI0 0,home battery,-535769.2946
Link,home battery discharger,SI0 0,low voltage,524944.55665
Link,home battery discharger,SK0 0,home battery,-501097.18863
Link,home battery discharger,SK0 0,low voltage,490972.96948
Link,home battery discharger,XK0 0,home battery,-301922.30314
Link,home battery discharger,XK0 0,low voltage,295822.23386
Link,industry methanol,EU,co2,2167601.40474
Link,industry methanol,EU,industry methanol,8739985.62403
Link,industry methanol,EU,methanol,-8739985.62403
Link,kerosene for aviation,EU,co2,191258483.18361
Link,kerosene for aviation,EU,kerosene for aviation,743906974.65427
Link,kerosene for aviation,EU,oil,-743906974.65427
Link,methanolisation,AL0 0,AC,-346427.86017
Link,methanolisation,AL0 0,H2,-1455060.09277
Link,methanolisation,AL0 0,urban central heat,31965.29202
Link,methanolisation,AT0 0,AC,-139058.94615
Link,methanolisation,AT0 0,H2,-584072.89467
Link,methanolisation,AT0 0,urban central heat,12831.12686
Link,methanolisation,BA0 0,AC,-219650.20433
Link,methanolisation,BA0 0,H2,-922570.85368
Link,methanolisation,BA0 0,urban central heat,20267.37376
Link,methanolisation,BE0 0,AC,-189005.98712
Link,methanolisation,BE0 0,H2,-793859.56149
Link,methanolisation,BE0 0,urban central heat,17439.79705
Link,methanolisation,BG0 0,AC,-396010.80949
Link,methanolisation,BG0 0,H2,-1663317.50834
Link,methanolisation,BG0 0,urban central heat,36540.36705
Link,methanolisation,CH0 0,AC,-780123.4807
Link,methanolisation,CH0 0,H2,-3276660.66941
Link,methanolisation,CH0 0,urban central heat,71982.87938
Link,methanolisation,CZ0 0,AC,-64022.72679
Link,methanolisation,CZ0 0,H2,-268907.11023
Link,methanolisation,CZ0 0,urban central heat,5907.4497
Link,methanolisation,DE0 0,AC,-85947.66033
Link,methanolisation,DE0 0,H2,-360995.82333
Link,methanolisation,DE0 0,urban central heat,7930.48821
Link,methanolisation,DE0 1,AC,-71451.09555
Link,methanolisation,DE0 1,H2,-300107.61162
Link,methanolisation,DE0 1,urban central heat,6592.87372
Link,methanolisation,DK0 0,AC,-524115.69986
Link,methanolisation,DK0 0,H2,-2201381.37417
Link,methanolisation,DK0 0,urban central heat,48360.75075
Link,methanolisation,DK1 0,AC,-272156.79016
Link,methanolisation,DK1 0,H2,-1143108.07494
Link,methanolisation,DK1 0,urban central heat,25112.21606
Link,methanolisation,EE0 0,AC,-192283.51383
Link,methanolisation,EE0 0,H2,-807625.77043
Link,methanolisation,EE0 0,urban central heat,17742.21816
Link,methanolisation,ES0 0,AC,-48389249.59629
Link,methanolisation,ES0 0,H2,-203243659.36615
Link,methanolisation,ES0 0,urban central heat,4464931.00541
Link,methanolisation,ES6 0,AC,-93762.33741
Link,methanolisation,ES6 0,H2,-393818.89005
Link,methanolisation,ES6 0,urban central heat,8651.55734
Link,methanolisation,EU,co2 stored,-126908940.79542
Link,methanolisation,EU,methanol,511709540.18122
Link,methanolisation,FI1 0,AC,-229033.36335
Link,methanolisation,FI1 0,H2,-961981.8301
Link,methanolisation,FI1 0,urban central heat,21133.1685
Link,methanolisation,FR0 0,AC,-1121159.93972
Link,methanolisation,FR0 0,H2,-4709075.89567
Link,methanolisation,FR0 0,urban central heat,103450.7007
Link,methanolisation,FR5 0,AC,-5773477.41314
Link,methanolisation,FR5 0,H2,-24249656.41138
Link,methanolisation,GB2 0,AC,-36970548.16176
Link,methanolisation,GB2 0,H2,-155283034.14206
Link,methanolisation,GB2 0,urban central heat,3411314.45831
Link,methanolisation,GB3 0,AC,-810674.12961
Link,methanolisation,GB3 0,H2,-3404978.95772
Link,methanolisation,GB3 0,urban central heat,74801.82245
Link,methanolisation,GR0 0,AC,-8618000.59879
Link,methanolisation,GR0 0,H2,-36197171.74231
Link,methanolisation,GR0 0,urban central heat,795192.70084
Link,methanolisation,HR0 0,AC,-155429.28477
Link,methanolisation,HR0 0,H2,-652831.2977
Link,methanolisation,HR0 0,urban central heat,14341.63659
Link,methanolisation,HU0 0,AC,-115369.72416
Link,methanolisation,HU0 0,H2,-484573.8488
Link,methanolisation,HU0 0,urban central heat,10645.29545
Link,methanolisation,IE3 0,AC,-6159349.85884
Link,methanolisation,IE3 0,H2,-25870390.94575
Link,methanolisation,IE3 0,urban central heat,568330.20531
Link,methanolisation,IT0 0,AC,-23369260.54234
Link,methanolisation,IT0 0,H2,-98155149.52044
Link,methanolisation,IT0 0,urban central heat,2156308.20563
Link,methanolisation,IT4 0,AC,-144587.26774
Link,methanolisation,IT4 0,H2,-607292.852
Link,methanolisation,IT4 0,urban central heat,13341.23137
Link,methanolisation,LT0 0,AC,-110307.28098
Link,methanolisation,LT0 0,H2,-463310.66564
Link,methanolisation,LT0 0,urban central heat,10178.17807
Link,methanolisation,LU0 0,AC,-149274.55172
Link,methanolisation,LU0 0,H2,-626980.2982
Link,methanolisation,LU0 0,urban central heat,13773.73239
Link,methanolisation,LV0 0,AC,-130520.88912
Link,methanolisation,LV0 0,H2,-548211.50047
Link,methanolisation,LV0 0,urban central heat,12043.31064
Link,methanolisation,ME0 0,AC,-227737.68217
Link,methanolisation,ME0 0,H2,-956539.73321
Link,methanolisation,ME0 0,urban central heat,21013.61453
Link,methanolisation,MK0 0,AC,-297285.39193
Link,methanolisation,MK0 0,H2,-1248652.77798
Link,methanolisation,MK0 0,urban central heat,27430.86068
Link,methanolisation,NL0 0,AC,-160800.87105
Link,methanolisation,NL0 0,H2,-675392.93819
Link,methanolisation,NL0 0,urban central heat,14837.27896
Link,methanolisation,NO1 0,AC,-129433.666
Link,methanolisation,NO1 0,H2,-543644.96542
Link,methanolisation,NO1 0,urban central heat,11942.99133
Link,methanolisation,PL0 0,AC,-54313.53623
Link,methanolisation,PL0 0,H2,-228126.74198
Link,methanolisation,PL0 0,urban central heat,5011.57166
Link,methanolisation,PT0 0,AC,-1064389.2384
Link,methanolisation,PT0 0,H2,-4470628.61293
Link,methanolisation,PT0 0,urban central heat,98212.40362
Link,methanolisation,RO0 0,AC,-217055.71053
Link,methanolisation,RO0 0,H2,-911673.50728
Link,methanolisation,RO0 0,urban central heat,20027.97687
Link,methanolisation,RS0 0,AC,-189204.89657
Link,methanolisation,RS0 0,H2,-794695.01737
Link,methanolisation,RS0 0,urban central heat,17458.15065
Link,methanolisation,SE1 0,AC,-125303.83191
Link,methanolisation,SE1 0,H2,-526298.91022
Link,methanolisation,SE1 0,urban central heat,11561.92685
Link,methanolisation,SI0 0,AC,-191876.63934
Link,methanolisation,SI0 0,H2,-805916.82349
Link,methanolisation,SI0 0,urban central heat,17704.67538
Link,methanolisation,SK0 0,AC,-90721.73015
Link,methanolisation,SK0 0,H2,-381047.7859
Link,methanolisation,SK0 0,urban central heat,8370.99705
Link,methanolisation,XK0 0,AC,-279987.36849
Link,methanolisation,XK0 0,H2,-1175997.92977
Link,methanolisation,XK0 0,urban central heat,25834.75241
Link,naphtha for industry,EU,naphtha for industry,276859994.74228
Link,naphtha for industry,EU,oil,-276859994.74228
Link,naphtha for industry,EU,process emissions,10759999.79566
Link,oil refining,EU,co2,3755776.45485
Link,oil refining,EU,oil,274297649.11264
Link,oil refining,EU,oil primary,-288905881.1424
Link,process emissions,EU,co2,4535.59102
Link,process emissions,EU,process emissions,-4535.59102
Link,process emissions CC,EU,co2,6694274.10246
Link,process emissions CC,EU,co2 stored,127191207.94681
Link,process emissions CC,EU,process emissions,-133885482.04927
Link,residential rural air heat pump,AL0 0,low voltage,-88149.51442
Link,residential rural air heat pump,AL0 0,residential rural heat,232272.46626
Link,residential rural air heat pump,AT0 0,low voltage,-533168.72516
Link,residential rural air heat pump,AT0 0,residential rural heat,1311155.85348
Link,residential rural air heat pump,BA0 0,low voltage,-190249.22173
Link,residential rural air heat pump,BA0 0,residential rural heat,465337.37264
Link,residential rural air heat pump,BE0 0,low voltage,-104336.75087
Link,residential rural air heat pump,BE0 0,residential rural heat,263849.95971
Link,residential rural air heat pump,BG0 0,low voltage,-140817.52563
Link,residential rural air heat pump,BG0 0,residential rural heat,364724.52814
Link,residential rural air heat pump,CH0 0,low voltage,-267920.83135
Link,residential rural air heat pump,CH0 0,residential rural heat,641977.70704
Link,residential rural air heat pump,CZ0 0,low voltage,-270917.81431
Link,residential rural air heat pump,CZ0 0,residential rural heat,690074.98269
Link,residential rural air heat pump,DE0 0,low voltage,-631026.61584
Link,residential rural air heat pump,DE0 0,residential rural heat,1594273.56066
Link,residential rural air heat pump,DE0 1,low voltage,-1069455.91274
Link,residential rural air heat pump,DE0 1,residential rural heat,2688670.98451
Link,residential rural air heat pump,DK0 0,low voltage,-114298.52346
Link,residential rural air heat pump,DK0 0,residential rural heat,284673.58211
Link,residential rural air heat pump,DK1 0,low voltage,-63196.49158
Link,residential rural air heat pump,DK1 0,residential rural heat,155630.89962
Link,residential rural air heat pump,EE0 0,low voltage,-85390.24292
Link,residential rural air heat pump,EE0 0,residential rural heat,202330.82797
Link,residential rural air heat pump,ES0 0,low voltage,-1043943.40302
Link,residential rural air heat pump,ES0 0,residential rural heat,2707444.57208
Link,residential rural air heat pump,ES6 0,low voltage,-15904.27627
Link,residential rural air heat pump,ES6 0,residential rural heat,44980.36676
Link,residential rural air heat pump,FI1 0,low voltage,-187118.61421
Link,residential rural air heat pump,FI1 0,residential rural heat,443806.30948
Link,residential rural air heat pump,FR0 0,low voltage,-1313066.43417
Link,residential rural air heat pump,FR0 0,residential rural heat,3244684.22854
Link,residential rural air heat pump,FR5 0,low voltage,-111591.02164
Link,residential rural air heat pump,FR5 0,residential rural heat,284533.66497
Link,residential rural air heat pump,GB2 0,low voltage,-1783498.33909
Link,residential rural air heat pump,GB2 0,residential rural heat,4279649.86364
Link,residential rural air heat pump,GB3 0,low voltage,-489800.19974
Link,residential rural air heat pump,GB3 0,residential rural heat,1180734.98468
Link,residential rural air heat pump,GR0 0,low voltage,-261554.44806
Link,residential rural air heat pump,GR0 0,residential rural heat,701447.81398
Link,residential rural air heat pump,HR0 0,low voltage,-199897.00497
Link,residential rural air heat pump,HR0 0,residential rural heat,494870.96024
Link,residential rural air heat pump,HU0 0,low voltage,-353476.62961
Link,residential rural air heat pump,HU0 0,residential rural heat,852045.13367
Link,residential rural air heat pump,IE3 0,low voltage,-660371.07992
Link,residential rural air heat pump,IE3 0,residential rural heat,1597116.84088
Link,residential rural air heat pump,IT0 0,low voltage,-1988400.92717
Link,residential rural air heat pump,IT0 0,residential rural heat,5114953.82668
Link,residential rural air heat pump,IT4 0,low voltage,-382022.72098
Link,residential rural air heat pump,IT4 0,residential rural heat,990195.25587
Link,residential rural air heat pump,LT0 0,low voltage,-108956.04317
Link,residential rural air heat pump,LT0 0,residential rural heat,251138.60134
Link,residential rural air heat pump,LU0 0,low voltage,-27203.25465
Link,residential rural air heat pump,LU0 0,residential rural heat,62662.9772
Link,residential rural air heat pump,LV0 0,low voltage,-106096.93046
Link,residential rural air heat pump,LV0 0,residential rural heat,263008.8586
Link,residential rural air heat pump,ME0 0,low voltage,-48018.7621
Link,residential rural air heat pump,ME0 0,residential rural heat,115505.37189
Link,residential rural air heat pump,MK0 0,low voltage,-87330.57453
Link,residential rural air heat pump,MK0 0,residential rural heat,211425.85846
Link,residential rural air heat pump,NL0 0,low voltage,-167786.81436
Link,residential rural air heat pump,NL0 0,residential rural heat,427196.28424
Link,residential rural air heat pump,NO1 0,low voltage,-136368.48244
Link,residential rural air heat pump,NO1 0,residential rural heat,318403.21699
Link,residential rural air heat pump,PL0 0,low voltage,-1243667.05905
Link,residential rural air heat pump,PL0 0,residential rural heat,3006918.55664
Link,residential rural air heat pump,PT0 0,low voltage,-483348.68835
Link,residential rural air heat pump,PT0 0,residential rural heat,1297500.33068
Link,residential rural air heat pump,RO0 0,low voltage,-563529.28475
Link,residential rural air heat pump,RO0 0,residential rural heat,1390052.32042
Link,residential rural air heat pump,RS0 0,low voltage,-340506.92866
Link,residential rural air heat pump,RS0 0,residential rural heat,829560.47114
Link,residential rural air heat pump,SE1 0,low voltage,-184772.87802
Link,residential rural air heat pump,SE1 0,residential rural heat,443455.78009
Link,residential rural air heat pump,SI0 0,low voltage,-143545.53631
Link,residential rural air heat pump,SI0 0,residential rural heat,356804.31246
Link,residential rural air heat pump,SK0 0,low voltage,-218817.44225
Link,residential rural air heat pump,SK0 0,residential rural heat,529028.7308
Link,residential rural air heat pump,XK0 0,low voltage,-70192.75412
Link,residential rural air heat pump,XK0 0,residential rural heat,168900.38747
Link,residential rural ground heat pump,AL0 0,low voltage,-209912.77501
Link,residential rural ground heat pump,AL0 0,residential rural heat,756951.03465
Link,residential rural ground heat pump,AT0 0,low voltage,-6686019.62839
Link,residential rural ground heat pump,AT0 0,residential rural heat,21191398.80196
Link,residential rural ground heat pump,BA0 0,low voltage,-1054713.3866
Link,residential rural ground heat pump,BA0 0,residential rural heat,3596850.95865
Link,residential rural ground heat pump,BE0 0,low voltage,-822817.82345
Link,residential rural ground heat pump,BE0 0,residential rural heat,2729693.94902
Link,residential rural ground heat pump,BG0 0,low voltage,-745902.3241
Link,residential rural ground heat pump,BG0 0,residential rural heat,2614603.24209
Link,residential rural ground heat pump,CH0 0,low voltage,-2814847.14361
Link,residential rural ground heat pump,CH0 0,residential rural heat,8764788.91213
Link,residential rural ground heat pump,CZ0 0,low voltage,-4476500.81914
Link,residential rural ground heat pump,CZ0 0,residential rural heat,14403902.43724
Link,residential rural ground heat pump,DE0 0,low voltage,-12078852.3775
Link,residential rural ground heat pump,DE0 0,residential rural heat,39424083.08086
Link,residential rural ground heat pump,DE0 1,low voltage,-20940833.4221
Link,residential rural ground heat pump,DE0 1,residential rural heat,67721047.92773
Link,residential rural ground heat pump,DK0 0,low voltage,-670744.76904
Link,residential rural ground heat pump,DK0 0,residential rural heat,2104537.97192
Link,residential rural ground heat pump,DK1 0,low voltage,-283369.37433
Link,residential rural ground heat pump,DK1 0,residential rural heat,888044.65503
Link,residential rural ground heat pump,EE0 0,low voltage,-595171.34321
Link,residential rural ground heat pump,EE0 0,residential rural heat,1814202.69034
Link,residential rural ground heat pump,ES0 0,low voltage,-3108402.17283
Link,residential rural ground heat pump,ES0 0,residential rural heat,11533184.17455
Link,residential rural ground heat pump,ES6 0,low voltage,-11590.73947
Link,residential rural ground heat pump,ES6 0,residential rural heat,48295.54681
Link,residential rural ground heat pump,FI1 0,low voltage,-2482160.80993
Link,residential rural ground heat pump,FI1 0,residential rural heat,7393825.64204
Link,residential rural ground heat pump,FR0 0,low voltage,-19234943.41303
Link,residential rural ground heat pump,FR0 0,residential rural heat,66060137.82746
Link,residential rural ground heat pump,FR5 0,low voltage,-336540.21773
Link,residential rural ground heat pump,FR5 0,residential rural heat,1224200.22117
Link,residential rural ground heat pump,GB2 0,low voltage,-10526125.0153
Link,residential rural ground heat pump,GB2 0,residential rural heat,34697291.22788
Link,residential rural ground heat pump,GB3 0,low voltage,-1095460.1599
Link,residential rural ground heat pump,GB3 0,residential rural heat,3634251.42718
Link,residential rural ground heat pump,GR0 0,low voltage,-720843.86893
Link,residential rural ground heat pump,GR0 0,residential rural heat,2745819.89013
Link,residential rural ground heat pump,HR0 0,low voltage,-1669341.40914
Link,residential rural ground heat pump,HR0 0,residential rural heat,5799945.3819
Link,residential rural ground heat pump,HU0 0,low voltage,-3418676.35432
Link,residential rural ground heat pump,HU0 0,residential rural heat,11698781.25386
Link,residential rural ground heat pump,IE3 0,low voltage,-1726474.80673
Link,residential rural ground heat pump,IE3 0,residential rural heat,5800623.54924
Link,residential rural ground heat pump,IT0 0,low voltage,-15372223.89382
Link,residential rural ground heat pump,IT0 0,residential rural heat,54985160.77212
Link,residential rural ground heat pump,IT4 0,low voltage,-905231.48308
Link,residential rural ground heat pump,IT4 0,residential rural heat,3476527.55253
Link,residential rural ground heat pump,LT0 0,low voltage,-1011862.65619
Link,residential rural ground heat pump,LT0 0,residential rural heat,3144471.48514
Link,residential rural ground heat pump,LU0 0,low voltage,-73975.5768
Link,residential rural ground heat pump,LU0 0,residential rural heat,241546.76082
Link,residential rural ground heat pump,LV0 0,low voltage,-880620.93101
Link,residential rural ground heat pump,LV0 0,residential rural heat,2730473.90093
Link,residential rural ground heat pump,ME0 0,low voltage,-100556.73872
Link,residential rural ground heat pump,ME0 0,residential rural heat,340990.35323
Link,residential rural ground heat pump,MK0 0,low voltage,-310480.38275
Link,residential rural ground heat pump,MK0 0,residential rural heat,1075869.69425
Link,residential rural ground heat pump,NL0 0,low voltage,-1328857.82934
Link,residential rural ground heat pump,NL0 0,residential rural heat,4383365.50039
Link,residential rural ground heat pump,NO1 0,low voltage,-1669999.69377
Link,residential rural ground heat pump,NO1 0,residential rural heat,4905619.76894
Link,residential rural ground heat pump,PL0 0,low voltage,-19425428.17304
Link,residential rural ground heat pump,PL0 0,residential rural heat,61973062.82403
Link,residential rural ground heat pump,PT0 0,low voltage,-615789.4605
Link,residential rural ground heat pump,PT0 0,residential rural heat,2385723.49672
Link,residential rural ground heat pump,RO0 0,low voltage,-6363037.04434
Link,residential rural ground heat pump,RO0 0,residential rural heat,21417596.84095
Link,residential rural ground heat pump,RS0 0,low voltage,-2137679.61129
Link,residential rural ground heat pump,RS0 0,residential rural heat,7394601.40296
Link,residential rural ground heat pump,SE1 0,low voltage,-3155166.33843
Link,residential rural ground heat pump,SE1 0,residential rural heat,9320022.66967
Link,residential rural ground heat pump,SI0 0,low voltage,-1066084.46853
Link,residential rural ground heat pump,SI0 0,residential rural heat,3537037.19845
Link,residential rural ground heat pump,SK0 0,low voltage,-2531416.53743
Link,residential rural ground heat pump,SK0 0,residential rural heat,8213400.09215
Link,residential rural ground heat pump,XK0 0,low voltage,-249300.57464
Link,residential rural ground heat pump,XK0 0,residential rural heat,864621.54933
Link,residential urban decentral air heat pump,AL0 0,low voltage,-253110.83192
Link,residential urban decentral air heat pump,AL0 0,residential urban decentral heat,634203.61317
Link,residential urban decentral air heat pump,AT0 0,low voltage,-5878293.23707
Link,residential urban decentral air heat pump,AT0 0,residential urban decentral heat,12550472.41725
Link,residential urban decentral air heat pump,BA0 0,low voltage,-703642.57415
Link,residential urban decentral air heat pump,BA0 0,residential urban decentral heat,1605141.62181
Link,residential urban decentral air heat pump,BE0 0,low voltage,-11046442.69947
Link,residential urban decentral air heat pump,BE0 0,residential urban decentral heat,25007550.58446
Link,residential urban decentral air heat pump,BG0 0,low voltage,-1574965.82759
Link,residential urban decentral air heat pump,BG0 0,residential urban decentral heat,3674326.29614
Link,residential urban decentral air heat pump,CH0 0,low voltage,-7091279.36127
Link,residential urban decentral air heat pump,CH0 0,residential urban decentral heat,14587938.47438
Link,residential urban decentral air heat pump,CZ0 0,low voltage,-7601012.96655
Link,residential urban decentral air heat pump,CZ0 0,residential urban decentral heat,16441226.72107
Link,residential urban decentral air heat pump,DE0 0,low voltage,-49978171.06782
Link,residential urban decentral air heat pump,DE0 0,residential urban decentral heat,111867991.65112
Link,residential urban decentral air heat pump,DE0 1,low voltage,-21259758.14952
Link,residential urban decentral air heat pump,DE0 1,residential urban decentral heat,46754855.83063
Link,residential urban decentral air heat pump,DK0 0,low voltage,-4520888.00374
Link,residential urban decentral air heat pump,DK0 0,residential urban decentral heat,10172412.02677
Link,residential urban decentral air heat pump,DK1 0,low voltage,-2670861.89837
Link,residential urban decentral air heat pump,DK1 0,residential urban decentral heat,6008559.52786
Link,residential urban decentral air heat pump,EE0 0,low voltage,-973995.59204
Link,residential urban decentral air heat pump,EE0 0,residential urban decentral heat,1947229.78294
Link,residential urban decentral air heat pump,ES0 0,low voltage,-9318091.33129
Link,residential urban decentral air heat pump,ES0 0,residential urban decentral heat,23888940.71522
Link,residential urban decentral air heat pump,ES6 0,low voltage,-155029.27679
Link,residential urban decentral air heat pump,ES6 0,residential urban decentral heat,440762.13701
Link,residential urban decentral air heat pump,FI1 0,low voltage,-10014763.93959
Link,residential urban decentral air heat pump,FI1 0,residential urban decentral heat,18886781.18149
Link,residential urban decentral air heat pump,FR0 0,low voltage,-50706962.76741
Link,residential urban decentral air heat pump,FR0 0,residential urban decentral heat,118790556.14684
Link,residential urban decentral air heat pump,FR5 0,low voltage,0.0
Link,residential urban decentral air heat pump,FR5 0,residential urban decentral heat,0.0
Link,residential urban decentral air heat pump,GB2 0,low voltage,-40285014.14667
Link,residential urban decentral air heat pump,GB2 0,residential urban decentral heat,95796772.35191
Link,residential urban decentral air heat pump,GB3 0,low voltage,-451368.6796
Link,residential urban decentral air heat pump,GB3 0,residential urban decentral heat,1091387.80996
Link,residential urban decentral air heat pump,GR0 0,low voltage,-2385698.4276
Link,residential urban decentral air heat pump,GR0 0,residential urban decentral heat,6198567.08536
Link,residential urban decentral air heat pump,HR0 0,low voltage,-1527176.38663
Link,residential urban decentral air heat pump,HR0 0,residential urban decentral heat,3535696.41894
Link,residential urban decentral air heat pump,HU0 0,low voltage,-5390266.15547
Link,residential urban decentral air heat pump,HU0 0,residential urban decentral heat,12112816.49299
Link,residential urban decentral air heat pump,IE3 0,low voltage,-2332803.44606
Link,residential urban decentral air heat pump,IE3 0,residential urban decentral heat,5684612.72466
Link,residential urban decentral air heat pump,IT0 0,low voltage,-27545902.56316
Link,residential urban decentral air heat pump,IT0 0,residential urban decentral heat,67218267.51375
Link,residential urban decentral air heat pump,IT4 0,low voltage,-197026.00078
Link,residential urban decentral air heat pump,IT4 0,residential urban decentral heat,510682.13858
Link,residential urban decentral air heat pump,LT0 0,low voltage,-1499466.97939
Link,residential urban decentral air heat pump,LT0 0,residential urban decentral heat,3020255.01741
Link,residential urban decentral air heat pump,LU0 0,low voltage,-616347.6403
Link,residential urban decentral air heat pump,LU0 0,residential urban decentral heat,1351887.58991
Link,residential urban decentral air heat pump,LV0 0,low voltage,-1217490.10086
Link,residential urban decentral air heat pump,LV0 0,residential urban decentral heat,2467596.60856
Link,residential urban decentral air heat pump,ME0 0,low voltage,-145090.27712
Link,residential urban decentral air heat pump,ME0 0,residential urban decentral heat,334474.17529
Link,residential urban decentral air heat pump,MK0 0,low voltage,-334636.73503
Link,residential urban decentral air heat pump,MK0 0,residential urban decentral heat,767341.36522
Link,residential urban decentral air heat pump,NL0 0,low voltage,-14071904.15369
Link,residential urban decentral air heat pump,NL0 0,residential urban decentral heat,32336922.74257
Link,residential urban decentral air heat pump,NO1 0,low voltage,-5418979.68704
Link,residential urban decentral air heat pump,NO1 0,residential urban decentral heat,10573314.18469
Link,residential urban decentral air heat pump,PL0 0,low voltage,-18341711.96198
Link,residential urban decentral air heat pump,PL0 0,residential urban decentral heat,39251842.2989
Link,residential urban decentral air heat pump,PT0 0,low voltage,-1066317.84716
Link,residential urban decentral air heat pump,PT0 0,residential urban decentral heat,2885034.41584
Link,residential urban decentral air heat pump,RO0 0,low voltage,-5015632.76046
Link,residential urban decentral air heat pump,RO0 0,residential urban decentral heat,11060181.49437
Link,residential urban decentral air heat pump,RS0 0,low voltage,-1849388.26845
Link,residential urban decentral air heat pump,RS0 0,residential urban decentral heat,4223703.1404
Link,residential urban decentral air heat pump,SE1 0,low voltage,-14656082.80055
Link,residential urban decentral air heat pump,SE1 0,residential urban decentral heat,28355338.14602
Link,residential urban decentral air heat pump,SI0 0,low voltage,-932525.54484
Link,residential urban decentral air heat pump,SI0 0,residential urban decentral heat,2090991.66322
Link,residential urban decentral air heat pump,SK0 0,low voltage,-2259636.12536
Link,residential urban decentral air heat pump,SK0 0,residential urban decentral heat,4862989.29452
Link,residential urban decentral air heat pump,XK0 0,low voltage,-293238.76387
Link,residential urban decentral air heat pump,XK0 0,residential urban decentral heat,663864.03746
Link,services rural air heat pump,AL0 0,low voltage,-50741.98634
Link,services rural air heat pump,AL0 0,services rural heat,129564.01602
Link,services rural air heat pump,AT0 0,low voltage,-259134.9187
Link,services rural air heat pump,AT0 0,services rural heat,679942.49561
Link,services rural air heat pump,BA0 0,low voltage,-75324.6802
Link,services rural air heat pump,BA0 0,services rural heat,182504.52951
Link,services rural air heat pump,BE0 0,low voltage,-119738.86501
Link,services rural air heat pump,BE0 0,services rural heat,326134.19901
Link,services rural air heat pump,BG0 0,low voltage,-128265.98262
Link,services rural air heat pump,BG0 0,services rural heat,365466.98803
Link,services rural air heat pump,CH0 0,low voltage,-140783.42118
Link,services rural air heat pump,CH0 0,services rural heat,334131.3791
Link,services rural air heat pump,CZ0 0,low voltage,-193087.54497
Link,services rural air heat pump,CZ0 0,services rural heat,539953.91733
Link,services rural air heat pump,DE0 0,low voltage,-390599.42388
Link,services rural air heat pump,DE0 0,services rural heat,1099585.36441
Link,services rural air heat pump,DE0 1,low voltage,-596329.62486
Link,services rural air heat pump,DE0 1,services rural heat,1636966.08256
Link,services rural air heat pump,DK0 0,low voltage,-90374.46173
Link,services rural air heat pump,DK0 0,services rural heat,231904.61
Link,services rural air heat pump,DK1 0,low voltage,-62851.5004
Link,services rural air heat pump,DK1 0,services rural heat,158889.57381
Link,services rural air heat pump,EE0 0,low voltage,-79812.34827
Link,services rural air heat pump,EE0 0,services rural heat,204001.05976
Link,services rural air heat pump,ES0 0,low voltage,-749308.3554
Link,services rural air heat pump,ES0 0,services rural heat,2123174.97573
Link,services rural air heat pump,ES6 0,low voltage,-51017.44842
Link,services rural air heat pump,ES6 0,services rural heat,159809.01458
Link,services rural air heat pump,FI1 0,low voltage,-141462.91762
Link,services rural air heat pump,FI1 0,services rural heat,353841.43862
Link,services rural air heat pump,FR0 0,low voltage,-1082707.07735
Link,services rural air heat pump,FR0 0,services rural heat,3080142.69878
Link,services rural air heat pump,FR5 0,low voltage,-67206.62389
Link,services rural air heat pump,FR5 0,services rural heat,178217.02386
Link,services rural air heat pump,GB2 0,low voltage,-686080.43291
Link,services rural air heat pump,GB2 0,services rural heat,1682213.08878
Link,services rural air heat pump,GB3 0,low voltage,-189911.93482
Link,services rural air heat pump,GB3 0,services rural heat,461520.0611
Link,services rural air heat pump,GR0 0,low voltage,-284071.84084
Link,services rural air heat pump,GR0 0,services rural heat,871969.1565
Link,services rural air heat pump,HR0 0,low voltage,-120740.55334
Link,services rural air heat pump,HR0 0,services rural heat,344867.55349
Link,services rural air heat pump,HU0 0,low voltage,-248996.79086
Link,services rural air heat pump,HU0 0,services rural heat,709773.20735
Link,services rural air heat pump,IE3 0,low voltage,-355707.22545
Link,services rural air heat pump,IE3 0,services rural heat,883986.7924
Link,services rural air heat pump,IT0 0,low voltage,-1556748.40489
Link,services rural air heat pump,IT0 0,services rural heat,4339514.86909
Link,services rural air heat pump,IT4 0,low voltage,-247636.85029
Link,services rural air heat pump,IT4 0,services rural heat,655713.72577
Link,services rural air heat pump,LT0 0,low voltage,-81754.18368
Link,services rural air heat pump,LT0 0,services rural heat,211430.41965
Link,services rural air heat pump,LU0 0,low voltage,-36302.95511
Link,services rural air heat pump,LU0 0,services rural heat,88325.95058
Link,services rural air heat pump,LV0 0,low voltage,-103926.23202
Link,services rural air heat pump,LV0 0,services rural heat,275898.23435
Link,services rural air heat pump,ME0 0,low voltage,-10011.87548
Link,services rural air heat pump,ME0 0,services rural heat,24559.12884
Link,services rural air heat pump,MK0 0,low voltage,-42751.95137
Link,services rural air heat pump,MK0 0,services rural heat,103719.40615
Link,services rural air heat pump,NL0 0,low voltage,-193559.41954
Link,services rural air heat pump,NL0 0,services rural heat,528898.21401
Link,services rural air heat pump,NO1 0,low voltage,-123164.19269
Link,services rural air heat pump,NO1 0,services rural heat,285623.70118
Link,services rural air heat pump,PL0 0,low voltage,-707099.59905
Link,services rural air heat pump,PL0 0,services rural heat,1966042.75844
Link,services rural air heat pump,PT0 0,low voltage,-682194.20451
Link,services rural air heat pump,PT0 0,services rural heat,1860613.77252
Link,services rural air heat pump,RO0 0,low voltage,-269078.56755
Link,services rural air heat pump,RO0 0,services rural heat,775298.99914
Link,services rural air heat pump,RS0 0,low voltage,-116920.10756
Link,services rural air heat pump,RS0 0,services rural heat,290699.68124
Link,services rural air heat pump,SE1 0,low voltage,-126466.21548
Link,services rural air heat pump,SE1 0,services rural heat,309679.28105
Link,services rural air heat pump,SI0 0,low voltage,-84837.40203
Link,services rural air heat pump,SI0 0,services rural heat,225680.56823
Link,services rural air heat pump,SK0 0,low voltage,-160280.1301
Link,services rural air heat pump,SK0 0,services rural heat,410310.68062
Link,services rural air heat pump,XK0 0,low voltage,-34773.92341
Link,services rural air heat pump,XK0 0,services rural heat,83864.29912
Link,services rural ground heat pump,AL0 0,low voltage,-89447.33853
Link,services rural ground heat pump,AL0 0,services rural heat,321646.91504
Link,services rural ground heat pump,AT0 0,low voltage,-3205187.94234
Link,services rural ground heat pump,AT0 0,services rural heat,10256462.58563
Link,services rural ground heat pump,BA0 0,low voltage,-284003.9107
Link,services rural ground heat pump,BA0 0,services rural heat,967860.21148
Link,services rural ground heat pump,BE0 0,low voltage,-2212750.17452
Link,services rural ground heat pump,BE0 0,services rural heat,7613667.22949
Link,services rural ground heat pump,BG0 0,low voltage,-581147.60757
Link,services rural ground heat pump,BG0 0,services rural heat,2083967.96497
Link,services rural ground heat pump,CH0 0,low voltage,-1246657.56353
Link,services rural ground heat pump,CH0 0,services rural heat,3877219.44209
Link,services rural ground heat pump,CZ0 0,low voltage,-2681100.50341
Link,services rural ground heat pump,CZ0 0,services rural heat,8788120.8895
Link,services rural ground heat pump,DE0 0,low voltage,-9147977.3404
Link,services rural ground heat pump,DE0 0,services rural heat,30469341.94681
Link,services rural ground heat pump,DE0 1,low voltage,-10441571.86537
Link,services rural ground heat pump,DE0 1,services rural heat,34083670.53902
Link,services rural ground heat pump,DK0 0,low voltage,-1029211.27953
Link,services rural ground heat pump,DK0 0,services rural heat,3400364.70172
Link,services rural ground heat pump,DK1 0,low voltage,-550816.38117
Link,services rural ground heat pump,DK1 0,services rural heat,1848238.58679
Link,services rural ground heat pump,EE0 0,low voltage,-400984.33751
Link,services rural ground heat pump,EE0 0,services rural heat,1259272.70453
Link,services rural ground heat pump,ES0 0,low voltage,-6039534.70946
Link,services rural ground heat pump,ES0 0,services rural heat,22943843.04548
Link,services rural ground heat pump,ES6 0,low voltage,-42501.28819
Link,services rural ground heat pump,ES6 0,services rural heat,183171.69106
Link,services rural ground heat pump,FI1 0,low voltage,-2800814.01495
Link,services rural ground heat pump,FI1 0,services rural heat,8500273.05056
Link,services rural ground heat pump,FR0 0,low voltage,-14991032.83931
Link,services rural ground heat pump,FR0 0,services rural heat,52545745.29611
Link,services rural ground heat pump,FR5 0,low voltage,-134061.08803
Link,services rural ground heat pump,FR5 0,services rural heat,492497.26106
Link,services rural ground heat pump,GB2 0,low voltage,-4028274.42741
Link,services rural ground heat pump,GB2 0,services rural heat,13278536.40361
Link,services rural ground heat pump,GB3 0,low voltage,-380438.43706
Link,services rural ground heat pump,GB3 0,services rural heat,1258639.59129
Link,services rural ground heat pump,GR0 0,low voltage,-1177622.54755
Link,services rural ground heat pump,GR0 0,services rural heat,4629412.37493
Link,services rural ground heat pump,HR0 0,low voltage,-789205.59365
Link,services rural ground heat pump,HR0 0,services rural heat,2825082.03662
Link,services rural ground heat pump,HU0 0,low voltage,-2320242.25987
Link,services rural ground heat pump,HU0 0,services rural heat,8173101.33557
Link,services rural ground heat pump,IE3 0,low voltage,-1109378.5282
Link,services rural ground heat pump,IE3 0,services rural heat,3751529.87996
Link,services rural ground heat pump,IT0 0,low voltage,-12636835.13532
Link,services rural ground heat pump,IT0 0,services rural heat,45845202.00014
Link,services rural ground heat pump,IT4 0,low voltage,-561927.75597
Link,services rural ground heat pump,IT4 0,services rural heat,2170053.97177
Link,services rural ground heat pump,LT0 0,low voltage,-495806.93105
Link,services rural ground heat pump,LT0 0,services rural heat,1584889.04828
Link,services rural ground heat pump,LU0 0,low voltage,-83124.34318
Link,services rural ground heat pump,LU0 0,services rural heat,276173.67884
Link,services rural ground heat pump,LV0 0,low voltage,-746530.92795
Link,services rural ground heat pump,LV0 0,services rural heat,2374961.24304
Link,services rural ground heat pump,ME0 0,low voltage,-9142.26005
Link,services rural ground heat pump,ME0 0,services rural heat,31448.85271
Link,services rural ground heat pump,MK0 0,low voltage,-100017.63788
Link,services rural ground heat pump,MK0 0,services rural heat,347582.55437
Link,services rural ground heat pump,NL0 0,low voltage,-10259562.65882
Link,services rural ground heat pump,NL0 0,services rural heat,35440208.83585
Link,services rural ground heat pump,NO1 0,low voltage,-1452743.15994
Link,services rural ground heat pump,NO1 0,services rural heat,4272648.49836
Link,services rural ground heat pump,PL0 0,low voltage,-13872156.15317
Link,services rural ground heat pump,PL0 0,services rural heat,45770428.01873
Link,services rural ground heat pump,PT0 0,low voltage,-1211524.08362
Link,services rural ground heat pump,PT0 0,services rural heat,4726991.84259
Link,services rural ground heat pump,RO0 0,low voltage,-2211825.18359
Link,services rural ground heat pump,RO0 0,services rural heat,7616846.58682
Link,services rural ground heat pump,RS0 0,low voltage,-561297.65297
Link,services rural ground heat pump,RS0 0,services rural heat,1942004.24335
Link,services rural ground heat pump,SE1 0,low voltage,-2343005.93944
Link,services rural ground heat pump,SE1 0,services rural heat,7070991.80409
Link,services rural ground heat pump,SI0 0,low voltage,-440459.43721
Link,services rural ground heat pump,SI0 0,services rural heat,1477914.16796
Link,services rural ground heat pump,SK0 0,low voltage,-1588712.58911
Link,services rural ground heat pump,SK0 0,services rural heat,5181807.54545
Link,services rural ground heat pump,XK0 0,low voltage,-63546.18456
Link,services rural ground heat pump,XK0 0,services rural heat,221488.46448
Link,services urban decentral air heat pump,AL0 0,low voltage,-97548.87408
Link,services urban decentral air heat pump,AL0 0,services urban decentral heat,235466.46948
Link,services urban decentral air heat pump,AT0 0,low voltage,-1903246.4943
Link,services urban decentral air heat pump,AT0 0,services urban decentral heat,4046063.95073
Link,services urban decentral air heat pump,BA0 0,low voltage,-192722.37482
Link,services urban decentral air heat pump,BA0 0,services urban decentral heat,435610.05852
Link,services urban decentral air heat pump,BE0 0,low voltage,-4932333.47225
Link,services urban decentral air heat pump,BE0 0,services urban decentral heat,11129737.5963
Link,services urban decentral air heat pump,BG0 0,low voltage,-589360.10095
Link,services urban decentral air heat pump,BG0 0,services urban decentral heat,1364724.21349
Link,services urban decentral air heat pump,CH0 0,low voltage,-3199440.41554
Link,services urban decentral air heat pump,CH0 0,services urban decentral heat,6532273.8723
Link,services urban decentral air heat pump,CZ0 0,low voltage,-2441227.77539
Link,services urban decentral air heat pump,CZ0 0,services urban decentral heat,5236359.58253
Link,services urban decentral air heat pump,DE0 0,low voltage,-18737011.86631
Link,services urban decentral air heat pump,DE0 0,services urban decentral heat,41618956.41187
Link,services urban decentral air heat pump,DE0 1,low voltage,-7972833.03713
Link,services urban decentral air heat pump,DE0 1,services urban decentral heat,17392992.52906
Link,services urban decentral air heat pump,DK0 0,low voltage,-1221630.83675
Link,services urban decentral air heat pump,DK0 0,services urban decentral heat,2710286.45614
Link,services urban decentral air heat pump,DK1 0,low voltage,-721605.41865
Link,services urban decentral air heat pump,DK1 0,services urban decentral heat,1599700.15308
Link,services urban decentral air heat pump,EE0 0,low voltage,-334653.28579
Link,services urban decentral air heat pump,EE0 0,services urban decentral heat,662978.64158
Link,services urban decentral air heat pump,ES0 0,low voltage,-4075326.4106
Link,services urban decentral air heat pump,ES0 0,services urban decentral heat,10346984.45422
Link,services urban decentral air heat pump,ES6 0,low voltage,-66546.15899
Link,services urban decentral air heat pump,ES6 0,services urban decentral heat,187408.31216
Link,services urban decentral air heat pump,FI1 0,low voltage,-3454199.10192
Link,services urban decentral air heat pump,FI1 0,services urban decentral heat,6448550.509
Link,services urban decentral air heat pump,FR0 0,low voltage,-18381905.34625
Link,services urban decentral air heat pump,FR0 0,services urban decentral heat,43075721.30893
Link,services urban decentral air heat pump,FR5 0,low voltage,-2854.36915
Link,services urban decentral air heat pump,FR5 0,services urban decentral heat,8131.96401
Link,services urban decentral air heat pump,GB2 0,low voltage,-14196112.6279
Link,services urban decentral air heat pump,GB2 0,services urban decentral heat,33547510.42117
Link,services urban decentral air heat pump,GB3 0,low voltage,-158377.45188
Link,services urban decentral air heat pump,GB3 0,services urban decentral heat,380537.33729
Link,services urban decentral air heat pump,GR0 0,low voltage,-1143857.47
Link,services urban decentral air heat pump,GR0 0,services urban decentral heat,2961470.45224
Link,services urban decentral air heat pump,HR0 0,low voltage,-336436.97889
Link,services urban decentral air heat pump,HR0 0,services urban decentral heat,787729.52614
Link,services urban decentral air heat pump,HU0 0,low voltage,-1746064.02082
Link,services urban decentral air heat pump,HU0 0,services urban decentral heat,3905826.66081
Link,services urban decentral air heat pump,IE3 0,low voltage,-967787.31638
Link,services urban decentral air heat pump,IE3 0,services urban decentral heat,2338597.53974
Link,services urban decentral air heat pump,IT0 0,low voltage,-14697345.52766
Link,services urban decentral air heat pump,IT0 0,services urban decentral heat,35574328.82494
Link,services urban decentral air heat pump,IT4 0,low voltage,-105077.46259
Link,services urban decentral air heat pump,IT4 0,services urban decentral heat,270007.9903
Link,services urban decentral air heat pump,LT0 0,low voltage,-395123.42591
Link,services urban decentral air heat pump,LT0 0,services urban decentral heat,802584.88885
Link,services urban decentral air heat pump,LU0 0,low voltage,-410158.68979
Link,services urban decentral air heat pump,LU0 0,services urban decentral heat,901827.29461
Link,services urban decentral air heat pump,LV0 0,low voltage,-477893.11127
Link,services urban decentral air heat pump,LV0 0,services urban decentral heat,948825.89206
Link,services urban decentral air heat pump,ME0 0,low voltage,-15462.23835
Link,services urban decentral air heat pump,ME0 0,services urban decentral heat,36911.52607
Link,services urban decentral air heat pump,MK0 0,low voltage,-110680.98577
Link,services urban decentral air heat pump,MK0 0,services urban decentral heat,253509.88933
Link,services urban decentral air heat pump,NL0 0,low voltage,-7637801.83757
Link,services urban decentral air heat pump,NL0 0,services urban decentral heat,17432527.87801
Link,services urban decentral air heat pump,NO1 0,low voltage,-4378759.48325
Link,services urban decentral air heat pump,NO1 0,services urban decentral heat,8504883.86836
Link,services urban decentral air heat pump,PL0 0,low voltage,-5168288.12541
Link,services urban decentral air heat pump,PL0 0,services urban decentral heat,10971692.90896
Link,services urban decentral air heat pump,PT0 0,low voltage,-1063300.71135
Link,services urban decentral air heat pump,PT0 0,services urban decentral heat,2779100.35423
Link,services urban decentral air heat pump,RO0 0,low voltage,-987244.2654
Link,services urban decentral air heat pump,RO0 0,services urban decentral heat,2188294.96072
Link,services urban decentral air heat pump,RS0 0,low voltage,-467873.14236
Link,services urban decentral air heat pump,RS0 0,services urban decentral heat,1057383.0766
Link,services urban decentral air heat pump,SE1 0,low voltage,-4357699.33708
Link,services urban decentral air heat pump,SE1 0,services urban decentral heat,8433996.1023
Link,services urban decentral air heat pump,SI0 0,low voltage,-280117.50532
Link,services urban decentral air heat pump,SI0 0,services urban decentral heat,623437.97947
Link,services urban decentral air heat pump,SK0 0,low voltage,-1225394.68807
Link,services urban decentral air heat pump,SK0 0,services urban decentral heat,2619154.65493
Link,services urban decentral air heat pump,XK0 0,low voltage,-75155.50768
Link,services urban decentral air heat pump,XK0 0,services urban decentral heat,170576.34042
Link,shipping methanol,EU,co2,124741375.95749
Link,shipping methanol,EU,methanol,-502969701.99818
Link,shipping methanol,EU,shipping methanol,502969701.99818
Link,solid biomass for industry,EU,solid biomass,-18916.63692
Link,solid biomass for industry,EU,solid biomass for industry,18916.63692
Link,solid biomass for industry CC,EU,co2,-289607852.236
Link,solid biomass for industry CC,EU,co2 stored,289607852.236
Link,solid biomass for industry CC,EU,solid biomass,-831334526.24691
Link,solid biomass for industry CC,EU,solid biomass for industry,748201073.62222
Link,urban central air heat pump,AL0 0,low voltage,-350094.01832
Link,urban central air heat pump,AL0 0,urban central heat,1099011.35915
Link,urban central air heat pump,AT0 0,low voltage,-10103352.60908
Link,urban central air heat pump,AT0 0,urban central heat,29347242.92502
Link,urban central air heat pump,BA0 0,low voltage,-1104698.18263
Link,urban central air heat pump,BA0 0,urban central heat,3334349.6551
Link,urban central air heat pump,BE0 0,low voltage,-21157185.51533
Link,urban central air heat pump,BE0 0,urban central heat,64216224.91644
Link,urban central air heat pump,BG0 0,low voltage,-2762026.70814
Link,urban central air heat pump,BG0 0,urban central heat,8519291.80028
Link,urban central air heat pump,CH0 0,low voltage,-12191488.90393
Link,urban central air heat pump,CH0 0,urban central heat,34066337.8466
Link,urban central air heat pump,CZ0 0,low voltage,-4495484.78116
Link,urban central air heat pump,CZ0 0,urban central heat,12435006.95337
Link,urban central air heat pump,DE0 0,low voltage,-91396296.37512
Link,urban central air heat pump,DE0 0,urban central heat,272015126.17985
Link,urban central air heat pump,DE0 1,low voltage,-38579005.70755
Link,urban central air heat pump,DE0 1,urban central heat,113310246.0435
Link,urban central air heat pump,DK0 0,low voltage,-5058204.58843
Link,urban central air heat pump,DK0 0,urban central heat,18543347.9107
Link,urban central air heat pump,DK1 0,low voltage,-3417203.59308
Link,urban central air heat pump,DK1 0,urban central heat,12869069.15814
Link,urban central air heat pump,EE0 0,low voltage,-1401519.55452
Link,urban central air heat pump,EE0 0,urban central heat,3816107.83287
Link,urban central air heat pump,ES0 0,low voltage,-13551298.30327
Link,urban central air heat pump,ES0 0,urban central heat,44299871.48103
Link,urban central air heat pump,ES6 0,low voltage,-211425.89521
Link,urban central air heat pump,ES6 0,urban central heat,773066.59976
Link,urban central air heat pump,FI1 0,low voltage,-16685350.1683
Link,urban central air heat pump,FI1 0,urban central heat,42900345.44839
Link,urban central air heat pump,FR0 0,low voltage,-88859351.01949
Link,urban central air heat pump,FR0 0,urban central heat,271100005.72453
Link,urban central air heat pump,GB2 0,low voltage,-61187547.52558
Link,urban central air heat pump,GB2 0,urban central heat,189377047.61412
Link,urban central air heat pump,GB3 0,low voltage,-640925.26122
Link,urban central air heat pump,GB3 0,urban central heat,2021757.33909
Link,urban central air heat pump,GR0 0,low voltage,-3829802.73064
Link,urban central air heat pump,GR0 0,urban central heat,12685591.57367
Link,urban central air heat pump,HR0 0,low voltage,-2437554.33159
Link,urban central air heat pump,HR0 0,urban central heat,7520185.99218
Link,urban central air heat pump,HU0 0,low voltage,-9374379.1191
Link,urban central air heat pump,HU0 0,urban central heat,28128352.72357
Link,urban central air heat pump,IE3 0,low voltage,-3675037.00025
Link,urban central air heat pump,IE3 0,urban central heat,11709496.94393
Link,urban central air heat pump,IT0 0,low voltage,-46516768.14263
Link,urban central air heat pump,IT0 0,urban central heat,166666444.15925
Link,urban central air heat pump,IT4 0,low voltage,-313695.25758
Link,urban central air heat pump,IT4 0,urban central heat,1215762.97304
Link,urban central air heat pump,LT0 0,low voltage,-2214705.95204
Link,urban central air heat pump,LT0 0,urban central heat,6177163.65175
Link,urban central air heat pump,LU0 0,low voltage,-1237172.5366
Link,urban central air heat pump,LU0 0,urban central heat,3640309.772
Link,urban central air heat pump,LV0 0,low voltage,-1917986.88369
Link,urban central air heat pump,LV0 0,urban central heat,5383104.9962
Link,urban central air heat pump,ME0 0,low voltage,-154476.61085
Link,urban central air heat pump,ME0 0,urban central heat,463227.49423
Link,urban central air heat pump,MK0 0,low voltage,-513173.82878
Link,urban central air heat pump,MK0 0,urban central heat,1535130.43252
Link,urban central air heat pump,NL0 0,low voltage,-28660902.78917
Link,urban central air heat pump,NL0 0,urban central heat,88047798.64323
Link,urban central air heat pump,NO1 0,low voltage,-12221078.39167
Link,urban central air heat pump,NO1 0,urban central heat,33406589.92717
Link,urban central air heat pump,PL0 0,low voltage,-14672824.64022
Link,urban central air heat pump,PL0 0,urban central heat,39163745.44756
Link,urban central air heat pump,PT0 0,low voltage,-2370757.11975
Link,urban central air heat pump,PT0 0,urban central heat,8285474.53466
Link,urban central air heat pump,RO0 0,low voltage,-7879518.64146
Link,urban central air heat pump,RO0 0,urban central heat,23365344.32452
Link,urban central air heat pump,RS0 0,low voltage,-3013185.41455
Link,urban central air heat pump,RS0 0,urban central heat,9163080.31571
Link,urban central air heat pump,SE1 0,low voltage,-23043993.98556
Link,urban central air heat pump,SE1 0,urban central heat,64763769.78834
Link,urban central air heat pump,SI0 0,low voltage,-1560582.77656
Link,urban central air heat pump,SI0 0,urban central heat,4665745.89401
Link,urban central air heat pump,SK0 0,low voltage,-3322580.79445
Link,urban central air heat pump,SK0 0,urban central heat,9686902.2752
Link,urban central air heat pump,XK0 0,low voltage,-413742.48259
Link,urban central air heat pump,XK0 0,urban central heat,1225077.94609
Link,waste CHP,AL0 0,AC,6528.04059
Link,waste CHP,AL0 0,urban central heat,22991.36697
Link,waste CHP,AT0 0,AC,17221.43178
Link,waste CHP,AT0 0,urban central heat,60652.84864
Link,waste CHP,BA0 0,AC,8969.4504
Link,waste CHP,BA0 0,urban central heat,31589.86573
Link,waste CHP,BE0 0,AC,14849.70361
Link,waste CHP,BE0 0,urban central heat,52299.76443
Link,waste CHP,BG0 0,AC,9178.63977
Link,waste CHP,BG0 0,urban central heat,32326.61813
Link,waste CHP,CH0 0,AC,11603.94652
Link,waste CHP,CH0 0,urban central heat,40868.40288
Link,waste CHP,CZ0 0,AC,32773.2242
Link,waste CHP,CZ0 0,urban central heat,115425.32771
Link,waste CHP,DE0 0,AC,19263.79848
Link,waste CHP,DE0 0,urban central heat,67845.94154
Link,waste CHP,DE0 1,AC,21484.73549
Link,waste CHP,DE0 1,urban central heat,75667.94833
Link,waste CHP,DK0 0,AC,8858.41525
Link,waste CHP,DK0 0,urban central heat,31198.8066
Link,waste CHP,DK1 0,AC,9317.60568
Link,waste CHP,DK1 0,urban central heat,32816.04772
Link,waste CHP,EE0 0,AC,15728.58533
Link,waste CHP,EE0 0,urban central heat,55395.13309
Link,waste CHP,ES0 0,AC,7513.5051
Link,waste CHP,ES0 0,urban central heat,26462.11382
Link,waste CHP,ES6 0,AC,2560.38703
Link,waste CHP,ES6 0,urban central heat,9017.52938
Link,waste CHP,EU,co2,600020.64303
Link,waste CHP,EU,non-sequestered HVC,-2333802.57887
Link,waste CHP,FI1 0,AC,20348.95036
Link,waste CHP,FI1 0,urban central heat,71667.7813
Link,waste CHP,FR0 0,AC,10525.78971
Link,waste CHP,FR0 0,urban central heat,37071.19934
Link,waste CHP,FR5 0,AC,2809.04555
Link,waste CHP,GB2 0,AC,11269.20588
Link,waste CHP,GB2 0,urban central heat,39689.46644
Link,waste CHP,GB3 0,AC,5351.95399
Link,waste CHP,GB3 0,urban central heat,18849.26061
Link,waste CHP,GR0 0,AC,7038.1589
Link,waste CHP,GR0 0,urban central heat,24787.97304
Link,waste CHP,HR0 0,AC,10732.29117
Link,waste CHP,HR0 0,urban central heat,37798.48507
Link,waste CHP,HU0 0,AC,16024.35688
Link,waste CHP,HU0 0,urban central heat,56436.82272
Link,waste CHP,IE3 0,AC,6991.77313
Link,waste CHP,IE3 0,urban central heat,24624.60513
Link,waste CHP,IT0 0,AC,9901.65972
Link,waste CHP,IT0 0,urban central heat,34873.05099
Link,waste CHP,IT4 0,AC,3776.1802
Link,waste CHP,IT4 0,urban central heat,13299.47993
Link,waste CHP,LT0 0,AC,18332.35329
Link,waste CHP,LT0 0,urban central heat,64565.4475
Link,waste CHP,LU0 0,AC,12145.08511
Link,waste CHP,LU0 0,urban central heat,42774.26048
Link,waste CHP,LV0 0,AC,19574.05323
Link,waste CHP,LV0 0,urban central heat,68938.64014
Link,waste CHP,ME0 0,AC,6971.97451
Link,waste CHP,ME0 0,urban central heat,24554.87559
Link,waste CHP,MK0 0,AC,7219.03986
Link,waste CHP,MK0 0,urban central heat,25425.02492
Link,waste CHP,NL0 0,AC,15509.97814
Link,waste CHP,NL0 0,urban central heat,54625.2117
Link,waste CHP,NO1 0,AC,12979.85295
Link,waste CHP,NO1 0,urban central heat,45714.26271
Link,waste CHP,PL0 0,AC,44174.05998
Link,waste CHP,PL0 0,urban central heat,155578.38677
Link,waste CHP,PT0 0,AC,5656.87968
Link,waste CHP,PT0 0,urban central heat,19923.19057
Link,waste CHP,RO0 0,AC,11659.28776
Link,waste CHP,RO0 0,urban central heat,41063.3114
Link,waste CHP,RS0 0,AC,9793.31778
Link,waste CHP,RS0 0,urban central heat,34491.47718
Link,waste CHP,SE1 0,AC,15487.6692
Link,waste CHP,SE1 0,urban central heat,54546.64096
Link,waste CHP,SI0 0,AC,9466.92335
Link,waste CHP,SI0 0,urban central heat,33341.9356
Link,waste CHP,SK0 0,AC,18241.39853
Link,waste CHP,SK0 0,urban central heat,64245.11031
Link,waste CHP,XK0 0,AC,7435.55019
Link,waste CHP,XK0 0,urban central heat,26187.56129
Link,waste CHP CC,AL0 0,AC,19732.34141
Link,waste CHP CC,AL0 0,urban central heat,69496.12161
Link,waste CHP CC,AT0 0,AC,175967.07003
Link,waste CHP CC,AT0 0,urban central heat,619745.45451
Link,waste CHP CC,BA0 0,AC,38230.53954
Link,waste CHP CC,BA0 0,urban central heat,134645.66467
Link,waste CHP CC,BE0 0,AC,65779.9842
Link,waste CHP CC,BE0 0,urban central heat,231673.15452
Link,waste CHP CC,BG0 0,AC,36119.39738
Link,waste CHP CC,BG0 0,urban central heat,127210.34876
Link,waste CHP CC,CH0 0,AC,46453.16385
Link,waste CHP CC,CH0 0,urban central heat,163605.25374
Link,waste CHP CC,CZ0 0,AC,7444833.86228
Link,waste CHP CC,CZ0 0,urban central heat,26220257.82905
Link,waste CHP CC,DE0 0,AC,121542.2285
Link,waste CHP CC,DE0 0,urban central heat,428064.43062
Link,waste CHP CC,DE0 1,AC,342236.5691
Link,waste CHP CC,DE0 1,urban central heat,1205336.64638
Link,waste CHP CC,DK0 0,AC,25652.84369
Link,waste CHP CC,DK0 0,urban central heat,90347.77511
Link,waste CHP CC,DK1 0,AC,29363.19829
Link,waste CHP CC,DK1 0,urban central heat,103415.42124
Link,waste CHP CC,EE0 0,AC,70222.38179
Link,waste CHP CC,EE0 0,urban central heat,247319.01206
Link,waste CHP CC,ES0 0,AC,19075.5182
Link,waste CHP CC,ES0 0,urban central heat,67182.82967
Link,waste CHP CC,ES6 0,AC,4982.23281
Link,waste CHP CC,ES6 0,urban central heat,17547.1248
Link,waste CHP CC,EU,co2,2960247.95424
Link,waste CHP CC,EU,co2 stored,26642231.58819
Link,waste CHP CC,EU,non-sequestered HVC,-115139943.76678
Link,waste CHP CC,FI1 0,AC,103784.56207
Link,waste CHP CC,FI1 0,urban central heat,365522.99575
Link,waste CHP CC,FR0 0,AC,34574.0639
Link,waste CHP CC,FR0 0,urban central heat,121767.77702
Link,waste CHP CC,FR5 0,AC,7861.32038
Link,waste CHP CC,GB2 0,AC,38201.19569
Link,waste CHP CC,GB2 0,urban central heat,134542.31739
Link,waste CHP CC,GB3 0,AC,15994.36645
Link,waste CHP CC,GB3 0,urban central heat,56331.19822
Link,waste CHP CC,GR0 0,AC,18847.46527
Link,waste CHP CC,GR0 0,urban central heat,66379.64096
Link,waste CHP CC,HR0 0,AC,52034.25991
Link,waste CHP CC,HR0 0,urban central heat,183261.53893
Link,waste CHP CC,HU0 0,AC,140853.0804
Link,waste CHP CC,HU0 0,urban central heat,496076.09147
Link,waste CHP CC,IE3 0,AC,22137.82818
Link,waste CHP CC,IE3 0,urban central heat,77968.10155
Link,waste CHP CC,IT0 0,AC,30686.63006
Link,waste CHP CC,IT0 0,urban central heat,108076.46846
Link,waste CHP CC,IT4 0,AC,8280.48034
Link,waste CHP CC,IT4 0,urban central heat,29163.35454
Link,waste CHP CC,LT0 0,AC,113193.42337
Link,waste CHP CC,LT0 0,urban central heat,398660.44028
Link,waste CHP CC,LU0 0,AC,59615.99659
Link,waste CHP CC,LU0 0,urban central heat,209963.96029
Link,waste CHP CC,LV0 0,AC,148725.32576
Link,waste CHP CC,LV0 0,urban central heat,523801.66695
Link,waste CHP CC,ME0 0,AC,22879.73464
Link,waste CHP CC,ME0 0,urban central heat,80581.05157
Link,waste CHP CC,MK0 0,AC,23712.67698
Link,waste CHP CC,MK0 0,urban central heat,83514.62447
Link,waste CHP CC,NL0 0,AC,70436.17552
Link,waste CHP CC,NL0 0,urban central heat,248071.98076
Link,waste CHP CC,NO1 0,AC,53718.78718
Link,waste CHP CC,NO1 0,urban central heat,189194.34286
Link,waste CHP CC,PL0 0,AC,14228249.74861
Link,waste CHP CC,PL0 0,urban central heat,50111041.26242
Link,waste CHP CC,PT0 0,AC,16575.72094
Link,waste CHP CC,PT0 0,urban central heat,58378.69383
Link,waste CHP CC,RO0 0,AC,53559.75088
Link,waste CHP CC,RO0 0,urban central heat,188634.22655
Link,waste CHP CC,RS0 0,AC,43280.30952
Link,waste CHP CC,RS0 0,urban central heat,152430.65131
Link,waste CHP CC,SE1 0,AC,62559.82372
Link,waste CHP CC,SE1 0,urban central heat,220331.94265
Link,waste CHP CC,SI0 0,AC,43766.73794
Link,waste CHP CC,SI0 0,urban central heat,154143.823
Link,waste CHP CC,SK0 0,AC,1048402.06996
Link,waste CHP CC,SK0 0,urban central heat,3692409.13785
Link,waste CHP CC,XK0 0,AC,25674.96016
Link,waste CHP CC,XK0 0,urban central heat,90425.66801
Load,H2 for industry,AL0 0,H2,-90000.0
Load,H2 for industry,AT0 0,H2,-9130000.0
Load,H2 for industry,BA0 0,H2,-720000.0
Load,H2 for industry,BE0 0,H2,-10470000.0
Load,H2 for industry,BG0 0,H2,-1620000.0
Load,H2 for industry,CH0 0,H2,-560000.0
Load,H2 for industry,CZ0 0,H2,-3620000.0
Load,H2 for industry,DE0 0,H2,-32540000.0
Load,H2 for industry,DE0 1,H2,-7840000.0
Load,H2 for industry,DK0 0,H2,0.0
Load,H2 for industry,DK1 0,H2,0.0
Load,H2 for industry,EE0 0,H2,-160000.0
Load,H2 for industry,ES0 0,H2,-6580000.0
Load,H2 for industry,ES6 0,H2,0.0
Load,H2 for industry,FI1 0,H2,-2490000.0
Load,H2 for industry,FR0 0,H2,-14630000.0
Load,H2 for industry,FR5 0,H2,0.0
Load,H2 for industry,GB2 0,H2,-8010000.0
Load,H2 for industry,GB3 0,H2,10000.0
Load,H2 for industry,GR0 0,H2,-770000.0
Load,H2 for industry,HR0 0,H2,-2840000.0
Load,H2 for industry,HU0 0,H2,-3910000.0
Load,H2 for industry,IE3 0,H2,0.0
Load,H2 for industry,IT0 0,H2,-6800000.0
Load,H2 for industry,IT4 0,H2,30000.0
Load,H2 for industry,LT0 0,H2,-6230000.0
Load,H2 for industry,LU0 0,H2,0.0
Load,H2 for industry,LV0 0,H2,0.0
Load,H2 for industry,ME0 0,H2,-20000.0
Load,H2 for industry,MK0 0,H2,-650000.0
Load,H2 for industry,NL0 0,H2,-20710000.0
Load,H2 for industry,NO1 0,H2,-4240000.0
Load,H2 for industry,PL0 0,H2,-19400000.0
Load,H2 for industry,PT0 0,H2,70000.0
Load,H2 for industry,RO0 0,H2,-5440000.0
Load,H2 for industry,RS0 0,H2,-1230000.0
Load,H2 for industry,SE1 0,H2,-2650000.0
Load,H2 for industry,SI0 0,H2,0.0
Load,H2 for industry,SK0 0,H2,-6220000.0
Load,H2 for industry,XK0 0,H2,-200000.0
Load,agriculture electricity,AL0 0,low voltage,-85798.76348
Load,agriculture electricity,AT0 0,low voltage,-714494.79218
Load,agriculture electricity,BA0 0,low voltage,-43545.30092
Load,agriculture electricity,BE0 0,low voltage,-1205990.47002
Load,agriculture electricity,BG0 0,low voltage,-230887.1039
Load,agriculture electricity,CH0 0,low voltage,0.0
Load,agriculture electricity,CZ0 0,low voltage,-709493.13383
Load,agriculture electricity,DE0 0,low voltage,-2349612.61315
Load,agriculture electricity,DE0 1,low voltage,-1372353.14023
Load,agriculture electricity,DK0 0,low voltage,-705298.73519
Load,agriculture electricity,DK1 0,low voltage,-407442.45602
Load,agriculture electricity,EE0 0,low voltage,-103098.23217
Load,agriculture electricity,ES0 0,low voltage,-3652592.73631
Load,agriculture electricity,ES6 0,low voltage,-60705.91973
Load,agriculture electricity,FI1 0,low voltage,-951485.88405
Load,agriculture electricity,FR0 0,low voltage,-5689059.88603
Load,agriculture electricity,FR5 0,low voltage,-23657.82342
Load,agriculture electricity,GB2 0,low voltage,-1312365.50001
Load,agriculture electricity,GB3 0,low voltage,-35596.06384
Load,agriculture electricity,GR0 0,low voltage,-961118.06212
Load,agriculture electricity,HR0 0,low voltage,-119437.90737
Load,agriculture electricity,HU0 0,low voltage,-741103.49213
Load,agriculture electricity,IE3 0,low voltage,-358929.60966
Load,agriculture electricity,IT0 0,low voltage,-3915329.56151
Load,agriculture electricity,IT4 0,low voltage,-99540.597
Load,agriculture electricity,LT0 0,low voltage,-142711.73871
Load,agriculture electricity,LU0 0,low voltage,-23787.06055
Load,agriculture electricity,LV0 0,low voltage,-148380.95546
Load,agriculture electricity,ME0 0,low voltage,-5456.65404
Load,agriculture electricity,MK0 0,low voltage,-23892.88991
Load,agriculture electricity,NL0 0,low voltage,-7161190.83362
Load,agriculture electricity,NO1 0,low voltage,-356330.41298
Load,agriculture electricity,PL0 0,low voltage,-1473035.8883
Load,agriculture electricity,PT0 0,low voltage,-667296.12856
Load,agriculture electricity,RO0 0,low voltage,-554892.92974
Load,agriculture electricity,RS0 0,low voltage,-168577.67396
Load,agriculture electricity,SE1 0,low voltage,-702605.47146
Load,agriculture electricity,SI0 0,low voltage,-13990.7192
Load,agriculture electricity,SK0 0,low voltage,-194501.53782
Load,agriculture electricity,XK0 0,low voltage,-40295.12016
Load,agriculture heat,AL0 0,services rural heat,-85798.76348
Load,agriculture heat,AT0 0,services rural heat,-3679919.14599
Load,agriculture heat,BA0 0,services rural heat,-43545.30092
Load,agriculture heat,BE0 0,services rural heat,-6609539.22088
Load,agriculture heat,BG0 0,services rural heat,-1344209.21661
Load,agriculture heat,CH0 0,services rural heat,0.0
Load,agriculture heat,CZ0 0,services rural heat,-4520959.97279
Load,agriculture heat,DE0 0,services rural heat,-16310449.20947
Load,agriculture heat,DE0 1,services rural heat,-9526547.51083
Load,agriculture heat,DK0 0,services rural heat,-2998001.65899
Load,agriculture heat,DK1 0,services rural heat,-1731908.90349
Load,agriculture heat,EE0 0,services rural heat,-776846.56686
Load,agriculture heat,ES0 0,services rural heat,-18904916.1813
Load,agriculture heat,ES6 0,services rural heat,-314198.81905
Load,agriculture heat,FI1 0,services rural heat,-6178480.46013
Load,agriculture heat,FR0 0,services rural heat,-30498623.46344
Load,agriculture heat,FR5 0,services rural heat,-126827.81739
Load,agriculture heat,GB2 0,services rural heat,-1312365.50001
Load,agriculture heat,GB3 0,services rural heat,-35596.06384
Load,agriculture heat,GR0 0,services rural heat,-3857312.45687
Load,agriculture heat,HR0 0,services rural heat,-1764526.9869
Load,agriculture heat,HU0 0,services rural heat,-4835912.03061
Load,agriculture heat,IE3 0,services rural heat,-1591774.945
Load,agriculture heat,IT0 0,services rural heat,-18379280.59196
Load,agriculture heat,IT4 0,services rural heat,-467261.95937
Load,agriculture heat,LT0 0,services rural heat,-893825.58993
Load,agriculture heat,LU0 0,services rural heat,-163219.81114
Load,agriculture heat,LV0 0,services rural heat,-1499504.77398
Load,agriculture heat,ME0 0,services rural heat,-5456.65404
Load,agriculture heat,MK0 0,services rural heat,-23892.88991
Load,agriculture heat,NL0 0,services rural heat,-33378547.14769
Load,agriculture heat,NO1 0,services rural heat,-356330.41298
Load,agriculture heat,PL0 0,services rural heat,-29571886.61201
Load,agriculture heat,PT0 0,services rural heat,-3041446.18069
Load,agriculture heat,RO0 0,services rural heat,-3873886.60377
Load,agriculture heat,RS0 0,services rural heat,-168577.67396
Load,agriculture heat,SE1 0,services rural heat,-4477624.51413
Load,agriculture heat,SI0 0,services rural heat,-540489.59035
Load,agriculture heat,SK0 0,services rural heat,-881956.30939
Load,agriculture heat,XK0 0,services rural heat,-40295.12016
Load,agriculture machinery electric,AL0 0,low voltage,-18385.44932
Load,agriculture machinery electric,AT0 0,low voltage,-357420.01325
Load,agriculture machinery electric,BA0 0,low voltage,-9331.13591
Load,agriculture machinery electric,BE0 0,low voltage,-664842.28052
Load,agriculture machinery electric,BG0 0,low voltage,-153340.43132
Load,agriculture machinery electric,CH0 0,low voltage,0.0
Load,agriculture machinery electric,CZ0 0,low voltage,-490237.69144
Load,agriculture machinery electric,DE0 0,low voltage,-1753990.07644
Load,agriculture machinery electric,DE0 1,low voltage,-1024464.10777
Load,agriculture machinery electric,DK0 0,low voltage,-339157.85151
Load,agriculture machinery electric,DK1 0,low voltage,-195927.34412
Load,agriculture machinery electric,EE0 0,low voltage,-94104.68592
Load,agriculture machinery electric,ES0 0,low voltage,-2345631.57277
Load,agriculture machinery electric,ES6 0,low voltage,-38984.28658
Load,agriculture machinery electric,FI1 0,low voltage,-606144.14053
Load,agriculture machinery electric,FR0 0,low voltage,-3658066.23289
Load,agriculture machinery electric,FR5 0,low voltage,-15211.98348
Load,agriculture machinery electric,GB2 0,low voltage,-281221.17857
Load,agriculture machinery electric,GB3 0,low voltage,-7627.72797
Load,agriculture machinery electric,GR0 0,low voltage,-247346.46022
Load,agriculture machinery electric,HR0 0,low voltage,-206266.73694
Load,agriculture machinery electric,HU0 0,low voltage,-532127.88798
Load,agriculture machinery electric,IE3 0,low voltage,-211292.024
Load,agriculture machinery electric,IT0 0,low voltage,-2340605.15574
Load,agriculture machinery electric,IT4 0,low voltage,-59505.90643
Load,agriculture machinery electric,LT0 0,low voltage,-81069.35815
Load,agriculture machinery electric,LU0 0,low voltage,-20614.09892
Load,agriculture machinery electric,LV0 0,low voltage,-166309.77226
Load,agriculture machinery electric,ME0 0,low voltage,-1169.28301
Load,agriculture machinery electric,MK0 0,low voltage,-5119.90498
Load,agriculture machinery electric,NL0 0,low voltage,-1650261.004
Load,agriculture machinery electric,NO1 0,low voltage,-76356.51707
Load,agriculture machinery electric,PL0 0,low voltage,-2853179.46422
Load,agriculture machinery electric,PT0 0,low voltage,-394925.50516
Load,agriculture machinery electric,RO0 0,low voltage,-440005.17139
Load,agriculture machinery electric,RS0 0,low voltage,-36123.78728
Load,agriculture machinery electric,SE1 0,low voltage,-497979.64594
Load,agriculture machinery electric,SI0 0,low voltage,-64084.0051
Load,agriculture machinery electric,SK0 0,low voltage,-91715.1756
Load,agriculture machinery electric,XK0 0,low voltage,-8634.66861
Load,agriculture machinery oil,EU,agriculture machinery oil,-51423819.35442
Load,electricity,AL0 0,low voltage,-3688128.45575
Load,electricity,AT0 0,low voltage,-31307192.84121
Load,electricity,BA0 0,low voltage,-5621455.72685
Load,electricity,BE0 0,low voltage,-36208347.64067
Load,electricity,BG0 0,low voltage,-19943566.99285
Load,electricity,CH0 0,low voltage,-27370695.6871
Load,electricity,CZ0 0,low voltage,-27415414.5278
Load,electricity,DE0 0,low voltage,-138724356.93798
Load,electricity,DE0 1,low voltage,-100676358.99621
Load,electricity,DK0 0,low voltage,-8946841.78615
Load,electricity,DK1 0,low voltage,-10699406.12813
Load,electricity,EE0 0,low voltage,-4340970.47174
Load,electricity,ES0 0,low voltage,-141033147.59372
Load,electricity,ES6 0,low voltage,-7607614.7087
Load,electricity,FI1 0,low voltage,-24636428.6686
Load,electricity,FR0 0,low voltage,-225205008.41863
Load,electricity,FR5 0,low voltage,-3974945.85382
Load,electricity,GB2 0,low voltage,-188358590.4946
Load,electricity,GB3 0,low voltage,-7920373.44187
Load,electricity,GR0 0,low voltage,-24406740.72144
Load,electricity,HR0 0,low voltage,-10221784.60559
Load,electricity,HU0 0,low voltage,-16157114.54792
Load,electricity,IE3 0,low voltage,-11048453.5268
Load,electricity,IT0 0,low voltage,-136059566.27593
Load,electricity,IT4 0,low voltage,-4770055.51228
Load,electricity,LT0 0,low voltage,-6019566.14902
Load,electricity,LU0 0,low voltage,-1840364.82962
Load,electricity,LV0 0,low voltage,-4252558.05139
Load,electricity,ME0 0,low voltage,-2208690.9719
Load,electricity,MK0 0,low voltage,-4675112.31259
Load,electricity,NL0 0,low voltage,-64048125.38123
Load,electricity,NO1 0,low voltage,-58893074.1169
Load,electricity,PL0 0,low voltage,-70995641.6039
Load,electricity,PT0 0,low voltage,-26399925.53495
Load,electricity,RO0 0,low voltage,-26416090.23154
Load,electricity,RS0 0,low voltage,-25244058.84176
Load,electricity,SE1 0,low voltage,-49094607.69077
Load,electricity,SI0 0,low voltage,-4000297.75502
Load,electricity,SK0 0,low voltage,-9517971.96242
Load,electricity,XK0 0,low voltage,-5018528.57961
Load,gas for industry,EU,gas for industry,-231370000.0
Load,industry electricity,AL0 0,low voltage,-1010000.0
Load,industry electricity,AT0 0,low voltage,-48020000.0
Load,industry electricity,BA0 0,low voltage,-4310000.0
Load,industry electricity,BE0 0,low voltage,-71500000.0
Load,industry electricity,BG0 0,low voltage,-15870000.0
Load,industry electricity,CH0 0,low voltage,-17250000.0
Load,industry electricity,CZ0 0,low voltage,-43580000.0
Load,industry electricity,DE0 0,low voltage,-237260000.0
Load,industry electricity,DE0 1,low voltage,-125770000.0
Load,industry electricity,DK0 0,low voltage,-13970000.0
Load,industry electricity,DK1 0,low voltage,-3870000.0
Load,industry electricity,EE0 0,low voltage,-3090000.0
Load,industry electricity,ES0 0,low voltage,-153800000.0
Load,industry electricity,ES6 0,low voltage,-1010000.0
Load,industry electricity,FI1 0,low voltage,-53170000.0
Load,industry electricity,FR0 0,low voltage,-204070000.0
Load,industry electricity,FR5 0,low voltage,-360000.0
Load,industry electricity,GB2 0,low voltage,-124100000.0
Load,industry electricity,GB3 0,low voltage,-2900000.0
Load,industry electricity,GR0 0,low voltage,-16150000.0
Load,industry electricity,HR0 0,low voltage,-8060000.0
Load,industry electricity,HU0 0,low voltage,-31290000.0
Load,industry electricity,IE3 0,low voltage,-14950000.0
Load,industry electricity,IT0 0,low voltage,-177130000.0
Load,industry electricity,IT4 0,low voltage,-6910000.0
Load,industry electricity,LT0 0,low voltage,-4100000.0
Load,industry electricity,LU0 0,low voltage,-4530000.0
Load,industry electricity,LV0 0,low voltage,-4320000.0
Load,industry electricity,ME0 0,low voltage,-770000.0
Load,industry electricity,MK0 0,low voltage,-2200000.0
Load,industry electricity,NL0 0,low voltage,-86050000.0
Load,industry electricity,NO1 0,low voltage,-35350000.0
Load,industry electricity,PL0 0,low voltage,-93710000.0
Load,industry electricity,PT0 0,low voltage,-28960000.0
Load,industry electricity,RO0 0,low voltage,-39060000.0
Load,industry electricity,RS0 0,low voltage,-9820000.0
Load,industry electricity,SE1 0,low voltage,-53670000.0
Load,industry electricity,SI0 0,low voltage,-8110000.0
Load,industry electricity,SK0 0,low voltage,-18090000.0
Load,industry electricity,XK0 0,low voltage,-1270000.0
Load,industry methanol,EU,industry methanol,-8740000.0
Load,kerosene for aviation,EU,kerosene for aviation,-743906976.62383
Load,land transport EV,AL0 0,EV battery,-2065783.08993
Load,land transport EV,AT0 0,EV battery,-21937529.81597
Load,land transport EV,BA0 0,EV battery,-3451087.27114
Load,land transport EV,BE0 0,EV battery,-29297109.36508
Load,land transport EV,BG0 0,EV battery,-8181528.17808
Load,land transport EV,CH0 0,EV battery,-12947431.59825
Load,land transport EV,CZ0 0,EV battery,-20701638.11463
Load,land transport EV,DE0 0,EV battery,-105879331.27049
Load,land transport EV,DE0 1,EV battery,-61926835.31112
Load,land transport EV,DK0 0,EV battery,-8670526.68719
Load,land transport EV,DK1 0,EV battery,-5005803.81196
Load,land transport EV,EE0 0,EV battery,-2457985.82986
Load,land transport EV,ES0 0,EV battery,-80888491.17308
Load,land transport EV,ES6 0,EV battery,-1318871.89051
Load,land transport EV,FI1 0,EV battery,-13578014.03547
Load,land transport EV,FR0 0,EV battery,-135122133.70225
Load,land transport EV,FR5 0,EV battery,-552774.60524
Load,land transport EV,GB2 0,EV battery,-101285209.81227
Load,land transport EV,GB3 0,EV battery,-2742750.28029
Load,land transport EV,GR0 0,EV battery,-15633373.38106
Load,land transport EV,HR0 0,EV battery,-6519035.05193
Load,land transport EV,HU0 0,EV battery,-14019587.53452
Load,land transport EV,IE3 0,EV battery,-10939556.90996
Load,land transport EV,IT0 0,EV battery,-104566903.94371
Load,land transport EV,IT4 0,EV battery,-2611729.35423
Load,land transport EV,LT0 0,EV battery,-6895903.77038
Load,land transport EV,LU0 0,EV battery,-3076474.33027
Load,land transport EV,LV0 0,EV battery,-3281618.21923
Load,land transport EV,ME0 0,EV battery,-693838.59121
Load,land transport EV,MK0 0,EV battery,-1978837.49092
Load,land transport EV,NL0 0,EV battery,-36084052.35319
Load,land transport EV,NO1 0,EV battery,-9295337.60282
Load,land transport EV,PL0 0,EV battery,-64121892.19059
Load,land transport EV,PT0 0,EV battery,-19447466.53214
Load,land transport EV,RO0 0,EV battery,-20407576.75639
Load,land transport EV,RS0 0,EV battery,-5902565.28072
Load,land transport EV,SE1 0,EV battery,-21150381.43059
Load,land transport EV,SI0 0,EV battery,-5781916.66473
Load,land transport EV,SK0 0,EV battery,-8955376.97818
Load,land transport EV,XK0 0,EV battery,-1117190.1877
Load,low-temperature heat for industry,AL0 0,urban central heat,-40000.0
Load,low-temperature heat for industry,AT0 0,urban central heat,-1470000.0
Load,low-temperature heat for industry,BA0 0,urban central heat,-100000.0
Load,low-temperature heat for industry,BE0 0,urban central heat,-2290000.0
Load,low-temperature heat for industry,BG0 0,urban central heat,-490000.0
Load,low-temperature heat for industry,CH0 0,urban central heat,-590000.0
Load,low-temperature heat for industry,CZ0 0,urban central heat,-1410000.0
Load,low-temperature heat for industry,DE0 0,urban central heat,-7810000.0
Load,low-temperature heat for industry,DE0 1,urban central heat,-3980000.0
Load,low-temperature heat for industry,DK0 0,urban central heat,-460000.0
Load,low-temperature heat for industry,DK1 0,urban central heat,-140000.0
Load,low-temperature heat for industry,EE0 0,urban central heat,-160000.0
Load,low-temperature heat for industry,ES0 0,urban central heat,-4800000.0
Load,low-temperature heat for industry,ES6 0,urban central heat,-40000.0
Load,low-temperature heat for industry,FI1 0,urban central heat,-1870000.0
Load,low-temperature heat for industry,FR0 0,urban central heat,-6850000.0
Load,low-temperature heat for industry,FR5 0,services urban decentral heat,-10000.0
Load,low-temperature heat for industry,GB2 0,urban central heat,-4820000.0
Load,low-temperature heat for industry,GB3 0,urban central heat,-110000.0
Load,low-temperature heat for industry,GR0 0,urban central heat,-530000.0
Load,low-temperature heat for industry,HR0 0,urban central heat,-360000.0
Load,low-temperature heat for industry,HU0 0,urban central heat,-1090000.0
Load,low-temperature heat for industry,IE3 0,urban central heat,-530000.0
Load,low-temperature heat for industry,IT0 0,urban central heat,-6880000.0
Load,low-temperature heat for industry,IT4 0,urban central heat,-190000.0
Load,low-temperature heat for industry,LT0 0,urban central heat,-190000.0
Load,low-temperature heat for industry,LU0 0,urban central heat,-110000.0
Load,low-temperature heat for industry,LV0 0,urban central heat,-200000.0
Load,low-temperature heat for industry,ME0 0,urban central heat,-20000.0
Load,low-temperature heat for industry,MK0 0,urban central heat,-40000.0
Load,low-temperature heat for industry,NL0 0,urban central heat,-2580000.0
Load,low-temperature heat for industry,NO1 0,urban central heat,-870000.0
Load,low-temperature heat for industry,PL0 0,urban central heat,-2870000.0
Load,low-temperature heat for industry,PT0 0,urban central heat,-1200000.0
Load,low-temperature heat for industry,RO0 0,urban central heat,-1350000.0
Load,low-temperature heat for industry,RS0 0,urban central heat,-350000.0
Load,low-temperature heat for industry,SE1 0,urban central heat,-1820000.0
Load,low-temperature heat for industry,SI0 0,urban central heat,-250000.0
Load,low-temperature heat for industry,SK0 0,urban central heat,-570000.0
Load,low-temperature heat for industry,XK0 0,urban central heat,-30000.0
Load,naphtha for industry,EU,naphtha for industry,-276860000.0
Load,process emissions,EU,process emissions,123130000.0
Load,residential rural heat,AL0 0,residential rural heat,-1013656.48029
Load,residential rural heat,AT0 0,residential rural heat,-22511495.07671
Load,residential rural heat,BA0 0,residential rural heat,-4073029.85851
Load,residential rural heat,BE0 0,residential rural heat,-2997378.26427
Load,residential rural heat,BG0 0,residential rural heat,-2988039.50833
Load,residential rural heat,CH0 0,residential rural heat,-9417362.81377
Load,residential rural heat,CZ0 0,residential rural heat,-15098049.14152
Load,residential rural heat,DE0 0,residential rural heat,-41023368.41438
Load,residential rural heat,DE0 1,residential rural heat,-70415715.70823
Load,residential rural heat,DK0 0,residential rural heat,-2393037.77711
Load,residential rural heat,DK1 0,residential rural heat,-1047688.51452
Load,residential rural heat,EE0 0,residential rural heat,-2020530.57366
Load,residential rural heat,ES0 0,residential rural heat,-14270666.60967
Load,residential rural heat,ES6 0,residential rural heat,-98872.92478
Load,residential rural heat,FI1 0,residential rural heat,-7838546.98039
Load,residential rural heat,FR0 0,residential rural heat,-69318334.49592
Load,residential rural heat,FR5 0,residential rural heat,-1523386.76343
Load,residential rural heat,GB2 0,residential rural heat,-38981690.72935
Load,residential rural heat,GB3 0,residential rural heat,-4817963.54502
Load,residential rural heat,GR0 0,residential rural heat,-3460532.27892
Load,residential rural heat,HR0 0,residential rural heat,-6304835.72086
Load,residential rural heat,HU0 0,residential rural heat,-12559001.04641
Load,residential rural heat,IE3 0,residential rural heat,-7401730.86094
Load,residential rural heat,IT0 0,residential rural heat,-60134034.74067
Load,residential rural heat,IT4 0,residential rural heat,-4499214.58596
Load,residential rural heat,LT0 0,residential rural heat,-3399413.98131
Load,residential rural heat,LU0 0,residential rural heat,-306417.4232
Load,residential rural heat,LV0 0,residential rural heat,-2997393.28366
Load,residential rural heat,ME0 0,residential rural heat,-467397.76874
Load,residential rural heat,MK0 0,residential rural heat,-1299128.00926
Load,residential rural heat,NL0 0,residential rural heat,-4814497.91171
Load,residential rural heat,NO1 0,residential rural heat,-5225636.59602
Load,residential rural heat,PL0 0,residential rural heat,-64985327.99762
Load,residential rural heat,PT0 0,residential rural heat,-3700625.53669
Load,residential rural heat,RO0 0,residential rural heat,-22816147.39623
Load,residential rural heat,RS0 0,residential rural heat,-8234096.20701
Load,residential rural heat,SE1 0,residential rural heat,-9765759.5222
Load,residential rural heat,SI0 0,residential rural heat,-3900590.29007
Load,residential rural heat,SK0 0,residential rural heat,-8747828.46656
Load,residential rural heat,XK0 0,residential rural heat,-1040800.87635
Load,residential urban decentral heat,AL0 0,residential urban decentral heat,-650242.82483
Load,residential urban decentral heat,AT0 0,residential urban decentral heat,-12559927.53289
Load,residential urban decentral heat,BA0 0,residential urban decentral heat,-1615355.13924
Load,residential urban decentral heat,BE0 0,residential urban decentral heat,-25012544.93807
Load,residential urban decentral heat,BG0 0,residential urban decentral heat,-3683632.30014
Load,residential urban decentral heat,CH0 0,residential urban decentral heat,-14601171.3061
Load,residential urban decentral heat,CZ0 0,residential urban decentral heat,-16445753.10072
Load,residential urban decentral heat,DE0 0,residential urban decentral heat,-111874153.52836
Load,residential urban decentral heat,DE0 1,residential urban decentral heat,-46761071.65939
Load,residential urban decentral heat,DK0 0,residential urban decentral heat,-10176889.91948
Load,residential urban decentral heat,DK1 0,residential urban decentral heat,-6012960.93967
Load,residential urban decentral heat,EE0 0,residential urban decentral heat,-1951226.70047
Load,residential urban decentral heat,ES0 0,residential urban decentral heat,-23924877.43089
Load,residential urban decentral heat,ES6 0,residential urban decentral heat,-452952.29287
Load,residential urban decentral heat,FI1 0,residential urban decentral heat,-18887927.21518
Load,residential urban decentral heat,FR0 0,residential urban decentral heat,-118805817.18702
Load,residential urban decentral heat,FR5 0,residential urban decentral heat,0.0
Load,residential urban decentral heat,GB2 0,residential urban decentral heat,-95802755.03116
Load,residential urban decentral heat,GB3 0,residential urban decentral heat,-1094258.59662
Load,residential urban decentral heat,GR0 0,residential urban decentral heat,-6213416.95113
Load,residential urban decentral heat,HR0 0,residential urban decentral heat,-3545697.9382
Load,residential urban decentral heat,HU0 0,residential urban decentral heat,-12121514.4434
Load,residential urban decentral heat,IE3 0,residential urban decentral heat,-5689103.39005
Load,residential urban decentral heat,IT0 0,residential urban decentral heat,-67257291.94527
Load,residential urban decentral heat,IT4 0,residential urban decentral heat,-521738.69374
Load,residential urban decentral heat,LT0 0,residential urban decentral heat,-3024095.68668
Load,residential urban decentral heat,LU0 0,residential urban decentral heat,-1355940.94854
Load,residential urban decentral heat,LV0 0,residential urban decentral heat,-2471552.86456
Load,residential urban decentral heat,ME0 0,residential urban decentral heat,-346416.98159
Load,residential urban decentral heat,MK0 0,residential urban decentral heat,-775597.71954
Load,residential urban decentral heat,NL0 0,residential urban decentral heat,-32342227.78158
Load,residential urban decentral heat,NO1 0,residential urban decentral heat,-10575244.68805
Load,residential urban decentral heat,PL0 0,residential urban decentral heat,-39257335.21109
Load,residential urban decentral heat,PT0 0,residential urban decentral heat,-2903166.63116
Load,residential urban decentral heat,RO0 0,residential urban decentral heat,-11068783.9565
Load,residential urban decentral heat,RS0 0,residential urban decentral heat,-4233711.09767
Load,residential urban decentral heat,SE1 0,residential urban decentral heat,-28358313.77033
Load,residential urban decentral heat,SI0 0,residential urban decentral heat,-2097597.22804
Load,residential urban decentral heat,SK0 0,residential urban decentral heat,-4868388.11238
Load,residential urban decentral heat,XK0 0,residential urban decentral heat,-670569.96147
Load,services rural heat,AL0 0,services rural heat,-379407.11566
Load,services rural heat,AT0 0,services rural heat,-7262600.21948
Load,services rural heat,BA0 0,services rural heat,-1114111.24374
Load,services rural heat,BE0 0,services rural heat,-1334274.37254
Load,services rural heat,BG0 0,services rural heat,-1113734.99459
Load,services rural heat,CH0 0,services rural heat,-4218912.24109
Load,services rural heat,CZ0 0,services rural heat,-4810935.8739
Load,services rural heat,DE0 0,services rural heat,-15263345.91146
Load,services rural heat,DE0 1,services rural heat,-26199199.82194
Load,services rural heat,DK0 0,services rural heat,-638214.19287
Load,services rural heat,DK1 0,services rural heat,-279414.59432
Load,services rural heat,EE0 0,services rural heat,-690407.95943
Load,services rural heat,ES0 0,services rural heat,-6189160.60538
Load,services rural heat,ES6 0,services rural heat,-42880.99693
Load,services rural heat,FI1 0,services rural heat,-2676576.1026
Load,services rural heat,FR0 0,services rural heat,-25141050.75973
Load,services rural heat,FR5 0,services rural heat,-552516.79407
Load,services rural heat,GB2 0,services rural heat,-13652427.62307
Load,services rural heat,GB3 0,services rural heat,-1687379.3147
Load,services rural heat,GR0 0,services rural heat,-1655891.86621
Load,services rural heat,HR0 0,services rural heat,-1413205.56532
Load,services rural heat,HU0 0,services rural heat,-4054774.63044
Load,services rural heat,IE3 0,services rural heat,-3047520.11841
Load,services rural heat,IT0 0,services rural heat,-31819165.42712
Load,services rural heat,IT4 0,services rural heat,-2380702.60578
Load,services rural heat,LT0 0,services rural heat,-906267.63935
Load,services rural heat,LU0 0,services rural heat,-204634.31808
Load,services rural heat,LV0 0,services rural heat,-1155242.3614
Load,services rural heat,ME0 0,services rural heat,-55116.75717
Load,services rural heat,MK0 0,services rural heat,-435252.70162
Load,services rural heat,NL0 0,services rural heat,-2595750.82078
Load,services rural heat,NO1 0,services rural heat,-4203460.57128
Load,services rural heat,PL0 0,services rural heat,-18170035.87671
Load,services rural heat,PT0 0,services rural heat,-3564151.13339
Load,services rural heat,RO0 0,services rural heat,-4525745.9865
Load,services rural heat,RS0 0,services rural heat,-2073089.39857
Load,services rural heat,SE1 0,services rural heat,-2905262.97491
Load,services rural heat,SI0 0,services rural heat,-1168678.57827
Load,services rural heat,SK0 0,services rural heat,-4715380.12163
Load,services rural heat,XK0 0,services rural heat,-272567.69102
Load,services urban decentral heat,AL0 0,services urban decentral heat,-243382.99951
Load,services urban decentral heat,AT0 0,services urban decentral heat,-4052051.28074
Load,services urban decentral heat,BA0 0,services urban decentral heat,-441854.19351
Load,services urban decentral heat,BE0 0,services urban decentral heat,-11134262.93265
Load,services urban decentral heat,BG0 0,services urban decentral heat,-1373004.00092
Load,services urban decentral heat,CH0 0,services urban decentral heat,-6541221.95096
Load,services urban decentral heat,CZ0 0,services urban decentral heat,-5240376.60919
Load,services urban decentral heat,DE0 0,services urban decentral heat,-41624419.687
Load,services urban decentral heat,DE0 1,services urban decentral heat,-17398142.5591
Load,services urban decentral heat,DK0 0,services urban decentral heat,-2714138.34251
Load,services urban decentral heat,DK1 0,services urban decentral heat,-1603634.11292
Load,services urban decentral heat,EE0 0,services urban decentral heat,-666727.07764
Load,services urban decentral heat,ES0 0,services urban decentral heat,-10376173.23239
Load,services urban decentral heat,ES6 0,services urban decentral heat,-196444.53646
Load,services urban decentral heat,FI1 0,services urban decentral heat,-6449533.91722
Load,services urban decentral heat,FR0 0,services urban decentral heat,-43089654.44959
Load,services urban decentral heat,FR5 0,services urban decentral heat,0.0
Load,services urban decentral heat,GB2 0,services urban decentral heat,-33552679.59603
Load,services urban decentral heat,GB3 0,services urban decentral heat,-383238.54127
Load,services urban decentral heat,GR0 0,services urban decentral heat,-2973168.79643
Load,services urban decentral heat,HR0 0,services urban decentral heat,-794755.05486
Load,services urban decentral heat,HU0 0,services urban decentral heat,-3913528.5574
Load,services urban decentral heat,IE3 0,services urban decentral heat,-2342378.74392
Load,services urban decentral heat,IT0 0,services urban decentral heat,-35588347.06196
Load,services urban decentral heat,IT4 0,services urban decentral heat,-276071.44403
Load,services urban decentral heat,LT0 0,services urban decentral heat,-806209.56265
Load,services urban decentral heat,LU0 0,services urban decentral heat,-905536.14237
Load,services urban decentral heat,LV0 0,services urban decentral heat,-952575.22033
Load,services urban decentral heat,ME0 0,services urban decentral heat,-40850.38896
Load,services urban decentral heat,MK0 0,services urban decentral heat,-259851.99333
Load,services urban decentral heat,NL0 0,services urban decentral heat,-17437407.98096
Load,services urban decentral heat,NO1 0,services urban decentral heat,-8506642.82925
Load,services urban decentral heat,PL0 0,services urban decentral heat,-10976434.39202
Load,services urban decentral heat,PT0 0,services urban decentral heat,-2796101.50669
Load,services urban decentral heat,RO0 0,services urban decentral heat,-2195572.44686
Load,services urban decentral heat,RS0 0,services urban decentral heat,-1065916.81376
Load,services urban decentral heat,SE1 0,services urban decentral heat,-8436451.75172
Load,services urban decentral heat,SI0 0,services urban decentral heat,-628473.32428
Load,services urban decentral heat,SK0 0,services urban decentral heat,-2624228.47193
Load,services urban decentral heat,XK0 0,services urban decentral heat,-175610.63814
Load,shipping methanol,EU,shipping methanol,-502969704.58576
Load,solid biomass for industry,EU,solid biomass for industry,-748220000.0
Load,urban central heat,AL0 0,urban central heat,-1541504.54699
Load,urban central heat,AT0 0,urban central heat,-28655663.45352
Load,urban central heat,BA0 0,urban central heat,-3548686.09899
Load,urban central heat,BE0 0,urban central heat,-62353243.57698
Load,urban central heat,BG0 0,urban central heat,-8722697.61933
Load,urban central heat,CH0 0,urban central heat,-36470628.36844
Load,urban central heat,CZ0 0,urban central heat,-37408573.74959
Load,urban central heat,DE0 0,urban central heat,-264785038.7965
Load,urban central heat,DE0 1,urban central heat,-110674644.52689
Load,urban central heat,DK0 0,urban central heat,-22237023.75193
Load,urban central heat,DK1 0,urban central heat,-13138626.46572
Load,urban central heat,EE0 0,urban central heat,-4515970.26725
Load,urban central heat,ES0 0,urban central heat,-59169312.39416
Load,urban central heat,ES6 0,urban central heat,-1120209.53061
Load,urban central heat,FI1 0,urban central heat,-43707120.45339
Load,urban central heat,FR0 0,urban central heat,-279269688.57314
Load,urban central heat,GB2 0,urban central heat,-223138124.73191
Load,urban central heat,GB3 0,urban central heat,-2548682.56285
Load,urban central heat,GR0 0,urban central heat,-15846860.41453
Load,urban central heat,HR0 0,urban central heat,-7487281.41303
Load,urban central heat,HU0 0,urban central heat,-27660449.17638
Load,urban central heat,IE3 0,urban central heat,-13854306.6811
Load,urban central heat,IT0 0,urban central heat,-177408727.28746
Load,urban central heat,IT4 0,urban central heat,-1376222.48766
Load,urban central heat,LT0 0,urban central heat,-6607276.55509
Load,urban central heat,LU0 0,urban central heat,-3901047.98182
Load,urban central heat,LV0 0,urban central heat,-5906620.94643
Load,urban central heat,ME0 0,urban central heat,-668036.21421
Load,urban central heat,MK0 0,urban central heat,-1786150.75471
Load,urban central heat,NL0 0,urban central heat,-85869871.69038
Load,urban central heat,NO1 0,urban central heat,-32916255.96735
Load,urban central heat,PL0 0,urban central heat,-86653252.56537
Load,urban central heat,PT0 0,urban central heat,-9831237.53779
Load,urban central heat,RO0 0,urban central heat,-22881014.79579
Load,urban central heat,RS0 0,urban central heat,-9141858.14722
Load,urban central heat,SE1 0,urban central heat,-63470970.52552
Load,urban central heat,SI0 0,urban central heat,-4702471.70276
Load,urban central heat,SK0 0,urban central heat,-12924763.60793
Load,urban central heat,XK0 0,urban central heat,-1459661.53433
StorageUnit,PHS,AT0 0,AC,-4256035.6391
StorageUnit,PHS,BA0 0,AC,-154281.93415
StorageUnit,PHS,BE0 0,AC,-448284.99404
StorageUnit,PHS,BG0 0,AC,-586337.03738
StorageUnit,PHS,CH0 0,AC,-3540485.77756
StorageUnit,PHS,CZ0 0,AC,-241074.74265
StorageUnit,PHS,DE0 0,AC,-1126045.20371
StorageUnit,PHS,DE0 1,AC,-964761.50233
StorageUnit,PHS,ES0 0,AC,-6622836.58637
StorageUnit,PHS,ES6 0,AC,-965274.4338
StorageUnit,PHS,FR0 0,AC,-2993243.70553
StorageUnit,PHS,GB3 0,AC,-268271.21778
StorageUnit,PHS,GR0 0,AC,-405031.16747
StorageUnit,PHS,HR0 0,AC,-171364.41952
StorageUnit,PHS,IE3 0,AC,-195858.54306
StorageUnit,PHS,IT0 0,AC,-4508213.60408
StorageUnit,PHS,IT4 0,AC,-561051.29539
StorageUnit,PHS,LT0 0,AC,-429008.85099
StorageUnit,PHS,LU0 0,AC,-461302.78322
StorageUnit,PHS,ME0 0,AC,-172842.84084
StorageUnit,PHS,NO1 0,AC,-204792.62684
StorageUnit,PHS,PL0 0,AC,-849762.46586
StorageUnit,PHS,PT0 0,AC,-3045553.37106
StorageUnit,PHS,RS0 0,AC,-303090.5943
StorageUnit,PHS,SE1 0,AC,-90397.96392
StorageUnit,PHS,SI0 0,AC,-103051.92744
StorageUnit,PHS,SK0 0,AC,-334178.29404
StorageUnit,hydro,AL0 0,AC,5307320.23214
StorageUnit,hydro,AT0 0,AC,17672284.61672
StorageUnit,hydro,BA0 0,AC,6426929.543
StorageUnit,hydro,BE0 0,AC,47689.62307
StorageUnit,hydro,BG0 0,AC,3388043.13044
StorageUnit,hydro,CH0 0,AC,23048714.17326
StorageUnit,hydro,CZ0 0,AC,2280179.51411
StorageUnit,hydro,ES0 0,AC,29300431.00522
StorageUnit,hydro,ES6 0,AC,2865208.33957
StorageUnit,hydro,FI1 0,AC,5026697.38297
StorageUnit,hydro,FR0 0,AC,25929539.29678
StorageUnit,hydro,FR5 0,AC,9344696.77319
StorageUnit,hydro,GB3 0,AC,232123.875
StorageUnit,hydro,GR0 0,AC,5462274.59854
StorageUnit,hydro,HR0 0,AC,6421582.53256
StorageUnit,hydro,HU0 0,AC,97039.71567
StorageUnit,hydro,IE3 0,AC,1611.78082
StorageUnit,hydro,IT0 0,AC,15922373.77373
StorageUnit,hydro,IT4 0,AC,376929.94116
StorageUnit,hydro,ME0 0,AC,1610111.20828
StorageUnit,hydro,MK0 0,AC,858245.28972
StorageUnit,hydro,NO1 0,AC,110814971.19201
StorageUnit,hydro,PL0 0,AC,921395.25746
StorageUnit,hydro,PT0 0,AC,5036540.59433
StorageUnit,hydro,RO0 0,AC,7501005.54993
StorageUnit,hydro,RS0 0,AC,2686720.06134
StorageUnit,hydro,SE1 0,AC,48921909.83677
StorageUnit,hydro,SI0 0,AC,2170685.87702
StorageUnit,hydro,SK0 0,AC,720974.84524
StorageUnit,hydro,XK0 0,AC,55380.83761
Store,EV battery,AL0 0,EV battery,-3.52094
Store,EV battery,AT0 0,EV battery,-4.07156
Store,EV battery,BA0 0,EV battery,-3.80627
Store,EV battery,BE0 0,EV battery,-3.59485
Store,EV battery,BG0 0,EV battery,-4.07511
Store,EV battery,CH0 0,EV battery,-4.28393
Store,EV battery,CZ0 0,EV battery,-4.20915
Store,EV battery,DE0 0,EV battery,-3.98044
Store,EV battery,DE0 1,EV battery,-4.02806
Store,EV battery,DK0 0,EV battery,-3.02496
Store,EV battery,DK1 0,EV battery,-2.98171
Store,EV battery,EE0 0,EV battery,-3.87774
Store,EV battery,ES0 0,EV battery,-4.00615
Store,EV battery,ES6 0,EV battery,-3.69133
Store,EV battery,FI1 0,EV battery,-4.25022
Store,EV battery,FR0 0,EV battery,-4.02777
Store,EV battery,FR5 0,EV battery,-4.70148
Store,EV battery,GB2 0,EV battery,-4.04183
Store,EV battery,GB3 0,EV battery,-3.77168
Store,EV battery,GR0 0,EV battery,-4.03482
Store,EV battery,HR0 0,EV battery,-3.57719
Store,EV battery,HU0 0,EV battery,-3.69342
Store,EV battery,IE3 0,EV battery,-3.77369
Store,EV battery,IT0 0,EV battery,-3.32499
Store,EV battery,IT4 0,EV battery,-2.90469
Store,EV battery,LT0 0,EV battery,-3.75995
Store,EV battery,LU0 0,EV battery,-3.57216
Store,EV battery,LV0 0,EV battery,-3.74632
Store,EV battery,ME0 0,EV battery,-3.69561
Store,EV battery,MK0 0,EV battery,-3.42484
Store,EV battery,NL0 0,EV battery,-3.68088
Store,EV battery,NO1 0,EV battery,-4.28414
Store,EV battery,PL0 0,EV battery,-4.26899
Store,EV battery,PT0 0,EV battery,-3.86735
Store,EV battery,RO0 0,EV battery,-3.89464
Store,EV battery,RS0 0,EV battery,-3.83743
Store,EV battery,SE1 0,EV battery,-4.29099
Store,EV battery,SI0 0,EV battery,-3.77053
Store,EV battery,SK0 0,EV battery,-3.78523
Store,EV battery,XK0 0,EV battery,-3.47008
Store,H2 Store,AT0 0,H2,0.0
Store,H2 Store,BE0 0,H2,0.0
Store,H2 Store,BG0 0,H2,-0.0
Store,H2 Store,CH0 0,H2,0.0
Store,H2 Store,CZ0 0,H2,0.0
Store,H2 Store,EE0 0,H2,0.0
Store,H2 Store,ES6 0,H2,0.0
Store,H2 Store,FI1 0,H2,-0.0
Store,H2 Store,FR5 0,H2,-0.0
Store,H2 Store,HR0 0,H2,0.0
Store,H2 Store,HU0 0,H2,-0.0
Store,H2 Store,IE3 0,H2,-0.0
Store,H2 Store,IT0 0,H2,0.0
Store,H2 Store,IT4 0,H2,0.0
Store,H2 Store,LT0 0,H2,-0.0
Store,H2 Store,LU0 0,H2,0.0
Store,H2 Store,LV0 0,H2,0.0
Store,H2 Store,ME0 0,H2,0.0
Store,H2 Store,MK0 0,H2,-0.0
Store,H2 Store,RS0 0,H2,0.0
Store,H2 Store,SE1 0,H2,0.0
Store,H2 Store,SI0 0,H2,0.0
Store,H2 Store,SK0 0,H2,-0.0
Store,H2 Store,XK0 0,H2,0.0
Store,battery,AL0 0,battery,0.0
Store,battery,AT0 0,battery,-0.0
Store,battery,BA0 0,battery,0.0
Store,battery,BE0 0,battery,0.0
Store,battery,BG0 0,battery,0.0
Store,battery,CH0 0,battery,0.0
Store,battery,CZ0 0,battery,-0.0
Store,battery,DE0 0,battery,-0.0
Store,battery,DE0 1,battery,0.0
Store,battery,DK0 0,battery,0.0
Store,battery,DK1 0,battery,-0.0
Store,battery,EE0 0,battery,0.0
Store,battery,ES0 0,battery,0.0
Store,battery,ES6 0,battery,-0.0
Store,battery,FI1 0,battery,-0.0
Store,battery,FR0 0,battery,-0.0
Store,battery,FR5 0,battery,-0.0
Store,battery,GB2 0,battery,0.0
Store,battery,GB3 0,battery,0.0
Store,battery,GR0 0,battery,0.0
Store,battery,HR0 0,battery,0.0
Store,battery,HU0 0,battery,0.0
Store,battery,IE3 0,battery,-0.0
Store,battery,IT0 0,battery,-0.0
Store,battery,IT4 0,battery,-0.0
Store,battery,LT0 0,battery,0.0
Store,battery,LU0 0,battery,-0.0
Store,battery,LV0 0,battery,0.0
Store,battery,ME0 0,battery,-0.0
Store,battery,MK0 0,battery,-0.0
Store,battery,NL0 0,battery,0.0
Store,battery,NO1 0,battery,0.0
Store,battery,PL0 0,battery,0.0
Store,battery,PT0 0,battery,0.0
Store,battery,RO0 0,battery,0.0
Store,battery,RS0 0,battery,0.0
Store,battery,SE1 0,battery,-0.0
Store,battery,SI0 0,battery,-0.0
Store,battery,SK0 0,battery,0.0
Store,battery,XK0 0,battery,0.0
Store,co2,EU,co2,-28.82048
Store,co2 sequestered,EU,co2 sequestered,-249995467.00877
Store,co2 stored,EU,co2 stored,-0.0
Store,gas,EU,gas,0.0
Store,home battery,AL0 0,home battery,-0.0
Store,home battery,AT0 0,home battery,0.0
Store,home battery,BA0 0,home battery,-0.0
Store,home battery,BE0 0,home battery,0.0
Store,home battery,BG0 0,home battery,-0.0
Store,home battery,CH0 0,home battery,0.0
Store,home battery,CZ0 0,home battery,0.0
Store,home battery,DE0 0,home battery,0.0
Store,home battery,DE0 1,home battery,-0.0
Store,home battery,DK0 0,home battery,0.0
Store,home battery,DK1 0,home battery,0.0
Store,home battery,EE0 0,home battery,-0.0
Store,home battery,ES0 0,home battery,-0.0
Store,home battery,ES6 0,home battery,0.0
Store,home battery,FI1 0,home battery,0.0
Store,home battery,FR0 0,home battery,0.0
Store,home battery,FR5 0,home battery,-0.0
Store,home battery,GB2 0,home battery,0.0
Store,home battery,GB3 0,home battery,0.0
Store,home battery,GR0 0,home battery,-0.0
Store,home battery,HR0 0,home battery,-0.0
Store,home battery,HU0 0,home battery,0.0
Store,home battery,IE3 0,home battery,0.0
Store,home battery,IT0 0,home battery,-0.0
Store,home battery,IT4 0,home battery,0.0
Store,home battery,LT0 0,home battery,0.0
Store,home battery,LU0 0,home battery,0.0
Store,home battery,LV0 0,home battery,-0.0
Store,home battery,ME0 0,home battery,-0.0
Store,home battery,MK0 0,home battery,-0.0
Store,home battery,NL0 0,home battery,0.0
Store,home battery,NO1 0,home battery,-0.0
Store,home battery,PL0 0,home battery,-0.0
Store,home battery,PT0 0,home battery,0.0
Store,home battery,RO0 0,home battery,-0.0
Store,home battery,RS0 0,home battery,-0.0
Store,home battery,SE1 0,home battery,-0.0
Store,home battery,SI0 0,home battery,0.0
Store,home battery,SK0 0,home battery,0.0
Store,home battery,XK0 0,home battery,0.0
Store,methanol,EU,methanol,0.0
Store,non-sequestered HVC,EU,non-sequestered HVC,117504290.159
Store,oil,EU,oil,0.0
