component,carrier,location,bus_carrier,0
Generator,load,AL0 0,AC,0.01935
Generator,load,AL0 0,EV battery,0.0195
Generator,load,AL0 0,H2,0.0
Generator,load,AL0 0,battery,0.01931
Generator,load,AL0 0,home battery,0.01933
Generator,load,AL0 0,low voltage,0.01931
Generator,load,AL0 0,residential rural heat,0.0
Generator,load,AL0 0,residential urban decentral heat,0.0
Generator,load,AL0 0,services rural heat,0.0
Generator,load,AL0 0,services urban decentral heat,0.0
Generator,load,AL0 0,urban central heat,0.0
Generator,load,AT0 0,AC,0.01933
Generator,load,AT0 0,EV battery,0.01991
Generator,load,AT0 0,H2,0.00926
Generator,load,AT0 0,battery,0.01921
Generator,load,AT0 0,home battery,0.01923
Generator,load,AT0 0,low voltage,0.01922
Generator,load,AT0 0,residential rural heat,0.0
Generator,load,AT0 0,residential urban decentral heat,0.0
Generator,load,AT0 0,services rural heat,0.0
Generator,load,AT0 0,services urban decentral heat,0.0
Generator,load,AT0 0,urban central heat,0.0
Generator,load,BA0 0,AC,0.01935
Generator,load,BA0 0,EV battery,0.01959
Generator,load,BA0 0,H2,0.0
Generator,load,BA0 0,battery,0.01931
Generator,load,BA0 0,home battery,0.01931
Generator,load,BA0 0,low voltage,0.01931
Generator,load,BA0 0,residential rural heat,0.0
Generator,load,BA0 0,residential urban decentral heat,0.0
Generator,load,BA0 0,services rural heat,0.0
Generator,load,BA0 0,services urban decentral heat,0.0
Generator,load,BA0 0,urban central heat,0.0
Generator,load,BE0 0,AC,0.01936
Generator,load,BE0 0,EV battery,0.01967
Generator,load,BE0 0,H2,0.00946
Generator,load,BE0 0,battery,0.01933
Generator,load,BE0 0,home battery,0.01932
Generator,load,BE0 0,low voltage,0.01932
Generator,load,BE0 0,residential rural heat,0.0
Generator,load,BE0 0,residential urban decentral heat,0.0
Generator,load,BE0 0,services rural heat,0.0
Generator,load,BE0 0,services urban decentral heat,0.0
Generator,load,BE0 0,urban central heat,0.0
Generator,load,BG0 0,AC,0.01933
Generator,load,BG0 0,EV battery,0.01996
Generator,load,BG0 0,H2,0.00813
Generator,load,BG0 0,battery,0.01925
Generator,load,BG0 0,home battery,0.01925
Generator,load,BG0 0,low voltage,0.01924
Generator,load,BG0 0,residential rural heat,0.0
Generator,load,BG0 0,residential urban decentral heat,0.0
Generator,load,BG0 0,services rural heat,0.0
Generator,load,BG0 0,services urban decentral heat,0.0
Generator,load,BG0 0,urban central heat,0.0
Generator,load,CH0 0,AC,0.01932
Generator,load,CH0 0,EV battery,0.01992
Generator,load,CH0 0,H2,0.00944
Generator,load,CH0 0,battery,0.01921
Generator,load,CH0 0,home battery,0.0192
Generator,load,CH0 0,low voltage,0.01919
Generator,load,CH0 0,residential rural heat,0.0
Generator,load,CH0 0,residential urban decentral heat,0.0
Generator,load,CH0 0,services rural heat,0.0
Generator,load,CH0 0,services urban decentral heat,0.0
Generator,load,CH0 0,urban central heat,0.0
Generator,load,CZ0 0,AC,0.01932
Generator,load,CZ0 0,EV battery,0.01974
Generator,load,CZ0 0,H2,0.0094
Generator,load,CZ0 0,battery,0.01918
Generator,load,CZ0 0,home battery,0.0192
Generator,load,CZ0 0,low voltage,0.01919
Generator,load,CZ0 0,residential rural heat,0.0
Generator,load,CZ0 0,residential urban decentral heat,0.0
Generator,load,CZ0 0,services rural heat,0.0
Generator,load,CZ0 0,services urban decentral heat,0.0
Generator,load,CZ0 0,urban central heat,0.0
Generator,load,DE0 0,AC,0.01934
Generator,load,DE0 0,EV battery,0.01937
Generator,load,DE0 0,H2,0.0
Generator,load,DE0 0,battery,0.0193
Generator,load,DE0 0,home battery,0.01929
Generator,load,DE0 0,low voltage,0.01931
Generator,load,DE0 0,residential rural heat,0.0
Generator,load,DE0 0,residential urban decentral heat,0.0
Generator,load,DE0 0,services rural heat,0.0
Generator,load,DE0 0,services urban decentral heat,0.0
Generator,load,DE0 0,urban central heat,0.0
Generator,load,DE0 1,AC,0.01938
Generator,load,DE0 1,EV battery,0.01941
Generator,load,DE0 1,H2,0.0
Generator,load,DE0 1,battery,0.01929
Generator,load,DE0 1,home battery,0.01929
Generator,load,DE0 1,low voltage,0.0193
Generator,load,DE0 1,residential rural heat,0.0
Generator,load,DE0 1,residential urban decentral heat,0.0
Generator,load,DE0 1,services rural heat,0.0
Generator,load,DE0 1,services urban decentral heat,0.0
Generator,load,DE0 1,urban central heat,0.0
Generator,load,DK0 0,AC,0.01931
Generator,load,DK0 0,EV battery,0.01953
Generator,load,DK0 0,H2,0.0
Generator,load,DK0 0,battery,0.01924
Generator,load,DK0 0,home battery,0.01923
Generator,load,DK0 0,low voltage,0.01925
Generator,load,DK0 0,residential rural heat,0.0
Generator,load,DK0 0,residential urban decentral heat,0.0
Generator,load,DK0 0,services rural heat,0.0
Generator,load,DK0 0,services urban decentral heat,0.0
Generator,load,DK0 0,urban central heat,0.0
Generator,load,DK1 0,AC,0.01934
Generator,load,DK1 0,EV battery,0.01946
Generator,load,DK1 0,H2,0.0
Generator,load,DK1 0,battery,0.0193
Generator,load,DK1 0,home battery,0.01929
Generator,load,DK1 0,low voltage,0.01931
Generator,load,DK1 0,residential rural heat,0.0
Generator,load,DK1 0,residential urban decentral heat,0.0
Generator,load,DK1 0,services rural heat,0.0
Generator,load,DK1 0,services urban decentral heat,0.0
Generator,load,DK1 0,urban central heat,0.0
Generator,load,EE0 0,AC,0.01932
Generator,load,EE0 0,EV battery,0.01956
Generator,load,EE0 0,H2,0.00865
Generator,load,EE0 0,battery,0.01924
Generator,load,EE0 0,home battery,0.01924
Generator,load,EE0 0,low voltage,0.01921
Generator,load,EE0 0,residential rural heat,0.0
Generator,load,EE0 0,residential urban decentral heat,0.0
Generator,load,EE0 0,services rural heat,0.0
Generator,load,EE0 0,services urban decentral heat,0.0
Generator,load,EE0 0,urban central heat,0.0
Generator,load,ES0 0,AC,0.0193
Generator,load,ES0 0,EV battery,0.01935
Generator,load,ES0 0,H2,0.0
Generator,load,ES0 0,battery,0.0192
Generator,load,ES0 0,home battery,0.01919
Generator,load,ES0 0,low voltage,0.01922
Generator,load,ES0 0,residential rural heat,0.0
Generator,load,ES0 0,residential urban decentral heat,0.0
Generator,load,ES0 0,services rural heat,0.0
Generator,load,ES0 0,services urban decentral heat,0.0
Generator,load,ES0 0,urban central heat,0.0
Generator,load,ES6 0,AC,0.01933
Generator,load,ES6 0,EV battery,0.01946
Generator,load,ES6 0,H2,0.00868
Generator,load,ES6 0,battery,0.01926
Generator,load,ES6 0,home battery,0.01927
Generator,load,ES6 0,low voltage,0.01923
Generator,load,ES6 0,residential rural heat,0.0
Generator,load,ES6 0,residential urban decentral heat,0.0
Generator,load,ES6 0,services rural heat,0.0
Generator,load,ES6 0,services urban decentral heat,0.0
Generator,load,ES6 0,urban central heat,0.0
Generator,load,EU,co2,0.0
Generator,load,EU,co2 sequestered,0.02169
Generator,load,EU,co2 stored,0.04323
Generator,load,EU,none,0.0
Generator,load,FI1 0,AC,0.01929
Generator,load,FI1 0,EV battery,0.01987
Generator,load,FI1 0,H2,0.00946
Generator,load,FI1 0,battery,0.01917
Generator,load,FI1 0,home battery,0.01916
Generator,load,FI1 0,low voltage,0.01914
Generator,load,FI1 0,residential rural heat,0.0
Generator,load,FI1 0,residential urban decentral heat,0.0
Generator,load,FI1 0,services rural heat,0.0
Generator,load,FI1 0,services urban decentral heat,0.0
Generator,load,FI1 0,urban central heat,0.0
Generator,load,FR0 0,AC,0.01929
Generator,load,FR0 0,EV battery,0.01932
Generator,load,FR0 0,H2,0.0
Generator,load,FR0 0,battery,0.01918
Generator,load,FR0 0,home battery,0.01917
Generator,load,FR0 0,low voltage,0.01921
Generator,load,FR0 0,residential rural heat,0.0
Generator,load,FR0 0,residential urban decentral heat,0.0
Generator,load,FR0 0,services rural heat,0.0
Generator,load,FR0 0,services urban decentral heat,0.0
Generator,load,FR0 0,urban central heat,0.0
Generator,load,FR5 0,AC,0.01929
Generator,load,FR5 0,EV battery,0.01938
Generator,load,FR5 0,H2,0.00383
Generator,load,FR5 0,battery,0.01926
Generator,load,FR5 0,home battery,0.01926
Generator,load,FR5 0,low voltage,0.01928
Generator,load,FR5 0,residential rural heat,0.0
Generator,load,FR5 0,residential urban decentral heat,0.0
Generator,load,FR5 0,services rural heat,0.0
Generator,load,FR5 0,services urban decentral heat,0.0
Generator,load,GB2 0,AC,0.01927
Generator,load,GB2 0,EV battery,0.01934
Generator,load,GB2 0,H2,0.0
Generator,load,GB2 0,battery,0.01921
Generator,load,GB2 0,home battery,0.01919
Generator,load,GB2 0,low voltage,0.01923
Generator,load,GB2 0,residential rural heat,0.0
Generator,load,GB2 0,residential urban decentral heat,0.0
Generator,load,GB2 0,services rural heat,0.0
Generator,load,GB2 0,services urban decentral heat,0.0
Generator,load,GB2 0,urban central heat,0.0
Generator,load,GB3 0,AC,0.01932
Generator,load,GB3 0,EV battery,0.01942
Generator,load,GB3 0,H2,0.0
Generator,load,GB3 0,battery,0.01926
Generator,load,GB3 0,home battery,0.01924
Generator,load,GB3 0,low voltage,0.01927
Generator,load,GB3 0,residential rural heat,0.0
Generator,load,GB3 0,residential urban decentral heat,0.0
Generator,load,GB3 0,services rural heat,0.0
Generator,load,GB3 0,services urban decentral heat,0.0
Generator,load,GB3 0,urban central heat,0.0
Generator,load,GR0 0,AC,0.01928
Generator,load,GR0 0,EV battery,0.01962
Generator,load,GR0 0,H2,0.0
Generator,load,GR0 0,battery,0.01917
Generator,load,GR0 0,home battery,0.01916
Generator,load,GR0 0,low voltage,0.0192
Generator,load,GR0 0,residential rural heat,0.0
Generator,load,GR0 0,residential urban decentral heat,0.0
Generator,load,GR0 0,services rural heat,0.0
Generator,load,GR0 0,services urban decentral heat,0.0
Generator,load,GR0 0,urban central heat,0.0
Generator,load,HR0 0,AC,0.01933
Generator,load,HR0 0,EV battery,0.01979
Generator,load,HR0 0,H2,0.00838
Generator,load,HR0 0,battery,0.01927
Generator,load,HR0 0,home battery,0.01929
Generator,load,HR0 0,low voltage,0.01926
Generator,load,HR0 0,residential rural heat,0.0
Generator,load,HR0 0,residential urban decentral heat,0.0
Generator,load,HR0 0,services rural heat,0.0
Generator,load,HR0 0,services urban decentral heat,0.0
Generator,load,HR0 0,urban central heat,0.0
Generator,load,HU0 0,AC,0.0193
Generator,load,HU0 0,EV battery,0.02013
Generator,load,HU0 0,H2,0.00958
Generator,load,HU0 0,battery,0.01912
Generator,load,HU0 0,home battery,0.01915
Generator,load,HU0 0,low voltage,0.01911
Generator,load,HU0 0,residential rural heat,0.0
Generator,load,HU0 0,residential urban decentral heat,0.0
Generator,load,HU0 0,services rural heat,0.0
Generator,load,HU0 0,services urban decentral heat,0.0
Generator,load,HU0 0,urban central heat,0.0
Generator,load,IE3 0,AC,0.0193
Generator,load,IE3 0,EV battery,0.01987
Generator,load,IE3 0,H2,0.00846
Generator,load,IE3 0,battery,0.01921
Generator,load,IE3 0,home battery,0.01918
Generator,load,IE3 0,low voltage,0.01916
Generator,load,IE3 0,residential rural heat,0.0
Generator,load,IE3 0,residential urban decentral heat,0.0
Generator,load,IE3 0,services rural heat,0.0
Generator,load,IE3 0,services urban decentral heat,0.0
Generator,load,IE3 0,urban central heat,0.0
Generator,load,IT0 0,AC,0.01927
Generator,load,IT0 0,EV battery,0.01929
Generator,load,IT0 0,H2,0.00928
Generator,load,IT0 0,battery,0.01915
Generator,load,IT0 0,home battery,0.01919
Generator,load,IT0 0,low voltage,0.01911
Generator,load,IT0 0,residential rural heat,0.0
Generator,load,IT0 0,residential urban decentral heat,0.0
Generator,load,IT0 0,services rural heat,0.0
Generator,load,IT0 0,services urban decentral heat,0.0
Generator,load,IT0 0,urban central heat,0.0
Generator,load,IT4 0,AC,0.01932
Generator,load,IT4 0,EV battery,0.01964
Generator,load,IT4 0,H2,0.00944
Generator,load,IT4 0,battery,0.01926
Generator,load,IT4 0,home battery,0.01929
Generator,load,IT4 0,low voltage,0.01923
Generator,load,IT4 0,residential rural heat,0.0
Generator,load,IT4 0,residential urban decentral heat,0.0
Generator,load,IT4 0,services rural heat,0.0
Generator,load,IT4 0,services urban decentral heat,0.0
Generator,load,IT4 0,urban central heat,0.0
Generator,load,LT0 0,AC,0.01933
Generator,load,LT0 0,EV battery,0.01977
Generator,load,LT0 0,H2,0.00839
Generator,load,LT0 0,battery,0.01926
Generator,load,LT0 0,home battery,0.01927
Generator,load,LT0 0,low voltage,0.01924
Generator,load,LT0 0,residential rural heat,0.0
Generator,load,LT0 0,residential urban decentral heat,0.0
Generator,load,LT0 0,services rural heat,0.0
Generator,load,LT0 0,services urban decentral heat,0.0
Generator,load,LT0 0,urban central heat,0.0
Generator,load,LU0 0,AC,0.01936
Generator,load,LU0 0,EV battery,0.01945
Generator,load,LU0 0,H2,0.00931
Generator,load,LU0 0,battery,0.01934
Generator,load,LU0 0,home battery,0.01935
Generator,load,LU0 0,low voltage,0.01934
Generator,load,LU0 0,residential rural heat,0.0
Generator,load,LU0 0,residential urban decentral heat,0.0
Generator,load,LU0 0,services rural heat,0.0
Generator,load,LU0 0,services urban decentral heat,0.0
Generator,load,LU0 0,urban central heat,0.0
Generator,load,LV0 0,AC,0.01926
Generator,load,LV0 0,EV battery,0.01955
Generator,load,LV0 0,H2,0.00741
Generator,load,LV0 0,battery,0.01913
Generator,load,LV0 0,home battery,0.01915
Generator,load,LV0 0,low voltage,0.01912
Generator,load,LV0 0,residential rural heat,0.0
Generator,load,LV0 0,residential urban decentral heat,0.0
Generator,load,LV0 0,services rural heat,0.0
Generator,load,LV0 0,services urban decentral heat,0.0
Generator,load,LV0 0,urban central heat,0.0
Generator,load,ME0 0,AC,0.01934
Generator,load,ME0 0,EV battery,0.01943
Generator,load,ME0 0,H2,0.0091
Generator,load,ME0 0,battery,0.0193
Generator,load,ME0 0,home battery,0.01931
Generator,load,ME0 0,low voltage,0.01929
Generator,load,ME0 0,residential rural heat,0.0
Generator,load,ME0 0,residential urban decentral heat,0.0
Generator,load,ME0 0,services rural heat,0.0
Generator,load,ME0 0,services urban decentral heat,0.0
Generator,load,ME0 0,urban central heat,0.0
Generator,load,MK0 0,AC,0.01934
Generator,load,MK0 0,EV battery,0.01952
Generator,load,MK0 0,H2,0.00911
Generator,load,MK0 0,battery,0.01929
Generator,load,MK0 0,home battery,0.01932
Generator,load,MK0 0,low voltage,0.01929
Generator,load,MK0 0,residential rural heat,0.0
Generator,load,MK0 0,residential urban decentral heat,0.0
Generator,load,MK0 0,services rural heat,0.0
Generator,load,MK0 0,services urban decentral heat,0.0
Generator,load,MK0 0,urban central heat,0.0
Generator,load,NL0 0,AC,0.01932
Generator,load,NL0 0,EV battery,0.01956
Generator,load,NL0 0,H2,0.0
Generator,load,NL0 0,battery,0.01926
Generator,load,NL0 0,home battery,0.01925
Generator,load,NL0 0,low voltage,0.01928
Generator,load,NL0 0,residential rural heat,0.0
Generator,load,NL0 0,residential urban decentral heat,0.0
Generator,load,NL0 0,services rural heat,0.0
Generator,load,NL0 0,services urban decentral heat,0.0
Generator,load,NL0 0,urban central heat,0.0
Generator,load,NO1 0,AC,0.01932
Generator,load,NO1 0,EV battery,0.01957
Generator,load,NO1 0,H2,0.0
Generator,load,NO1 0,battery,0.01925
Generator,load,NO1 0,home battery,0.01923
Generator,load,NO1 0,low voltage,0.01926
Generator,load,NO1 0,residential rural heat,0.0
Generator,load,NO1 0,residential urban decentral heat,0.0
Generator,load,NO1 0,services rural heat,0.0
Generator,load,NO1 0,services urban decentral heat,0.0
Generator,load,NO1 0,urban central heat,0.0
Generator,load,PL0 0,AC,0.01915
Generator,load,PL0 0,EV battery,0.01932
Generator,load,PL0 0,H2,0.0
Generator,load,PL0 0,battery,0.01904
Generator,load,PL0 0,home battery,0.01908
Generator,load,PL0 0,low voltage,0.01911
Generator,load,PL0 0,residential rural heat,0.0
Generator,load,PL0 0,residential urban decentral heat,0.0
Generator,load,PL0 0,services rural heat,0.0
Generator,load,PL0 0,services urban decentral heat,0.0
Generator,load,PL0 0,urban central heat,0.0
Generator,load,PT0 0,AC,0.01926
Generator,load,PT0 0,EV battery,0.01963
Generator,load,PT0 0,H2,0.0
Generator,load,PT0 0,battery,0.01915
Generator,load,PT0 0,home battery,0.01913
Generator,load,PT0 0,low voltage,0.01918
Generator,load,PT0 0,residential rural heat,0.0
Generator,load,PT0 0,residential urban decentral heat,0.0
Generator,load,PT0 0,services rural heat,0.0
Generator,load,PT0 0,services urban decentral heat,0.0
Generator,load,PT0 0,urban central heat,0.0
Generator,load,RO0 0,AC,0.01918
Generator,load,RO0 0,EV battery,0.01959
Generator,load,RO0 0,H2,0.0
Generator,load,RO0 0,battery,0.01906
Generator,load,RO0 0,home battery,0.01905
Generator,load,RO0 0,low voltage,0.01908
Generator,load,RO0 0,residential rural heat,0.0
Generator,load,RO0 0,residential urban decentral heat,0.0
Generator,load,RO0 0,services rural heat,0.0
Generator,load,RO0 0,services urban decentral heat,0.0
Generator,load,RO0 0,urban central heat,0.0
Generator,load,RS0 0,AC,0.01918
Generator,load,RS0 0,EV battery,0.02057
Generator,load,RS0 0,H2,0.00888
Generator,load,RS0 0,battery,0.01907
Generator,load,RS0 0,home battery,0.01916
Generator,load,RS0 0,low voltage,0.01906
Generator,load,RS0 0,residential rural heat,0.0
Generator,load,RS0 0,residential urban decentral heat,0.0
Generator,load,RS0 0,services rural heat,0.0
Generator,load,RS0 0,services urban decentral heat,0.0
Generator,load,RS0 0,urban central heat,0.0
Generator,load,SE1 0,AC,0.01926
Generator,load,SE1 0,EV battery,0.01968
Generator,load,SE1 0,H2,0.00928
Generator,load,SE1 0,battery,0.01915
Generator,load,SE1 0,home battery,0.01913
Generator,load,SE1 0,low voltage,0.01911
Generator,load,SE1 0,residential rural heat,0.0
Generator,load,SE1 0,residential urban decentral heat,0.0
Generator,load,SE1 0,services rural heat,0.0
Generator,load,SE1 0,services urban decentral heat,0.0
Generator,load,SE1 0,urban central heat,0.0
Generator,load,SI0 0,AC,0.01933
Generator,load,SI0 0,EV battery,0.01962
Generator,load,SI0 0,H2,0.0091
Generator,load,SI0 0,battery,0.01928
Generator,load,SI0 0,home battery,0.01931
Generator,load,SI0 0,low voltage,0.01927
Generator,load,SI0 0,residential rural heat,0.0
Generator,load,SI0 0,residential urban decentral heat,0.0
Generator,load,SI0 0,services rural heat,0.0
Generator,load,SI0 0,services urban decentral heat,0.0
Generator,load,SI0 0,urban central heat,0.0
Generator,load,SK0 0,AC,0.0193
Generator,load,SK0 0,EV battery,0.02018
Generator,load,SK0 0,H2,0.00911
Generator,load,SK0 0,battery,0.01923
Generator,load,SK0 0,home battery,0.01924
Generator,load,SK0 0,low voltage,0.01919
Generator,load,SK0 0,residential rural heat,0.0
Generator,load,SK0 0,residential urban decentral heat,0.0
Generator,load,SK0 0,services rural heat,0.0
Generator,load,SK0 0,services urban decentral heat,0.0
Generator,load,SK0 0,urban central heat,0.0
Generator,load,XK0 0,AC,0.01936
Generator,load,XK0 0,EV battery,0.01947
Generator,load,XK0 0,H2,0.0091
Generator,load,XK0 0,battery,0.01934
Generator,load,XK0 0,home battery,0.01935
Generator,load,XK0 0,low voltage,0.01934
Generator,load,XK0 0,residential rural heat,0.0
Generator,load,XK0 0,residential urban decentral heat,0.0
Generator,load,XK0 0,services rural heat,0.0
Generator,load,XK0 0,services urban decentral heat,0.0
Generator,load,XK0 0,urban central heat,0.0
Generator,offwind-ac,AL0 0,AC,7838891.04804
Generator,offwind-ac,BA0 0,AC,29.78735
Generator,offwind-ac,BE0 0,AC,3750567.30673
Generator,offwind-ac,BG0 0,AC,182.94725
Generator,offwind-ac,DE0 0,AC,9097670.62648
Generator,offwind-ac,DE0 1,AC,9547342.36888
Generator,offwind-ac,DK0 0,AC,393.40084
Generator,offwind-ac,DK1 0,AC,33850685.44597
Generator,offwind-ac,EE0 0,AC,778.84867
Generator,offwind-ac,ES0 0,AC,126.90079
Generator,offwind-ac,ES6 0,AC,71.33928
Generator,offwind-ac,FI1 0,AC,9883592.42449
Generator,offwind-ac,FR0 0,AC,470.5751
Generator,offwind-ac,FR5 0,AC,62.85
Generator,offwind-ac,GB2 0,AC,533804521.76647
Generator,offwind-ac,GB3 0,AC,6429988.37449
Generator,offwind-ac,GR0 0,AC,123.99203
Generator,offwind-ac,HR0 0,AC,3669023.22215
Generator,offwind-ac,IE3 0,AC,42901365.18186
Generator,offwind-ac,IT0 0,AC,91.17018
Generator,offwind-ac,IT4 0,AC,157.83664
Generator,offwind-ac,LT0 0,AC,179.7319
Generator,offwind-ac,LV0 0,AC,308.51255
Generator,offwind-ac,ME0 0,AC,4130582.26432
Generator,offwind-ac,NL0 0,AC,17604765.4425
Generator,offwind-ac,NO1 0,AC,173254055.28325
Generator,offwind-ac,PL0 0,AC,28229616.30616
Generator,offwind-ac,PT0 0,AC,162.35091
Generator,offwind-ac,RO0 0,AC,4620292.78043
Generator,offwind-ac,SE1 0,AC,246352347.77552
Generator,offwind-ac,SI0 0,AC,51.38605
Generator,offwind-dc,AL0 0,AC,12548548.7473
Generator,offwind-dc,BE0 0,AC,4231242.25731
Generator,offwind-dc,BG0 0,AC,8855614.74461
Generator,offwind-dc,DE0 0,AC,110629397.46438
Generator,offwind-dc,DE0 1,AC,1264455.1082
Generator,offwind-dc,DK0 0,AC,1629.64969
Generator,offwind-dc,DK1 0,AC,13508947.07514
Generator,offwind-dc,EE0 0,AC,369.21099
Generator,offwind-dc,ES0 0,AC,201.77759
Generator,offwind-dc,ES6 0,AC,76.59485
Generator,offwind-dc,FI1 0,AC,87006461.78104
Generator,offwind-dc,FR0 0,AC,862180476.19496
Generator,offwind-dc,FR5 0,AC,110.06612
Generator,offwind-dc,GB2 0,AC,270.65343
Generator,offwind-dc,GB3 0,AC,14713682.78784
Generator,offwind-dc,GR0 0,AC,197.88281
Generator,offwind-dc,HR0 0,AC,2131.97955
Generator,offwind-dc,IE3 0,AC,79799738.7221
Generator,offwind-dc,IT0 0,AC,261626387.7321
Generator,offwind-dc,IT4 0,AC,233.26039
Generator,offwind-dc,LT0 0,AC,664.8399
Generator,offwind-dc,LV0 0,AC,1505.97237
Generator,offwind-dc,ME0 0,AC,4278341.55342
Generator,offwind-dc,NL0 0,AC,18242735.78113
Generator,offwind-dc,NO1 0,AC,735.11829
Generator,offwind-dc,PL0 0,AC,79665323.2878
Generator,offwind-dc,PT0 0,AC,128.26386
Generator,offwind-dc,RO0 0,AC,73872382.4927
Generator,offwind-dc,SE1 0,AC,177424768.5989
Generator,onwind,AL0 0,AC,20.76432
Generator,onwind,AT0 0,AC,48.22763
Generator,onwind,BA0 0,AC,8.77748
Generator,onwind,BE0 0,AC,1756.86048
Generator,onwind,BG0 0,AC,61.91055
Generator,onwind,CH0 0,AC,5.13445
Generator,onwind,CZ0 0,AC,117.38465
Generator,onwind,DE0 0,AC,226.73304
Generator,onwind,DE0 1,AC,78.00552
Generator,onwind,DK0 0,AC,24561575.41543
Generator,onwind,DK1 0,AC,61941672.22558
Generator,onwind,EE0 0,AC,37513703.57702
Generator,onwind,ES0 0,AC,39518446.29573
Generator,onwind,ES6 0,AC,2797708.48593
Generator,onwind,FI1 0,AC,1698.85525
Generator,onwind,FR0 0,AC,130.98201
Generator,onwind,FR5 0,AC,62.99705
Generator,onwind,GB2 0,AC,192701382.33278
Generator,onwind,GB3 0,AC,11034395.18461
Generator,onwind,GR0 0,AC,6197427.83157
Generator,onwind,HR0 0,AC,96.92728
Generator,onwind,HU0 0,AC,74187824.31966
Generator,onwind,IE3 0,AC,483.53791
Generator,onwind,IT0 0,AC,151.22294
Generator,onwind,IT4 0,AC,4088288.49011
Generator,onwind,LT0 0,AC,132.10743
Generator,onwind,LU0 0,AC,86.25998
Generator,onwind,LV0 0,AC,239.15755
Generator,onwind,ME0 0,AC,7.69828
Generator,onwind,MK0 0,AC,3.27957
Generator,onwind,NL0 0,AC,26453863.49845
Generator,onwind,NO1 0,AC,188.02637
Generator,onwind,PL0 0,AC,106152138.08786
Generator,onwind,PT0 0,AC,91.85602
Generator,onwind,RO0 0,AC,67.28269
Generator,onwind,RS0 0,AC,238.30778
Generator,onwind,SE1 0,AC,417.91871
Generator,onwind,SI0 0,AC,15.70452
Generator,onwind,SK0 0,AC,335.68988
Generator,onwind,XK0 0,AC,8.35317
Generator,ror,AL0 0,AC,152503.28293
Generator,ror,AT0 0,AC,19508782.33289
Generator,ror,BE0 0,AC,281013.05256
Generator,ror,BG0 0,AC,200676.41617
Generator,ror,CH0 0,AC,9945769.30213
Generator,ror,CZ0 0,AC,139336.91085
Generator,ror,DE0 0,AC,6919900.22705
Generator,ror,DE0 1,AC,15156078.25596
Generator,ror,ES0 0,AC,281634.08485
Generator,ror,ES6 0,AC,340630.01987
Generator,ror,FI1 0,AC,6946601.0204
Generator,ror,FR0 0,AC,29264891.78244
Generator,ror,FR5 0,AC,590070.05703
Generator,ror,GB2 0,AC,2654593.73862
Generator,ror,GB3 0,AC,1715602.51776
Generator,ror,GR0 0,AC,224753.59114
Generator,ror,HR0 0,AC,1185541.47507
Generator,ror,HU0 0,AC,66521.76441
Generator,ror,IE3 0,AC,563945.80046
Generator,ror,IT0 0,AC,32455459.07372
Generator,ror,IT4 0,AC,510921.38086
Generator,ror,LT0 0,AC,494902.12421
Generator,ror,LV0 0,AC,2813921.03469
Generator,ror,ME0 0,AC,21121.09971
Generator,ror,MK0 0,AC,492302.05945
Generator,ror,NO1 0,AC,4344325.37822
Generator,ror,PL0 0,AC,1172556.33881
Generator,ror,PT0 0,AC,6690950.82897
Generator,ror,RO0 0,AC,6577213.4437
Generator,ror,RS0 0,AC,6788342.15955
Generator,ror,SE1 0,AC,6364750.15051
Generator,ror,SI0 0,AC,2044328.34286
Generator,ror,SK0 0,AC,3489124.40343
Generator,ror,XK0 0,AC,54734.59721
Generator,solar,AL0 0,AC,820.7619
Generator,solar,AT0 0,AC,186356339.0115
Generator,solar,BA0 0,AC,803.10493
Generator,solar,BE0 0,AC,473.94027
Generator,solar,BG0 0,AC,1694.31082
Generator,solar,CH0 0,AC,153224930.19078
Generator,solar,CZ0 0,AC,262.25316
Generator,solar,DE0 0,AC,312.52523
Generator,solar,DE0 1,AC,728.9563
Generator,solar,DK0 0,AC,90.49949
Generator,solar,DK1 0,AC,181.24223
Generator,solar,EE0 0,AC,100.53205
Generator,solar,ES0 0,AC,343553915.40121
Generator,solar,ES6 0,AC,365.94363
Generator,solar,FI1 0,AC,74.32019
Generator,solar,FR0 0,AC,401.94975
Generator,solar,FR5 0,AC,4102639.90012
Generator,solar,GB2 0,AC,128.84232
Generator,solar,GB3 0,AC,69.79899
Generator,solar,GR0 0,AC,122007200.46904
Generator,solar,HR0 0,AC,353.38841
Generator,solar,HU0 0,AC,249.19229
Generator,solar,IE3 0,AC,98.5343
Generator,solar,IT0 0,AC,196617300.84836
Generator,solar,IT4 0,AC,16941988.01885
Generator,solar,LT0 0,AC,212.33953
Generator,solar,LU0 0,AC,818.12705
Generator,solar,LV0 0,AC,220.98509
Generator,solar,ME0 0,AC,1163.6871
Generator,solar,MK0 0,AC,18583017.67412
Generator,solar,NL0 0,AC,295.66442
Generator,solar,NO1 0,AC,73.11856
Generator,solar,PL0 0,AC,198.67299
Generator,solar,PT0 0,AC,361.21224
Generator,solar,RO0 0,AC,17053.75304
Generator,solar,RS0 0,AC,821.30346
Generator,solar,SE1 0,AC,133.138
Generator,solar,SI0 0,AC,150.97072
Generator,solar,SK0 0,AC,336.9728
Generator,solar,XK0 0,AC,899.22292
Generator,solar rooftop,AL0 0,low voltage,2019.91958
Generator,solar rooftop,AT0 0,low voltage,395067.54352
Generator,solar rooftop,BA0 0,low voltage,305.38971
Generator,solar rooftop,BE0 0,low voltage,221.69642
Generator,solar rooftop,BG0 0,low voltage,700.91886
Generator,solar rooftop,CH0 0,low voltage,19764739.82765
Generator,solar rooftop,CZ0 0,low voltage,146.92375
Generator,solar rooftop,DE0 0,low voltage,187.77305
Generator,solar rooftop,DE0 1,low voltage,282.87466
Generator,solar rooftop,DK0 0,low voltage,56.30314
Generator,solar rooftop,DK1 0,low voltage,109.42373
Generator,solar rooftop,EE0 0,low voltage,63.54746
Generator,solar rooftop,ES0 0,low voltage,103288301.16828
Generator,solar rooftop,ES6 0,low voltage,407.5945
Generator,solar rooftop,FI1 0,low voltage,58.35519
Generator,solar rooftop,FR0 0,low voltage,276.293
Generator,solar rooftop,FR5 0,low voltage,585553.50048
Generator,solar rooftop,GB2 0,low voltage,100.9624
Generator,solar rooftop,GB3 0,low voltage,42.18223
Generator,solar rooftop,GR0 0,low voltage,23629496.65723
Generator,solar rooftop,HR0 0,low voltage,219.9988
Generator,solar rooftop,HU0 0,low voltage,158.34165
Generator,solar rooftop,IE3 0,low voltage,68.80032
Generator,solar rooftop,IT0 0,low voltage,8075.42898
Generator,solar rooftop,IT4 0,low voltage,3762762.09303
Generator,solar rooftop,LT0 0,low voltage,128.1905
Generator,solar rooftop,LU0 0,low voltage,233.53161
Generator,solar rooftop,LV0 0,low voltage,133.63788
Generator,solar rooftop,ME0 0,low voltage,638.92874
Generator,solar rooftop,MK0 0,low voltage,1523771.47089
Generator,solar rooftop,NL0 0,low voltage,173.19833
Generator,solar rooftop,NO1 0,low voltage,45.62788
Generator,solar rooftop,PL0 0,low voltage,140.50719
Generator,solar rooftop,PT0 0,low voltage,309.73666
Generator,solar rooftop,RO0 0,low voltage,1846.06021
Generator,solar rooftop,RS0 0,low voltage,426.09295
Generator,solar rooftop,SE1 0,low voltage,92.45469
Generator,solar rooftop,SI0 0,low voltage,132.94159
Generator,solar rooftop,SK0 0,low voltage,207.19348
Generator,solar rooftop,XK0 0,low voltage,1178.2457
Generator,solar-hsat,AL0 0,AC,349.52353
Generator,solar-hsat,AT0 0,AC,527.17252
Generator,solar-hsat,BA0 0,AC,336.63164
Generator,solar-hsat,BE0 0,AC,236.16528
Generator,solar-hsat,BG0 0,AC,435.84332
Generator,solar-hsat,CH0 0,AC,754.61008
Generator,solar-hsat,CZ0 0,AC,171.33841
Generator,solar-hsat,DE0 0,AC,190.55106
Generator,solar-hsat,DE0 1,AC,251.64694
Generator,solar-hsat,DK0 0,AC,81.48531
Generator,solar-hsat,DK1 0,AC,128.13748
Generator,solar-hsat,EE0 0,AC,83.47524
Generator,solar-hsat,ES0 0,AC,796.69762
Generator,solar-hsat,ES6 0,AC,223.23209
Generator,solar-hsat,FI1 0,AC,72.00658
Generator,solar-hsat,FR0 0,AC,246.39075
Generator,solar-hsat,FR5 0,AC,384.8365
Generator,solar-hsat,GB2 0,AC,103.55403
Generator,solar-hsat,GB3 0,AC,62.316
Generator,solar-hsat,GR0 0,AC,711.90215
Generator,solar-hsat,HR0 0,AC,212.86925
Generator,solar-hsat,HU0 0,AC,178.31125
Generator,solar-hsat,IE3 0,AC,86.11355
Generator,solar-hsat,IT0 0,AC,677.72085
Generator,solar-hsat,IT4 0,AC,500.72486
Generator,solar-hsat,LT0 0,AC,150.32791
Generator,solar-hsat,LU0 0,AC,214.64396
Generator,solar-hsat,LV0 0,AC,138.43806
Generator,solar-hsat,ME0 0,AC,349.55595
Generator,solar-hsat,MK0 0,AC,459.38323
Generator,solar-hsat,NL0 0,AC,174.14267
Generator,solar-hsat,NO1 0,AC,64.20242
Generator,solar-hsat,PL0 0,AC,153.62546
Generator,solar-hsat,PT0 0,AC,274.29024
Generator,solar-hsat,RO0 0,AC,471.62701
Generator,solar-hsat,RS0 0,AC,329.36708
Generator,solar-hsat,SE1 0,AC,103.82659
Generator,solar-hsat,SI0 0,AC,120.69408
Generator,solar-hsat,SK0 0,AC,215.22596
Generator,solar-hsat,XK0 0,AC,397.11904
Line,AC,AL0 0,AC,-17898696.1703
Line,AC,AT0 0,AC,-109131074.12799
Line,AC,BA0 0,AC,9409742.14409
Line,AC,BE0 0,AC,96753723.11564
Line,AC,BG0 0,AC,33822593.43807
Line,AC,CH0 0,AC,-115687305.7431
Line,AC,CZ0 0,AC,105582909.85699
Line,AC,DE0 0,AC,189565667.01622
Line,AC,DE0 1,AC,112268149.67898
Line,AC,DK0 0,AC,-80070338.22828
Line,AC,DK1 0,AC,6239485.86331
Line,AC,EE0 0,AC,-26425490.1618
Line,AC,ES0 0,AC,-95455699.7208
Line,AC,FI1 0,AC,8559224.38679
Line,AC,FR0 0,AC,-178945770.89351
Line,AC,GB3 0,AC,9146350.61992
Line,AC,GR0 0,AC,-91257892.65121
Line,AC,HR0 0,AC,17160567.14444
Line,AC,HU0 0,AC,-1922146.09593
Line,AC,IE3 0,AC,-9225086.56276
Line,AC,IT0 0,AC,-1972275.92746
Line,AC,LT0 0,AC,-2250448.20869
Line,AC,LU0 0,AC,11060491.29366
Line,AC,LV0 0,AC,12502978.05314
Line,AC,ME0 0,AC,-9104825.45394
Line,AC,MK0 0,AC,-11469686.38618
Line,AC,NL0 0,AC,-59587930.70314
Line,AC,NO1 0,AC,13585848.08779
Line,AC,PL0 0,AC,7840725.81402
Line,AC,PT0 0,AC,62590868.53268
Line,AC,RO0 0,AC,2574696.4882
Line,AC,RS0 0,AC,37789540.13177
Line,AC,SE1 0,AC,-30258380.18284
Line,AC,SI0 0,AC,-13306288.3984
Line,AC,SK0 0,AC,40677534.07534
Line,AC,XK0 0,AC,8371275.62437
Link,BEV charger,AL0 0,EV battery,2094664.10588
Link,BEV charger,AL0 0,low voltage,-2327404.56209
Link,BEV charger,AT0 0,EV battery,21977280.08434
Link,BEV charger,AT0 0,low voltage,-24419200.09371
Link,BEV charger,BA0 0,EV battery,3479720.04955
Link,BEV charger,BA0 0,low voltage,-3866355.61061
Link,BEV charger,BE0 0,EV battery,29334225.27064
Link,BEV charger,BE0 0,low voltage,-32593583.63405
Link,BEV charger,BG0 0,EV battery,8221082.72857
Link,BEV charger,BG0 0,low voltage,-9134536.36508
Link,BEV charger,CH0 0,EV battery,12988840.53663
Link,BEV charger,CH0 0,low voltage,-14432045.0407
Link,BEV charger,CZ0 0,EV battery,20739477.71633
Link,BEV charger,CZ0 0,low voltage,-23043864.12926
Link,BEV charger,DE0 0,EV battery,105926734.26024
Link,BEV charger,DE0 0,low voltage,-117696371.40026
Link,BEV charger,DE0 1,EV battery,61972892.27888
Link,BEV charger,DE0 1,low voltage,-68858769.19876
Link,BEV charger,DK0 0,EV battery,8700787.12565
Link,BEV charger,DK0 0,low voltage,-9667541.25072
Link,BEV charger,DK1 0,EV battery,5034878.27726
Link,BEV charger,DK1 0,low voltage,-5594309.19696
Link,BEV charger,EE0 0,EV battery,2496333.65116
Link,BEV charger,EE0 0,low voltage,-2773704.05684
Link,BEV charger,ES0 0,EV battery,80945160.13561
Link,BEV charger,ES0 0,low voltage,-89939066.81734
Link,BEV charger,ES6 0,EV battery,1339863.30955
Link,BEV charger,ES6 0,low voltage,-1488737.01061
Link,BEV charger,FI1 0,EV battery,13620343.82813
Link,BEV charger,FI1 0,low voltage,-15133715.36459
Link,BEV charger,FR0 0,EV battery,135177020.31448
Link,BEV charger,FR0 0,low voltage,-150196689.23831
Link,BEV charger,FR5 0,EV battery,576058.52877
Link,BEV charger,FR5 0,low voltage,-640065.03197
Link,BEV charger,GB2 0,EV battery,101336253.82535
Link,BEV charger,GB2 0,low voltage,-112595837.58372
Link,BEV charger,GB3 0,EV battery,2774331.69946
Link,BEV charger,GB3 0,low voltage,-3082590.77718
Link,BEV charger,GR0 0,EV battery,15673657.21961
Link,BEV charger,GR0 0,low voltage,-17415174.68846
Link,BEV charger,HR0 0,EV battery,6556199.72412
Link,BEV charger,HR0 0,low voltage,-7284666.36013
Link,BEV charger,HU0 0,EV battery,14059590.35426
Link,BEV charger,HU0 0,low voltage,-15621767.06029
Link,BEV charger,IE3 0,EV battery,10982722.04893
Link,BEV charger,IE3 0,low voltage,-12203024.49881
Link,BEV charger,IT0 0,EV battery,104614495.02768
Link,BEV charger,IT0 0,low voltage,-116238327.80854
Link,BEV charger,IT4 0,EV battery,2651622.58981
Link,BEV charger,IT4 0,low voltage,-2946247.32201
Link,BEV charger,LT0 0,EV battery,6932789.4603
Link,BEV charger,LT0 0,low voltage,-7703099.40033
Link,BEV charger,LU0 0,EV battery,3105824.70335
Link,BEV charger,LU0 0,low voltage,-3450916.33706
Link,BEV charger,LV0 0,EV battery,3314984.45641
Link,BEV charger,LV0 0,low voltage,-3683316.06268
Link,BEV charger,ME0 0,EV battery,718821.12716
Link,BEV charger,ME0 0,low voltage,-798690.14129
Link,BEV charger,MK0 0,EV battery,2016338.60779
Link,BEV charger,MK0 0,low voltage,-2240376.23088
Link,BEV charger,NL0 0,EV battery,36127653.08204
Link,BEV charger,NL0 0,low voltage,-40141836.75783
Link,BEV charger,NO1 0,EV battery,9331904.36055
Link,BEV charger,NO1 0,low voltage,-10368782.62284
Link,BEV charger,PL0 0,EV battery,64171128.31827
Link,BEV charger,PL0 0,low voltage,-71301253.68697
Link,BEV charger,PT0 0,EV battery,19491276.34378
Link,BEV charger,PT0 0,low voltage,-21656973.71531
Link,BEV charger,RO0 0,EV battery,20449740.59575
Link,BEV charger,RO0 0,low voltage,-22721933.99528
Link,BEV charger,RS0 0,EV battery,5943163.4444
Link,BEV charger,RS0 0,low voltage,-6603514.93822
Link,BEV charger,SE1 0,EV battery,21194552.71978
Link,BEV charger,SE1 0,low voltage,-23549503.02197
Link,BEV charger,SI0 0,EV battery,5817517.61863
Link,BEV charger,SI0 0,low voltage,-6463908.46515
Link,BEV charger,SK0 0,EV battery,8995700.04188
Link,BEV charger,SK0 0,low voltage,-9995222.26875
Link,BEV charger,XK0 0,EV battery,1155637.9852
Link,BEV charger,XK0 0,low voltage,-1284042.20578
Link,DC,BE0 0,AC,43218812.4021
Link,DC,CH0 0,AC,-8541917.63013
Link,DC,DE0 0,AC,258423915.50045
Link,DC,DE0 1,AC,230542815.7019
Link,DC,DK0 0,AC,91445865.75628
Link,DC,DK1 0,AC,-86462929.23576
Link,DC,EE0 0,AC,2363360.06842
Link,DC,ES0 0,AC,-73642644.96009
Link,DC,ES6 0,AC,7954581.84242
Link,DC,FI1 0,AC,-2852304.18863
Link,DC,FR0 0,AC,-43649740.25107
Link,DC,FR5 0,AC,-7619647.3908
Link,DC,GB2 0,AC,-196379113.3557
Link,DC,GB3 0,AC,-25133803.39575
Link,DC,GR0 0,AC,-1714984.20962
Link,DC,IE3 0,AC,-72486267.60191
Link,DC,IT0 0,AC,-7269654.42836
Link,DC,IT4 0,AC,-11151964.04378
Link,DC,LT0 0,AC,25543482.89626
Link,DC,ME0 0,AC,3017249.33599
Link,DC,NL0 0,AC,194100543.35226
Link,DC,NO1 0,AC,-187927383.68735
Link,DC,PL0 0,AC,65582659.69115
Link,DC,SE1 0,AC,-276755041.53539
Link,DC,SI0 0,AC,30843232.38891
Link,H2 Electrolysis,AL0 0,AC,0.0
Link,H2 Electrolysis,AL0 0,H2,0.0
Link,H2 Electrolysis,AL0 0,urban central heat,0.0
Link,H2 Electrolysis,AT0 0,AC,-0.0243
Link,H2 Electrolysis,AT0 0,H2,0.01699
Link,H2 Electrolysis,AT0 0,urban central heat,0.00085
Link,H2 Electrolysis,BA0 0,AC,0.0
Link,H2 Electrolysis,BA0 0,H2,0.0
Link,H2 Electrolysis,BA0 0,urban central heat,0.0
Link,H2 Electrolysis,BE0 0,AC,-0.02412
Link,H2 Electrolysis,BE0 0,H2,0.01687
Link,H2 Electrolysis,BE0 0,urban central heat,0.00085
Link,H2 Electrolysis,BG0 0,AC,-0.02576
Link,H2 Electrolysis,BG0 0,H2,0.01802
Link,H2 Electrolysis,BG0 0,urban central heat,0.00091
Link,H2 Electrolysis,CH0 0,AC,-0.02482
Link,H2 Electrolysis,CH0 0,H2,0.01736
Link,H2 Electrolysis,CH0 0,urban central heat,0.00087
Link,H2 Electrolysis,CZ0 0,AC,-0.02442
Link,H2 Electrolysis,CZ0 0,H2,0.01708
Link,H2 Electrolysis,CZ0 0,urban central heat,0.00086
Link,H2 Electrolysis,DE0 0,AC,0.0
Link,H2 Electrolysis,DE0 0,H2,0.0
Link,H2 Electrolysis,DE0 0,urban central heat,0.0
Link,H2 Electrolysis,DE0 1,AC,0.0
Link,H2 Electrolysis,DE0 1,H2,0.0
Link,H2 Electrolysis,DE0 1,urban central heat,0.0
Link,H2 Electrolysis,DK0 0,AC,0.0
Link,H2 Electrolysis,DK0 0,H2,0.0
Link,H2 Electrolysis,DK0 0,urban central heat,0.0
Link,H2 Electrolysis,DK1 0,AC,0.0
Link,H2 Electrolysis,DK1 0,H2,0.0
Link,H2 Electrolysis,DK1 0,urban central heat,0.0
Link,H2 Electrolysis,EE0 0,AC,-0.02413
Link,H2 Electrolysis,EE0 0,H2,0.01687
Link,H2 Electrolysis,EE0 0,urban central heat,0.00085
Link,H2 Electrolysis,ES0 0,AC,0.0
Link,H2 Electrolysis,ES0 0,H2,0.0
Link,H2 Electrolysis,ES0 0,urban central heat,0.0
Link,H2 Electrolysis,ES6 0,AC,-0.02569
Link,H2 Electrolysis,ES6 0,H2,0.01797
Link,H2 Electrolysis,ES6 0,urban central heat,0.0009
Link,H2 Electrolysis,FI1 0,AC,-0.02473
Link,H2 Electrolysis,FI1 0,H2,0.0173
Link,H2 Electrolysis,FI1 0,urban central heat,0.00087
Link,H2 Electrolysis,FR0 0,AC,0.0
Link,H2 Electrolysis,FR0 0,H2,0.0
Link,H2 Electrolysis,FR0 0,urban central heat,0.0
Link,H2 Electrolysis,FR5 0,AC,-0.00625
Link,H2 Electrolysis,FR5 0,H2,0.00437
Link,H2 Electrolysis,GB2 0,AC,0.0
Link,H2 Electrolysis,GB2 0,H2,0.0
Link,H2 Electrolysis,GB2 0,urban central heat,0.0
Link,H2 Electrolysis,GB3 0,AC,0.0
Link,H2 Electrolysis,GB3 0,H2,0.0
Link,H2 Electrolysis,GB3 0,urban central heat,0.0
Link,H2 Electrolysis,GR0 0,AC,0.0
Link,H2 Electrolysis,GR0 0,H2,0.0
Link,H2 Electrolysis,GR0 0,urban central heat,0.0
Link,H2 Electrolysis,HR0 0,AC,-0.02545
Link,H2 Electrolysis,HR0 0,H2,0.0178
Link,H2 Electrolysis,HR0 0,urban central heat,0.00089
Link,H2 Electrolysis,HU0 0,AC,-0.02576
Link,H2 Electrolysis,HU0 0,H2,0.01801
Link,H2 Electrolysis,HU0 0,urban central heat,0.00091
Link,H2 Electrolysis,IE3 0,AC,-0.02734
Link,H2 Electrolysis,IE3 0,H2,0.01912
Link,H2 Electrolysis,IE3 0,urban central heat,0.00096
Link,H2 Electrolysis,IT0 0,AC,-0.02547
Link,H2 Electrolysis,IT0 0,H2,0.01781
Link,H2 Electrolysis,IT0 0,urban central heat,0.0009
Link,H2 Electrolysis,IT4 0,AC,-0.02523
Link,H2 Electrolysis,IT4 0,H2,0.01765
Link,H2 Electrolysis,IT4 0,urban central heat,0.00089
Link,H2 Electrolysis,LT0 0,AC,-0.02378
Link,H2 Electrolysis,LT0 0,H2,0.01663
Link,H2 Electrolysis,LT0 0,urban central heat,0.00084
Link,H2 Electrolysis,LU0 0,AC,-0.0254
Link,H2 Electrolysis,LU0 0,H2,0.01777
Link,H2 Electrolysis,LU0 0,urban central heat,0.00089
Link,H2 Electrolysis,LV0 0,AC,-0.01871
Link,H2 Electrolysis,LV0 0,H2,0.01308
Link,H2 Electrolysis,LV0 0,urban central heat,0.00066
Link,H2 Electrolysis,ME0 0,AC,-0.02508
Link,H2 Electrolysis,ME0 0,H2,0.01754
Link,H2 Electrolysis,ME0 0,urban central heat,0.00088
Link,H2 Electrolysis,MK0 0,AC,-0.02519
Link,H2 Electrolysis,MK0 0,H2,0.01762
Link,H2 Electrolysis,MK0 0,urban central heat,0.00089
Link,H2 Electrolysis,NL0 0,AC,0.0
Link,H2 Electrolysis,NL0 0,H2,0.0
Link,H2 Electrolysis,NL0 0,urban central heat,0.0
Link,H2 Electrolysis,NO1 0,AC,0.0
Link,H2 Electrolysis,NO1 0,H2,0.0
Link,H2 Electrolysis,NO1 0,urban central heat,0.0
Link,H2 Electrolysis,PL0 0,AC,0.0
Link,H2 Electrolysis,PL0 0,H2,0.0
Link,H2 Electrolysis,PL0 0,urban central heat,0.0
Link,H2 Electrolysis,PT0 0,AC,0.0
Link,H2 Electrolysis,PT0 0,H2,0.0
Link,H2 Electrolysis,PT0 0,urban central heat,0.0
Link,H2 Electrolysis,RO0 0,AC,0.0
Link,H2 Electrolysis,RO0 0,H2,0.0
Link,H2 Electrolysis,RO0 0,urban central heat,0.0
Link,H2 Electrolysis,RS0 0,AC,-0.02424
Link,H2 Electrolysis,RS0 0,H2,0.01695
Link,H2 Electrolysis,RS0 0,urban central heat,0.00085
Link,H2 Electrolysis,SE1 0,AC,-0.02413
Link,H2 Electrolysis,SE1 0,H2,0.01687
Link,H2 Electrolysis,SE1 0,urban central heat,0.00085
Link,H2 Electrolysis,SI0 0,AC,-0.0244
Link,H2 Electrolysis,SI0 0,H2,0.01707
Link,H2 Electrolysis,SI0 0,urban central heat,0.00086
Link,H2 Electrolysis,SK0 0,AC,-0.02516
Link,H2 Electrolysis,SK0 0,H2,0.01759
Link,H2 Electrolysis,SK0 0,urban central heat,0.00088
Link,H2 Electrolysis,XK0 0,AC,-0.02515
Link,H2 Electrolysis,XK0 0,H2,0.01759
Link,H2 Electrolysis,XK0 0,urban central heat,0.00088
Link,V2G,AL0 0,EV battery,-28881.03127
Link,V2G,AL0 0,low voltage,25992.92814
Link,V2G,AT0 0,EV battery,-39750.28726
Link,V2G,AT0 0,low voltage,35775.25853
Link,V2G,BA0 0,EV battery,-28632.79379
Link,V2G,BA0 0,low voltage,25769.51441
Link,V2G,BE0 0,EV battery,-37115.92424
Link,V2G,BE0 0,low voltage,33404.33181
Link,V2G,BG0 0,EV battery,-39554.56945
Link,V2G,BG0 0,low voltage,35599.11251
Link,V2G,CH0 0,EV battery,-41408.95719
Link,V2G,CH0 0,low voltage,37268.06147
Link,V2G,CZ0 0,EV battery,-37839.62035
Link,V2G,CZ0 0,low voltage,34055.65831
Link,V2G,DE0 0,EV battery,-47403.00484
Link,V2G,DE0 0,low voltage,42662.70436
Link,V2G,DE0 1,EV battery,-46056.98289
Link,V2G,DE0 1,low voltage,41451.2846
Link,V2G,DK0 0,EV battery,-30260.45363
Link,V2G,DK0 0,low voltage,27234.40827
Link,V2G,DK1 0,EV battery,-29074.48039
Link,V2G,DK1 0,low voltage,26167.03235
Link,V2G,EE0 0,EV battery,-38347.83987
Link,V2G,EE0 0,low voltage,34513.05588
Link,V2G,ES0 0,EV battery,-56668.97763
Link,V2G,ES0 0,low voltage,51002.07987
Link,V2G,ES6 0,EV battery,-20991.43768
Link,V2G,ES6 0,low voltage,18892.29391
Link,V2G,FI1 0,EV battery,-42329.81143
Link,V2G,FI1 0,low voltage,38096.83028
Link,V2G,FR0 0,EV battery,-54886.62737
Link,V2G,FR0 0,low voltage,49397.96463
Link,V2G,FR5 0,EV battery,-23283.9386
Link,V2G,FR5 0,low voltage,20955.54474
Link,V2G,GB2 0,EV battery,-51044.0281
Link,V2G,GB2 0,low voltage,45939.62529
Link,V2G,GB3 0,EV battery,-31581.43423
Link,V2G,GB3 0,low voltage,28423.2908
Link,V2G,GR0 0,EV battery,-40283.85384
Link,V2G,GR0 0,low voltage,36255.46846
Link,V2G,HR0 0,EV battery,-37164.69106
Link,V2G,HR0 0,low voltage,33448.22196
Link,V2G,HU0 0,EV battery,-40002.83891
Link,V2G,HU0 0,low voltage,36002.55502
Link,V2G,IE3 0,EV battery,-43165.15778
Link,V2G,IE3 0,low voltage,38848.642
Link,V2G,IT0 0,EV battery,-47591.1025
Link,V2G,IT0 0,low voltage,42831.99225
Link,V2G,IT4 0,EV battery,-39893.25454
Link,V2G,IT4 0,low voltage,35903.92909
Link,V2G,LT0 0,EV battery,-36885.70869
Link,V2G,LT0 0,low voltage,33197.13783
Link,V2G,LU0 0,EV battery,-29350.39151
Link,V2G,LU0 0,low voltage,26415.35236
Link,V2G,LV0 0,EV battery,-33366.25575
Link,V2G,LV0 0,low voltage,30029.63017
Link,V2G,ME0 0,EV battery,-24982.55441
Link,V2G,ME0 0,low voltage,22484.29897
Link,V2G,MK0 0,EV battery,-37501.13547
Link,V2G,MK0 0,low voltage,33751.02192
Link,V2G,NL0 0,EV battery,-43600.74414
Link,V2G,NL0 0,low voltage,39240.66972
Link,V2G,NO1 0,EV battery,-36566.7731
Link,V2G,NO1 0,low voltage,32910.09579
Link,V2G,PL0 0,EV battery,-49236.14322
Link,V2G,PL0 0,low voltage,44312.5289
Link,V2G,PT0 0,EV battery,-43809.82691
Link,V2G,PT0 0,low voltage,39428.84422
Link,V2G,RO0 0,EV battery,-42163.85487
Link,V2G,RO0 0,low voltage,37947.46938
Link,V2G,RS0 0,EV battery,-40598.18324
Link,V2G,RS0 0,low voltage,36538.36492
Link,V2G,SE1 0,EV battery,-44171.30778
Link,V2G,SE1 0,low voltage,39754.177
Link,V2G,SI0 0,EV battery,-35600.97256
Link,V2G,SI0 0,low voltage,32040.8753
Link,V2G,SK0 0,EV battery,-40323.08288
Link,V2G,SK0 0,low voltage,36290.77459
Link,V2G,XK0 0,EV battery,-38447.81603
Link,V2G,XK0 0,low voltage,34603.03443
Link,battery charger,AL0 0,AC,-1876.5163
Link,battery charger,AL0 0,battery,1838.60297
Link,battery charger,AT0 0,AC,-2447.19455
Link,battery charger,AT0 0,battery,2397.75118
Link,battery charger,BA0 0,AC,-2484.80978
Link,battery charger,BA0 0,battery,2434.60642
Link,battery charger,BE0 0,AC,-145000.93443
Link,battery charger,BE0 0,battery,142071.32064
Link,battery charger,BG0 0,AC,-2583.30774
Link,battery charger,BG0 0,battery,2531.11432
Link,battery charger,CH0 0,AC,-2712.94032
Link,battery charger,CH0 0,battery,2658.12779
Link,battery charger,CZ0 0,AC,-2188718.68206
Link,battery charger,CZ0 0,battery,2144497.58462
Link,battery charger,DE0 0,AC,-4567629.62721
Link,battery charger,DE0 0,battery,4475344.76827
Link,battery charger,DE0 1,AC,-2638794.31135
Link,battery charger,DE0 1,battery,2585479.83959
Link,battery charger,DK0 0,AC,-34325.33664
Link,battery charger,DK0 0,battery,33631.82401
Link,battery charger,DK1 0,AC,-6229675.3157
Link,battery charger,DK1 0,battery,6103810.31467
Link,battery charger,EE0 0,AC,-1609327.40563
Link,battery charger,EE0 0,battery,1576812.38915
Link,battery charger,ES0 0,AC,-3235.53876
Link,battery charger,ES0 0,battery,3170.1676
Link,battery charger,ES6 0,AC,-2268.3814
Link,battery charger,ES6 0,battery,2222.55079
Link,battery charger,FI1 0,AC,-56971.2062
Link,battery charger,FI1 0,battery,55820.15409
Link,battery charger,FR0 0,AC,-3240.35331
Link,battery charger,FR0 0,battery,3174.88488
Link,battery charger,FR5 0,AC,-2836.54393
Link,battery charger,FR5 0,battery,2779.2341
Link,battery charger,GB2 0,AC,-20065.22838
Link,battery charger,GB2 0,battery,19659.82844
Link,battery charger,GB3 0,AC,-1105344.26626
Link,battery charger,GB3 0,battery,1083011.77698
Link,battery charger,GR0 0,AC,-3047.15991
Link,battery charger,GR0 0,battery,2985.59478
Link,battery charger,HR0 0,AC,-2441.10386
Link,battery charger,HR0 0,battery,2391.78355
Link,battery charger,HU0 0,AC,-3171.54553
Link,battery charger,HU0 0,battery,3107.4673
Link,battery charger,IE3 0,AC,-1057398.06843
Link,battery charger,IE3 0,battery,1036034.28907
Link,battery charger,IT0 0,AC,-2871.52064
Link,battery charger,IT0 0,battery,2813.50414
Link,battery charger,IT4 0,AC,-2237.26288
Link,battery charger,IT4 0,battery,2192.06099
Link,battery charger,LT0 0,AC,-7075.22545
Link,battery charger,LT0 0,battery,6932.27687
Link,battery charger,LU0 0,AC,-17724.40017
Link,battery charger,LU0 0,battery,17366.29457
Link,battery charger,LV0 0,AC,-8316.32619
Link,battery charger,LV0 0,battery,8148.30228
Link,battery charger,ME0 0,AC,-2068.92957
Link,battery charger,ME0 0,battery,2027.12871
Link,battery charger,MK0 0,AC,-2193.56316
Link,battery charger,MK0 0,battery,2149.24419
Link,battery charger,NL0 0,AC,-1926028.74719
Link,battery charger,NL0 0,battery,1887115.06422
Link,battery charger,NO1 0,AC,-1727732.69064
Link,battery charger,NO1 0,battery,1692825.4016
Link,battery charger,PL0 0,AC,-7157266.4128
Link,battery charger,PL0 0,battery,7012660.26581
Link,battery charger,PT0 0,AC,-3221.19797
Link,battery charger,PT0 0,battery,3156.11655
Link,battery charger,RO0 0,AC,-2992.91505
Link,battery charger,RO0 0,battery,2932.44589
Link,battery charger,RS0 0,AC,-2711.17531
Link,battery charger,RS0 0,battery,2656.39845
Link,battery charger,SE1 0,AC,-6058350.97568
Link,battery charger,SE1 0,battery,5935947.42924
Link,battery charger,SI0 0,AC,-2485.87725
Link,battery charger,SI0 0,battery,2435.65233
Link,battery charger,SK0 0,AC,-440523.88343
Link,battery charger,SK0 0,battery,431623.49356
Link,battery charger,XK0 0,AC,-1990.64723
Link,battery charger,XK0 0,battery,1950.42799
Link,battery discharger,AL0 0,AC,1801.46983
Link,battery discharger,AL0 0,battery,-1838.61745
Link,battery discharger,AT0 0,AC,2349.32082
Link,battery discharger,AT0 0,battery,-2397.76552
Link,battery discharger,BA0 0,AC,2385.43155
Link,battery discharger,BA0 0,battery,-2434.62089
Link,battery discharger,BE0 0,AC,139200.91124
Link,battery discharger,BE0 0,battery,-142071.33511
Link,battery discharger,BG0 0,AC,2479.98953
Link,battery discharger,BG0 0,battery,-2531.12872
Link,battery discharger,CH0 0,AC,2604.43679
Link,battery discharger,CH0 0,battery,-2658.14217
Link,battery discharger,CZ0 0,AC,2101169.94879
Link,battery discharger,CZ0 0,battery,-2144497.59892
Link,battery discharger,DE0 0,AC,4384924.45626
Link,battery discharger,DE0 0,battery,-4475344.7827
Link,battery discharger,DE0 1,AC,2533242.55302
Link,battery discharger,DE0 1,battery,-2585479.854
Link,battery discharger,DK0 0,AC,32952.33725
Link,battery discharger,DK0 0,battery,-33631.83838
Link,battery discharger,DK1 0,AC,5980488.31726
Link,battery discharger,DK1 0,battery,-6103810.32916
Link,battery discharger,EE0 0,AC,1544954.32348
Link,battery discharger,EE0 0,battery,-1576812.40352
Link,battery discharger,ES0 0,AC,3106.13137
Link,battery discharger,ES0 0,battery,-3170.18205
Link,battery discharger,ES6 0,AC,2177.66023
Link,battery discharger,ES6 0,battery,-2222.56517
Link,battery discharger,FI1 0,AC,54692.37198
Link,battery discharger,FI1 0,battery,-55820.1684
Link,battery discharger,FR0 0,AC,3110.75313
Link,battery discharger,FR0 0,battery,-3174.89912
Link,battery discharger,FR5 0,AC,2723.09664
Link,battery discharger,FR5 0,battery,-2779.24888
Link,battery discharger,GB2 0,AC,19262.63324
Link,battery discharger,GB2 0,battery,-19659.84273
Link,battery discharger,GB3 0,AC,1061130.50968
Link,battery discharger,GB3 0,battery,-1083011.79134
Link,battery discharger,GR0 0,AC,2925.28745
Link,battery discharger,GR0 0,battery,-2985.609
Link,battery discharger,HR0 0,AC,2343.47381
Link,battery discharger,HR0 0,battery,-2391.79795
Link,battery discharger,HU0 0,AC,3044.6977
Link,battery discharger,HU0 0,battery,-3107.48158
Link,battery discharger,IE3 0,AC,1015102.15979
Link,battery discharger,IE3 0,battery,-1036034.30346
Link,battery discharger,IT0 0,AC,2756.6736
Link,battery discharger,IT0 0,battery,-2813.51821
Link,battery discharger,IT4 0,AC,2147.78645
Link,battery discharger,IT4 0,battery,-2192.07537
Link,battery discharger,LT0 0,AC,6792.23053
Link,battery discharger,LT0 0,battery,-6932.29125
Link,battery discharger,LU0 0,AC,17015.43834
Link,battery discharger,LU0 0,battery,-17366.30903
Link,battery discharger,LV0 0,AC,7983.68717
Link,battery discharger,LV0 0,battery,-8148.31659
Link,battery discharger,ME0 0,AC,1986.18655
Link,battery discharger,ME0 0,battery,-2027.14316
Link,battery discharger,MK0 0,AC,2105.83476
Link,battery discharger,MK0 0,battery,-2149.25861
Link,battery discharger,NL0 0,AC,1848987.61142
Link,battery discharger,NL0 0,battery,-1887115.07863
Link,battery discharger,NO1 0,AC,1658623.39711
Link,battery discharger,NO1 0,battery,-1692825.41598
Link,battery discharger,PL0 0,AC,6870975.77005
Link,battery discharger,PL0 0,battery,-7012660.27985
Link,battery discharger,PT0 0,AC,3092.36403
Link,battery discharger,PT0 0,battery,-3156.13082
Link,battery discharger,RO0 0,AC,2873.21241
Link,battery discharger,RO0 0,battery,-2932.46013
Link,battery discharger,RS0 0,AC,2602.74215
Link,battery discharger,RS0 0,battery,-2656.41259
Link,battery discharger,SE1 0,AC,5816016.95049
Link,battery discharger,SE1 0,battery,-5935947.44336
Link,battery discharger,SI0 0,AC,2386.45631
Link,battery discharger,SI0 0,battery,-2435.66678
Link,battery discharger,SK0 0,AC,422902.94215
Link,battery discharger,SK0 0,battery,-431623.50791
Link,battery discharger,XK0 0,AC,1911.03549
Link,battery discharger,XK0 0,battery,-1950.44243
Link,co2 sequestered,EU,co2 sequestered,0.04369
Link,co2 sequestered,EU,co2 stored,-0.04369
Link,electricity distribution grid,AL0 0,AC,-8091149.74681
Link,electricity distribution grid,AL0 0,low voltage,7846951.14725
Link,electricity distribution grid,AT0 0,AC,-113077629.39453
Link,electricity distribution grid,AT0 0,low voltage,109682838.85787
Link,electricity distribution grid,BA0 0,AC,-15820181.12854
Link,electricity distribution grid,BA0 0,low voltage,15343538.67958
Link,electricity distribution grid,BE0 0,AC,-148253770.81162
Link,electricity distribution grid,BE0 0,low voltage,143804246.43189
Link,electricity distribution grid,BG0 0,AC,-46144134.11044
Link,electricity distribution grid,BG0 0,low voltage,44756694.11296
Link,electricity distribution grid,CH0 0,AC,-61476352.55325
Link,electricity distribution grid,CH0 0,low voltage,59629447.6403
Link,electricity distribution grid,CZ0 0,AC,-107890306.81633
Link,electricity distribution grid,CZ0 0,low voltage,104650729.35673
Link,electricity distribution grid,DE0 0,AC,-574400919.49859
Link,electricity distribution grid,DE0 0,low voltage,557167121.48937
Link,electricity distribution grid,DE0 1,AC,-368626409.07007
Link,electricity distribution grid,DE0 1,low voltage,357565540.76828
Link,electricity distribution grid,DK0 0,AC,-35937924.97189
Link,electricity distribution grid,DK0 0,low voltage,34856785.58135
Link,electricity distribution grid,DK1 0,AC,-28828983.71993
Link,electricity distribution grid,DK1 0,low voltage,27961522.56506
Link,electricity distribution grid,EE0 0,AC,-13388532.41834
Link,electricity distribution grid,EE0 0,low voltage,12983410.47285
Link,electricity distribution grid,ES0 0,AC,-241483131.63853
Link,electricity distribution grid,ES0 0,low voltage,234234416.65823
Link,electricity distribution grid,ES6 0,AC,-13834152.28962
Link,electricity distribution grid,ES6 0,low voltage,13416535.32571
Link,electricity distribution grid,FI1 0,AC,-114561539.7008
Link,electricity distribution grid,FI1 0,low voltage,111120880.41551
Link,electricity distribution grid,FR0 0,AC,-694502698.34612
Link,electricity distribution grid,FR0 0,low voltage,673663471.84373
Link,electricity distribution grid,FR5 0,AC,-6754265.14009
Link,electricity distribution grid,FR5 0,low voltage,6549251.44558
Link,electricity distribution grid,GB2 0,AC,-532781084.88819
Link,electricity distribution grid,GB2 0,low voltage,516793513.66356
Link,electricity distribution grid,GB3 0,AC,-18052012.64339
Link,electricity distribution grid,GB3 0,low voltage,17507540.86909
Link,electricity distribution grid,GR0 0,AC,-40871608.51807
Link,electricity distribution grid,GR0 0,low voltage,39641733.53266
Link,electricity distribution grid,HR0 0,AC,-28394519.90236
Link,electricity distribution grid,HR0 0,low voltage,27540018.27662
Link,electricity distribution grid,HU0 0,AC,-72431499.18083
Link,electricity distribution grid,HU0 0,low voltage,70255686.46151
Link,electricity distribution grid,IE3 0,AC,-41487308.64086
Link,electricity distribution grid,IE3 0,low voltage,40238630.13278
Link,electricity distribution grid,IT0 0,AC,-496490701.87937
Link,electricity distribution grid,IT0 0,low voltage,481592299.45784
Link,electricity distribution grid,IT4 0,AC,-10694411.68121
Link,electricity distribution grid,IT4 0,low voltage,10370001.93653
Link,electricity distribution grid,LT0 0,AC,-23736852.32994
Link,electricity distribution grid,LT0 0,low voltage,23021814.68812
Link,electricity distribution grid,LU0 0,AC,-11026303.2279
Link,electricity distribution grid,LU0 0,low voltage,10693531.93091
Link,electricity distribution grid,LV0 0,AC,-15318979.49101
Link,electricity distribution grid,LV0 0,low voltage,14856102.76626
Link,electricity distribution grid,ME0 0,AC,-4018327.76127
Link,electricity distribution grid,ME0 0,low voltage,3895698.50225
Link,electricity distribution grid,MK0 0,AC,-8497868.1412
Link,electricity distribution grid,MK0 0,low voltage,8240704.07752
Link,electricity distribution grid,NL0 0,AC,-196737406.03421
Link,electricity distribution grid,NL0 0,low voltage,190832449.48272
Link,electricity distribution grid,NO1 0,AC,-113896051.59178
Link,electricity distribution grid,NO1 0,low voltage,110474994.42948
Link,electricity distribution grid,PL0 0,AC,-289231296.35119
Link,electricity distribution grid,PL0 0,low voltage,280551680.78121
Link,electricity distribution grid,PT0 0,AC,-73436242.07774
Link,electricity distribution grid,PT0 0,low voltage,71229647.45047
Link,electricity distribution grid,RO0 0,AC,-95165225.61097
Link,electricity distribution grid,RO0 0,low voltage,92306842.07354
Link,electricity distribution grid,RS0 0,AC,-47403764.25984
Link,electricity distribution grid,RS0 0,low voltage,45978895.21173
Link,electricity distribution grid,SE1 0,AC,-171753927.3968
Link,electricity distribution grid,SE1 0,low voltage,166597144.57563
Link,electricity distribution grid,SI0 0,AC,-21729347.71555
Link,electricity distribution grid,SI0 0,low voltage,21074833.36272
Link,electricity distribution grid,SK0 0,AC,-44835929.96404
Link,electricity distribution grid,SK0 0,low voltage,43488014.46628
Link,electricity distribution grid,XK0 0,AC,-8486775.73761
Link,electricity distribution grid,XK0 0,low voltage,8230161.52191
Link,home battery charger,AL0 0,home battery,1405.49562
Link,home battery charger,AL0 0,low voltage,-1434.47796
Link,home battery charger,AT0 0,home battery,1717.50426
Link,home battery charger,AT0 0,low voltage,-1752.92045
Link,home battery charger,BA0 0,home battery,1760.38969
Link,home battery charger,BA0 0,low voltage,-1796.69021
Link,home battery charger,BE0 0,home battery,1530.62561
Link,home battery charger,BE0 0,low voltage,-1562.18822
Link,home battery charger,BG0 0,home battery,1972.77219
Link,home battery charger,BG0 0,low voltage,-2013.45218
Link,home battery charger,CH0 0,home battery,1880.89623
Link,home battery charger,CH0 0,low voltage,-1919.68168
Link,home battery charger,CZ0 0,home battery,1908.78642
Link,home battery charger,CZ0 0,low voltage,-1948.14698
Link,home battery charger,DE0 0,home battery,1867.23265
Link,home battery charger,DE0 0,low voltage,-1905.73634
Link,home battery charger,DE0 1,home battery,1851.83751
Link,home battery charger,DE0 1,low voltage,-1890.02374
Link,home battery charger,DK0 0,home battery,2120.21271
Link,home battery charger,DK0 0,low voltage,-2163.93304
Link,home battery charger,DK1 0,home battery,1969.27946
Link,home battery charger,DK1 0,low voltage,-2009.88743
Link,home battery charger,EE0 0,home battery,2131.58356
Link,home battery charger,EE0 0,low voltage,-2175.53836
Link,home battery charger,ES0 0,home battery,2171.24276
Link,home battery charger,ES0 0,low voltage,-2216.01537
Link,home battery charger,ES6 0,home battery,2029.32695
Link,home battery charger,ES6 0,low voltage,-2071.17314
Link,home battery charger,FI1 0,home battery,2229.51216
Link,home battery charger,FI1 0,low voltage,-2275.48632
Link,home battery charger,FR0 0,home battery,2161.89961
Link,home battery charger,FR0 0,low voltage,-2206.47955
Link,home battery charger,FR5 0,home battery,1942.41859
Link,home battery charger,FR5 0,low voltage,-1982.47267
Link,home battery charger,GB2 0,home battery,2176.291
Link,home battery charger,GB2 0,low voltage,-2221.1677
Link,home battery charger,GB3 0,home battery,2184.52205
Link,home battery charger,GB3 0,low voltage,-2229.56848
Link,home battery charger,GR0 0,home battery,2069.89984
Link,home battery charger,GR0 0,low voltage,-2112.58268
Link,home battery charger,HR0 0,home battery,1801.69447
Link,home battery charger,HR0 0,low voltage,-1838.84672
Link,home battery charger,HU0 0,home battery,1881.74842
Link,home battery charger,HU0 0,low voltage,-1920.55144
Link,home battery charger,IE3 0,home battery,2175.82441
Link,home battery charger,IE3 0,low voltage,-2220.69149
Link,home battery charger,IT0 0,home battery,1977.10872
Link,home battery charger,IT0 0,low voltage,-2017.87814
Link,home battery charger,IT4 0,home battery,1923.2743
Link,home battery charger,IT4 0,low voltage,-1962.93361
Link,home battery charger,LT0 0,home battery,2041.87814
Link,home battery charger,LT0 0,low voltage,-2083.98315
Link,home battery charger,LU0 0,home battery,1344.1942
Link,home battery charger,LU0 0,low voltage,-1371.91246
Link,home battery charger,LV0 0,home battery,2122.62898
Link,home battery charger,LV0 0,low voltage,-2166.39913
Link,home battery charger,ME0 0,home battery,1535.72594
Link,home battery charger,ME0 0,low voltage,-1567.39372
Link,home battery charger,MK0 0,home battery,1463.97335
Link,home battery charger,MK0 0,low voltage,-1494.16155
Link,home battery charger,NL0 0,home battery,2128.70885
Link,home battery charger,NL0 0,low voltage,-2172.60437
Link,home battery charger,NO1 0,home battery,2261.89148
Link,home battery charger,NO1 0,low voltage,-2308.53332
Link,home battery charger,PL0 0,home battery,2062.53881
Link,home battery charger,PL0 0,low voltage,-2105.06986
Link,home battery charger,PT0 0,home battery,2238.81527
Link,home battery charger,PT0 0,low voltage,-2284.98127
Link,home battery charger,RO0 0,home battery,2100.24439
Link,home battery charger,RO0 0,low voltage,-2143.55296
Link,home battery charger,RS0 0,home battery,1702.73606
Link,home battery charger,RS0 0,low voltage,-1737.84772
Link,home battery charger,SE1 0,home battery,2143.53466
Link,home battery charger,SE1 0,low voltage,-2187.7359
Link,home battery charger,SI0 0,home battery,1631.56131
Link,home battery charger,SI0 0,low voltage,-1665.20529
Link,home battery charger,SK0 0,home battery,1770.22766
Link,home battery charger,SK0 0,low voltage,-1806.73104
Link,home battery charger,XK0 0,home battery,1338.26831
Link,home battery charger,XK0 0,low voltage,-1365.86437
Link,home battery discharger,AL0 0,home battery,-1405.51262
Link,home battery discharger,AL0 0,low voltage,1377.1155
Link,home battery discharger,AT0 0,home battery,-1717.52232
Link,home battery discharger,AT0 0,low voltage,1682.82133
Link,home battery discharger,BA0 0,home battery,-1760.40661
Link,home battery discharger,BA0 0,low voltage,1724.83917
Link,home battery discharger,BE0 0,home battery,-1530.64377
Link,home battery discharger,BE0 0,low voltage,1499.71849
Link,home battery discharger,BG0 0,home battery,-1972.79027
Link,home battery discharger,BG0 0,low voltage,1932.93181
Link,home battery discharger,CH0 0,home battery,-1880.9142
Link,home battery discharger,CH0 0,low voltage,1842.91202
Link,home battery discharger,CZ0 0,home battery,-1908.80441
Link,home battery discharger,CZ0 0,low voltage,1870.23873
Link,home battery discharger,DE0 0,home battery,-1867.24951
Link,home battery discharger,DE0 0,low voltage,1829.52341
Link,home battery discharger,DE0 1,home battery,-1851.85439
Link,home battery discharger,DE0 1,low voltage,1814.43933
Link,home battery discharger,DK0 0,home battery,-2120.22949
Link,home battery discharger,DK0 0,low voltage,2077.39215
Link,home battery discharger,DK1 0,home battery,-1969.29631
Link,home battery discharger,DK1 0,low voltage,1929.50845
Link,home battery discharger,EE0 0,home battery,-2131.60165
Link,home battery discharger,EE0 0,low voltage,2088.53455
Link,home battery discharger,ES0 0,home battery,-2171.25955
Link,home battery discharger,ES0 0,low voltage,2127.3912
Link,home battery discharger,ES6 0,home battery,-2029.34507
Link,home battery discharger,ES6 0,low voltage,1988.34397
Link,home battery discharger,FI1 0,home battery,-2229.53011
Link,home battery discharger,FI1 0,low voltage,2184.48445
Link,home battery discharger,FR0 0,home battery,-2161.91625
Link,home battery discharger,FR0 0,low voltage,2118.23668
Link,home battery discharger,FR5 0,home battery,-1942.43542
Link,home battery discharger,FR5 0,low voltage,1903.19025
Link,home battery discharger,GB2 0,home battery,-2176.30772
Link,home battery discharger,GB2 0,low voltage,2132.33737
Link,home battery discharger,GB3 0,home battery,-2184.53885
Link,home battery discharger,GB3 0,low voltage,2140.40221
Link,home battery discharger,GR0 0,home battery,-2069.91654
Link,home battery discharger,GR0 0,low voltage,2028.09573
Link,home battery discharger,HR0 0,home battery,-1801.71262
Link,home battery discharger,HR0 0,low voltage,1765.31063
Link,home battery discharger,HU0 0,home battery,-1881.76639
Link,home battery discharger,HU0 0,low voltage,1843.74699
Link,home battery discharger,IE3 0,home battery,-2175.84243
Link,home battery discharger,IE3 0,low voltage,2131.88148
Link,home battery discharger,IT0 0,home battery,-1977.12671
Link,home battery discharger,IT0 0,low voltage,1937.18064
Link,home battery discharger,IT4 0,home battery,-1923.29241
Link,home battery discharger,IT4 0,low voltage,1884.43402
Link,home battery discharger,LT0 0,home battery,-2041.89623
Link,home battery discharger,LT0 0,low voltage,2000.64155
Link,home battery discharger,LU0 0,home battery,-1344.21236
Link,home battery discharger,LU0 0,low voltage,1317.05375
Link,home battery discharger,LV0 0,home battery,-2122.64697
Link,home battery discharger,LV0 0,low voltage,2079.76079
Link,home battery discharger,ME0 0,home battery,-1535.74409
Link,home battery discharger,ME0 0,low voltage,1504.71576
Link,home battery discharger,MK0 0,home battery,-1463.99151
Link,home battery discharger,MK0 0,low voltage,1434.41287
Link,home battery discharger,NL0 0,home battery,-2128.72569
Link,home battery discharger,NL0 0,low voltage,2085.71669
Link,home battery discharger,NO1 0,home battery,-2261.9083
Link,home battery discharger,NO1 0,low voltage,2216.20847
Link,home battery discharger,PL0 0,home battery,-2062.55554
Link,home battery discharger,PL0 0,low voltage,2020.88345
Link,home battery discharger,PT0 0,home battery,-2238.83198
Link,home battery discharger,PT0 0,low voltage,2193.59839
Link,home battery discharger,RO0 0,home battery,-2100.26105
Link,home battery discharger,RO0 0,low voltage,2057.82716
Link,home battery discharger,RS0 0,home battery,-1702.75405
Link,home battery discharger,RS0 0,low voltage,1668.35143
Link,home battery discharger,SE1 0,home battery,-2143.55258
Link,home battery discharger,SE1 0,low voltage,2100.24402
Link,home battery discharger,SI0 0,home battery,-1631.57944
Link,home battery discharger,SI0 0,low voltage,1598.61484
Link,home battery discharger,SK0 0,home battery,-1770.24573
Link,home battery discharger,SK0 0,low voltage,1734.4795
Link,home battery discharger,XK0 0,home battery,-1338.2865
Link,home battery discharger,XK0 0,low voltage,1311.24762
Link,residential rural air heat pump,AL0 0,low voltage,-34636.74008
Link,residential rural air heat pump,AL0 0,residential rural heat,89145.40589
Link,residential rural air heat pump,AT0 0,low voltage,-83246.15866
Link,residential rural air heat pump,AT0 0,residential rural heat,195543.13081
Link,residential rural air heat pump,BA0 0,low voltage,-84940.7228
Link,residential rural air heat pump,BA0 0,residential rural heat,195856.41882
Link,residential rural air heat pump,BE0 0,low voltage,-2332.73211
Link,residential rural air heat pump,BE0 0,residential rural heat,6077.21607
Link,residential rural air heat pump,BG0 0,low voltage,-69163.99178
Link,residential rural air heat pump,BG0 0,residential rural heat,183744.30356
Link,residential rural air heat pump,CH0 0,low voltage,-59202.36172
Link,residential rural air heat pump,CH0 0,residential rural heat,133001.18961
Link,residential rural air heat pump,CZ0 0,low voltage,-41770.03358
Link,residential rural air heat pump,CZ0 0,residential rural heat,109717.94086
Link,residential rural air heat pump,DE0 0,low voltage,-59802.38378
Link,residential rural air heat pump,DE0 0,residential rural heat,165341.14633
Link,residential rural air heat pump,DE0 1,low voltage,-57395.19484
Link,residential rural air heat pump,DE0 1,residential rural heat,150972.44992
Link,residential rural air heat pump,DK0 0,low voltage,-11846.3297
Link,residential rural air heat pump,DK0 0,residential rural heat,30110.54304
Link,residential rural air heat pump,DK1 0,low voltage,-13542.9877
Link,residential rural air heat pump,DK1 0,residential rural heat,34386.04679
Link,residential rural air heat pump,EE0 0,low voltage,-35143.7831
Link,residential rural air heat pump,EE0 0,residential rural heat,87161.98113
Link,residential rural air heat pump,ES0 0,low voltage,-897617.78516
Link,residential rural air heat pump,ES0 0,residential rural heat,2441110.86759
Link,residential rural air heat pump,ES6 0,low voltage,-26759.34922
Link,residential rural air heat pump,ES6 0,residential rural heat,75096.55653
Link,residential rural air heat pump,FI1 0,low voltage,-48129.38948
Link,residential rural air heat pump,FI1 0,residential rural heat,111264.63806
Link,residential rural air heat pump,FR0 0,low voltage,-601658.41976
Link,residential rural air heat pump,FR0 0,residential rural heat,1442197.60522
Link,residential rural air heat pump,FR5 0,low voltage,-55543.26395
Link,residential rural air heat pump,FR5 0,residential rural heat,142125.87481
Link,residential rural air heat pump,GB2 0,low voltage,-197809.37441
Link,residential rural air heat pump,GB2 0,residential rural heat,530801.63706
Link,residential rural air heat pump,GB3 0,low voltage,-73308.2072
Link,residential rural air heat pump,GB3 0,residential rural heat,177952.97304
Link,residential rural air heat pump,GR0 0,low voltage,-114604.7968
Link,residential rural air heat pump,GR0 0,residential rural heat,292709.6752
Link,residential rural air heat pump,HR0 0,low voltage,-92330.8759
Link,residential rural air heat pump,HR0 0,residential rural heat,217649.72281
Link,residential rural air heat pump,HU0 0,low voltage,-74434.64306
Link,residential rural air heat pump,HU0 0,residential rural heat,206307.60535
Link,residential rural air heat pump,IE3 0,low voltage,-83492.60044
Link,residential rural air heat pump,IE3 0,residential rural heat,200236.9023
Link,residential rural air heat pump,IT0 0,low voltage,-724034.56761
Link,residential rural air heat pump,IT0 0,residential rural heat,1590396.844
Link,residential rural air heat pump,IT4 0,low voltage,-138618.67297
Link,residential rural air heat pump,IT4 0,residential rural heat,354941.63222
Link,residential rural air heat pump,LT0 0,low voltage,-28853.7244
Link,residential rural air heat pump,LT0 0,residential rural heat,72256.1731
Link,residential rural air heat pump,LU0 0,low voltage,-2920.9392
Link,residential rural air heat pump,LU0 0,residential rural heat,7304.14596
Link,residential rural air heat pump,LV0 0,low voltage,-39976.77356
Link,residential rural air heat pump,LV0 0,residential rural heat,103024.26766
Link,residential rural air heat pump,ME0 0,low voltage,-21262.62576
Link,residential rural air heat pump,ME0 0,residential rural heat,52897.12994
Link,residential rural air heat pump,MK0 0,low voltage,-39963.54759
Link,residential rural air heat pump,MK0 0,residential rural heat,98715.3442
Link,residential rural air heat pump,NL0 0,low voltage,-22836.25659
Link,residential rural air heat pump,NL0 0,residential rural heat,61241.66714
Link,residential rural air heat pump,NO1 0,low voltage,-50457.37061
Link,residential rural air heat pump,NO1 0,residential rural heat,115160.41629
Link,residential rural air heat pump,PL0 0,low voltage,-432928.58568
Link,residential rural air heat pump,PL0 0,residential rural heat,1271927.11101
Link,residential rural air heat pump,PT0 0,low voltage,-291046.0706
Link,residential rural air heat pump,PT0 0,residential rural heat,748010.34726
Link,residential rural air heat pump,RO0 0,low voltage,-299918.86115
Link,residential rural air heat pump,RO0 0,residential rural heat,877714.32871
Link,residential rural air heat pump,RS0 0,low voltage,-137783.60867
Link,residential rural air heat pump,RS0 0,residential rural heat,382588.79482
Link,residential rural air heat pump,SE1 0,low voltage,-52988.70289
Link,residential rural air heat pump,SE1 0,residential rural heat,125551.9004
Link,residential rural air heat pump,SI0 0,low voltage,-73412.29675
Link,residential rural air heat pump,SI0 0,residential rural heat,187977.56674
Link,residential rural air heat pump,SK0 0,low voltage,-47772.30191
Link,residential rural air heat pump,SK0 0,residential rural heat,125528.05495
Link,residential rural air heat pump,XK0 0,low voltage,-30843.04455
Link,residential rural air heat pump,XK0 0,residential rural heat,78929.18955
Link,residential rural ground heat pump,AL0 0,low voltage,-255343.1821
Link,residential rural ground heat pump,AL0 0,residential rural heat,924511.0744
Link,residential rural ground heat pump,AT0 0,low voltage,-7038808.57567
Link,residential rural ground heat pump,AT0 0,residential rural heat,22315951.9459
Link,residential rural ground heat pump,BA0 0,low voltage,-1134970.60213
Link,residential rural ground heat pump,BA0 0,residential rural heat,3877173.43969
Link,residential rural ground heat pump,BE0 0,low voltage,-899726.06574
Link,residential rural ground heat pump,BE0 0,residential rural heat,2991301.0482
Link,residential rural ground heat pump,BG0 0,low voltage,-798163.4576
Link,residential rural ground heat pump,BG0 0,residential rural heat,2804295.20478
Link,residential rural ground heat pump,CH0 0,low voltage,-2979760.72153
Link,residential rural ground heat pump,CH0 0,residential rural heat,9284361.62417
Link,residential rural ground heat pump,CZ0 0,low voltage,-4656397.68429
Link,residential rural ground heat pump,CZ0 0,residential rural heat,14988331.20066
Link,residential rural ground heat pump,DE0 0,low voltage,-12511184.3459
Link,residential rural ground heat pump,DE0 0,residential rural heat,40858027.26805
Link,residential rural ground heat pump,DE0 1,low voltage,-21719092.82902
Link,residential rural ground heat pump,DE0 1,residential rural heat,70264743.2583
Link,residential rural ground heat pump,DK0 0,low voltage,-749286.4183
Link,residential rural ground heat pump,DK0 0,residential rural heat,2362927.23407
Link,residential rural ground heat pump,DK1 0,low voltage,-321279.95388
Link,residential rural ground heat pump,DK1 0,residential rural heat,1013302.46773
Link,residential rural ground heat pump,EE0 0,low voltage,-632614.18881
Link,residential rural ground heat pump,EE0 0,residential rural heat,1933368.59253
Link,residential rural ground heat pump,ES0 0,low voltage,-3192108.74984
Link,residential rural ground heat pump,ES0 0,residential rural heat,11829555.74209
Link,residential rural ground heat pump,ES6 0,low voltage,-5581.33789
Link,residential rural ground heat pump,ES6 0,residential rural heat,23776.36825
Link,residential rural ground heat pump,FI1 0,low voltage,-2591757.66004
Link,residential rural ground heat pump,FI1 0,residential rural heat,7727282.34233
Link,residential rural ground heat pump,FR0 0,low voltage,-19761722.76083
Link,residential rural ground heat pump,FR0 0,residential rural heat,67876136.8907
Link,residential rural ground heat pump,FR5 0,low voltage,-379871.27699
Link,residential rural ground heat pump,FR5 0,residential rural heat,1381260.88862
Link,residential rural ground heat pump,GB2 0,low voltage,-11671544.87608
Link,residential rural ground heat pump,GB2 0,residential rural heat,38450889.09229
Link,residential rural ground heat pump,GB3 0,low voltage,-1400573.58738
Link,residential rural ground heat pump,GB3 0,residential rural heat,4640010.57197
Link,residential rural ground heat pump,GR0 0,low voltage,-830228.34375
Link,residential rural ground heat pump,GR0 0,residential rural heat,3167822.60372
Link,residential rural ground heat pump,HR0 0,low voltage,-1749979.29907
Link,residential rural ground heat pump,HR0 0,residential rural heat,6087185.99805
Link,residential rural ground heat pump,HU0 0,low voltage,-3607757.90601
Link,residential rural ground heat pump,HU0 0,residential rural heat,12352693.44106
Link,residential rural ground heat pump,IE3 0,low voltage,-2146452.95092
Link,residential rural ground heat pump,IE3 0,residential rural heat,7201493.95865
Link,residential rural ground heat pump,IT0 0,low voltage,-16358264.53174
Link,residential rural ground heat pump,IT0 0,residential rural heat,58543637.89668
Link,residential rural ground heat pump,IT4 0,low voltage,-1079570.92376
Link,residential rural ground heat pump,IT4 0,residential rural heat,4144272.95374
Link,residential rural ground heat pump,LT0 0,low voltage,-1069076.84864
Link,residential rural ground heat pump,LT0 0,residential rural heat,3327157.8082
Link,residential rural ground heat pump,LU0 0,low voltage,-91447.61072
Link,residential rural ground heat pump,LU0 0,residential rural heat,299113.27723
Link,residential rural ground heat pump,LV0 0,low voltage,-930983.05768
Link,residential rural ground heat pump,LV0 0,residential rural heat,2894369.016
Link,residential rural ground heat pump,ME0 0,low voltage,-122023.17105
Link,residential rural ground heat pump,ME0 0,residential rural heat,414500.6388
Link,residential rural ground heat pump,MK0 0,low voltage,-345972.71179
Link,residential rural ground heat pump,MK0 0,residential rural heat,1200412.66506
Link,residential rural ground heat pump,NL0 0,low voltage,-1437709.23343
Link,residential rural ground heat pump,NL0 0,residential rural heat,4753256.24457
Link,residential rural ground heat pump,NO1 0,low voltage,-1737843.66748
Link,residential rural ground heat pump,NO1 0,residential rural heat,5110476.17973
Link,residential rural ground heat pump,PL0 0,low voltage,-19963098.95705
Link,residential rural ground heat pump,PL0 0,residential rural heat,63713400.88659
Link,residential rural ground heat pump,PT0 0,low voltage,-762044.90059
Link,residential rural ground heat pump,PT0 0,residential rural heat,2952615.18944
Link,residential rural ground heat pump,RO0 0,low voltage,-6511401.19382
Link,residential rural ground heat pump,RO0 0,residential rural heat,21938433.06752
Link,residential rural ground heat pump,RS0 0,low voltage,-2266421.34835
Link,residential rural ground heat pump,RS0 0,residential rural heat,7851507.41218
Link,residential rural ground heat pump,SE1 0,low voltage,-3260427.64459
Link,residential rural ground heat pump,SE1 0,residential rural heat,9640207.6218
Link,residential rural ground heat pump,SI0 0,low voltage,-1118013.46825
Link,residential rural ground heat pump,SI0 0,residential rural heat,3712612.72333
Link,residential rural ground heat pump,SK0 0,low voltage,-2656288.58922
Link,residential rural ground heat pump,SK0 0,residential rural heat,8622300.4116
Link,residential rural ground heat pump,XK0 0,low voltage,-276957.3439
Link,residential rural ground heat pump,XK0 0,residential rural heat,961871.6868
Link,residential urban decentral air heat pump,AL0 0,low voltage,-259120.02113
Link,residential urban decentral air heat pump,AL0 0,residential urban decentral heat,650242.82483
Link,residential urban decentral air heat pump,AT0 0,low voltage,-5893812.72738
Link,residential urban decentral air heat pump,AT0 0,residential urban decentral heat,12559927.53289
Link,residential urban decentral air heat pump,BA0 0,low voltage,-709021.61942
Link,residential urban decentral air heat pump,BA0 0,residential urban decentral heat,1615355.13924
Link,residential urban decentral air heat pump,BE0 0,low voltage,-11061858.959
Link,residential urban decentral air heat pump,BE0 0,residential urban decentral heat,25012544.93806
Link,residential urban decentral air heat pump,BG0 0,low voltage,-1581761.60758
Link,residential urban decentral air heat pump,BG0 0,residential urban decentral heat,3683632.30014
Link,residential urban decentral air heat pump,CH0 0,low voltage,-7111362.53513
Link,residential urban decentral air heat pump,CH0 0,residential urban decentral heat,14601171.3061
Link,residential urban decentral air heat pump,CZ0 0,low voltage,-7614020.91157
Link,residential urban decentral air heat pump,CZ0 0,residential urban decentral heat,16445753.10072
Link,residential urban decentral air heat pump,DE0 0,low voltage,-50045517.84798
Link,residential urban decentral air heat pump,DE0 0,residential urban decentral heat,111874153.52835
Link,residential urban decentral air heat pump,DE0 1,low voltage,-21292966.36737
Link,residential urban decentral air heat pump,DE0 1,residential urban decentral heat,46761071.65938
Link,residential urban decentral air heat pump,DK0 0,low voltage,-4528744.49233
Link,residential urban decentral air heat pump,DK0 0,residential urban decentral heat,10176889.91948
Link,residential urban decentral air heat pump,DK1 0,low voltage,-2675325.98904
Link,residential urban decentral air heat pump,DK1 0,residential urban decentral heat,6012960.93967
Link,residential urban decentral air heat pump,EE0 0,low voltage,-977471.42959
Link,residential urban decentral air heat pump,EE0 0,residential urban decentral heat,1951226.70047
Link,residential urban decentral air heat pump,ES0 0,low voltage,-9351366.73816
Link,residential urban decentral air heat pump,ES0 0,residential urban decentral heat,23924877.43089
Link,residential urban decentral air heat pump,ES6 0,low voltage,-158845.23879
Link,residential urban decentral air heat pump,ES6 0,residential urban decentral heat,452952.29287
Link,residential urban decentral air heat pump,FI1 0,low voltage,-10031856.222
Link,residential urban decentral air heat pump,FI1 0,residential urban decentral heat,18887927.21518
Link,residential urban decentral air heat pump,FR0 0,low voltage,-50813518.5807
Link,residential urban decentral air heat pump,FR0 0,residential urban decentral heat,118805817.18701
Link,residential urban decentral air heat pump,FR5 0,low voltage,0.0
Link,residential urban decentral air heat pump,FR5 0,residential urban decentral heat,0.0
Link,residential urban decentral air heat pump,GB2 0,low voltage,-40347525.66441
Link,residential urban decentral air heat pump,GB2 0,residential urban decentral heat,95802755.03117
Link,residential urban decentral air heat pump,GB3 0,low voltage,-452956.43878
Link,residential urban decentral air heat pump,GB3 0,residential urban decentral heat,1094258.59662
Link,residential urban decentral air heat pump,GR0 0,low voltage,-2396705.30807
Link,residential urban decentral air heat pump,GR0 0,residential urban decentral heat,6213416.95113
Link,residential urban decentral air heat pump,HR0 0,low voltage,-1534000.2373
Link,residential urban decentral air heat pump,HR0 0,residential urban decentral heat,3545697.9382
Link,residential urban decentral air heat pump,HU0 0,low voltage,-5403945.95473
Link,residential urban decentral air heat pump,HU0 0,residential urban decentral heat,12121514.4434
Link,residential urban decentral air heat pump,IE3 0,low voltage,-2337876.87365
Link,residential urban decentral air heat pump,IE3 0,residential urban decentral heat,5689103.39005
Link,residential urban decentral air heat pump,IT0 0,low voltage,-27632659.25486
Link,residential urban decentral air heat pump,IT0 0,residential urban decentral heat,67257291.94526
Link,residential urban decentral air heat pump,IT4 0,low voltage,-201166.13523
Link,residential urban decentral air heat pump,IT4 0,residential urban decentral heat,521738.69374
Link,residential urban decentral air heat pump,LT0 0,low voltage,-1503638.33226
Link,residential urban decentral air heat pump,LT0 0,residential urban decentral heat,3024095.68668
Link,residential urban decentral air heat pump,LU0 0,low voltage,-618500.23141
Link,residential urban decentral air heat pump,LU0 0,residential urban decentral heat,1355940.94854
Link,residential urban decentral air heat pump,LV0 0,low voltage,-1221304.36754
Link,residential urban decentral air heat pump,LV0 0,residential urban decentral heat,2471552.86456
Link,residential urban decentral air heat pump,ME0 0,low voltage,-149846.24962
Link,residential urban decentral air heat pump,ME0 0,residential urban decentral heat,346416.98159
Link,residential urban decentral air heat pump,MK0 0,low voltage,-338761.04222
Link,residential urban decentral air heat pump,MK0 0,residential urban decentral heat,775597.71954
Link,residential urban decentral air heat pump,NL0 0,low voltage,-14092613.95685
Link,residential urban decentral air heat pump,NL0 0,residential urban decentral heat,32342227.78158
Link,residential urban decentral air heat pump,NO1 0,low voltage,-5427977.89078
Link,residential urban decentral air heat pump,NO1 0,residential urban decentral heat,10575244.68805
Link,residential urban decentral air heat pump,PL0 0,low voltage,-18375177.87477
Link,residential urban decentral air heat pump,PL0 0,residential urban decentral heat,39257335.21109
Link,residential urban decentral air heat pump,PT0 0,low voltage,-1074471.43594
Link,residential urban decentral air heat pump,PT0 0,residential urban decentral heat,2903166.63116
Link,residential urban decentral air heat pump,RO0 0,low voltage,-5030153.56702
Link,residential urban decentral air heat pump,RO0 0,residential urban decentral heat,11068783.9565
Link,residential urban decentral air heat pump,RS0 0,low voltage,-1857631.40457
Link,residential urban decentral air heat pump,RS0 0,residential urban decentral heat,4233711.09767
Link,residential urban decentral air heat pump,SE1 0,low voltage,-14688102.70364
Link,residential urban decentral air heat pump,SE1 0,residential urban decentral heat,28358313.77033
Link,residential urban decentral air heat pump,SI0 0,low voltage,-936728.44354
Link,residential urban decentral air heat pump,SI0 0,residential urban decentral heat,2097597.22804
Link,residential urban decentral air heat pump,SK0 0,low voltage,-2266541.11966
Link,residential urban decentral air heat pump,SK0 0,residential urban decentral heat,4868388.11238
Link,residential urban decentral air heat pump,XK0 0,low voltage,-296562.0621
Link,residential urban decentral air heat pump,XK0 0,residential urban decentral heat,670569.96147
Link,services rural air heat pump,AL0 0,low voltage,-19916.14627
Link,services rural air heat pump,AL0 0,services rural heat,50207.98233
Link,services rural air heat pump,AT0 0,low voltage,-39574.2165
Link,services rural air heat pump,AT0 0,services rural heat,95937.24858
Link,services rural air heat pump,BA0 0,low voltage,-35299.63486
Link,services rural air heat pump,BA0 0,services rural heat,85036.56653
Link,services rural air heat pump,BE0 0,low voltage,-1353.75799
Link,services rural air heat pump,BE0 0,services rural heat,3494.69998
Link,services rural air heat pump,BG0 0,low voltage,-30094.15865
Link,services rural air heat pump,BG0 0,services rural heat,78170.7631
Link,services rural air heat pump,CH0 0,low voltage,-46243.08855
Link,services rural air heat pump,CH0 0,services rural heat,109433.33364
Link,services rural air heat pump,CZ0 0,low voltage,-31891.39413
Link,services rural air heat pump,CZ0 0,services rural heat,85801.27433
Link,services rural air heat pump,DE0 0,low voltage,-23678.66455
Link,services rural air heat pump,DE0 0,services rural heat,63498.41831
Link,services rural air heat pump,DE0 1,low voltage,-41342.29864
Link,services rural air heat pump,DE0 1,services rural heat,112701.17406
Link,services rural air heat pump,DK0 0,low voltage,-3620.74053
Link,services rural air heat pump,DK0 0,services rural heat,9169.72387
Link,services rural air heat pump,DK1 0,low voltage,-4326.9965
Link,services rural air heat pump,DK1 0,services rural heat,10851.16758
Link,services rural air heat pump,EE0 0,low voltage,-18264.73906
Link,services rural air heat pump,EE0 0,services rural heat,43050.91356
Link,services rural air heat pump,ES0 0,low voltage,-333178.09678
Link,services rural air heat pump,ES0 0,services rural heat,845416.49557
Link,services rural air heat pump,ES6 0,low voltage,-10424.2161
Link,services rural air heat pump,ES6 0,services rural heat,29154.70481
Link,services rural air heat pump,FI1 0,low voltage,-31255.93287
Link,services rural air heat pump,FI1 0,services rural heat,72060.17444
Link,services rural air heat pump,FR0 0,low voltage,-178880.46044
Link,services rural air heat pump,FR0 0,services rural heat,388911.48404
Link,services rural air heat pump,FR5 0,low voltage,-26879.8676
Link,services rural air heat pump,FR5 0,services rural heat,70121.07528
Link,services rural air heat pump,GB2 0,low voltage,-78588.43452
Link,services rural air heat pump,GB2 0,services rural heat,201761.36895
Link,services rural air heat pump,GB3 0,low voltage,-52368.35139
Link,services rural air heat pump,GB3 0,services rural heat,130013.40236
Link,services rural air heat pump,GR0 0,low voltage,-94371.55641
Link,services rural air heat pump,GR0 0,services rural heat,262926.76132
Link,services rural air heat pump,HR0 0,low voltage,-37181.71051
Link,services rural air heat pump,HR0 0,services rural heat,97199.49972
Link,services rural air heat pump,HU0 0,low voltage,-37197.96655
Link,services rural air heat pump,HU0 0,services rural heat,101652.69142
Link,services rural air heat pump,IE3 0,low voltage,-58151.98983
Link,services rural air heat pump,IE3 0,services rural heat,143227.68179
Link,services rural air heat pump,IT0 0,low voltage,-596377.76852
Link,services rural air heat pump,IT0 0,services rural heat,1511871.4527
Link,services rural air heat pump,IT4 0,low voltage,-87891.96674
Link,services rural air heat pump,IT4 0,services rural heat,228558.98495
Link,services rural air heat pump,LT0 0,low voltage,-9765.86169
Link,services rural air heat pump,LT0 0,services rural heat,23665.96853
Link,services rural air heat pump,LU0 0,low voltage,-1797.69261
Link,services rural air heat pump,LU0 0,services rural heat,4520.12
Link,services rural air heat pump,LV0 0,low voltage,-21667.24519
Link,services rural air heat pump,LV0 0,services rural heat,52858.89809
Link,services rural air heat pump,ME0 0,low voltage,-2391.23345
Link,services rural air heat pump,ME0 0,services rural heat,6071.44472
Link,services rural air heat pump,MK0 0,low voltage,-20477.80823
Link,services rural air heat pump,MK0 0,services rural heat,51186.91445
Link,services rural air heat pump,NL0 0,low voltage,-18859.83822
Link,services rural air heat pump,NL0 0,services rural heat,50444.1514
Link,services rural air heat pump,NO1 0,low voltage,-37910.17535
Link,services rural air heat pump,NO1 0,services rural heat,83916.63903
Link,services rural air heat pump,PL0 0,low voltage,-155977.67428
Link,services rural air heat pump,PL0 0,services rural heat,448689.23095
Link,services rural air heat pump,PT0 0,low voltage,-379480.62468
Link,services rural air heat pump,PT0 0,services rural heat,966750.52144
Link,services rural air heat pump,RO0 0,low voltage,-66439.88854
Link,services rural air heat pump,RO0 0,services rural heat,187540.99974
Link,services rural air heat pump,RS0 0,low voltage,-51300.8688
Link,services rural air heat pump,RS0 0,services rural heat,137534.52391
Link,services rural air heat pump,SE1 0,low voltage,-28409.72006
Link,services rural air heat pump,SE1 0,services rural heat,65466.84256
Link,services rural air heat pump,SI0 0,low voltage,-32065.93492
Link,services rural air heat pump,SI0 0,services rural heat,80666.22831
Link,services rural air heat pump,SK0 0,low voltage,-34436.63658
Link,services rural air heat pump,SK0 0,services rural heat,91368.57812
Link,services rural air heat pump,XK0 0,low voltage,-10333.63399
Link,services rural air heat pump,XK0 0,services rural heat,26156.64796
Link,services rural ground heat pump,AL0 0,low voltage,-92021.73193
Link,services rural ground heat pump,AL0 0,services rural heat,329199.13333
Link,services rural ground heat pump,AT0 0,low voltage,-2261702.22356
Link,services rural ground heat pump,AT0 0,services rural heat,7166662.9709
Link,services rural ground heat pump,BA0 0,low voltage,-301857.59089
Link,services rural ground heat pump,BA0 0,services rural heat,1029074.67721
Link,services rural ground heat pump,BE0 0,low voltage,-400383.63649
Link,services rural ground heat pump,BE0 0,services rural heat,1330779.67257
Link,services rural ground heat pump,BG0 0,low voltage,-295178.96277
Link,services rural ground heat pump,BG0 0,services rural heat,1035564.23148
Link,services rural ground heat pump,CH0 0,low voltage,-1320385.33747
Link,services rural ground heat pump,CH0 0,services rural heat,4109478.90745
Link,services rural ground heat pump,CZ0 0,low voltage,-1471591.51078
Link,services rural ground heat pump,CZ0 0,services rural heat,4725134.59956
Link,services rural ground heat pump,DE0 0,low voltage,-4663326.1989
Link,services rural ground heat pump,DE0 0,services rural heat,15199847.49314
Link,services rural ground heat pump,DE0 1,low voltage,-8080040.79029
Link,services rural ground heat pump,DE0 1,services rural heat,26086498.64788
Link,services rural ground heat pump,DK0 0,low voltage,-200866.25773
Link,services rural ground heat pump,DK0 0,services rural heat,629044.469
Link,services rural ground heat pump,DK1 0,low voltage,-85900.63294
Link,services rural ground heat pump,DK1 0,services rural heat,268563.42674
Link,services rural ground heat pump,EE0 0,low voltage,-212467.42
Link,services rural ground heat pump,EE0 0,services rural heat,647357.04587
Link,services rural ground heat pump,ES0 0,low voltage,-1442393.64591
Link,services rural ground heat pump,ES0 0,services rural heat,5343744.10981
Link,services rural ground heat pump,ES6 0,low voltage,-3267.30438
Link,services rural ground heat pump,ES6 0,services rural heat,13726.29211
Link,services rural ground heat pump,FI1 0,low voltage,-875206.40188
Link,services rural ground heat pump,FI1 0,services rural heat,2604515.92816
Link,services rural ground heat pump,FR0 0,low voltage,-7197081.72738
Link,services rural ground heat pump,FR0 0,services rural heat,24752139.27569
Link,services rural ground heat pump,FR5 0,low voltage,-132525.24956
Link,services rural ground heat pump,FR5 0,services rural heat,482395.7188
Link,services rural ground heat pump,GB2 0,low voltage,-4089912.38012
Link,services rural ground heat pump,GB2 0,services rural heat,13450666.25412
Link,services rural ground heat pump,GB3 0,low voltage,-471096.55992
Link,services rural ground heat pump,GB3 0,services rural heat,1557365.91234
Link,services rural ground heat pump,GR0 0,low voltage,-366066.27774
Link,services rural ground heat pump,GR0 0,services rural heat,1392965.10489
Link,services rural ground heat pump,HR0 0,low voltage,-376955.94691
Link,services rural ground heat pump,HR0 0,services rural heat,1316006.0656
Link,services rural ground heat pump,HU0 0,low voltage,-1155825.51623
Link,services rural ground heat pump,HU0 0,services rural heat,3953121.93902
Link,services rural ground heat pump,IE3 0,low voltage,-868127.05312
Link,services rural ground heat pump,IE3 0,services rural heat,2904292.43662
Link,services rural ground heat pump,IT0 0,low voltage,-8489814.9587
Link,services rural ground heat pump,IT0 0,services rural heat,30307293.97443
Link,services rural ground heat pump,IT4 0,low voltage,-561917.39111
Link,services rural ground heat pump,IT4 0,services rural heat,2152143.62082
Link,services rural ground heat pump,LT0 0,low voltage,-282508.65996
Link,services rural ground heat pump,LT0 0,services rural heat,882601.67082
Link,services rural ground heat pump,LU0 0,low voltage,-61081.76014
Link,services rural ground heat pump,LU0 0,services rural heat,200114.19807
Link,services rural ground heat pump,LV0 0,low voltage,-356968.38532
Link,services rural ground heat pump,LV0 0,services rural heat,1102383.46331
Link,services rural ground heat pump,ME0 0,low voltage,-14251.24693
Link,services rural ground heat pump,ME0 0,services rural heat,49045.31245
Link,services rural ground heat pump,MK0 0,low voltage,-110601.5661
Link,services rural ground heat pump,MK0 0,services rural heat,384065.78717
Link,services rural ground heat pump,NL0 0,low voltage,-771593.27485
Link,services rural ground heat pump,NL0 0,services rural heat,2545306.66938
Link,services rural ground heat pump,NO1 0,low voltage,-1401662.89078
Link,services rural ground heat pump,NO1 0,services rural heat,4119543.93225
Link,services rural ground heat pump,PL0 0,low voltage,-5567790.93771
Link,services rural ground heat pump,PL0 0,services rural heat,17721346.64576
Link,services rural ground heat pump,PT0 0,low voltage,-679516.42953
Link,services rural ground heat pump,PT0 0,services rural heat,2597400.61195
Link,services rural ground heat pump,RO0 0,low voltage,-1284514.37204
Link,services rural ground heat pump,RO0 0,services rural heat,4338204.98676
Link,services rural ground heat pump,RS0 0,low voltage,-560191.63837
Link,services rural ground heat pump,RS0 0,services rural heat,1935554.87466
Link,services rural ground heat pump,SE1 0,low voltage,-960042.63465
Link,services rural ground heat pump,SE1 0,services rural heat,2839796.13236
Link,services rural ground heat pump,SI0 0,low voltage,-328261.20565
Link,services rural ground heat pump,SI0 0,services rural heat,1088012.34996
Link,services rural ground heat pump,SK0 0,low voltage,-1426752.43745
Link,services rural ground heat pump,SK0 0,services rural heat,4624011.54351
Link,services rural ground heat pump,XK0 0,low voltage,-70851.76811
Link,services rural ground heat pump,XK0 0,services rural heat,246411.04306
Link,services urban decentral air heat pump,AL0 0,low voltage,-100198.05919
Link,services urban decentral air heat pump,AL0 0,services urban decentral heat,243382.99951
Link,services urban decentral air heat pump,AT0 0,low voltage,-1903766.19894
Link,services urban decentral air heat pump,AT0 0,services urban decentral heat,4052051.28074
Link,services urban decentral air heat pump,BA0 0,low voltage,-194705.28371
Link,services urban decentral air heat pump,BA0 0,services urban decentral heat,441854.19351
Link,services urban decentral air heat pump,BE0 0,low voltage,-4927839.95079
Link,services urban decentral air heat pump,BE0 0,services urban decentral heat,11134262.93265
Link,services urban decentral air heat pump,BG0 0,low voltage,-591306.02013
Link,services urban decentral air heat pump,BG0 0,services urban decentral heat,1373004.00092
Link,services urban decentral air heat pump,CH0 0,low voltage,-3198477.566
Link,services urban decentral air heat pump,CH0 0,services urban decentral heat,6541221.95096
Link,services urban decentral air heat pump,CZ0 0,low voltage,-2440935.31428
Link,services urban decentral air heat pump,CZ0 0,services urban decentral heat,5240376.60919
Link,services urban decentral air heat pump,DE0 0,low voltage,-18720796.78358
Link,services urban decentral air heat pump,DE0 0,services urban decentral heat,41624419.687
Link,services urban decentral air heat pump,DE0 1,low voltage,-7967585.50919
Link,services urban decentral air heat pump,DE0 1,services urban decentral heat,17398142.5591
Link,services urban decentral air heat pump,DK0 0,low voltage,-1222374.98524
Link,services urban decentral air heat pump,DK0 0,services urban decentral heat,2714138.34251
Link,services urban decentral air heat pump,DK1 0,low voltage,-722655.35842
Link,services urban decentral air heat pump,DK1 0,services urban decentral heat,1603634.11292
Link,services urban decentral air heat pump,EE0 0,low voltage,-335678.95812
Link,services urban decentral air heat pump,EE0 0,services urban decentral heat,666727.07764
Link,services urban decentral air heat pump,ES0 0,low voltage,-4077099.68434
Link,services urban decentral air heat pump,ES0 0,services urban decentral heat,10376173.2324
Link,services urban decentral air heat pump,ES6 0,low voltage,-69277.9883
Link,services urban decentral air heat pump,ES6 0,services urban decentral heat,196444.53646
Link,services urban decentral air heat pump,FI1 0,low voltage,-3450698.11615
Link,services urban decentral air heat pump,FI1 0,services urban decentral heat,6449533.91722
Link,services urban decentral air heat pump,FR0 0,low voltage,-18361460.7171
Link,services urban decentral air heat pump,FR0 0,services urban decentral heat,43089654.44959
Link,services urban decentral air heat pump,FR5 0,low voltage,0.0
Link,services urban decentral air heat pump,FR5 0,services urban decentral heat,0.0
Link,services urban decentral air heat pump,GB2 0,low voltage,-14188348.14546
Link,services urban decentral air heat pump,GB2 0,services urban decentral heat,33552679.59603
Link,services urban decentral air heat pump,GB3 0,low voltage,-159218.50255
Link,services urban decentral air heat pump,GB3 0,services urban decentral heat,383238.54127
Link,services urban decentral air heat pump,GR0 0,low voltage,-1146234.62553
Link,services urban decentral air heat pump,GR0 0,services urban decentral heat,2973168.79643
Link,services urban decentral air heat pump,HR0 0,low voltage,-338489.9336
Link,services urban decentral air heat pump,HR0 0,services urban decentral heat,794755.05486
Link,services urban decentral air heat pump,HU0 0,low voltage,-1747294.45176
Link,services urban decentral air heat pump,HU0 0,services urban decentral heat,3913528.5574
Link,services urban decentral air heat pump,IE3 0,low voltage,-968333.92427
Link,services urban decentral air heat pump,IE3 0,services urban decentral heat,2342378.74392
Link,services urban decentral air heat pump,IT0 0,low voltage,-14689286.44609
Link,services urban decentral air heat pump,IT0 0,services urban decentral heat,35588347.06196
Link,services urban decentral air heat pump,IT4 0,low voltage,-106982.1971
Link,services urban decentral air heat pump,IT4 0,services urban decentral heat,276071.44403
Link,services urban decentral air heat pump,LT0 0,low voltage,-395981.4755
Link,services urban decentral air heat pump,LT0 0,services urban decentral heat,806209.56265
Link,services urban decentral air heat pump,LU0 0,low voltage,-410961.27488
Link,services urban decentral air heat pump,LU0 0,services urban decentral heat,905536.14237
Link,services urban decentral air heat pump,LV0 0,low voltage,-478765.99524
Link,services urban decentral air heat pump,LV0 0,services urban decentral heat,952575.22033
Link,services urban decentral air heat pump,ME0 0,low voltage,-16897.79158
Link,services urban decentral air heat pump,ME0 0,services urban decentral heat,40850.38896
Link,services urban decentral air heat pump,MK0 0,low voltage,-112776.25388
Link,services urban decentral air heat pump,MK0 0,services urban decentral heat,259851.99333
Link,services urban decentral air heat pump,NL0 0,low voltage,-7631833.35891
Link,services urban decentral air heat pump,NL0 0,services urban decentral heat,17437407.98096
Link,services urban decentral air heat pump,NO1 0,low voltage,-4376583.51642
Link,services urban decentral air heat pump,NO1 0,services urban decentral heat,8506642.82925
Link,services urban decentral air heat pump,PL0 0,low voltage,-5166631.01714
Link,services urban decentral air heat pump,PL0 0,services urban decentral heat,10976434.39202
Link,services urban decentral air heat pump,PT0 0,low voltage,-1067153.65849
Link,services urban decentral air heat pump,PT0 0,services urban decentral heat,2796101.50669
Link,services urban decentral air heat pump,RO0 0,low voltage,-988467.09045
Link,services urban decentral air heat pump,RO0 0,services urban decentral heat,2195572.44686
Link,services urban decentral air heat pump,RS0 0,low voltage,-470418.32411
Link,services urban decentral air heat pump,RS0 0,services urban decentral heat,1065916.81376
Link,services urban decentral air heat pump,SE1 0,low voltage,-4355706.45803
Link,services urban decentral air heat pump,SE1 0,services urban decentral heat,8436451.75172
Link,services urban decentral air heat pump,SI0 0,low voltage,-281605.50202
Link,services urban decentral air heat pump,SI0 0,services urban decentral heat,628473.32428
Link,services urban decentral air heat pump,SK0 0,low voltage,-1226496.95685
Link,services urban decentral air heat pump,SK0 0,services urban decentral heat,2624228.47193
Link,services urban decentral air heat pump,XK0 0,low voltage,-76849.51729
Link,services urban decentral air heat pump,XK0 0,services urban decentral heat,175610.63814
Link,urban central air heat pump,AL0 0,low voltage,-467637.7561
Link,urban central air heat pump,AL0 0,urban central heat,1541504.54699
Link,urban central air heat pump,AT0 0,low voltage,-9919008.5439
Link,urban central air heat pump,AT0 0,urban central heat,28655663.45266
Link,urban central air heat pump,BA0 0,low voltage,-1170534.96265
Link,urban central air heat pump,BA0 0,urban central heat,3548686.09899
Link,urban central air heat pump,BE0 0,low voltage,-20620483.63249
Link,urban central air heat pump,BE0 0,urban central heat,62353243.57614
Link,urban central air heat pump,BG0 0,low voltage,-2814042.08629
Link,urban central air heat pump,BG0 0,urban central heat,8722697.61842
Link,urban central air heat pump,CH0 0,low voltage,-12931906.44041
Link,urban central air heat pump,CH0 0,urban central heat,36470628.36756
Link,urban central air heat pump,CZ0 0,low voltage,-14456168.54364
Link,urban central air heat pump,CZ0 0,urban central heat,37408573.74873
Link,urban central air heat pump,DE0 0,low voltage,-89269006.10972
Link,urban central air heat pump,DE0 0,urban central heat,264785038.79651
Link,urban central air heat pump,DE0 1,low voltage,-37837603.28471
Link,urban central air heat pump,DE0 1,urban central heat,110674644.52687
Link,urban central air heat pump,DK0 0,low voltage,-5882049.15038
Link,urban central air heat pump,DK0 0,urban central heat,22237023.75192
Link,urban central air heat pump,DK1 0,low voltage,-3481089.7792
Link,urban central air heat pump,DK1 0,urban central heat,13138626.46572
Link,urban central air heat pump,EE0 0,low voltage,-1625485.04405
Link,urban central air heat pump,EE0 0,urban central heat,4515970.2664
Link,urban central air heat pump,ES0 0,low voltage,-17425156.10446
Link,urban central air heat pump,ES0 0,urban central heat,59169312.39416
Link,urban central air heat pump,ES6 0,low voltage,-295641.33608
Link,urban central air heat pump,ES6 0,urban central heat,1120209.5297
Link,urban central air heat pump,FI1 0,low voltage,-16956696.86225
Link,urban central air heat pump,FI1 0,urban central heat,43707120.45252
Link,urban central air heat pump,FR0 0,low voltage,-91152688.23702
Link,urban central air heat pump,FR0 0,urban central heat,279269688.57314
Link,urban central air heat pump,GB2 0,low voltage,-70907833.03856
Link,urban central air heat pump,GB2 0,urban central heat,223138124.7319
Link,urban central air heat pump,GB3 0,low voltage,-794806.77548
Link,urban central air heat pump,GB3 0,urban central heat,2548682.56285
Link,urban central air heat pump,GR0 0,low voltage,-4596574.87148
Link,urban central air heat pump,GR0 0,urban central heat,15846860.41453
Link,urban central air heat pump,HR0 0,low voltage,-2436524.0112
Link,urban central air heat pump,HR0 0,urban central heat,7487281.41213
Link,urban central air heat pump,HU0 0,low voltage,-9268932.52576
Link,urban central air heat pump,HU0 0,urban central heat,27660449.17548
Link,urban central air heat pump,IE3 0,low voltage,-4287645.36605
Link,urban central air heat pump,IE3 0,urban central heat,13854306.68014
Link,urban central air heat pump,IT0 0,low voltage,-48828478.42217
Link,urban central air heat pump,IT0 0,urban central heat,177408727.28657
Link,urban central air heat pump,IT4 0,low voltage,-348655.52328
Link,urban central air heat pump,IT4 0,urban central heat,1376222.48677
Link,urban central air heat pump,LT0 0,low voltage,-2366266.24187
Link,urban central air heat pump,LT0 0,urban central heat,6607276.55425
Link,urban central air heat pump,LU0 0,low voltage,-1322435.29952
Link,urban central air heat pump,LU0 0,urban central heat,3901047.98093
Link,urban central air heat pump,LV0 0,low voltage,-2106139.47618
Link,urban central air heat pump,LV0 0,urban central heat,5906620.94577
Link,urban central air heat pump,ME0 0,low voltage,-216105.63938
Link,urban central air heat pump,ME0 0,urban central heat,668036.21333
Link,urban central air heat pump,MK0 0,low voltage,-585225.36728
Link,urban central air heat pump,MK0 0,urban central heat,1786150.75382
Link,urban central air heat pump,NL0 0,low voltage,-28038568.42657
Link,urban central air heat pump,NL0 0,urban central heat,85869871.69037
Link,urban central air heat pump,NO1 0,low voltage,-12063065.59821
Link,urban central air heat pump,NO1 0,urban central heat,32916255.96735
Link,urban central air heat pump,PL0 0,low voltage,-33657949.3141
Link,urban central air heat pump,PL0 0,urban central heat,86653252.56535
Link,urban central air heat pump,PT0 0,low voltage,-2759682.2988
Link,urban central air heat pump,PT0 0,urban central heat,9831237.53778
Link,urban central air heat pump,RO0 0,low voltage,-7736130.69728
Link,urban central air heat pump,RO0 0,urban central heat,22881014.79579
Link,urban central air heat pump,RS0 0,low voltage,-3014169.21915
Link,urban central air heat pump,RS0 0,urban central heat,9141858.14636
Link,urban central air heat pump,SE1 0,low voltage,-22651515.15765
Link,urban central air heat pump,SE1 0,urban central heat,63470970.52468
Link,urban central air heat pump,SI0 0,low voltage,-1577347.53678
Link,urban central air heat pump,SI0 0,urban central heat,4702471.7019
Link,urban central air heat pump,SK0 0,low voltage,-4470457.92872
Link,urban central air heat pump,SK0 0,urban central heat,12924763.60704
Link,urban central air heat pump,XK0 0,low voltage,-483120.0488
Link,urban central air heat pump,XK0 0,urban central heat,1459661.53345
Load,electricity,AL0 0,low voltage,-4318628.45575
Load,electricity,AT0 0,low voltage,-58554492.84121
Load,electricity,BA0 0,low voltage,-7871855.72685
Load,electricity,BE0 0,low voltage,-73330247.64067
Load,electricity,BG0 0,low voltage,-29478666.99285
Load,electricity,CH0 0,low voltage,-37351995.6871
Load,electricity,CZ0 0,low voltage,-50928214.5278
Load,electricity,DE0 0,low voltage,-264220212.04058
Load,electricity,DE0 1,low voltage,-191752403.8936
Load,electricity,DK0 0,low voltage,-12617660.14802
Load,electricity,DK1 0,low voltage,-15089287.76626
Load,electricity,EE0 0,low voltage,-6407070.47174
Load,electricity,ES0 0,low voltage,-210915643.68018
Load,electricity,ES6 0,low voltage,-11377218.62223
Load,electricity,FI1 0,low voltage,-62039628.6686
Load,electricity,FR0 0,low voltage,-335449357.7366
Load,electricity,FR5 0,low voltage,-5920796.53585
Load,electricity,GB2 0,low voltage,-262762065.94199
Load,electricity,GB3 0,low voltage,-11048997.99448
Load,electricity,GR0 0,low voltage,-36347440.72144
Load,electricity,HR0 0,low voltage,-13723484.60559
Load,electricity,HU0 0,low voltage,-33374614.54792
Load,electricity,IE3 0,low voltage,-17324353.5268
Load,electricity,IT0 0,low voltage,-248085882.44237
Load,electricity,IT4 0,low voltage,-8697539.34585
Load,electricity,LT0 0,low voltage,-9695866.14902
Load,electricity,LU0 0,low voltage,-4760064.82962
Load,electricity,LV0 0,low voltage,-6047058.05139
Load,electricity,ME0 0,low voltage,-2577290.9719
Load,electricity,MK0 0,low voltage,-6004012.31259
Load,electricity,NL0 0,low voltage,-98715925.38123
Load,electricity,NO1 0,low voltage,-75043574.1169
Load,electricity,PL0 0,low voltage,-125975241.6039
Load,electricity,PT0 0,low voltage,-42598925.53495
Load,electricity,RO0 0,low voltage,-47707590.23154
Load,electricity,RS0 0,low voltage,-31054358.84176
Load,electricity,SE1 0,low voltage,-97090207.69077
Load,electricity,SI0 0,low voltage,-10295597.75502
Load,electricity,SK0 0,low voltage,-21400471.96242
Load,electricity,XK0 0,low voltage,-5736328.57961
Load,land transport EV,AL0 0,EV battery,-2065783.08993
Load,land transport EV,AT0 0,EV battery,-21937529.81597
Load,land transport EV,BA0 0,EV battery,-3451087.27114
Load,land transport EV,BE0 0,EV battery,-29297109.36508
Load,land transport EV,BG0 0,EV battery,-8181528.17808
Load,land transport EV,CH0 0,EV battery,-12947431.59825
Load,land transport EV,CZ0 0,EV battery,-20701638.11463
Load,land transport EV,DE0 0,EV battery,-105879331.27049
Load,land transport EV,DE0 1,EV battery,-61926835.31112
Load,land transport EV,DK0 0,EV battery,-8670526.68719
Load,land transport EV,DK1 0,EV battery,-5005803.81196
Load,land transport EV,EE0 0,EV battery,-2457985.82986
Load,land transport EV,ES0 0,EV battery,-80888491.17308
Load,land transport EV,ES6 0,EV battery,-1318871.89051
Load,land transport EV,FI1 0,EV battery,-13578014.03547
Load,land transport EV,FR0 0,EV battery,-135122133.70225
Load,land transport EV,FR5 0,EV battery,-552774.60524
Load,land transport EV,GB2 0,EV battery,-101285209.81227
Load,land transport EV,GB3 0,EV battery,-2742750.28029
Load,land transport EV,GR0 0,EV battery,-15633373.38106
Load,land transport EV,HR0 0,EV battery,-6519035.05193
Load,land transport EV,HU0 0,EV battery,-14019587.53452
Load,land transport EV,IE3 0,EV battery,-10939556.90996
Load,land transport EV,IT0 0,EV battery,-104566903.94371
Load,land transport EV,IT4 0,EV battery,-2611729.35423
Load,land transport EV,LT0 0,EV battery,-6895903.77038
Load,land transport EV,LU0 0,EV battery,-3076474.33027
Load,land transport EV,LV0 0,EV battery,-3281618.21923
Load,land transport EV,ME0 0,EV battery,-693838.59121
Load,land transport EV,MK0 0,EV battery,-1978837.49092
Load,land transport EV,NL0 0,EV battery,-36084052.35319
Load,land transport EV,NO1 0,EV battery,-9295337.60282
Load,land transport EV,PL0 0,EV battery,-64121892.19059
Load,land transport EV,PT0 0,EV battery,-19447466.53214
Load,land transport EV,RO0 0,EV battery,-20407576.75639
Load,land transport EV,RS0 0,EV battery,-5902565.28072
Load,land transport EV,SE1 0,EV battery,-21150381.43059
Load,land transport EV,SI0 0,EV battery,-5781916.66473
Load,land transport EV,SK0 0,EV battery,-8955376.97818
Load,land transport EV,XK0 0,EV battery,-1117190.1877
Load,residential rural heat,AL0 0,residential rural heat,-1013656.48029
Load,residential rural heat,AT0 0,residential rural heat,-22511495.07671
Load,residential rural heat,BA0 0,residential rural heat,-4073029.85851
Load,residential rural heat,BE0 0,residential rural heat,-2997378.26427
Load,residential rural heat,BG0 0,residential rural heat,-2988039.50833
Load,residential rural heat,CH0 0,residential rural heat,-9417362.81377
Load,residential rural heat,CZ0 0,residential rural heat,-15098049.14152
Load,residential rural heat,DE0 0,residential rural heat,-41023368.41438
Load,residential rural heat,DE0 1,residential rural heat,-70415715.70823
Load,residential rural heat,DK0 0,residential rural heat,-2393037.77711
Load,residential rural heat,DK1 0,residential rural heat,-1047688.51452
Load,residential rural heat,EE0 0,residential rural heat,-2020530.57366
Load,residential rural heat,ES0 0,residential rural heat,-14270666.60967
Load,residential rural heat,ES6 0,residential rural heat,-98872.92478
Load,residential rural heat,FI1 0,residential rural heat,-7838546.98039
Load,residential rural heat,FR0 0,residential rural heat,-69318334.49592
Load,residential rural heat,FR5 0,residential rural heat,-1523386.76343
Load,residential rural heat,GB2 0,residential rural heat,-38981690.72935
Load,residential rural heat,GB3 0,residential rural heat,-4817963.54502
Load,residential rural heat,GR0 0,residential rural heat,-3460532.27892
Load,residential rural heat,HR0 0,residential rural heat,-6304835.72086
Load,residential rural heat,HU0 0,residential rural heat,-12559001.04641
Load,residential rural heat,IE3 0,residential rural heat,-7401730.86094
Load,residential rural heat,IT0 0,residential rural heat,-60134034.74067
Load,residential rural heat,IT4 0,residential rural heat,-4499214.58596
Load,residential rural heat,LT0 0,residential rural heat,-3399413.98131
Load,residential rural heat,LU0 0,residential rural heat,-306417.4232
Load,residential rural heat,LV0 0,residential rural heat,-2997393.28366
Load,residential rural heat,ME0 0,residential rural heat,-467397.76874
Load,residential rural heat,MK0 0,residential rural heat,-1299128.00926
Load,residential rural heat,NL0 0,residential rural heat,-4814497.91171
Load,residential rural heat,NO1 0,residential rural heat,-5225636.59602
Load,residential rural heat,PL0 0,residential rural heat,-64985327.99762
Load,residential rural heat,PT0 0,residential rural heat,-3700625.53669
Load,residential rural heat,RO0 0,residential rural heat,-22816147.39623
Load,residential rural heat,RS0 0,residential rural heat,-8234096.20701
Load,residential rural heat,SE1 0,residential rural heat,-9765759.5222
Load,residential rural heat,SI0 0,residential rural heat,-3900590.29007
Load,residential rural heat,SK0 0,residential rural heat,-8747828.46656
Load,residential rural heat,XK0 0,residential rural heat,-1040800.87635
Load,residential urban decentral heat,AL0 0,residential urban decentral heat,-650242.82483
Load,residential urban decentral heat,AT0 0,residential urban decentral heat,-12559927.53289
Load,residential urban decentral heat,BA0 0,residential urban decentral heat,-1615355.13924
Load,residential urban decentral heat,BE0 0,residential urban decentral heat,-25012544.93807
Load,residential urban decentral heat,BG0 0,residential urban decentral heat,-3683632.30014
Load,residential urban decentral heat,CH0 0,residential urban decentral heat,-14601171.3061
Load,residential urban decentral heat,CZ0 0,residential urban decentral heat,-16445753.10072
Load,residential urban decentral heat,DE0 0,residential urban decentral heat,-111874153.52836
Load,residential urban decentral heat,DE0 1,residential urban decentral heat,-46761071.65939
Load,residential urban decentral heat,DK0 0,residential urban decentral heat,-10176889.91948
Load,residential urban decentral heat,DK1 0,residential urban decentral heat,-6012960.93967
Load,residential urban decentral heat,EE0 0,residential urban decentral heat,-1951226.70047
Load,residential urban decentral heat,ES0 0,residential urban decentral heat,-23924877.43089
Load,residential urban decentral heat,ES6 0,residential urban decentral heat,-452952.29287
Load,residential urban decentral heat,FI1 0,residential urban decentral heat,-18887927.21518
Load,residential urban decentral heat,FR0 0,residential urban decentral heat,-118805817.18702
Load,residential urban decentral heat,FR5 0,residential urban decentral heat,0.0
Load,residential urban decentral heat,GB2 0,residential urban decentral heat,-95802755.03116
Load,residential urban decentral heat,GB3 0,residential urban decentral heat,-1094258.59662
Load,residential urban decentral heat,GR0 0,residential urban decentral heat,-6213416.95113
Load,residential urban decentral heat,HR0 0,residential urban decentral heat,-3545697.9382
Load,residential urban decentral heat,HU0 0,residential urban decentral heat,-12121514.4434
Load,residential urban decentral heat,IE3 0,residential urban decentral heat,-5689103.39005
Load,residential urban decentral heat,IT0 0,residential urban decentral heat,-67257291.94527
Load,residential urban decentral heat,IT4 0,residential urban decentral heat,-521738.69374
Load,residential urban decentral heat,LT0 0,residential urban decentral heat,-3024095.68668
Load,residential urban decentral heat,LU0 0,residential urban decentral heat,-1355940.94854
Load,residential urban decentral heat,LV0 0,residential urban decentral heat,-2471552.86456
Load,residential urban decentral heat,ME0 0,residential urban decentral heat,-346416.98159
Load,residential urban decentral heat,MK0 0,residential urban decentral heat,-775597.71954
Load,residential urban decentral heat,NL0 0,residential urban decentral heat,-32342227.78158
Load,residential urban decentral heat,NO1 0,residential urban decentral heat,-10575244.68805
Load,residential urban decentral heat,PL0 0,residential urban decentral heat,-39257335.21109
Load,residential urban decentral heat,PT0 0,residential urban decentral heat,-2903166.63116
Load,residential urban decentral heat,RO0 0,residential urban decentral heat,-11068783.9565
Load,residential urban decentral heat,RS0 0,residential urban decentral heat,-4233711.09767
Load,residential urban decentral heat,SE1 0,residential urban decentral heat,-28358313.77033
Load,residential urban decentral heat,SI0 0,residential urban decentral heat,-2097597.22804
Load,residential urban decentral heat,SK0 0,residential urban decentral heat,-4868388.11238
Load,residential urban decentral heat,XK0 0,residential urban decentral heat,-670569.96147
Load,services rural heat,AL0 0,services rural heat,-379407.11566
Load,services rural heat,AT0 0,services rural heat,-7262600.21948
Load,services rural heat,BA0 0,services rural heat,-1114111.24374
Load,services rural heat,BE0 0,services rural heat,-1334274.37254
Load,services rural heat,BG0 0,services rural heat,-1113734.99459
Load,services rural heat,CH0 0,services rural heat,-4218912.24109
Load,services rural heat,CZ0 0,services rural heat,-4810935.8739
Load,services rural heat,DE0 0,services rural heat,-15263345.91146
Load,services rural heat,DE0 1,services rural heat,-26199199.82194
Load,services rural heat,DK0 0,services rural heat,-638214.19287
Load,services rural heat,DK1 0,services rural heat,-279414.59432
Load,services rural heat,EE0 0,services rural heat,-690407.95943
Load,services rural heat,ES0 0,services rural heat,-6189160.60538
Load,services rural heat,ES6 0,services rural heat,-42880.99693
Load,services rural heat,FI1 0,services rural heat,-2676576.1026
Load,services rural heat,FR0 0,services rural heat,-25141050.75973
Load,services rural heat,FR5 0,services rural heat,-552516.79407
Load,services rural heat,GB2 0,services rural heat,-13652427.62307
Load,services rural heat,GB3 0,services rural heat,-1687379.3147
Load,services rural heat,GR0 0,services rural heat,-1655891.86621
Load,services rural heat,HR0 0,services rural heat,-1413205.56532
Load,services rural heat,HU0 0,services rural heat,-4054774.63044
Load,services rural heat,IE3 0,services rural heat,-3047520.11841
Load,services rural heat,IT0 0,services rural heat,-31819165.42712
Load,services rural heat,IT4 0,services rural heat,-2380702.60578
Load,services rural heat,LT0 0,services rural heat,-906267.63935
Load,services rural heat,LU0 0,services rural heat,-204634.31808
Load,services rural heat,LV0 0,services rural heat,-1155242.3614
Load,services rural heat,ME0 0,services rural heat,-55116.75717
Load,services rural heat,MK0 0,services rural heat,-435252.70162
Load,services rural heat,NL0 0,services rural heat,-2595750.82078
Load,services rural heat,NO1 0,services rural heat,-4203460.57128
Load,services rural heat,PL0 0,services rural heat,-18170035.87671
Load,services rural heat,PT0 0,services rural heat,-3564151.13339
Load,services rural heat,RO0 0,services rural heat,-4525745.9865
Load,services rural heat,RS0 0,services rural heat,-2073089.39857
Load,services rural heat,SE1 0,services rural heat,-2905262.97491
Load,services rural heat,SI0 0,services rural heat,-1168678.57827
Load,services rural heat,SK0 0,services rural heat,-4715380.12163
Load,services rural heat,XK0 0,services rural heat,-272567.69102
Load,services urban decentral heat,AL0 0,services urban decentral heat,-243382.99951
Load,services urban decentral heat,AT0 0,services urban decentral heat,-4052051.28074
Load,services urban decentral heat,BA0 0,services urban decentral heat,-441854.19351
Load,services urban decentral heat,BE0 0,services urban decentral heat,-11134262.93265
Load,services urban decentral heat,BG0 0,services urban decentral heat,-1373004.00092
Load,services urban decentral heat,CH0 0,services urban decentral heat,-6541221.95096
Load,services urban decentral heat,CZ0 0,services urban decentral heat,-5240376.60919
Load,services urban decentral heat,DE0 0,services urban decentral heat,-41624419.687
Load,services urban decentral heat,DE0 1,services urban decentral heat,-17398142.5591
Load,services urban decentral heat,DK0 0,services urban decentral heat,-2714138.34251
Load,services urban decentral heat,DK1 0,services urban decentral heat,-1603634.11292
Load,services urban decentral heat,EE0 0,services urban decentral heat,-666727.07764
Load,services urban decentral heat,ES0 0,services urban decentral heat,-10376173.23239
Load,services urban decentral heat,ES6 0,services urban decentral heat,-196444.53646
Load,services urban decentral heat,FI1 0,services urban decentral heat,-6449533.91722
Load,services urban decentral heat,FR0 0,services urban decentral heat,-43089654.44959
Load,services urban decentral heat,FR5 0,services urban decentral heat,0.0
Load,services urban decentral heat,GB2 0,services urban decentral heat,-33552679.59603
Load,services urban decentral heat,GB3 0,services urban decentral heat,-383238.54127
Load,services urban decentral heat,GR0 0,services urban decentral heat,-2973168.79643
Load,services urban decentral heat,HR0 0,services urban decentral heat,-794755.05486
Load,services urban decentral heat,HU0 0,services urban decentral heat,-3913528.5574
Load,services urban decentral heat,IE3 0,services urban decentral heat,-2342378.74392
Load,services urban decentral heat,IT0 0,services urban decentral heat,-35588347.06196
Load,services urban decentral heat,IT4 0,services urban decentral heat,-276071.44403
Load,services urban decentral heat,LT0 0,services urban decentral heat,-806209.56265
Load,services urban decentral heat,LU0 0,services urban decentral heat,-905536.14237
Load,services urban decentral heat,LV0 0,services urban decentral heat,-952575.22033
Load,services urban decentral heat,ME0 0,services urban decentral heat,-40850.38896
Load,services urban decentral heat,MK0 0,services urban decentral heat,-259851.99333
Load,services urban decentral heat,NL0 0,services urban decentral heat,-17437407.98096
Load,services urban decentral heat,NO1 0,services urban decentral heat,-8506642.82925
Load,services urban decentral heat,PL0 0,services urban decentral heat,-10976434.39202
Load,services urban decentral heat,PT0 0,services urban decentral heat,-2796101.50669
Load,services urban decentral heat,RO0 0,services urban decentral heat,-2195572.44686
Load,services urban decentral heat,RS0 0,services urban decentral heat,-1065916.81376
Load,services urban decentral heat,SE1 0,services urban decentral heat,-8436451.75172
Load,services urban decentral heat,SI0 0,services urban decentral heat,-628473.32428
Load,services urban decentral heat,SK0 0,services urban decentral heat,-2624228.47193
Load,services urban decentral heat,XK0 0,services urban decentral heat,-175610.63814
Load,urban central heat,AL0 0,urban central heat,-1541504.54699
Load,urban central heat,AT0 0,urban central heat,-28655663.45352
Load,urban central heat,BA0 0,urban central heat,-3548686.09899
Load,urban central heat,BE0 0,urban central heat,-62353243.57698
Load,urban central heat,BG0 0,urban central heat,-8722697.61933
Load,urban central heat,CH0 0,urban central heat,-36470628.36844
Load,urban central heat,CZ0 0,urban central heat,-37408573.74959
Load,urban central heat,DE0 0,urban central heat,-264785038.7965
Load,urban central heat,DE0 1,urban central heat,-110674644.52689
Load,urban central heat,DK0 0,urban central heat,-22237023.75193
Load,urban central heat,DK1 0,urban central heat,-13138626.46572
Load,urban central heat,EE0 0,urban central heat,-4515970.26725
Load,urban central heat,ES0 0,urban central heat,-59169312.39416
Load,urban central heat,ES6 0,urban central heat,-1120209.53061
Load,urban central heat,FI1 0,urban central heat,-43707120.45339
Load,urban central heat,FR0 0,urban central heat,-279269688.57314
Load,urban central heat,GB2 0,urban central heat,-223138124.73191
Load,urban central heat,GB3 0,urban central heat,-2548682.56285
Load,urban central heat,GR0 0,urban central heat,-15846860.41453
Load,urban central heat,HR0 0,urban central heat,-7487281.41303
Load,urban central heat,HU0 0,urban central heat,-27660449.17638
Load,urban central heat,IE3 0,urban central heat,-13854306.6811
Load,urban central heat,IT0 0,urban central heat,-177408727.28746
Load,urban central heat,IT4 0,urban central heat,-1376222.48766
Load,urban central heat,LT0 0,urban central heat,-6607276.55509
Load,urban central heat,LU0 0,urban central heat,-3901047.98182
Load,urban central heat,LV0 0,urban central heat,-5906620.94643
Load,urban central heat,ME0 0,urban central heat,-668036.21421
Load,urban central heat,MK0 0,urban central heat,-1786150.75471
Load,urban central heat,NL0 0,urban central heat,-85869871.69038
Load,urban central heat,NO1 0,urban central heat,-32916255.96735
Load,urban central heat,PL0 0,urban central heat,-86653252.56537
Load,urban central heat,PT0 0,urban central heat,-9831237.53779
Load,urban central heat,RO0 0,urban central heat,-22881014.79579
Load,urban central heat,RS0 0,urban central heat,-9141858.14722
Load,urban central heat,SE1 0,urban central heat,-63470970.52552
Load,urban central heat,SI0 0,urban central heat,-4702471.70276
Load,urban central heat,SK0 0,urban central heat,-12924763.60793
Load,urban central heat,XK0 0,urban central heat,-1459661.53433
StorageUnit,PHS,AT0 0,AC,-1447529.30459
StorageUnit,PHS,BA0 0,AC,-16153.17146
StorageUnit,PHS,BE0 0,AC,-29934.59439
StorageUnit,PHS,BG0 0,AC,-126214.79671
StorageUnit,PHS,CH0 0,AC,-525882.99707
StorageUnit,PHS,CZ0 0,AC,-22892.30865
StorageUnit,PHS,DE0 0,AC,-53655.93642
StorageUnit,PHS,DE0 1,AC,-47938.85613
StorageUnit,PHS,ES0 0,AC,-2049873.08537
StorageUnit,PHS,ES6 0,AC,-135210.69638
StorageUnit,PHS,FR0 0,AC,-279540.10379
StorageUnit,PHS,GB3 0,AC,-37863.08837
StorageUnit,PHS,GR0 0,AC,-39855.25143
StorageUnit,PHS,HR0 0,AC,-43471.13068
StorageUnit,PHS,IE3 0,AC,-26536.85832
StorageUnit,PHS,IT0 0,AC,-877731.59879
StorageUnit,PHS,IT4 0,AC,-65493.56285
StorageUnit,PHS,LT0 0,AC,-52140.76679
StorageUnit,PHS,LU0 0,AC,-34598.13737
StorageUnit,PHS,ME0 0,AC,-22366.40253
StorageUnit,PHS,NO1 0,AC,-88223.84802
StorageUnit,PHS,PL0 0,AC,-76841.37553
StorageUnit,PHS,PT0 0,AC,-871267.97187
StorageUnit,PHS,RS0 0,AC,-30123.26343
StorageUnit,PHS,SE1 0,AC,-43160.9294
StorageUnit,PHS,SI0 0,AC,-18260.58937
StorageUnit,PHS,SK0 0,AC,-33106.8207
StorageUnit,hydro,AL0 0,AC,5448786.89608
StorageUnit,hydro,AT0 0,AC,17790634.01473
StorageUnit,hydro,BA0 0,AC,6425513.28223
StorageUnit,hydro,BE0 0,AC,51680.40812
StorageUnit,hydro,BG0 0,AC,3389192.69208
StorageUnit,hydro,CH0 0,AC,23060108.24
StorageUnit,hydro,CZ0 0,AC,2277950.1632
StorageUnit,hydro,ES0 0,AC,29276357.72073
StorageUnit,hydro,ES6 0,AC,2875796.31985
StorageUnit,hydro,FI1 0,AC,5018397.99245
StorageUnit,hydro,FR0 0,AC,25931261.30484
StorageUnit,hydro,FR5 0,AC,9680695.30645
StorageUnit,hydro,GB3 0,AC,227741.33914
StorageUnit,hydro,GR0 0,AC,5454046.86924
StorageUnit,hydro,HR0 0,AC,6420161.72214
StorageUnit,hydro,HU0 0,AC,98998.57206
StorageUnit,hydro,IE3 0,AC,1777.739
StorageUnit,hydro,IT0 0,AC,15910410.94324
StorageUnit,hydro,IT4 0,AC,369869.12044
StorageUnit,hydro,ME0 0,AC,1696787.20999
StorageUnit,hydro,MK0 0,AC,891859.87123
StorageUnit,hydro,NO1 0,AC,110795479.25478
StorageUnit,hydro,PL0 0,AC,951056.5481
StorageUnit,hydro,PT0 0,AC,5024801.58543
StorageUnit,hydro,RO0 0,AC,7503167.47201
StorageUnit,hydro,RS0 0,AC,2854724.64854
StorageUnit,hydro,SE1 0,AC,48910322.67885
StorageUnit,hydro,SI0 0,AC,2166096.63659
StorageUnit,hydro,SK0 0,AC,719111.37301
StorageUnit,hydro,XK0 0,AC,59540.4242
Store,EV battery,AL0 0,EV battery,0.0
Store,EV battery,AT0 0,EV battery,-0.0
Store,EV battery,BA0 0,EV battery,-0.0
Store,EV battery,BE0 0,EV battery,-0.0
Store,EV battery,BG0 0,EV battery,-0.0
Store,EV battery,CH0 0,EV battery,-0.0
Store,EV battery,CZ0 0,EV battery,-0.0
Store,EV battery,DE0 0,EV battery,0.0
Store,EV battery,DE0 1,EV battery,-0.0
Store,EV battery,DK0 0,EV battery,0.0
Store,EV battery,DK1 0,EV battery,-0.0
Store,EV battery,EE0 0,EV battery,-0.0
Store,EV battery,ES0 0,EV battery,0.0
Store,EV battery,ES6 0,EV battery,0.0
Store,EV battery,FI1 0,EV battery,-0.0
Store,EV battery,FR0 0,EV battery,-0.0
Store,EV battery,FR5 0,EV battery,-0.0
Store,EV battery,GB2 0,EV battery,-0.0
Store,EV battery,GB3 0,EV battery,-0.0
Store,EV battery,GR0 0,EV battery,0.0
Store,EV battery,HR0 0,EV battery,-0.0
Store,EV battery,HU0 0,EV battery,-0.0
Store,EV battery,IE3 0,EV battery,0.0
Store,EV battery,IT0 0,EV battery,-0.0
Store,EV battery,IT4 0,EV battery,0.0
Store,EV battery,LT0 0,EV battery,0.0
Store,EV battery,LU0 0,EV battery,0.0
Store,EV battery,LV0 0,EV battery,0.0
Store,EV battery,ME0 0,EV battery,0.0
Store,EV battery,MK0 0,EV battery,0.0
Store,EV battery,NL0 0,EV battery,0.0
Store,EV battery,NO1 0,EV battery,0.0
Store,EV battery,PL0 0,EV battery,-0.0
Store,EV battery,PT0 0,EV battery,-0.0
Store,EV battery,RO0 0,EV battery,-0.0
Store,EV battery,RS0 0,EV battery,0.0
Store,EV battery,SE1 0,EV battery,0.0
Store,EV battery,SI0 0,EV battery,-0.0
Store,EV battery,SK0 0,EV battery,-0.0
Store,EV battery,XK0 0,EV battery,-0.0
Store,H2 Store,AT0 0,H2,-0.02626
Store,H2 Store,BE0 0,H2,-0.02633
Store,H2 Store,BG0 0,H2,-0.02615
Store,H2 Store,CH0 0,H2,-0.0268
Store,H2 Store,CZ0 0,H2,-0.02647
Store,H2 Store,EE0 0,H2,-0.02553
Store,H2 Store,ES6 0,H2,-0.02665
Store,H2 Store,FI1 0,H2,-0.02676
Store,H2 Store,FR5 0,H2,-0.0082
Store,H2 Store,HR0 0,H2,-0.02618
Store,H2 Store,HU0 0,H2,-0.02759
Store,H2 Store,IE3 0,H2,-0.02758
Store,H2 Store,IT0 0,H2,-0.02709
Store,H2 Store,IT4 0,H2,-0.02709
Store,H2 Store,LT0 0,H2,-0.02502
Store,H2 Store,LU0 0,H2,-0.02708
Store,H2 Store,LV0 0,H2,-0.02049
Store,H2 Store,ME0 0,H2,-0.02664
Store,H2 Store,MK0 0,H2,-0.02673
Store,H2 Store,RS0 0,H2,-0.02583
Store,H2 Store,SE1 0,H2,-0.02616
Store,H2 Store,SI0 0,H2,-0.02616
Store,H2 Store,SK0 0,H2,-0.0267
Store,H2 Store,XK0 0,H2,-0.02669
Store,battery,AL0 0,battery,-0.0
Store,battery,AT0 0,battery,-0.0
Store,battery,BA0 0,battery,0.0
Store,battery,BE0 0,battery,-0.0
Store,battery,BG0 0,battery,0.0
Store,battery,CH0 0,battery,-0.0
Store,battery,CZ0 0,battery,-0.0
Store,battery,DE0 0,battery,0.0
Store,battery,DE0 1,battery,-0.0
Store,battery,DK0 0,battery,0.0
Store,battery,DK1 0,battery,0.0
Store,battery,EE0 0,battery,-0.0
Store,battery,ES0 0,battery,0.0
Store,battery,ES6 0,battery,0.0
Store,battery,FI1 0,battery,0.0
Store,battery,FR0 0,battery,-0.0
Store,battery,FR5 0,battery,-0.0
Store,battery,GB2 0,battery,-0.0
Store,battery,GB3 0,battery,-0.0
Store,battery,GR0 0,battery,0.0
Store,battery,HR0 0,battery,0.0
Store,battery,HU0 0,battery,-0.0
Store,battery,IE3 0,battery,-0.0
Store,battery,IT0 0,battery,0.0
Store,battery,IT4 0,battery,-0.0
Store,battery,LT0 0,battery,0.0
Store,battery,LU0 0,battery,-0.0
Store,battery,LV0 0,battery,-0.0
Store,battery,ME0 0,battery,-0.0
Store,battery,MK0 0,battery,0.0
Store,battery,NL0 0,battery,0.0
Store,battery,NO1 0,battery,0.0
Store,battery,PL0 0,battery,0.0
Store,battery,PT0 0,battery,0.0
Store,battery,RO0 0,battery,0.0
Store,battery,RS0 0,battery,0.0
Store,battery,SE1 0,battery,0.0
Store,battery,SI0 0,battery,0.0
Store,battery,SK0 0,battery,-0.0
Store,battery,XK0 0,battery,0.0
Store,co2,EU,co2,0.0
Store,co2 sequestered,EU,co2 sequestered,-0.06538
Store,co2 stored,EU,co2 stored,0.00046
Store,home battery,AL0 0,home battery,-0.0
Store,home battery,AT0 0,home battery,-0.0
Store,home battery,BA0 0,home battery,-0.0
Store,home battery,BE0 0,home battery,0.0
Store,home battery,BG0 0,home battery,0.0
Store,home battery,CH0 0,home battery,-0.0
Store,home battery,CZ0 0,home battery,-0.0
Store,home battery,DE0 0,home battery,-0.0
Store,home battery,DE0 1,home battery,0.0
Store,home battery,DK0 0,home battery,-0.0
Store,home battery,DK1 0,home battery,0.0
Store,home battery,EE0 0,home battery,-0.0
Store,home battery,ES0 0,home battery,0.0
Store,home battery,ES6 0,home battery,-0.0
Store,home battery,FI1 0,home battery,0.0
Store,home battery,FR0 0,home battery,0.0
Store,home battery,FR5 0,home battery,0.0
Store,home battery,GB2 0,home battery,0.0
Store,home battery,GB3 0,home battery,-0.0
Store,home battery,GR0 0,home battery,0.0
Store,home battery,HR0 0,home battery,0.0
Store,home battery,HU0 0,home battery,0.0
Store,home battery,IE3 0,home battery,0.0
Store,home battery,IT0 0,home battery,0.0
Store,home battery,IT4 0,home battery,0.0
Store,home battery,LT0 0,home battery,0.0
Store,home battery,LU0 0,home battery,-0.0
Store,home battery,LV0 0,home battery,0.0
Store,home battery,ME0 0,home battery,0.0
Store,home battery,MK0 0,home battery,-0.0
Store,home battery,NL0 0,home battery,-0.0
Store,home battery,NO1 0,home battery,-0.0
Store,home battery,PL0 0,home battery,-0.0
Store,home battery,PT0 0,home battery,0.0
Store,home battery,RO0 0,home battery,0.0
Store,home battery,RS0 0,home battery,0.0
Store,home battery,SE1 0,home battery,-0.0
Store,home battery,SI0 0,home battery,0.0
Store,home battery,SK0 0,home battery,0.0
Store,home battery,XK0 0,home battery,-0.0
