component,carrier,location,bus_carrier,0
Generator,biogas,EU,biogas,73253715.30405
Generator,gas,EU,gas,423388312.85817
Generator,load,AL0 0,AC,15.9264
Generator,load,AL0 0,EV battery,17.97661
Generator,load,AL0 0,H2,13.56005
Generator,load,AL0 0,battery,16.99148
Generator,load,AL0 0,home battery,18.15019
Generator,load,AL0 0,low voltage,16.02009
Generator,load,AL0 0,residential rural heat,0.0
Generator,load,AL0 0,residential urban decentral heat,0.03506
Generator,load,AL0 0,services rural heat,0.0
Generator,load,AL0 0,services urban decentral heat,0.04584
Generator,load,AL0 0,urban central heat,0.0
Generator,load,AT0 0,AC,15.42307
Generator,load,AT0 0,EV battery,20.16699
Generator,load,AT0 0,H2,13.59038
Generator,load,AT0 0,battery,16.01899
Generator,load,AT0 0,home battery,16.95988
Generator,load,AT0 0,low voltage,15.67512
Generator,load,AT0 0,residential rural heat,0.04076
Generator,load,AT0 0,residential urban decentral heat,1.04996
Generator,load,AT0 0,services rural heat,0.04052
Generator,load,AT0 0,services urban decentral heat,0.93426
Generator,load,AT0 0,urban central heat,0.0
Generator,load,BA0 0,AC,14.64228
Generator,load,BA0 0,EV battery,19.11086
Generator,load,BA0 0,H2,13.55732
Generator,load,BA0 0,battery,15.51491
Generator,load,BA0 0,home battery,16.4922
Generator,load,BA0 0,low voltage,14.84525
Generator,load,BA0 0,residential rural heat,0.0
Generator,load,BA0 0,residential urban decentral heat,0.12552
Generator,load,BA0 0,services rural heat,0.0
Generator,load,BA0 0,services urban decentral heat,0.102
Generator,load,BA0 0,urban central heat,0.0
Generator,load,BE0 0,AC,12.28273
Generator,load,BE0 0,EV battery,20.17495
Generator,load,BE0 0,H2,13.5667
Generator,load,BE0 0,battery,12.64044
Generator,load,BE0 0,home battery,13.10491
Generator,load,BE0 0,low voltage,12.32664
Generator,load,BE0 0,residential rural heat,0.0
Generator,load,BE0 0,residential urban decentral heat,0.18551
Generator,load,BE0 0,services rural heat,0.0
Generator,load,BE0 0,services urban decentral heat,0.15637
Generator,load,BE0 0,urban central heat,0.0
Generator,load,BG0 0,AC,12.61995
Generator,load,BG0 0,EV battery,20.02685
Generator,load,BG0 0,H2,13.57025
Generator,load,BG0 0,battery,13.17318
Generator,load,BG0 0,home battery,13.10883
Generator,load,BG0 0,low voltage,12.43901
Generator,load,BG0 0,residential rural heat,0.0
Generator,load,BG0 0,residential urban decentral heat,0.17592
Generator,load,BG0 0,services rural heat,0.0
Generator,load,BG0 0,services urban decentral heat,0.13287
Generator,load,BG0 0,urban central heat,0.0
Generator,load,CH0 0,AC,12.57203
Generator,load,CH0 0,EV battery,20.07865
Generator,load,CH0 0,H2,13.6041
Generator,load,CH0 0,battery,13.08114
Generator,load,CH0 0,home battery,13.04494
Generator,load,CH0 0,low voltage,12.44613
Generator,load,CH0 0,residential rural heat,0.1966
Generator,load,CH0 0,residential urban decentral heat,1.50201
Generator,load,CH0 0,services rural heat,0.17404
Generator,load,CH0 0,services urban decentral heat,1.62184
Generator,load,CH0 0,urban central heat,0.0
Generator,load,CZ0 0,AC,12.59427
Generator,load,CZ0 0,EV battery,20.10947
Generator,load,CZ0 0,H2,13.56329
Generator,load,CZ0 0,battery,12.5785
Generator,load,CZ0 0,home battery,13.07672
Generator,load,CZ0 0,low voltage,12.46348
Generator,load,CZ0 0,residential rural heat,0.03528
Generator,load,CZ0 0,residential urban decentral heat,0.78078
Generator,load,CZ0 0,services rural heat,0.03432
Generator,load,CZ0 0,services urban decentral heat,0.48999
Generator,load,CZ0 0,urban central heat,0.0
Generator,load,DE0 0,AC,12.51838
Generator,load,DE0 0,EV battery,19.13713
Generator,load,DE0 0,H2,13.57337
Generator,load,DE0 0,battery,12.99271
Generator,load,DE0 0,home battery,12.98718
Generator,load,DE0 0,low voltage,12.39465
Generator,load,DE0 0,residential rural heat,0.0
Generator,load,DE0 0,residential urban decentral heat,0.33928
Generator,load,DE0 0,services rural heat,0.0
Generator,load,DE0 0,services urban decentral heat,0.37105
Generator,load,DE0 0,urban central heat,0.0
Generator,load,DE0 1,AC,12.56403
Generator,load,DE0 1,EV battery,19.80625
Generator,load,DE0 1,H2,13.55933
Generator,load,DE0 1,battery,13.05331
Generator,load,DE0 1,home battery,13.05448
Generator,load,DE0 1,low voltage,12.43943
Generator,load,DE0 1,residential rural heat,0.00418
Generator,load,DE0 1,residential urban decentral heat,0.50916
Generator,load,DE0 1,services rural heat,0.00425
Generator,load,DE0 1,services urban decentral heat,0.46246
Generator,load,DE0 1,urban central heat,0.0
Generator,load,DK0 0,AC,13.16512
Generator,load,DK0 0,EV battery,20.14305
Generator,load,DK0 0,H2,13.5367
Generator,load,DK0 0,battery,13.56066
Generator,load,DK0 0,home battery,14.1497
Generator,load,DK0 0,low voltage,13.20024
Generator,load,DK0 0,residential rural heat,0.44115
Generator,load,DK0 0,residential urban decentral heat,0.2485
Generator,load,DK0 0,services rural heat,0.43228
Generator,load,DK0 0,services urban decentral heat,0.14049
Generator,load,DK0 0,urban central heat,0.0
Generator,load,DK1 0,AC,13.79404
Generator,load,DK1 0,EV battery,19.8224
Generator,load,DK1 0,H2,13.52592
Generator,load,DK1 0,battery,14.31985
Generator,load,DK1 0,home battery,15.00579
Generator,load,DK1 0,low voltage,13.84776
Generator,load,DK1 0,residential rural heat,0.35159
Generator,load,DK1 0,residential urban decentral heat,0.34175
Generator,load,DK1 0,services rural heat,0.36274
Generator,load,DK1 0,services urban decentral heat,0.28502
Generator,load,DK1 0,urban central heat,0.0
Generator,load,EE0 0,AC,13.00575
Generator,load,EE0 0,EV battery,16.50961
Generator,load,EE0 0,H2,13.48059
Generator,load,EE0 0,battery,13.46215
Generator,load,EE0 0,home battery,14.0275
Generator,load,EE0 0,low voltage,13.16428
Generator,load,EE0 0,residential rural heat,1.46688
Generator,load,EE0 0,residential urban decentral heat,1.29784
Generator,load,EE0 0,services rural heat,1.23111
Generator,load,EE0 0,services urban decentral heat,1.14016
Generator,load,EE0 0,urban central heat,0.0
Generator,load,ES0 0,AC,12.58088
Generator,load,ES0 0,EV battery,19.62383
Generator,load,ES0 0,H2,13.58177
Generator,load,ES0 0,battery,13.12295
Generator,load,ES0 0,home battery,13.08321
Generator,load,ES0 0,low voltage,12.42552
Generator,load,ES0 0,residential rural heat,0.0
Generator,load,ES0 0,residential urban decentral heat,0.0
Generator,load,ES0 0,services rural heat,0.0
Generator,load,ES0 0,services urban decentral heat,0.0
Generator,load,ES0 0,urban central heat,0.0
Generator,load,ES6 0,AC,12.58154
Generator,load,ES6 0,EV battery,13.14008
Generator,load,ES6 0,H2,13.55803
Generator,load,ES6 0,battery,13.142
Generator,load,ES6 0,home battery,13.15365
Generator,load,ES6 0,low voltage,12.3698
Generator,load,ES6 0,residential rural heat,0.0
Generator,load,ES6 0,residential urban decentral heat,0.0
Generator,load,ES6 0,services rural heat,0.0
Generator,load,ES6 0,services urban decentral heat,0.0
Generator,load,ES6 0,urban central heat,0.0
Generator,load,EU,agriculture machinery oil,20.34045
Generator,load,EU,biogas,222.22251
Generator,load,EU,co2,0.0
Generator,load,EU,co2 sequestered,20.98124
Generator,load,EU,co2 stored,20.58476
Generator,load,EU,gas,0.0
Generator,load,EU,gas for industry,16.30498
Generator,load,EU,industry methanol,19.65795
Generator,load,EU,kerosene for aviation,20.03942
Generator,load,EU,methanol,19.32062
Generator,load,EU,naphtha for industry,17.68228
Generator,load,EU,non-sequestered HVC,22.86116
Generator,load,EU,none,0.0
Generator,load,EU,oil,19.32597
Generator,load,EU,oil primary,0.0
Generator,load,EU,process emissions,20.20022
Generator,load,EU,shipping methanol,19.39359
Generator,load,EU,solid biomass,365.83487
Generator,load,EU,solid biomass for industry,12.42323
Generator,load,FI1 0,AC,12.58807
Generator,load,FI1 0,EV battery,20.03434
Generator,load,FI1 0,H2,13.51758
Generator,load,FI1 0,battery,13.1074
Generator,load,FI1 0,home battery,13.05039
Generator,load,FI1 0,low voltage,12.5041
Generator,load,FI1 0,residential rural heat,3.35236
Generator,load,FI1 0,residential urban decentral heat,2.57762
Generator,load,FI1 0,services rural heat,3.259
Generator,load,FI1 0,services urban decentral heat,1.92386
Generator,load,FI1 0,urban central heat,0.0
Generator,load,FR0 0,AC,12.52148
Generator,load,FR0 0,EV battery,18.44641
Generator,load,FR0 0,H2,13.60491
Generator,load,FR0 0,battery,12.98838
Generator,load,FR0 0,home battery,12.97237
Generator,load,FR0 0,low voltage,12.3471
Generator,load,FR0 0,residential rural heat,0.0
Generator,load,FR0 0,residential urban decentral heat,0.06046
Generator,load,FR0 0,services rural heat,0.0
Generator,load,FR0 0,services urban decentral heat,0.0555
Generator,load,FR0 0,urban central heat,0.0
Generator,load,FR5 0,AC,13.58797
Generator,load,FR5 0,EV battery,8.41541
Generator,load,FR5 0,H2,12.56312
Generator,load,FR5 0,battery,13.67049
Generator,load,FR5 0,home battery,13.84665
Generator,load,FR5 0,low voltage,13.73387
Generator,load,FR5 0,residential rural heat,0.0
Generator,load,FR5 0,residential urban decentral heat,0.0
Generator,load,FR5 0,services rural heat,0.0
Generator,load,FR5 0,services urban decentral heat,0.0
Generator,load,GB2 0,AC,12.53284
Generator,load,GB2 0,EV battery,19.29503
Generator,load,GB2 0,H2,13.56357
Generator,load,GB2 0,battery,13.03363
Generator,load,GB2 0,home battery,13.03304
Generator,load,GB2 0,low voltage,12.32637
Generator,load,GB2 0,residential rural heat,0.0
Generator,load,GB2 0,residential urban decentral heat,0.01642
Generator,load,GB2 0,services rural heat,0.0
Generator,load,GB2 0,services urban decentral heat,0.01791
Generator,load,GB2 0,urban central heat,0.0
Generator,load,GB3 0,AC,12.31762
Generator,load,GB3 0,EV battery,17.78242
Generator,load,GB3 0,H2,13.54502
Generator,load,GB3 0,battery,12.70663
Generator,load,GB3 0,home battery,13.18259
Generator,load,GB3 0,low voltage,12.36559
Generator,load,GB3 0,residential rural heat,0.0
Generator,load,GB3 0,residential urban decentral heat,0.0
Generator,load,GB3 0,services rural heat,0.0
Generator,load,GB3 0,services urban decentral heat,0.0
Generator,load,GB3 0,urban central heat,0.0
Generator,load,GR0 0,AC,13.0332
Generator,load,GR0 0,EV battery,20.15754
Generator,load,GR0 0,H2,13.58509
Generator,load,GR0 0,battery,13.63787
Generator,load,GR0 0,home battery,13.63559
Generator,load,GR0 0,low voltage,12.79309
Generator,load,GR0 0,residential rural heat,0.0
Generator,load,GR0 0,residential urban decentral heat,0.01355
Generator,load,GR0 0,services rural heat,0.0
Generator,load,GR0 0,services urban decentral heat,0.01349
Generator,load,GR0 0,urban central heat,0.0
Generator,load,HR0 0,AC,14.20948
Generator,load,HR0 0,EV battery,20.00843
Generator,load,HR0 0,H2,13.55976
Generator,load,HR0 0,battery,14.76147
Generator,load,HR0 0,home battery,15.42802
Generator,load,HR0 0,low voltage,14.25271
Generator,load,HR0 0,residential rural heat,0.0
Generator,load,HR0 0,residential urban decentral heat,0.04522
Generator,load,HR0 0,services rural heat,0.0
Generator,load,HR0 0,services urban decentral heat,0.03773
Generator,load,HR0 0,urban central heat,0.0
Generator,load,HU0 0,AC,12.3031
Generator,load,HU0 0,EV battery,20.18203
Generator,load,HU0 0,H2,13.5661
Generator,load,HU0 0,battery,12.61579
Generator,load,HU0 0,home battery,13.04066
Generator,load,HU0 0,low voltage,12.34853
Generator,load,HU0 0,residential rural heat,0.0
Generator,load,HU0 0,residential urban decentral heat,0.11941
Generator,load,HU0 0,services rural heat,0.0
Generator,load,HU0 0,services urban decentral heat,0.08215
Generator,load,HU0 0,urban central heat,0.0
Generator,load,IE3 0,AC,12.74351
Generator,load,IE3 0,EV battery,20.11499
Generator,load,IE3 0,H2,13.56367
Generator,load,IE3 0,battery,13.17315
Generator,load,IE3 0,home battery,13.81678
Generator,load,IE3 0,low voltage,12.86506
Generator,load,IE3 0,residential rural heat,0.0
Generator,load,IE3 0,residential urban decentral heat,0.0
Generator,load,IE3 0,services rural heat,0.0
Generator,load,IE3 0,services urban decentral heat,0.0
Generator,load,IE3 0,urban central heat,0.0
Generator,load,IT0 0,AC,12.22619
Generator,load,IT0 0,EV battery,19.24404
Generator,load,IT0 0,H2,13.57001
Generator,load,IT0 0,battery,12.50015
Generator,load,IT0 0,home battery,12.92848
Generator,load,IT0 0,low voltage,12.24274
Generator,load,IT0 0,residential rural heat,0.0
Generator,load,IT0 0,residential urban decentral heat,0.01318
Generator,load,IT0 0,services rural heat,0.0
Generator,load,IT0 0,services urban decentral heat,0.00959
Generator,load,IT0 0,urban central heat,0.0
Generator,load,IT4 0,AC,12.85249
Generator,load,IT4 0,EV battery,18.77938
Generator,load,IT4 0,H2,13.41339
Generator,load,IT4 0,battery,13.28247
Generator,load,IT4 0,home battery,13.89218
Generator,load,IT4 0,low voltage,12.89963
Generator,load,IT4 0,residential rural heat,0.0
Generator,load,IT4 0,residential urban decentral heat,0.0
Generator,load,IT4 0,services rural heat,0.0
Generator,load,IT4 0,services urban decentral heat,0.0
Generator,load,IT4 0,urban central heat,0.0
Generator,load,LT0 0,AC,12.29305
Generator,load,LT0 0,EV battery,19.91354
Generator,load,LT0 0,H2,13.50783
Generator,load,LT0 0,battery,12.65858
Generator,load,LT0 0,home battery,13.10269
Generator,load,LT0 0,low voltage,12.37989
Generator,load,LT0 0,residential rural heat,1.15133
Generator,load,LT0 0,residential urban decentral heat,1.2731
Generator,load,LT0 0,services rural heat,0.88729
Generator,load,LT0 0,services urban decentral heat,1.14226
Generator,load,LT0 0,urban central heat,0.0
Generator,load,LU0 0,AC,18.96128
Generator,load,LU0 0,EV battery,17.83207
Generator,load,LU0 0,H2,13.5673
Generator,load,LU0 0,battery,19.42453
Generator,load,LU0 0,home battery,19.77841
Generator,load,LU0 0,low voltage,19.03895
Generator,load,LU0 0,residential rural heat,0.0
Generator,load,LU0 0,residential urban decentral heat,0.40816
Generator,load,LU0 0,services rural heat,0.0
Generator,load,LU0 0,services urban decentral heat,0.30518
Generator,load,LU0 0,urban central heat,0.0
Generator,load,LV0 0,AC,13.07217
Generator,load,LV0 0,EV battery,17.7058
Generator,load,LV0 0,H2,13.47742
Generator,load,LV0 0,battery,13.50289
Generator,load,LV0 0,home battery,14.07431
Generator,load,LV0 0,low voltage,13.18065
Generator,load,LV0 0,residential rural heat,1.34792
Generator,load,LV0 0,residential urban decentral heat,1.44469
Generator,load,LV0 0,services rural heat,1.20974
Generator,load,LV0 0,services urban decentral heat,0.93515
Generator,load,LV0 0,urban central heat,0.0
Generator,load,ME0 0,AC,14.66587
Generator,load,ME0 0,EV battery,9.98778
Generator,load,ME0 0,H2,13.57513
Generator,load,ME0 0,battery,15.19115
Generator,load,ME0 0,home battery,16.05863
Generator,load,ME0 0,low voltage,14.76807
Generator,load,ME0 0,residential rural heat,0.0
Generator,load,ME0 0,residential urban decentral heat,0.08965
Generator,load,ME0 0,services rural heat,0.0
Generator,load,ME0 0,services urban decentral heat,0.05023
Generator,load,ME0 0,urban central heat,0.0
Generator,load,MK0 0,AC,18.54144
Generator,load,MK0 0,EV battery,16.97999
Generator,load,MK0 0,H2,13.55728
Generator,load,MK0 0,battery,19.26708
Generator,load,MK0 0,home battery,19.70049
Generator,load,MK0 0,low voltage,18.62726
Generator,load,MK0 0,residential rural heat,0.0
Generator,load,MK0 0,residential urban decentral heat,0.11347
Generator,load,MK0 0,services rural heat,0.0
Generator,load,MK0 0,services urban decentral heat,0.09043
Generator,load,MK0 0,urban central heat,0.0
Generator,load,NL0 0,AC,12.27674
Generator,load,NL0 0,EV battery,20.11555
Generator,load,NL0 0,H2,13.54925
Generator,load,NL0 0,battery,12.59778
Generator,load,NL0 0,home battery,13.09636
Generator,load,NL0 0,low voltage,12.33136
Generator,load,NL0 0,residential rural heat,0.0
Generator,load,NL0 0,residential urban decentral heat,0.39256
Generator,load,NL0 0,services rural heat,0.0
Generator,load,NL0 0,services urban decentral heat,0.2331
Generator,load,NL0 0,urban central heat,0.0
Generator,load,NO1 0,AC,13.18909
Generator,load,NO1 0,EV battery,19.90352
Generator,load,NO1 0,H2,13.54114
Generator,load,NO1 0,battery,13.9179
Generator,load,NO1 0,home battery,13.86171
Generator,load,NO1 0,low voltage,13.03231
Generator,load,NO1 0,residential rural heat,4.37168
Generator,load,NO1 0,residential urban decentral heat,2.90463
Generator,load,NO1 0,services rural heat,4.26576
Generator,load,NO1 0,services urban decentral heat,2.04895
Generator,load,NO1 0,urban central heat,0.0
Generator,load,PL0 0,AC,13.22608
Generator,load,PL0 0,EV battery,19.74922
Generator,load,PL0 0,H2,13.53422
Generator,load,PL0 0,battery,13.80934
Generator,load,PL0 0,home battery,13.81284
Generator,load,PL0 0,low voltage,13.10455
Generator,load,PL0 0,residential rural heat,0.44634
Generator,load,PL0 0,residential urban decentral heat,0.73013
Generator,load,PL0 0,services rural heat,0.45292
Generator,load,PL0 0,services urban decentral heat,0.65487
Generator,load,PL0 0,urban central heat,0.0
Generator,load,PT0 0,AC,12.94375
Generator,load,PT0 0,EV battery,20.17952
Generator,load,PT0 0,H2,13.54782
Generator,load,PT0 0,battery,13.55071
Generator,load,PT0 0,home battery,13.55384
Generator,load,PT0 0,low voltage,12.7258
Generator,load,PT0 0,residential rural heat,0.0
Generator,load,PT0 0,residential urban decentral heat,0.0
Generator,load,PT0 0,services rural heat,0.0
Generator,load,PT0 0,services urban decentral heat,0.0
Generator,load,PT0 0,urban central heat,0.0
Generator,load,RO0 0,AC,12.59696
Generator,load,RO0 0,EV battery,20.14459
Generator,load,RO0 0,H2,13.56684
Generator,load,RO0 0,battery,12.58556
Generator,load,RO0 0,home battery,13.09684
Generator,load,RO0 0,low voltage,12.42459
Generator,load,RO0 0,residential rural heat,0.0
Generator,load,RO0 0,residential urban decentral heat,0.37534
Generator,load,RO0 0,services rural heat,0.0
Generator,load,RO0 0,services urban decentral heat,0.35522
Generator,load,RO0 0,urban central heat,0.0
Generator,load,RS0 0,AC,16.2233
Generator,load,RS0 0,EV battery,19.98568
Generator,load,RS0 0,H2,13.55897
Generator,load,RS0 0,battery,16.71809
Generator,load,RS0 0,home battery,17.89027
Generator,load,RS0 0,low voltage,16.37464
Generator,load,RS0 0,residential rural heat,0.0
Generator,load,RS0 0,residential urban decentral heat,0.11351
Generator,load,RS0 0,services rural heat,0.0
Generator,load,RS0 0,services urban decentral heat,0.09491
Generator,load,RS0 0,urban central heat,0.0
Generator,load,SE1 0,AC,12.50168
Generator,load,SE1 0,EV battery,20.08986
Generator,load,SE1 0,H2,13.54031
Generator,load,SE1 0,battery,12.94908
Generator,load,SE1 0,home battery,12.91623
Generator,load,SE1 0,low voltage,12.39559
Generator,load,SE1 0,residential rural heat,4.34437
Generator,load,SE1 0,residential urban decentral heat,2.33743
Generator,load,SE1 0,services rural heat,4.05268
Generator,load,SE1 0,services urban decentral heat,2.05029
Generator,load,SE1 0,urban central heat,0.0
Generator,load,SI0 0,AC,12.28541
Generator,load,SI0 0,EV battery,19.62493
Generator,load,SI0 0,H2,13.58675
Generator,load,SI0 0,battery,12.57245
Generator,load,SI0 0,home battery,13.06658
Generator,load,SI0 0,low voltage,12.35559
Generator,load,SI0 0,residential rural heat,0.0
Generator,load,SI0 0,residential urban decentral heat,0.15076
Generator,load,SI0 0,services rural heat,0.0
Generator,load,SI0 0,services urban decentral heat,0.14254
Generator,load,SI0 0,urban central heat,0.0
Generator,load,SK0 0,AC,12.29112
Generator,load,SK0 0,EV battery,20.07998
Generator,load,SK0 0,H2,13.54761
Generator,load,SK0 0,battery,12.58931
Generator,load,SK0 0,home battery,13.07718
Generator,load,SK0 0,low voltage,12.35027
Generator,load,SK0 0,residential rural heat,0.0
Generator,load,SK0 0,residential urban decentral heat,0.66128
Generator,load,SK0 0,services rural heat,0.0
Generator,load,SK0 0,services urban decentral heat,0.4373
Generator,load,SK0 0,urban central heat,0.0
Generator,load,XK0 0,AC,19.19927
Generator,load,XK0 0,EV battery,13.47695
Generator,load,XK0 0,H2,13.55452
Generator,load,XK0 0,battery,19.55858
Generator,load,XK0 0,home battery,19.85704
Generator,load,XK0 0,low voltage,19.22631
Generator,load,XK0 0,residential rural heat,0.0
Generator,load,XK0 0,residential urban decentral heat,0.12793
Generator,load,XK0 0,services rural heat,0.0
Generator,load,XK0 0,services urban decentral heat,0.1025
Generator,load,XK0 0,urban central heat,0.0
Generator,nuclear,BE0 0,AC,34255915.65188
Generator,nuclear,BG0 0,AC,11261849.92965
Generator,nuclear,CH0 0,AC,17723393.96416
Generator,nuclear,CZ0 0,AC,25128723.33257
Generator,nuclear,DE0 0,AC,98525481.68477
Generator,nuclear,DE0 1,AC,49900676.52074
Generator,nuclear,ES0 0,AC,26498824.53382
Generator,nuclear,ES6 0,AC,17153968.45366
Generator,nuclear,FI1 0,AC,27275042.61891
Generator,nuclear,FR0 0,AC,254324879.16903
Generator,nuclear,GB2 0,AC,66524993.12009
Generator,nuclear,GB3 0,AC,13568089.79465
Generator,nuclear,HU0 0,AC,11135683.90259
Generator,nuclear,IT0 0,AC,9044642.87854
Generator,nuclear,LT0 0,AC,17450203.91572
Generator,nuclear,NL0 0,AC,333940.27658
Generator,nuclear,RO0 0,AC,7447477.18702
Generator,nuclear,SE1 0,AC,56713116.74513
Generator,nuclear,SI0 0,AC,3991500.0398
Generator,nuclear,SK0 0,AC,11985583.16196
Generator,offwind-ac,AL0 0,AC,95080.38134
Generator,offwind-ac,BA0 0,AC,5887.41538
Generator,offwind-ac,BE0 0,AC,9765728.0473
Generator,offwind-ac,BG0 0,AC,303730.39043
Generator,offwind-ac,DE0 0,AC,33416367.82657
Generator,offwind-ac,DE0 1,AC,9372925.77111
Generator,offwind-ac,DK0 0,AC,6742218.20175
Generator,offwind-ac,DK1 0,AC,4506381.65641
Generator,offwind-ac,EE0 0,AC,219878.41048
Generator,offwind-ac,ES0 0,AC,171544.34087
Generator,offwind-ac,ES6 0,AC,50560.37234
Generator,offwind-ac,FI1 0,AC,681972.83635
Generator,offwind-ac,FR0 0,AC,174909808.94866
Generator,offwind-ac,FR5 0,AC,60575.74351
Generator,offwind-ac,GB2 0,AC,512323065.23957
Generator,offwind-ac,GB3 0,AC,26552303.87939
Generator,offwind-ac,GR0 0,AC,153327.70234
Generator,offwind-ac,HR0 0,AC,81221.6209
Generator,offwind-ac,IE3 0,AC,53202010.55852
Generator,offwind-ac,IT0 0,AC,99301.7532
Generator,offwind-ac,IT4 0,AC,117508.57593
Generator,offwind-ac,LT0 0,AC,638427.34336
Generator,offwind-ac,LV0 0,AC,338233.11429
Generator,offwind-ac,ME0 0,AC,34620.01741
Generator,offwind-ac,NL0 0,AC,24542517.56121
Generator,offwind-ac,NO1 0,AC,1840349.82716
Generator,offwind-ac,PL0 0,AC,27763393.06275
Generator,offwind-ac,PT0 0,AC,860112.60522
Generator,offwind-ac,RO0 0,AC,5519712.89516
Generator,offwind-ac,SE1 0,AC,1709317.38649
Generator,offwind-ac,SI0 0,AC,10212.97848
Generator,offwind-dc,AL0 0,AC,11334135.71614
Generator,offwind-dc,BE0 0,AC,4043042.14027
Generator,offwind-dc,BG0 0,AC,786996.90772
Generator,offwind-dc,DE0 0,AC,109870049.7237
Generator,offwind-dc,DE0 1,AC,1229388.95127
Generator,offwind-dc,DK0 0,AC,448733.41521
Generator,offwind-dc,DK1 0,AC,240875.65234
Generator,offwind-dc,EE0 0,AC,155585.93265
Generator,offwind-dc,ES0 0,AC,912637.23099
Generator,offwind-dc,ES6 0,AC,88081.98755
Generator,offwind-dc,FI1 0,AC,128561389.91831
Generator,offwind-dc,FR0 0,AC,483749800.32531
Generator,offwind-dc,FR5 0,AC,139823.01266
Generator,offwind-dc,GB2 0,AC,447506.99487
Generator,offwind-dc,GB3 0,AC,376507.14024
Generator,offwind-dc,GR0 0,AC,381805.01871
Generator,offwind-dc,HR0 0,AC,174654.13312
Generator,offwind-dc,IE3 0,AC,12070613.44116
Generator,offwind-dc,IT0 0,AC,15667690.92918
Generator,offwind-dc,IT4 0,AC,310858.6117
Generator,offwind-dc,LT0 0,AC,10985108.29009
Generator,offwind-dc,LV0 0,AC,1693329.69744
Generator,offwind-dc,ME0 0,AC,165315.89952
Generator,offwind-dc,NL0 0,AC,2486542.63233
Generator,offwind-dc,NO1 0,AC,4170932.53248
Generator,offwind-dc,PL0 0,AC,80305214.24715
Generator,offwind-dc,PT0 0,AC,577924.96994
Generator,offwind-dc,RO0 0,AC,67425463.89752
Generator,offwind-dc,SE1 0,AC,15648249.56455
Generator,oil primary,EU,oil primary,284970140.99187
Generator,onwind,AL0 0,AC,99000.43346
Generator,onwind,AT0 0,AC,3547218.43811
Generator,onwind,BA0 0,AC,153308.48867
Generator,onwind,BE0 0,AC,37451661.94128
Generator,onwind,BG0 0,AC,706783.45824
Generator,onwind,CH0 0,AC,22429.59323
Generator,onwind,CZ0 0,AC,659264.18786
Generator,onwind,DE0 0,AC,64192922.95755
Generator,onwind,DE0 1,AC,41635975.71474
Generator,onwind,DK0 0,AC,223232559.94851
Generator,onwind,DK1 0,AC,63726867.34677
Generator,onwind,EE0 0,AC,25993386.94061
Generator,onwind,ES0 0,AC,106572659.25405
Generator,onwind,ES6 0,AC,4382748.37004
Generator,onwind,FI1 0,AC,17205904.62692
Generator,onwind,FR0 0,AC,45763417.71293
Generator,onwind,FR5 0,AC,136044.78645
Generator,onwind,GB2 0,AC,945770151.28271
Generator,onwind,GB3 0,AC,14389298.28976
Generator,onwind,GR0 0,AC,18764027.15572
Generator,onwind,HR0 0,AC,906134.27155
Generator,onwind,HU0 0,AC,8963211.5906
Generator,onwind,IE3 0,AC,13578825.0894
Generator,onwind,IT0 0,AC,9475206.83631
Generator,onwind,IT4 0,AC,22585228.94939
Generator,onwind,LT0 0,AC,2271167.27631
Generator,onwind,LU0 0,AC,274627.76527
Generator,onwind,LV0 0,AC,839547.8744
Generator,onwind,ME0 0,AC,32787.50305
Generator,onwind,MK0 0,AC,12843.56528
Generator,onwind,NL0 0,AC,136169925.77439
Generator,onwind,NO1 0,AC,9667639.8799
Generator,onwind,PL0 0,AC,126615625.47501
Generator,onwind,PT0 0,AC,8035991.79724
Generator,onwind,RO0 0,AC,6087856.02065
Generator,onwind,RS0 0,AC,690228.58069
Generator,onwind,SE1 0,AC,32051326.30522
Generator,onwind,SI0 0,AC,11088.77436
Generator,onwind,SK0 0,AC,184184.79571
Generator,onwind,XK0 0,AC,38409.36214
Generator,residential rural solar thermal,AL0 0,residential rural heat,4317.09849
Generator,residential rural solar thermal,AT0 0,residential rural heat,5739.73162
Generator,residential rural solar thermal,BA0 0,residential rural heat,3955.17557
Generator,residential rural solar thermal,BE0 0,residential rural heat,2065.09291
Generator,residential rural solar thermal,BG0 0,residential rural heat,4588.30697
Generator,residential rural solar thermal,CH0 0,residential rural heat,4902.01632
Generator,residential rural solar thermal,CZ0 0,residential rural heat,3114.37221
Generator,residential rural solar thermal,DE0 0,residential rural heat,4520.61312
Generator,residential rural solar thermal,DE0 1,residential rural heat,5529.67109
Generator,residential rural solar thermal,DK0 0,residential rural heat,2232.09547
Generator,residential rural solar thermal,DK1 0,residential rural heat,1986.95944
Generator,residential rural solar thermal,EE0 0,residential rural heat,2107.43409
Generator,residential rural solar thermal,ES0 0,residential rural heat,10756.40876
Generator,residential rural solar thermal,ES6 0,residential rural heat,2948.07574
Generator,residential rural solar thermal,FI1 0,residential rural heat,693.82395
Generator,residential rural solar thermal,FR0 0,residential rural heat,8941.97435
Generator,residential rural solar thermal,FR5 0,residential rural heat,3969.39305
Generator,residential rural solar thermal,GB2 0,residential rural heat,4421.7491
Generator,residential rural solar thermal,GB3 0,residential rural heat,1622.57408
Generator,residential rural solar thermal,GR0 0,residential rural heat,6564.31331
Generator,residential rural solar thermal,HR0 0,residential rural heat,4624.71807
Generator,residential rural solar thermal,HU0 0,residential rural heat,4740.65436
Generator,residential rural solar thermal,IE3 0,residential rural heat,2352.72181
Generator,residential rural solar thermal,IT0 0,residential rural heat,12388.73807
Generator,residential rural solar thermal,IT4 0,residential rural heat,6533.37566
Generator,residential rural solar thermal,LT0 0,residential rural heat,2126.84045
Generator,residential rural solar thermal,LU0 0,residential rural heat,1005.2384
Generator,residential rural solar thermal,LV0 0,residential rural heat,2276.56908
Generator,residential rural solar thermal,ME0 0,residential rural heat,3099.57443
Generator,residential rural solar thermal,MK0 0,residential rural heat,3826.55194
Generator,residential rural solar thermal,NL0 0,residential rural heat,2372.88258
Generator,residential rural solar thermal,NO1 0,residential rural heat,1086.43626
Generator,residential rural solar thermal,PL0 0,residential rural heat,5195.97675
Generator,residential rural solar thermal,PT0 0,residential rural heat,7382.83495
Generator,residential rural solar thermal,RO0 0,residential rural heat,6871.0936
Generator,residential rural solar thermal,RS0 0,residential rural heat,4875.6582
Generator,residential rural solar thermal,SE1 0,residential rural heat,1767.03739
Generator,residential rural solar thermal,SI0 0,residential rural heat,3052.6475
Generator,residential rural solar thermal,SK0 0,residential rural heat,3575.7034
Generator,residential rural solar thermal,XK0 0,residential rural heat,3098.82895
Generator,residential urban decentral solar thermal,AL0 0,residential urban decentral heat,4520.32029
Generator,residential urban decentral solar thermal,AT0 0,residential urban decentral heat,5725.21915
Generator,residential urban decentral solar thermal,BA0 0,residential urban decentral heat,3821.83114
Generator,residential urban decentral solar thermal,BE0 0,residential urban decentral heat,4258.01838
Generator,residential urban decentral solar thermal,BG0 0,residential urban decentral heat,5688.87668
Generator,residential urban decentral solar thermal,CH0 0,residential urban decentral heat,7064.76387
Generator,residential urban decentral solar thermal,CZ0 0,residential urban decentral heat,3791.09178
Generator,residential urban decentral solar thermal,DE0 0,residential urban decentral heat,6358.42356
Generator,residential urban decentral solar thermal,DE0 1,residential urban decentral heat,5788.82019
Generator,residential urban decentral solar thermal,DK0 0,residential urban decentral heat,3923.27462
Generator,residential urban decentral solar thermal,DK1 0,residential urban decentral heat,3405.94151
Generator,residential urban decentral solar thermal,EE0 0,residential urban decentral heat,2485.26883
Generator,residential urban decentral solar thermal,ES0 0,residential urban decentral heat,14657.35608
Generator,residential urban decentral solar thermal,ES6 0,residential urban decentral heat,5563.05409
Generator,residential urban decentral solar thermal,FI1 0,residential urban decentral heat,1117.44495
Generator,residential urban decentral solar thermal,FR0 0,residential urban decentral heat,10983.38341
Generator,residential urban decentral solar thermal,FR5 0,residential urban decentral heat,0.0
Generator,residential urban decentral solar thermal,GB2 0,residential urban decentral heat,5587.7516
Generator,residential urban decentral solar thermal,GB3 0,residential urban decentral heat,1305.60523
Generator,residential urban decentral solar thermal,GR0 0,residential urban decentral heat,8879.79049
Generator,residential urban decentral solar thermal,HR0 0,residential urban decentral heat,4742.30279
Generator,residential urban decentral solar thermal,HU0 0,residential urban decentral heat,5505.9748
Generator,residential urban decentral solar thermal,IE3 0,residential urban decentral heat,2704.07776
Generator,residential urban decentral solar thermal,IT0 0,residential urban decentral heat,14175.53247
Generator,residential urban decentral solar thermal,IT4 0,residential urban decentral heat,4549.75407
Generator,residential urban decentral solar thermal,LT0 0,residential urban decentral heat,2456.27335
Generator,residential urban decentral solar thermal,LU0 0,residential urban decentral heat,1586.96713
Generator,residential urban decentral solar thermal,LV0 0,residential urban decentral heat,2582.44471
Generator,residential urban decentral solar thermal,ME0 0,residential urban decentral heat,3237.86097
Generator,residential urban decentral solar thermal,MK0 0,residential urban decentral heat,3931.88324
Generator,residential urban decentral solar thermal,NL0 0,residential urban decentral heat,4754.68083
Generator,residential urban decentral solar thermal,NO1 0,residential urban decentral heat,1712.19009
Generator,residential urban decentral solar thermal,PL0 0,residential urban decentral heat,5262.11554
Generator,residential urban decentral solar thermal,PT0 0,residential urban decentral heat,8062.19066
Generator,residential urban decentral solar thermal,RO0 0,residential urban decentral heat,6662.66537
Generator,residential urban decentral solar thermal,RS0 0,residential urban decentral heat,4918.77881
Generator,residential urban decentral solar thermal,SE1 0,residential urban decentral heat,2942.36053
Generator,residential urban decentral solar thermal,SI0 0,residential urban decentral heat,3134.83519
Generator,residential urban decentral solar thermal,SK0 0,residential urban decentral heat,3625.47948
Generator,residential urban decentral solar thermal,XK0 0,residential urban decentral heat,3222.4098
Generator,ror,AL0 0,AC,141691.76197
Generator,ror,AT0 0,AC,18172515.9944
Generator,ror,BE0 0,AC,260721.28185
Generator,ror,BG0 0,AC,184216.37005
Generator,ror,CH0 0,AC,9208395.34061
Generator,ror,CZ0 0,AC,130287.42529
Generator,ror,DE0 0,AC,6674663.13801
Generator,ror,DE0 1,AC,14754260.50437
Generator,ror,ES0 0,AC,266961.91635
Generator,ror,ES6 0,AC,307697.59886
Generator,ror,FI1 0,AC,6802017.07077
Generator,ror,FR0 0,AC,28280583.79247
Generator,ror,FR5 0,AC,541222.44593
Generator,ror,GB2 0,AC,2392362.66358
Generator,ror,GB3 0,AC,1544222.55832
Generator,ror,GR0 0,AC,216569.11221
Generator,ror,HR0 0,AC,1141089.30513
Generator,ror,HU0 0,AC,62147.46743
Generator,ror,IE3 0,AC,514864.65002
Generator,ror,IT0 0,AC,29357371.71585
Generator,ror,IT4 0,AC,449184.13375
Generator,ror,LT0 0,AC,469422.66259
Generator,ror,LV0 0,AC,2715348.16509
Generator,ror,ME0 0,AC,20233.01859
Generator,ror,MK0 0,AC,449104.30452
Generator,ror,NO1 0,AC,4283763.22216
Generator,ror,PL0 0,AC,1120138.67143
Generator,ror,PT0 0,AC,6431630.31303
Generator,ror,RO0 0,AC,6305856.8259
Generator,ror,RS0 0,AC,6545539.93791
Generator,ror,SE1 0,AC,6277517.47856
Generator,ror,SI0 0,AC,1955188.59377
Generator,ror,SK0 0,AC,3371857.72738
Generator,ror,XK0 0,AC,50913.24167
Generator,services rural solar thermal,AL0 0,services rural heat,3813.16897
Generator,services rural solar thermal,AT0 0,services rural heat,4834.45535
Generator,services rural solar thermal,BA0 0,services rural heat,3116.57979
Generator,services rural solar thermal,BE0 0,services rural heat,3289.93988
Generator,services rural solar thermal,BG0 0,services rural heat,4791.44798
Generator,services rural solar thermal,CH0 0,services rural heat,3794.97866
Generator,services rural solar thermal,CZ0 0,services rural heat,3025.56594
Generator,services rural solar thermal,DE0 0,services rural heat,5089.92555
Generator,services rural solar thermal,DE0 1,services rural heat,5218.37217
Generator,services rural solar thermal,DK0 0,services rural heat,2753.98587
Generator,services rural solar thermal,DK1 0,services rural heat,2558.56207
Generator,services rural solar thermal,EE0 0,services rural heat,2191.81732
Generator,services rural solar thermal,ES0 0,services rural heat,14200.88373
Generator,services rural solar thermal,ES6 0,services rural heat,6522.42369
Generator,services rural solar thermal,FI1 0,services rural heat,868.992
Generator,services rural solar thermal,FR0 0,services rural heat,10800.44988
Generator,services rural solar thermal,FR5 0,services rural heat,3884.11175
Generator,services rural solar thermal,GB2 0,services rural heat,3351.76037
Generator,services rural solar thermal,GB3 0,services rural heat,1256.11147
Generator,services rural solar thermal,GR0 0,services rural heat,7777.95098
Generator,services rural solar thermal,HR0 0,services rural heat,4589.75695
Generator,services rural solar thermal,HU0 0,services rural heat,5170.35221
Generator,services rural solar thermal,IE3 0,services rural heat,2095.0293
Generator,services rural solar thermal,IT0 0,services rural heat,13655.44236
Generator,services rural solar thermal,IT4 0,services rural heat,6158.96908
Generator,services rural solar thermal,LT0 0,services rural heat,2134.7288
Generator,services rural solar thermal,LU0 0,services rural heat,1389.05328
Generator,services rural solar thermal,LV0 0,services rural heat,2428.24457
Generator,services rural solar thermal,ME0 0,services rural heat,2286.63109
Generator,services rural solar thermal,MK0 0,services rural heat,3276.82608
Generator,services rural solar thermal,NL0 0,services rural heat,5498.55725
Generator,services rural solar thermal,NO1 0,services rural heat,1044.25906
Generator,services rural solar thermal,PL0 0,services rural heat,6152.37041
Generator,services rural solar thermal,PT0 0,services rural heat,8670.30383
Generator,services rural solar thermal,RO0 0,services rural heat,5751.54505
Generator,services rural solar thermal,RS0 0,services rural heat,3643.49136
Generator,services rural solar thermal,SE1 0,services rural heat,1830.07044
Generator,services rural solar thermal,SI0 0,services rural heat,2791.48155
Generator,services rural solar thermal,SK0 0,services rural heat,3318.81807
Generator,services rural solar thermal,XK0 0,services rural heat,2751.95112
Generator,services urban decentral solar thermal,AL0 0,services urban decentral heat,3395.52334
Generator,services urban decentral solar thermal,AT0 0,services urban decentral heat,3951.15521
Generator,services urban decentral solar thermal,BA0 0,services urban decentral heat,2903.21188
Generator,services urban decentral solar thermal,BE0 0,services urban decentral heat,3435.63569
Generator,services urban decentral solar thermal,BG0 0,services urban decentral heat,4544.8142
Generator,services urban decentral solar thermal,CH0 0,services urban decentral heat,5331.46251
Generator,services urban decentral solar thermal,CZ0 0,services urban decentral heat,2710.05168
Generator,services urban decentral solar thermal,DE0 0,services urban decentral heat,5117.28794
Generator,services urban decentral solar thermal,DE0 1,services urban decentral heat,4433.99945
Generator,services urban decentral solar thermal,DK0 0,services urban decentral heat,2561.24195
Generator,services urban decentral solar thermal,DK1 0,services urban decentral heat,2330.19848
Generator,services urban decentral solar thermal,EE0 0,services urban decentral heat,1993.76223
Generator,services urban decentral solar thermal,ES0 0,services urban decentral heat,11530.19323
Generator,services urban decentral solar thermal,ES6 0,services urban decentral heat,4384.01354
Generator,services urban decentral solar thermal,FI1 0,services urban decentral heat,771.76287
Generator,services urban decentral solar thermal,FR0 0,services urban decentral heat,9383.95494
Generator,services urban decentral solar thermal,FR5 0,services urban decentral heat,1188.86263
Generator,services urban decentral solar thermal,GB2 0,services urban decentral heat,4667.65794
Generator,services urban decentral solar thermal,GB3 0,services urban decentral heat,1069.40748
Generator,services urban decentral solar thermal,GR0 0,services urban decentral heat,7336.77412
Generator,services urban decentral solar thermal,HR0 0,services urban decentral heat,3563.58446
Generator,services urban decentral solar thermal,HU0 0,services urban decentral heat,4139.49194
Generator,services urban decentral solar thermal,IE3 0,services urban decentral heat,2024.43121
Generator,services urban decentral solar thermal,IT0 0,services urban decentral heat,11992.34519
Generator,services urban decentral solar thermal,IT4 0,services urban decentral heat,3414.18346
Generator,services urban decentral solar thermal,LT0 0,services urban decentral heat,1934.88596
Generator,services urban decentral solar thermal,LU0 0,services urban decentral heat,1502.18919
Generator,services urban decentral solar thermal,LV0 0,services urban decentral heat,2068.34538
Generator,services urban decentral solar thermal,ME0 0,services urban decentral heat,2039.25644
Generator,services urban decentral solar thermal,MK0 0,services urban decentral heat,3105.08618
Generator,services urban decentral solar thermal,NL0 0,services urban decentral heat,3959.34614
Generator,services urban decentral solar thermal,NO1 0,services urban decentral heat,1549.38758
Generator,services urban decentral solar thermal,PL0 0,services urban decentral heat,3712.98549
Generator,services urban decentral solar thermal,PT0 0,services urban decentral heat,7578.55701
Generator,services urban decentral solar thermal,RO0 0,services urban decentral heat,4441.62087
Generator,services urban decentral solar thermal,RS0 0,services urban decentral heat,3593.14547
Generator,services urban decentral solar thermal,SE1 0,services urban decentral heat,2072.84708
Generator,services urban decentral solar thermal,SI0 0,services urban decentral heat,2446.71035
Generator,services urban decentral solar thermal,SK0 0,services urban decentral heat,3051.70466
Generator,services urban decentral solar thermal,XK0 0,services urban decentral heat,2434.94525
Generator,solar,AL0 0,AC,19288710.05716
Generator,solar,AT0 0,AC,123263547.81965
Generator,solar,BA0 0,AC,3845228.92392
Generator,solar,BE0 0,AC,52221691.08904
Generator,solar,BG0 0,AC,13831955.24498
Generator,solar,CH0 0,AC,76031712.46352
Generator,solar,CZ0 0,AC,12740773.1207
Generator,solar,DE0 0,AC,90847292.2774
Generator,solar,DE0 1,AC,131610928.26609
Generator,solar,DK0 0,AC,1420844.66236
Generator,solar,DK1 0,AC,12114589.54623
Generator,solar,EE0 0,AC,4316413.86665
Generator,solar,ES0 0,AC,396293649.22121
Generator,solar,ES6 0,AC,945714.75129
Generator,solar,FI1 0,AC,1233094.25738
Generator,solar,FR0 0,AC,191321466.1333
Generator,solar,FR5 0,AC,12913601.98873
Generator,solar,GB2 0,AC,69999697.2243
Generator,solar,GB3 0,AC,256280.54451
Generator,solar,GR0 0,AC,178260417.80132
Generator,solar,HR0 0,AC,8390772.45027
Generator,solar,HU0 0,AC,13829454.96778
Generator,solar,IE3 0,AC,3671456.96321
Generator,solar,IT0 0,AC,852889477.07452
Generator,solar,IT4 0,AC,21149505.64831
Generator,solar,LT0 0,AC,4577513.13984
Generator,solar,LU0 0,AC,4829817.35717
Generator,solar,LV0 0,AC,11204991.31029
Generator,solar,ME0 0,AC,11252473.19908
Generator,solar,MK0 0,AC,12137566.15191
Generator,solar,NL0 0,AC,61691750.98514
Generator,solar,NO1 0,AC,751039.25492
Generator,solar,PL0 0,AC,42230801.50093
Generator,solar,PT0 0,AC,15963103.5244
Generator,solar,RO0 0,AC,32950313.7202
Generator,solar,RS0 0,AC,7215018.67581
Generator,solar,SE1 0,AC,3545320.60486
Generator,solar,SI0 0,AC,312993.53853
Generator,solar,SK0 0,AC,17046909.21941
Generator,solar,XK0 0,AC,2276453.15489
Generator,solar rooftop,AL0 0,low voltage,3166029.55346
Generator,solar rooftop,AT0 0,low voltage,11535482.4026
Generator,solar rooftop,BA0 0,low voltage,2607085.92597
Generator,solar rooftop,BE0 0,low voltage,373837.25337
Generator,solar rooftop,BG0 0,low voltage,7702654.89873
Generator,solar rooftop,CH0 0,low voltage,17462609.12743
Generator,solar rooftop,CZ0 0,low voltage,375893.66694
Generator,solar rooftop,DE0 0,low voltage,444204.10965
Generator,solar rooftop,DE0 1,low voltage,1069826.16491
Generator,solar rooftop,DK0 0,low voltage,78317.43854
Generator,solar rooftop,DK1 0,low voltage,288632.564
Generator,solar rooftop,EE0 0,low voltage,938484.81385
Generator,solar rooftop,ES0 0,low voltage,117897528.12627
Generator,solar rooftop,ES6 0,low voltage,1955624.12491
Generator,solar rooftop,FI1 0,low voltage,148692.21408
Generator,solar rooftop,FR0 0,low voltage,3569029.35231
Generator,solar rooftop,FR5 0,low voltage,605740.55528
Generator,solar rooftop,GB2 0,low voltage,341671.89542
Generator,solar rooftop,GB3 0,low voltage,70207.41046
Generator,solar rooftop,GR0 0,low voltage,21016304.02136
Generator,solar rooftop,HR0 0,low voltage,2100500.13381
Generator,solar rooftop,HU0 0,low voltage,440180.34011
Generator,solar rooftop,IE3 0,low voltage,860385.64598
Generator,solar rooftop,IT0 0,low voltage,128594277.80542
Generator,solar rooftop,IT4 0,low voltage,3327145.56409
Generator,solar rooftop,LT0 0,low voltage,734704.38255
Generator,solar rooftop,LU0 0,low voltage,716243.03565
Generator,solar rooftop,LV0 0,low voltage,479552.52811
Generator,solar rooftop,ME0 0,low voltage,1153571.25002
Generator,solar rooftop,MK0 0,low voltage,2832344.95879
Generator,solar rooftop,NL0 0,low voltage,391147.25844
Generator,solar rooftop,NO1 0,low voltage,90695.33607
Generator,solar rooftop,PL0 0,low voltage,273896.5073
Generator,solar rooftop,PT0 0,low voltage,24933338.85255
Generator,solar rooftop,RO0 0,low voltage,3072743.66471
Generator,solar rooftop,RS0 0,low voltage,1327665.54506
Generator,solar rooftop,SE1 0,low voltage,183688.62374
Generator,solar rooftop,SI0 0,low voltage,150365.00492
Generator,solar rooftop,SK0 0,low voltage,1156483.2083
Generator,solar rooftop,XK0 0,low voltage,1708536.13894
Generator,solar-hsat,AL0 0,AC,1188765.73729
Generator,solar-hsat,AT0 0,AC,1183318.46909
Generator,solar-hsat,BA0 0,AC,565249.49294
Generator,solar-hsat,BE0 0,AC,841320.85806
Generator,solar-hsat,BG0 0,AC,984593.22793
Generator,solar-hsat,CH0 0,AC,67920726.07273
Generator,solar-hsat,CZ0 0,AC,559309.62097
Generator,solar-hsat,DE0 0,AC,1078793.98838
Generator,solar-hsat,DE0 1,AC,725926.76546
Generator,solar-hsat,DK0 0,AC,374330.50771
Generator,solar-hsat,DK1 0,AC,2308193.77779
Generator,solar-hsat,EE0 0,AC,1876633.57086
Generator,solar-hsat,ES0 0,AC,312225718.44018
Generator,solar-hsat,ES6 0,AC,1123848.60372
Generator,solar-hsat,FI1 0,AC,1033995.9072
Generator,solar-hsat,FR0 0,AC,1132575.59529
Generator,solar-hsat,FR5 0,AC,450955.54075
Generator,solar-hsat,GB2 0,AC,903125.98603
Generator,solar-hsat,GB3 0,AC,157338.2142
Generator,solar-hsat,GR0 0,AC,5600003.14234
Generator,solar-hsat,HR0 0,AC,485285.20072
Generator,solar-hsat,HU0 0,AC,525910.14448
Generator,solar-hsat,IE3 0,AC,886960.32274
Generator,solar-hsat,IT0 0,AC,1202220.09954
Generator,solar-hsat,IT4 0,AC,928461.97726
Generator,solar-hsat,LT0 0,AC,647538.51146
Generator,solar-hsat,LU0 0,AC,687897.51322
Generator,solar-hsat,LV0 0,AC,1102920.1492
Generator,solar-hsat,ME0 0,AC,993715.44413
Generator,solar-hsat,MK0 0,AC,1030331.88592
Generator,solar-hsat,NL0 0,AC,697803.29895
Generator,solar-hsat,NO1 0,AC,2310179.05638
Generator,solar-hsat,PL0 0,AC,1093291.8336
Generator,solar-hsat,PT0 0,AC,8609228.10149
Generator,solar-hsat,RO0 0,AC,629126.92853
Generator,solar-hsat,RS0 0,AC,448347.11123
Generator,solar-hsat,SE1 0,AC,33308595.065
Generator,solar-hsat,SI0 0,AC,83239.52056
Generator,solar-hsat,SK0 0,AC,568051.70894
Generator,solar-hsat,XK0 0,AC,495055.69758
Generator,solid biomass,EU,solid biomass,1049092860.85417
Generator,urban central solar thermal,AL0 0,urban central heat,5921.48781
Generator,urban central solar thermal,AT0 0,urban central heat,11500.1431
Generator,urban central solar thermal,BA0 0,urban central heat,6761.03924
Generator,urban central solar thermal,BE0 0,urban central heat,8525.9352
Generator,urban central solar thermal,BG0 0,urban central heat,11495.25546
Generator,urban central solar thermal,CH0 0,urban central heat,14292.12834
Generator,urban central solar thermal,CZ0 0,urban central heat,8062.3504
Generator,urban central solar thermal,DE0 0,urban central heat,12116.83014
Generator,urban central solar thermal,DE0 1,urban central heat,11874.94917
Generator,urban central solar thermal,DK0 0,urban central heat,5873.84913
Generator,urban central solar thermal,DK1 0,urban central heat,5884.14484
Generator,urban central solar thermal,EE0 0,urban central heat,3429.35271
Generator,urban central solar thermal,ES0 0,urban central heat,23737.85336
Generator,urban central solar thermal,ES6 0,urban central heat,3746.05785
Generator,urban central solar thermal,FI1 0,urban central heat,2216.55606
Generator,urban central solar thermal,FR0 0,urban central heat,22202.69843
Generator,urban central solar thermal,GB2 0,urban central heat,9203.36665
Generator,urban central solar thermal,GB3 0,urban central heat,1918.12757
Generator,urban central solar thermal,GR0 0,urban central heat,10657.81868
Generator,urban central solar thermal,HR0 0,urban central heat,9114.24601
Generator,urban central solar thermal,HU0 0,urban central heat,10742.05374
Generator,urban central solar thermal,IE3 0,urban central heat,4934.36799
Generator,urban central solar thermal,IT0 0,urban central heat,27560.53968
Generator,urban central solar thermal,IT4 0,urban central heat,3979.94379
Generator,urban central solar thermal,LT0 0,urban central heat,4512.88503
Generator,urban central solar thermal,LU0 0,urban central heat,2978.67326
Generator,urban central solar thermal,LV0 0,urban central heat,4734.27375
Generator,urban central solar thermal,ME0 0,urban central heat,5030.06472
Generator,urban central solar thermal,MK0 0,urban central heat,5107.17618
Generator,urban central solar thermal,NL0 0,urban central heat,9751.18664
Generator,urban central solar thermal,NO1 0,urban central heat,3680.0883
Generator,urban central solar thermal,PL0 0,urban central heat,11541.14984
Generator,urban central solar thermal,PT0 0,urban central heat,20343.86802
Generator,urban central solar thermal,RO0 0,urban central heat,14456.30218
Generator,urban central solar thermal,RS0 0,urban central heat,8883.46254
Generator,urban central solar thermal,SE1 0,urban central heat,5773.6969
Generator,urban central solar thermal,SI0 0,urban central heat,5694.38185
Generator,urban central solar thermal,SK0 0,urban central heat,6676.74575
Generator,urban central solar thermal,XK0 0,urban central heat,4767.30837
Line,AC,AL0 0,AC,-25134685.58737
Line,AC,AT0 0,AC,-33136105.05377
Line,AC,BA0 0,AC,5138209.28329
Line,AC,BE0 0,AC,15707369.85172
Line,AC,BG0 0,AC,22907951.47746
Line,AC,CH0 0,AC,-56981742.6687
Line,AC,CZ0 0,AC,69055214.62221
Line,AC,DE0 0,AC,87160458.62673
Line,AC,DE0 1,AC,33459045.54125
Line,AC,DK0 0,AC,-40966572.51065
Line,AC,DK1 0,AC,-752890.32967
Line,AC,EE0 0,AC,-6791262.54476
Line,AC,ES0 0,AC,-50714921.35684
Line,AC,FI1 0,AC,-1531655.78412
Line,AC,FR0 0,AC,-61551014.17313
Line,AC,GB3 0,AC,-18574491.01982
Line,AC,GR0 0,AC,-72056254.56681
Line,AC,HR0 0,AC,14828897.21903
Line,AC,HU0 0,AC,54478194.83288
Line,AC,IE3 0,AC,16424035.12296
Line,AC,IT0 0,AC,-18496552.54501
Line,AC,LT0 0,AC,-7087582.75031
Line,AC,LU0 0,AC,6841476.47625
Line,AC,LV0 0,AC,1299732.59028
Line,AC,ME0 0,AC,-16986556.12603
Line,AC,MK0 0,AC,-3522639.2581
Line,AC,NL0 0,AC,-36179317.8794
Line,AC,NO1 0,AC,1055074.52641
Line,AC,PL0 0,AC,13918311.48286
Line,AC,PT0 0,AC,38479966.87938
Line,AC,RO0 0,AC,-2756853.91317
Line,AC,RS0 0,AC,34093958.57968
Line,AC,SE1 0,AC,-18484.6076
Line,AC,SI0 0,AC,-68102971.15018
Line,AC,SK0 0,AC,11893054.33042
Line,AC,XK0 0,AC,5837936.55577
Link,BEV charger,AL0 0,EV battery,2065765.59284
Link,BEV charger,AL0 0,low voltage,-2295295.10316
Link,BEV charger,AT0 0,EV battery,21937510.23161
Link,BEV charger,AT0 0,low voltage,-24375011.36845
Link,BEV charger,BA0 0,EV battery,3451068.70665
Link,BEV charger,BA0 0,low voltage,-3834520.78516
Link,BEV charger,BE0 0,EV battery,29297089.66847
Link,BEV charger,BE0 0,low voltage,-32552321.85385
Link,BEV charger,BG0 0,EV battery,8181508.73358
Link,BEV charger,BG0 0,low voltage,-9090565.25953
Link,BEV charger,CH0 0,EV battery,12947412.15636
Link,BEV charger,CH0 0,low voltage,-14386013.50707
Link,BEV charger,CZ0 0,EV battery,20701618.63975
Link,BEV charger,CZ0 0,low voltage,-23001798.48861
Link,BEV charger,DE0 0,EV battery,105879312.7331
Link,BEV charger,DE0 0,low voltage,-117643680.81456
Link,BEV charger,DE0 1,EV battery,61926816.10818
Link,BEV charger,DE0 1,low voltage,-68807573.45354
Link,BEV charger,DK0 0,EV battery,8670506.97941
Link,BEV charger,DK0 0,low voltage,-9633896.64379
Link,BEV charger,DK1 0,EV battery,5005784.41571
Link,BEV charger,DK1 0,low voltage,-5561982.68412
Link,BEV charger,EE0 0,EV battery,2457969.87856
Link,BEV charger,EE0 0,low voltage,-2731077.64284
Link,BEV charger,ES0 0,EV battery,80888472.12456
Link,BEV charger,ES0 0,low voltage,-89876080.1384
Link,BEV charger,ES6 0,EV battery,1318859.24829
Link,BEV charger,ES6 0,low voltage,-1465399.16476
Link,BEV charger,FI1 0,EV battery,13577994.66984
Link,BEV charger,FI1 0,low voltage,-15086660.74427
Link,BEV charger,FR0 0,EV battery,135122115.82938
Link,BEV charger,FR0 0,low voltage,-150135684.25487
Link,BEV charger,FR5 0,EV battery,552766.9976
Link,BEV charger,FR5 0,low voltage,-614185.55289
Link,BEV charger,GB2 0,EV battery,101285191.04986
Link,BEV charger,GB2 0,low voltage,-112539101.16651
Link,BEV charger,GB3 0,EV battery,2742732.98043
Link,BEV charger,GB3 0,low voltage,-3047481.08936
Link,BEV charger,GR0 0,EV battery,15633353.77471
Link,BEV charger,GR0 0,low voltage,-17370393.08301
Link,BEV charger,HR0 0,EV battery,6519015.5304
Link,BEV charger,HR0 0,low voltage,-7243350.58933
Link,BEV charger,HU0 0,EV battery,14019567.87126
Link,BEV charger,HU0 0,low voltage,-15577297.63474
Link,BEV charger,IE3 0,EV battery,10939537.30355
Link,BEV charger,IE3 0,low voltage,-12155041.44839
Link,BEV charger,IT0 0,EV battery,104566885.14142
Link,BEV charger,IT0 0,low voltage,-116185427.93491
Link,BEV charger,IT4 0,EV battery,2611710.99923
Link,BEV charger,IT4 0,low voltage,-2901901.11026
Link,BEV charger,LT0 0,EV battery,6895884.38578
Link,BEV charger,LT0 0,low voltage,-7662093.76197
Link,BEV charger,LU0 0,EV battery,3076456.99048
Link,BEV charger,LU0 0,low voltage,-3418285.54498
Link,BEV charger,LV0 0,EV battery,3281601.04622
Link,BEV charger,LV0 0,low voltage,-3646223.38469
Link,BEV charger,ME0 0,EV battery,693829.12019
Link,BEV charger,ME0 0,low voltage,-770921.24465
Link,BEV charger,MK0 0,EV battery,1978820.99859
Link,BEV charger,MK0 0,low voltage,-2198689.99844
Link,BEV charger,NL0 0,EV battery,36084032.7211
Link,BEV charger,NL0 0,low voltage,-40093369.69012
Link,BEV charger,NO1 0,EV battery,9295318.35757
Link,BEV charger,NO1 0,low voltage,-10328131.50841
Link,BEV charger,PL0 0,EV battery,64121873.08521
Link,BEV charger,PL0 0,low voltage,-71246525.65024
Link,BEV charger,PT0 0,EV battery,19447446.87913
Link,BEV charger,PT0 0,low voltage,-21608274.31014
Link,BEV charger,RO0 0,EV battery,20407557.18438
Link,BEV charger,RO0 0,low voltage,-22675063.5382
Link,BEV charger,RS0 0,EV battery,5902545.84558
Link,BEV charger,RS0 0,low voltage,-6558384.27287
Link,BEV charger,SE1 0,EV battery,21150361.99243
Link,BEV charger,SE1 0,low voltage,-23500402.21381
Link,BEV charger,SI0 0,EV battery,5781897.56757
Link,BEV charger,SI0 0,low voltage,-6424330.63063
Link,BEV charger,SK0 0,EV battery,8955357.42048
Link,BEV charger,SK0 0,low voltage,-9950397.13387
Link,BEV charger,XK0 0,EV battery,1117177.19392
Link,BEV charger,XK0 0,low voltage,-1241307.99324
Link,CCGT,AL0 0,AC,21207.65989
Link,CCGT,AT0 0,AC,177860.2033
Link,CCGT,BA0 0,AC,32184.36063
Link,CCGT,BE0 0,AC,844180.46758
Link,CCGT,BG0 0,AC,18647.99653
Link,CCGT,CH0 0,AC,17082.83356
Link,CCGT,CZ0 0,AC,4299635.65699
Link,CCGT,DE0 0,AC,17089002.8508
Link,CCGT,DE0 1,AC,26601542.95388
Link,CCGT,DK0 0,AC,173822.81589
Link,CCGT,DK1 0,AC,191737.77005
Link,CCGT,EE0 0,AC,444911.86568
Link,CCGT,ES0 0,AC,6841.71437
Link,CCGT,ES6 0,AC,5291.12581
Link,CCGT,EU,co2,26086634.6921
Link,CCGT,EU,gas,-131750680.26313
Link,CCGT,FI1 0,AC,422896.13371
Link,CCGT,FR0 0,AC,12391.16139
Link,CCGT,FR5 0,AC,10275.26343
Link,CCGT,GB2 0,AC,18654.83802
Link,CCGT,GB3 0,AC,9639.08951
Link,CCGT,GR0 0,AC,16287.03222
Link,CCGT,HR0 0,AC,78921.26482
Link,CCGT,HU0 0,AC,828522.25968
Link,CCGT,IE3 0,AC,10478.36629
Link,CCGT,IT0 0,AC,24336.23807
Link,CCGT,IT4 0,AC,9839.83732
Link,CCGT,LT0 0,AC,610611.83714
Link,CCGT,LU0 0,AC,223498.64902
Link,CCGT,LV0 0,AC,625709.90479
Link,CCGT,ME0 0,AC,27003.68873
Link,CCGT,MK0 0,AC,22475.8955
Link,CCGT,NL0 0,AC,5668561.11477
Link,CCGT,NO1 0,AC,34150.59258
Link,CCGT,PL0 0,AC,18128455.30749
Link,CCGT,PT0 0,AC,6981.18454
Link,CCGT,RO0 0,AC,20487.48552
Link,CCGT,RS0 0,AC,28993.60517
Link,CCGT,SE1 0,AC,364783.23162
Link,CCGT,SI0 0,AC,40110.29849
Link,CCGT,SK0 0,AC,1858518.29612
Link,CCGT,XK0 0,AC,23875.30697
Link,DC,BE0 0,AC,34012610.36087
Link,DC,CH0 0,AC,5213082.97176
Link,DC,DE0 0,AC,194001431.11523
Link,DC,DE0 1,AC,101497185.51338
Link,DC,DK0 0,AC,-63192024.03758
Link,DC,DK1 0,AC,-46964247.89831
Link,DC,EE0 0,AC,2173724.16399
Link,DC,ES0 0,AC,-46970108.22721
Link,DC,ES6 0,AC,-6646800.43117
Link,DC,FI1 0,AC,-2937270.8207
Link,DC,FR0 0,AC,-121204240.85509
Link,DC,FR5 0,AC,3514949.59479
Link,DC,GB2 0,AC,-174165703.36474
Link,DC,GB3 0,AC,-6105089.33626
Link,DC,GR0 0,AC,143727.78739
Link,DC,IE3 0,AC,3137773.00048
Link,DC,IT0 0,AC,-85237475.58417
Link,DC,IT4 0,AC,-22370021.14494
Link,DC,LT0 0,AC,311605.30839
Link,DC,ME0 0,AC,7547471.7428
Link,DC,NL0 0,AC,75606438.35642
Link,DC,NO1 0,AC,4685803.00117
Link,DC,PL0 0,AC,4594681.64726
Link,DC,SE1 0,AC,-5556345.46572
Link,DC,SI0 0,AC,84030840.90842
Link,Fischer-Tropsch,AL0 0,H2,-2667744.91313
Link,Fischer-Tropsch,AL0 0,urban central heat,100707.37047
Link,Fischer-Tropsch,AT0 0,H2,-1379150.47491
Link,Fischer-Tropsch,AT0 0,urban central heat,52062.93043
Link,Fischer-Tropsch,BA0 0,H2,-1777468.43282
Link,Fischer-Tropsch,BA0 0,urban central heat,67099.43334
Link,Fischer-Tropsch,BE0 0,H2,-2301631.63751
Link,Fischer-Tropsch,BE0 0,urban central heat,86886.59432
Link,Fischer-Tropsch,BG0 0,H2,-5030603.85255
Link,Fischer-Tropsch,BG0 0,urban central heat,189905.29543
Link,Fischer-Tropsch,CH0 0,H2,-37586767.20396
Link,Fischer-Tropsch,CH0 0,urban central heat,1418900.46195
Link,Fischer-Tropsch,CZ0 0,H2,-935999.03786
Link,Fischer-Tropsch,CZ0 0,urban central heat,35333.96368
Link,Fischer-Tropsch,DE0 0,H2,-1706386.66782
Link,Fischer-Tropsch,DE0 0,urban central heat,64416.09671
Link,Fischer-Tropsch,DE0 1,H2,-1235536.78996
Link,Fischer-Tropsch,DE0 1,urban central heat,46641.51382
Link,Fischer-Tropsch,DK0 0,H2,-31315540.01487
Link,Fischer-Tropsch,DK0 0,urban central heat,1182161.63556
Link,Fischer-Tropsch,DK1 0,H2,-3093766.88535
Link,Fischer-Tropsch,DK1 0,urban central heat,116789.69992
Link,Fischer-Tropsch,EE0 0,H2,-1790028.4521
Link,Fischer-Tropsch,EE0 0,urban central heat,67573.57407
Link,Fischer-Tropsch,ES0 0,H2,-2585597.10483
Link,Fischer-Tropsch,ES0 0,urban central heat,97606.29071
Link,Fischer-Tropsch,ES6 0,H2,-94097.65106
Link,Fischer-Tropsch,ES6 0,urban central heat,3552.18633
Link,Fischer-Tropsch,EU,co2 stored,-131742295.02688
Link,Fischer-Tropsch,EU,oil,512416550.08512
Link,Fischer-Tropsch,FI1 0,H2,-29252010.997
Link,Fischer-Tropsch,FI1 0,urban central heat,1104263.41514
Link,Fischer-Tropsch,FR0 0,H2,-106081277.7003
Link,Fischer-Tropsch,FR0 0,urban central heat,4004568.23319
Link,Fischer-Tropsch,FR5 0,H2,-1199115.54123
Link,Fischer-Tropsch,GB2 0,H2,-195055655.63069
Link,Fischer-Tropsch,GB2 0,urban central heat,7363351.00006
Link,Fischer-Tropsch,GB3 0,H2,-769123.69129
Link,Fischer-Tropsch,GB3 0,urban central heat,29034.41935
Link,Fischer-Tropsch,GR0 0,H2,-2914915.95265
Link,Fischer-Tropsch,GR0 0,urban central heat,110038.07721
Link,Fischer-Tropsch,HR0 0,H2,-1299588.3684
Link,Fischer-Tropsch,HR0 0,urban central heat,49059.46091
Link,Fischer-Tropsch,HU0 0,H2,-1239360.14024
Link,Fischer-Tropsch,HU0 0,urban central heat,46785.84529
Link,Fischer-Tropsch,IE3 0,H2,-5319540.97511
Link,Fischer-Tropsch,IE3 0,urban central heat,200812.67181
Link,Fischer-Tropsch,IT0 0,H2,-166667124.09371
Link,Fischer-Tropsch,IT0 0,urban central heat,6291683.93454
Link,Fischer-Tropsch,IT4 0,H2,-186358.75292
Link,Fischer-Tropsch,IT4 0,urban central heat,7035.04292
Link,Fischer-Tropsch,LT0 0,H2,-849608.66173
Link,Fischer-Tropsch,LT0 0,urban central heat,32072.72698
Link,Fischer-Tropsch,LU0 0,H2,-2328799.31053
Link,Fischer-Tropsch,LU0 0,urban central heat,87912.17397
Link,Fischer-Tropsch,LV0 0,H2,-1501637.93388
Link,Fischer-Tropsch,LV0 0,urban central heat,56686.832
Link,Fischer-Tropsch,ME0 0,H2,-1202681.63799
Link,Fischer-Tropsch,ME0 0,urban central heat,45401.23183
Link,Fischer-Tropsch,MK0 0,H2,-1602852.89073
Link,Fischer-Tropsch,MK0 0,urban central heat,60507.69662
Link,Fischer-Tropsch,NL0 0,H2,-1785655.93811
Link,Fischer-Tropsch,NL0 0,urban central heat,67408.51166
Link,Fischer-Tropsch,NO1 0,H2,-2344056.98763
Link,Fischer-Tropsch,NO1 0,urban central heat,88488.15128
Link,Fischer-Tropsch,PL0 0,H2,-723766.57172
Link,Fischer-Tropsch,PL0 0,urban central heat,27322.18808
Link,Fischer-Tropsch,PT0 0,H2,-12326924.95476
Link,Fischer-Tropsch,PT0 0,urban central heat,465341.41704
Link,Fischer-Tropsch,RO0 0,H2,-3544979.37956
Link,Fischer-Tropsch,RO0 0,urban central heat,133822.97158
Link,Fischer-Tropsch,RS0 0,H2,-2084159.18584
Link,Fischer-Tropsch,RS0 0,urban central heat,78677.00927
Link,Fischer-Tropsch,SE1 0,H2,-4082073.98477
Link,Fischer-Tropsch,SE1 0,urban central heat,154098.29293
Link,Fischer-Tropsch,SI0 0,H2,-990680.89726
Link,Fischer-Tropsch,SI0 0,urban central heat,37398.20387
Link,Fischer-Tropsch,SK0 0,H2,-787791.83901
Link,Fischer-Tropsch,SK0 0,urban central heat,29739.14192
Link,Fischer-Tropsch,XK0 0,H2,-1682279.39627
Link,Fischer-Tropsch,XK0 0,urban central heat,63506.04721
Link,H2 Electrolysis,AL0 0,AC,-6323437.88357
Link,H2 Electrolysis,AL0 0,H2,4422612.45577
Link,H2 Electrolysis,AL0 0,urban central heat,222268.84161
Link,H2 Electrolysis,AT0 0,AC,-389435.96288
Link,H2 Electrolysis,AT0 0,H2,272371.51244
Link,H2 Electrolysis,AT0 0,urban central heat,13688.6741
Link,H2 Electrolysis,BA0 0,AC,-441075.37598
Link,H2 Electrolysis,BA0 0,H2,308488.11796
Link,H2 Electrolysis,BA0 0,urban central heat,15503.79947
Link,H2 Electrolysis,BE0 0,AC,-565738.42375
Link,H2 Electrolysis,BE0 0,H2,395677.45357
Link,H2 Electrolysis,BE0 0,urban central heat,19885.70559
Link,H2 Electrolysis,BG0 0,AC,-7787015.9839
Link,H2 Electrolysis,BG0 0,H2,5446238.97914
Link,H2 Electrolysis,BG0 0,urban central heat,273713.61183
Link,H2 Electrolysis,CH0 0,AC,-65864882.10098
Link,H2 Electrolysis,CH0 0,H2,46065898.54143
Link,H2 Electrolysis,CH0 0,urban central heat,2315150.60585
Link,H2 Electrolysis,CZ0 0,AC,-157075.56162
Link,H2 Electrolysis,CZ0 0,H2,109858.6478
Link,H2 Electrolysis,CZ0 0,urban central heat,5521.20599
Link,H2 Electrolysis,DE0 0,AC,-371350.46839
Link,H2 Electrolysis,DE0 0,H2,259722.51759
Link,H2 Electrolysis,DE0 0,urban central heat,13052.96896
Link,H2 Electrolysis,DE0 1,AC,-328292.00263
Link,H2 Electrolysis,DE0 1,H2,229607.42664
Link,H2 Electrolysis,DE0 1,urban central heat,11539.46389
Link,H2 Electrolysis,DK0 0,AC,-79536079.04533
Link,H2 Electrolysis,DK0 0,H2,55627533.68431
Link,H2 Electrolysis,DK0 0,urban central heat,2795693.17844
Link,H2 Electrolysis,DK1 0,AC,-5777832.34897
Link,H2 Electrolysis,DK1 0,H2,4041015.94487
Link,H2 Electrolysis,DK1 0,urban central heat,203090.80707
Link,H2 Electrolysis,EE0 0,AC,-14369383.52939
Link,H2 Electrolysis,EE0 0,H2,10049946.84046
Link,H2 Electrolysis,EE0 0,urban central heat,505083.83106
Link,H2 Electrolysis,ES0 0,AC,-373979261.12766
Link,H2 Electrolysis,ES0 0,H2,261561095.23268
Link,H2 Electrolysis,ES0 0,urban central heat,13145371.02864
Link,H2 Electrolysis,ES6 0,AC,-9989832.58696
Link,H2 Electrolysis,ES6 0,H2,6986888.91132
Link,H2 Electrolysis,ES6 0,urban central heat,351142.61543
Link,H2 Electrolysis,FI1 0,AC,-49361890.39936
Link,H2 Electrolysis,FI1 0,H2,34523706.14531
Link,H2 Electrolysis,FI1 0,urban central heat,1735070.44754
Link,H2 Electrolysis,FR0 0,AC,-212449926.32134
Link,H2 Electrolysis,FR0 0,H2,148587478.46915
Link,H2 Electrolysis,FR0 0,urban central heat,7467614.9102
Link,H2 Electrolysis,FR5 0,AC,-16944981.87417
Link,H2 Electrolysis,FR5 0,H2,11851320.32279
Link,H2 Electrolysis,GB2 0,AC,-810603256.40651
Link,H2 Electrolysis,GB2 0,H2,566935917.53071
Link,H2 Electrolysis,GB2 0,urban central heat,28492704.46269
Link,H2 Electrolysis,GB3 0,AC,-13470648.31854
Link,H2 Electrolysis,GB3 0,H2,9421371.43399
Link,H2 Electrolysis,GB3 0,urban central heat,473493.2884
Link,H2 Electrolysis,GR0 0,AC,-74071962.28758
Link,H2 Electrolysis,GR0 0,H2,51805930.42393
Link,H2 Electrolysis,GR0 0,urban central heat,2603629.47441
Link,H2 Electrolysis,HR0 0,AC,-274557.23677
Link,H2 Electrolysis,HR0 0,H2,192025.3314
Link,H2 Electrolysis,HR0 0,urban central heat,9650.68687
Link,H2 Electrolysis,HU0 0,AC,-289270.87283
Link,H2 Electrolysis,HU0 0,H2,202316.04846
Link,H2 Electrolysis,HU0 0,urban central heat,10167.87118
Link,H2 Electrolysis,IE3 0,AC,-44680861.2985
Link,H2 Electrolysis,IE3 0,H2,31249794.39217
Link,H2 Electrolysis,IE3 0,urban central heat,1570532.27464
Link,H2 Electrolysis,IT0 0,AC,-353483810.47493
Link,H2 Electrolysis,IT0 0,H2,247226577.04616
Link,H2 Electrolysis,IT0 0,urban central heat,12424955.93819
Link,H2 Electrolysis,IT4 0,AC,-7572032.28179
Link,H2 Electrolysis,IT4 0,H2,5295879.37788
Link,H2 Electrolysis,IT4 0,urban central heat,266156.9347
Link,H2 Electrolysis,LT0 0,AC,-6436377.87515
Link,H2 Electrolysis,LT0 0,H2,4501602.68588
Link,H2 Electrolysis,LT0 0,urban central heat,226238.68231
Link,H2 Electrolysis,LU0 0,AC,-214172.05187
Link,H2 Electrolysis,LU0 0,H2,149791.93308
Link,H2 Electrolysis,LU0 0,urban central heat,7528.14762
Link,H2 Electrolysis,LV0 0,AC,-1517034.10604
Link,H2 Electrolysis,LV0 0,H2,1061013.65376
Link,H2 Electrolysis,LV0 0,urban central heat,53323.74883
Link,H2 Electrolysis,ME0 0,AC,-837691.67947
Link,H2 Electrolysis,ME0 0,H2,585881.56062
Link,H2 Electrolysis,ME0 0,urban central heat,29444.86253
Link,H2 Electrolysis,MK0 0,AC,-2328566.29556
Link,H2 Electrolysis,MK0 0,H2,1628599.26711
Link,H2 Electrolysis,MK0 0,urban central heat,81849.10529
Link,H2 Electrolysis,NL0 0,AC,-1187604.648
Link,H2 Electrolysis,NL0 0,H2,830610.69081
Link,H2 Electrolysis,NL0 0,urban central heat,41744.30338
Link,H2 Electrolysis,NO1 0,AC,-4617458.03121
Link,H2 Electrolysis,NO1 0,H2,3229450.14703
Link,H2 Electrolysis,NO1 0,urban central heat,162303.6498
Link,H2 Electrolysis,PL0 0,AC,-4735239.81596
Link,H2 Electrolysis,PL0 0,H2,3311826.72728
Link,H2 Electrolysis,PL0 0,urban central heat,166443.67953
Link,H2 Electrolysis,PT0 0,AC,-16702009.35911
Link,H2 Electrolysis,PT0 0,H2,11681385.34576
Link,H2 Electrolysis,PT0 0,urban central heat,587075.62897
Link,H2 Electrolysis,RO0 0,AC,-17773508.22958
Link,H2 Electrolysis,RO0 0,H2,12430791.65577
Link,H2 Electrolysis,RO0 0,urban central heat,624738.81427
Link,H2 Electrolysis,RS0 0,AC,-515413.13567
Link,H2 Electrolysis,RS0 0,H2,360479.94709
Link,H2 Electrolysis,RS0 0,urban central heat,18116.77172
Link,H2 Electrolysis,SE1 0,AC,-11912592.09728
Link,H2 Electrolysis,SE1 0,H2,8331666.91284
Link,H2 Electrolysis,SE1 0,urban central heat,418727.61222
Link,H2 Electrolysis,SI0 0,AC,-395781.71424
Link,H2 Electrolysis,SI0 0,H2,276809.73094
Link,H2 Electrolysis,SI0 0,urban central heat,13911.72726
Link,H2 Electrolysis,SK0 0,AC,-200625.63966
Link,H2 Electrolysis,SK0 0,H2,140317.57237
Link,H2 Electrolysis,SK0 0,urban central heat,7051.99123
Link,H2 Electrolysis,XK0 0,AC,-1082655.05048
Link,H2 Electrolysis,XK0 0,H2,757208.9423
Link,H2 Electrolysis,XK0 0,urban central heat,38055.32502
Link,H2 pipeline,AL0 0,AC,-41179.62894
Link,H2 pipeline,AL0 0,H2,185778.66008
Link,H2 pipeline,AT0 0,AC,-119182.52509
Link,H2 pipeline,AT0 0,H2,9174484.51012
Link,H2 pipeline,BA0 0,AC,-33265.37141
Link,H2 pipeline,BA0 0,H2,2980096.19864
Link,H2 pipeline,BE0 0,AC,-169574.07777
Link,H2 pipeline,BE0 0,H2,10730408.89461
Link,H2 pipeline,BG0 0,AC,-41776.79062
Link,H2 pipeline,BG0 0,H2,2473696.31452
Link,H2 pipeline,CH0 0,AC,-217460.69191
Link,H2 pipeline,CH0 0,H2,-7172289.57063
Link,H2 pipeline,CZ0 0,AC,-68560.9921
Link,H2 pipeline,CZ0 0,H2,3665186.03114
Link,H2 pipeline,DE0 0,AC,-217825.47279
Link,H2 pipeline,DE0 0,H2,29814208.51846
Link,H2 pipeline,DE0 1,AC,-133152.74981
Link,H2 pipeline,DE0 1,H2,7698387.76907
Link,H2 pipeline,DK0 0,AC,-257743.53005
Link,H2 pipeline,DK0 0,H2,-20815088.19522
Link,H2 pipeline,DK1 0,AC,-97297.66393
Link,H2 pipeline,DK1 0,H2,279173.14019
Link,H2 pipeline,EE0 0,AC,-54570.31788
Link,H2 pipeline,EE0 0,H2,-7135525.6625
Link,H2 pipeline,ES0 0,AC,-362253.55893
Link,H2 pipeline,ES0 0,H2,14690247.89506
Link,H2 pipeline,ES6 0,AC,-67489.97457
Link,H2 pipeline,ES6 0,H2,-1742973.98923
Link,H2 pipeline,FI1 0,AC,-70070.55647
Link,H2 pipeline,FI1 0,H2,-1925079.92494
Link,H2 pipeline,FR0 0,AC,-956823.69229
Link,H2 pipeline,FR0 0,H2,-23929922.70961
Link,H2 pipeline,FR5 0,AC,-24174.84041
Link,H2 pipeline,FR5 0,H2,9301664.36242
Link,H2 pipeline,GB2 0,AC,-834328.08282
Link,H2 pipeline,GB2 0,H2,-55184478.37173
Link,H2 pipeline,GB3 0,AC,-46758.69468
Link,H2 pipeline,GB3 0,H2,-1366715.50817
Link,H2 pipeline,GR0 0,AC,-161602.95403
Link,H2 pipeline,GR0 0,H2,-13261493.70139
Link,H2 pipeline,HR0 0,AC,-53393.17475
Link,H2 pipeline,HR0 0,H2,4368500.54867
Link,H2 pipeline,HU0 0,AC,-89594.7049
Link,H2 pipeline,HU0 0,H2,4689813.72588
Link,H2 pipeline,IE3 0,AC,-106533.1944
Link,H2 pipeline,IE3 0,H2,10867603.63721
Link,H2 pipeline,IT0 0,AC,-573591.21608
Link,H2 pipeline,IT0 0,H2,-35151028.87295
Link,H2 pipeline,IT4 0,AC,-37519.95151
Link,H2 pipeline,IT4 0,H2,-2999958.29437
Link,H2 pipeline,LT0 0,AC,-71717.54614
Link,H2 pipeline,LT0 0,H2,2789479.62061
Link,H2 pipeline,LU0 0,AC,-56011.90704
Link,H2 pipeline,LU0 0,H2,2156195.50513
Link,H2 pipeline,LV0 0,AC,-33465.40394
Link,H2 pipeline,LV0 0,H2,952901.07735
Link,H2 pipeline,ME0 0,AC,-64405.24685
Link,H2 pipeline,ME0 0,H2,1749297.27878
Link,H2 pipeline,MK0 0,AC,-58750.50376
Link,H2 pipeline,MK0 0,H2,2181546.18352
Link,H2 pipeline,NL0 0,AC,-118699.18627
Link,H2 pipeline,NL0 0,H2,19192135.07128
Link,H2 pipeline,NO1 0,AC,-99565.61358
Link,H2 pipeline,NO1 0,H2,3828467.66881
Link,H2 pipeline,PL0 0,AC,-62755.32384
Link,H2 pipeline,PL0 0,H2,13585468.13143
Link,H2 pipeline,PT0 0,AC,-8652.78171
Link,H2 pipeline,PT0 0,H2,3440439.19945
Link,H2 pipeline,RO0 0,AC,-68978.51002
Link,H2 pipeline,RO0 0,H2,-2361184.52384
Link,H2 pipeline,RS0 0,AC,-91775.91314
Link,H2 pipeline,RS0 0,H2,3659353.55953
Link,H2 pipeline,SE1 0,AC,-141160.09976
Link,H2 pipeline,SE1 0,H2,-909548.15098
Link,H2 pipeline,SI0 0,AC,-84024.0352
Link,H2 pipeline,SI0 0,H2,608435.29673
Link,H2 pipeline,SK0 0,AC,-57968.59748
Link,H2 pipeline,SK0 0,H2,6509595.56386
Link,H2 pipeline,XK0 0,AC,-32860.3515
Link,H2 pipeline,XK0 0,H2,2382723.11304
Link,HVC to air,EU,co2,5377.68414
Link,HVC to air,EU,non-sequestered HVC,-20916.7022
Link,SMR,AL0 0,H2,71324.49591
Link,SMR,AT0 0,H2,184624.962
Link,SMR,BA0 0,H2,78783.00612
Link,SMR,BE0 0,H2,433862.33884
Link,SMR,BG0 0,H2,71082.70975
Link,SMR,CH0 0,H2,362608.37516
Link,SMR,CZ0 0,H2,169601.2241
Link,SMR,DE0 0,H2,380949.07477
Link,SMR,DE0 1,H2,226861.91132
Link,SMR,DK0 0,H2,258033.61294
Link,SMR,DK1 0,H2,207276.80604
Link,SMR,EE0 0,H2,141483.95857
Link,SMR,ES0 0,H2,89189.1064
Link,SMR,ES6 0,H2,53823.76539
Link,SMR,EU,co2,2611339.94014
Link,SMR,EU,gas,-13188585.55625
Link,SMR,FI1 0,H2,319339.91477
Link,SMR,FR0 0,H2,1219555.92472
Link,SMR,FR5 0,H2,123675.31056
Link,SMR,GB2 0,H2,1777839.67167
Link,SMR,GB3 0,H2,226283.5105
Link,SMR,GR0 0,H2,61364.94795
Link,SMR,HR0 0,H2,99402.95916
Link,SMR,HU0 0,H2,122323.70506
Link,SMR,IE3 0,H2,609139.83239
Link,SMR,IT0 0,H2,243579.86573
Link,SMR,IT4 0,H2,96586.9066
Link,SMR,LT0 0,H2,142636.72239
Link,SMR,LU0 0,H2,302104.03101
Link,SMR,LV0 0,H2,131479.93893
Link,SMR,ME0 0,H2,77074.99678
Link,SMR,MK0 0,H2,72055.48353
Link,SMR,NL0 0,H2,524232.82185
Link,SMR,NO1 0,H2,198144.9925
Link,SMR,PL0 0,H2,193068.39407
Link,SMR,PT0 0,H2,87011.21186
Link,SMR,RO0 0,H2,69924.85217
Link,SMR,RS0 0,H2,77908.34979
Link,SMR,SE1 0,H2,184310.32115
Link,SMR,SI0 0,H2,141653.02903
Link,SMR,SK0 0,H2,121320.7078
Link,SMR,XK0 0,H2,71801.27346
Link,SMR CC,AL0 0,H2,349224.91507
Link,SMR CC,AT0 0,H2,1851516.51667
Link,SMR CC,BA0 0,H2,392881.39822
Link,SMR CC,BE0 0,H2,2682340.15514
Link,SMR CC,BG0 0,H2,375872.33714
Link,SMR CC,CH0 0,H2,2706089.31089
Link,SMR CC,CZ0 0,H2,1308629.22257
Link,SMR CC,DE0 0,H2,4724289.51192
Link,SMR CC,DE0 1,H2,1676011.37221
Link,SMR CC,DK0 0,H2,542233.18613
Link,SMR CC,DK1 0,H2,498335.00814
Link,SMR CC,EE0 0,H2,420166.15473
Link,SMR CC,ES0 0,H2,174099.72774
Link,SMR CC,ES6 0,H2,134538.01138
Link,SMR CC,EU,co2,1922193.11316
Link,SMR CC,EU,co2 stored,17299738.01842
Link,SMR CC,EU,gas,-97080460.26048
Link,SMR CC,FI1 0,H2,1047925.96564
Link,SMR CC,FR0 0,H2,2271604.44975
Link,SMR CC,FR5 0,H2,625520.39081
Link,SMR CC,GB2 0,H2,8318018.98744
Link,SMR CC,GB3 0,H2,425050.4242
Link,SMR CC,GR0 0,H2,266253.08612
Link,SMR CC,HR0 0,H2,565685.76027
Link,SMR CC,HU0 0,H2,1004475.5872
Link,SMR CC,IE3 0,H2,890176.30674
Link,SMR CC,IT0 0,H2,19212553.43878
Link,SMR CC,IT4 0,H2,398358.84683
Link,SMR CC,LT0 0,H2,525907.02267
Link,SMR CC,LU0 0,H2,1080771.52331
Link,SMR CC,LV0 0,H2,423042.24349
Link,SMR CC,ME0 0,H2,384887.28868
Link,SMR CC,MK0 0,H2,362945.96222
Link,SMR CC,NL0 0,H2,3239424.57174
Link,SMR CC,NO1 0,H2,568248.53249
Link,SMR CC,PL0 0,H2,3656618.73205
Link,SMR CC,PT0 0,H2,185557.04809
Link,SMR CC,RO0 0,H2,364285.18655
Link,SMR CC,RS0 0,H2,406946.12804
Link,SMR CC,SE1 0,H2,523586.01822
Link,SMR CC,SI0 0,H2,1097018.22844
Link,SMR CC,SK0 0,H2,949975.26433
Link,SMR CC,XK0 0,H2,354453.75767
Link,Sabatier,AL0 0,H2,-45343.37816
Link,Sabatier,AL0 0,urban central heat,1700.37668
Link,Sabatier,AT0 0,H2,-97801.29409
Link,Sabatier,AT0 0,urban central heat,3667.54853
Link,Sabatier,BA0 0,H2,-52252.65884
Link,Sabatier,BA0 0,urban central heat,1959.47471
Link,Sabatier,BE0 0,H2,-100205.04787
Link,Sabatier,BE0 0,urban central heat,3757.6893
Link,Sabatier,BG0 0,H2,-70938.94803
Link,Sabatier,BG0 0,urban central heat,2660.21055
Link,Sabatier,CH0 0,H2,-99268.79855
Link,Sabatier,CH0 0,urban central heat,3722.57995
Link,Sabatier,CZ0 0,H2,-97322.48245
Link,Sabatier,CZ0 0,urban central heat,3649.59309
Link,Sabatier,DE0 0,H2,-89616.98349
Link,Sabatier,DE0 0,urban central heat,3360.63688
Link,Sabatier,DE0 1,H2,-99543.28871
Link,Sabatier,DE0 1,urban central heat,3732.87333
Link,Sabatier,DK0 0,H2,-95761.92147
Link,Sabatier,DK0 0,urban central heat,3591.07205
Link,Sabatier,DK1 0,H2,-80896.37969
Link,Sabatier,DK1 0,urban central heat,3033.61424
Link,Sabatier,EE0 0,H2,-57357.41338
Link,Sabatier,EE0 0,urban central heat,2150.903
Link,Sabatier,ES0 0,H2,-101298.85862
Link,Sabatier,ES0 0,urban central heat,3798.7072
Link,Sabatier,ES6 0,H2,-32454.80015
Link,Sabatier,ES6 0,urban central heat,1217.05501
Link,Sabatier,EU,co2 stored,-484702.83973
Link,Sabatier,EU,gas,2447994.14003
Link,Sabatier,FI1 0,H2,-99873.33994
Link,Sabatier,FI1 0,urban central heat,3745.25025
Link,Sabatier,FR0 0,H2,-97825.11609
Link,Sabatier,FR0 0,urban central heat,3668.44185
Link,Sabatier,FR5 0,H2,-68215.92078
Link,Sabatier,GB2 0,H2,-87874.87133
Link,Sabatier,GB2 0,urban central heat,3295.30767
Link,Sabatier,GB3 0,H2,-55037.55768
Link,Sabatier,GB3 0,urban central heat,2063.90841
Link,Sabatier,GR0 0,H2,-85617.78025
Link,Sabatier,GR0 0,urban central heat,3210.66676
Link,Sabatier,HR0 0,H2,-62590.77039
Link,Sabatier,HR0 0,urban central heat,2347.15389
Link,Sabatier,HU0 0,H2,-86513.12864
Link,Sabatier,HU0 0,urban central heat,3244.24232
Link,Sabatier,IE3 0,H2,-89213.30976
Link,Sabatier,IE3 0,urban central heat,3345.49912
Link,Sabatier,IT0 0,H2,-101918.03929
Link,Sabatier,IT0 0,urban central heat,3821.92647
Link,Sabatier,IT4 0,H2,-37826.10027
Link,Sabatier,IT4 0,urban central heat,1418.47876
Link,Sabatier,LT0 0,H2,-56845.76633
Link,Sabatier,LT0 0,urban central heat,2131.71624
Link,Sabatier,LU0 0,H2,-51502.79553
Link,Sabatier,LU0 0,urban central heat,1931.35483
Link,Sabatier,LV0 0,H2,-64756.11152
Link,Sabatier,LV0 0,urban central heat,2428.35418
Link,Sabatier,ME0 0,H2,-37775.59191
Link,Sabatier,ME0 0,urban central heat,1416.5847
Link,Sabatier,MK0 0,H2,-40568.43084
Link,Sabatier,MK0 0,urban central heat,1521.31616
Link,Sabatier,NL0 0,H2,-100214.45629
Link,Sabatier,NL0 0,urban central heat,3758.04211
Link,Sabatier,NO1 0,H2,-99548.8546
Link,Sabatier,NO1 0,urban central heat,3733.08205
Link,Sabatier,PL0 0,H2,-97211.15374
Link,Sabatier,PL0 0,urban central heat,3645.41827
Link,Sabatier,PT0 0,H2,-82952.66453
Link,Sabatier,PT0 0,urban central heat,3110.72492
Link,Sabatier,RO0 0,H2,-93617.38117
Link,Sabatier,RO0 0,urban central heat,3510.65179
Link,Sabatier,RS0 0,H2,-69372.75263
Link,Sabatier,RS0 0,urban central heat,2601.47822
Link,Sabatier,SE1 0,H2,-101047.7653
Link,Sabatier,SE1 0,urban central heat,3789.2912
Link,Sabatier,SI0 0,H2,-60015.00205
Link,Sabatier,SI0 0,urban central heat,2250.56258
Link,Sabatier,SK0 0,H2,-71802.18977
Link,Sabatier,SK0 0,urban central heat,2692.58212
Link,Sabatier,XK0 0,H2,-40193.57089
Link,Sabatier,XK0 0,urban central heat,1507.25891
Link,agriculture machinery oil,EU,agriculture machinery oil,51423799.01396
Link,agriculture machinery oil,EU,co2,13221058.72649
Link,agriculture machinery oil,EU,oil,-51423799.01396
Link,battery charger,AL0 0,AC,-8423047.33886
Link,battery charger,AL0 0,battery,8252867.22381
Link,battery charger,AT0 0,AC,-36530201.5206
Link,battery charger,AT0 0,battery,35792141.5706
Link,battery charger,BA0 0,AC,-1457094.3884
Link,battery charger,BA0 0,battery,1427655.10346
Link,battery charger,BE0 0,AC,-3252731.85554
Link,battery charger,BE0 0,battery,3187013.32647
Link,battery charger,BG0 0,AC,-2397955.65636
Link,battery charger,BG0 0,battery,2349507.11356
Link,battery charger,CH0 0,AC,-33655726.1637
Link,battery charger,CH0 0,battery,32975742.40956
Link,battery charger,CZ0 0,AC,-1169085.52591
Link,battery charger,CZ0 0,battery,1145465.20166
Link,battery charger,DE0 0,AC,-1761605.641
Link,battery charger,DE0 0,battery,1726013.97938
Link,battery charger,DE0 1,AC,-2463675.58862
Link,battery charger,DE0 1,battery,2413899.23354
Link,battery charger,DK0 0,AC,-2541103.03971
Link,battery charger,DK0 0,battery,2489762.33245
Link,battery charger,DK1 0,AC,-2893031.44278
Link,battery charger,DK1 0,battery,2834580.33785
Link,battery charger,EE0 0,AC,-1468510.24005
Link,battery charger,EE0 0,battery,1438840.30807
Link,battery charger,ES0 0,AC,-303027073.46514
Link,battery charger,ES0 0,battery,296904683.29539
Link,battery charger,ES6 0,AC,-1531424.5913
Link,battery charger,ES6 0,battery,1500483.53129
Link,battery charger,FI1 0,AC,-1416822.64896
Link,battery charger,FI1 0,battery,1388197.01839
Link,battery charger,FR0 0,AC,-2984671.61999
Link,battery charger,FR0 0,battery,2924369.0075
Link,battery charger,FR5 0,AC,-7789191.07298
Link,battery charger,FR5 0,battery,7631817.45513
Link,battery charger,GB2 0,AC,-3579112.00138
Link,battery charger,GB2 0,battery,3506799.25426
Link,battery charger,GB3 0,AC,-1276682.01722
Link,battery charger,GB3 0,battery,1250887.80239
Link,battery charger,GR0 0,AC,-106178937.25154
Link,battery charger,GR0 0,battery,104033687.0789
Link,battery charger,HR0 0,AC,-1514686.11561
Link,battery charger,HR0 0,battery,1484083.24149
Link,battery charger,HU0 0,AC,-1588273.10031
Link,battery charger,HU0 0,battery,1556183.46718
Link,battery charger,IE3 0,AC,-2463034.09852
Link,battery charger,IE3 0,battery,2413270.70418
Link,battery charger,IT0 0,AC,-420885302.4702
Link,battery charger,IT0 0,battery,412381692.51558
Link,battery charger,IT4 0,AC,-14308053.75674
Link,battery charger,IT4 0,battery,14018972.36653
Link,battery charger,LT0 0,AC,-1321994.97029
Link,battery charger,LT0 0,battery,1295285.2479
Link,battery charger,LU0 0,AC,-1331058.56029
Link,battery charger,LU0 0,battery,1304165.71619
Link,battery charger,LV0 0,AC,-1432688.68709
Link,battery charger,LV0 0,battery,1403742.49745
Link,battery charger,ME0 0,AC,-4954639.32335
Link,battery charger,ME0 0,battery,4854535.2807
Link,battery charger,MK0 0,AC,-6271798.13761
Link,battery charger,MK0 0,battery,6145082.08275
Link,battery charger,NL0 0,AC,-2974212.85225
Link,battery charger,NL0 0,battery,2914121.54977
Link,battery charger,NO1 0,AC,-1530434.44676
Link,battery charger,NO1 0,battery,1499513.39174
Link,battery charger,PL0 0,AC,-1703811.82633
Link,battery charger,PL0 0,battery,1669387.83689
Link,battery charger,PT0 0,AC,-10646573.3447
Link,battery charger,PT0 0,battery,10431468.88145
Link,battery charger,RO0 0,AC,-1662949.19027
Link,battery charger,RO0 0,battery,1629350.79373
Link,battery charger,RS0 0,AC,-1389973.94833
Link,battery charger,RS0 0,battery,1361890.77167
Link,battery charger,SE1 0,AC,-1155902.04466
Link,battery charger,SE1 0,battery,1132548.08082
Link,battery charger,SI0 0,AC,-1642112.83319
Link,battery charger,SI0 0,battery,1608935.41656
Link,battery charger,SK0 0,AC,-1573187.8325
Link,battery charger,SK0 0,battery,1541402.98367
Link,battery charger,XK0 0,AC,-2346209.78468
Link,battery charger,XK0 0,battery,2298806.72079
Link,battery discharger,AL0 0,AC,8086141.83638
Link,battery discharger,AL0 0,battery,-8252883.95287
Link,battery discharger,AT0 0,AC,35069008.90449
Link,battery discharger,AT0 0,battery,-35792157.3338
Link,battery discharger,BA0 0,AC,1398825.55842
Link,battery discharger,BA0 0,battery,-1427670.35721
Link,battery discharger,BE0 0,AC,3122634.70758
Link,battery discharger,BE0 0,battery,-3187025.70278
Link,battery discharger,BG0 0,AC,2302049.82098
Link,battery discharger,BG0 0,battery,-2349519.75995
Link,battery discharger,CH0 0,AC,32309509.41664
Link,battery discharger,CH0 0,battery,-32975754.96267
Link,battery discharger,CZ0 0,AC,1122334.17306
Link,battery discharger,CZ0 0,battery,-1145477.5187
Link,battery discharger,DE0 0,AC,1691153.62786
Link,battery discharger,DE0 0,battery,-1726026.44371
Link,battery discharger,DE0 1,AC,2365140.83709
Link,battery discharger,DE0 1,battery,-2413911.75862
Link,battery discharger,DK0 0,AC,2439471.948
Link,battery discharger,DK0 0,battery,-2489775.63102
Link,battery discharger,DK1 0,AC,2777323.9584
Link,battery discharger,DK1 0,battery,-2834594.3952
Link,battery discharger,EE0 0,AC,1409782.76137
Link,battery discharger,EE0 0,battery,-1438853.50564
Link,battery discharger,ES0 0,AC,290906002.86682
Link,battery discharger,ES0 0,battery,-296904695.89014
Link,battery discharger,ES6 0,AC,1470179.96707
Link,battery discharger,ES6 0,battery,-1500496.14558
Link,battery discharger,FI1 0,AC,1360162.06852
Link,battery discharger,FI1 0,battery,-1388209.59806
Link,battery discharger,FR0 0,AC,2865296.9635
Link,battery discharger,FR0 0,battery,-2924381.46755
Link,battery discharger,FR5 0,AC,7477636.56021
Link,battery discharger,FR5 0,battery,-7631830.85604
Link,battery discharger,GB2 0,AC,3435959.77395
Link,battery discharger,GB2 0,battery,-3506811.75955
Link,battery discharger,GB3 0,AC,1225626.92785
Link,battery discharger,GB3 0,battery,-1250900.2451
Link,battery discharger,GR0 0,AC,101931792.61261
Link,battery discharger,GR0 0,battery,-104033700.19504
Link,battery discharger,HR0 0,AC,1454112.87436
Link,battery discharger,HR0 0,battery,-1484097.73774
Link,battery discharger,HU0 0,AC,1524754.27842
Link,battery discharger,HU0 0,battery,-1556195.81886
Link,battery discharger,IE3 0,AC,2364525.38256
Link,battery discharger,IE3 0,battery,-2413283.61298
Link,battery discharger,IT0 0,AC,404049902.36009
Link,battery discharger,IT0 0,battery,-412381704.75149
Link,battery discharger,IT4 0,AC,13735744.36164
Link,battery discharger,IT4 0,battery,-14018985.38472
Link,battery discharger,LT0 0,AC,1269127.31556
Link,battery discharger,LT0 0,battery,-1295297.6424
Link,battery discharger,LU0 0,AC,1277834.99435
Link,battery discharger,LU0 0,battery,-1304184.87985
Link,battery discharger,LV0 0,AC,1375394.10982
Link,battery discharger,LV0 0,battery,-1403755.73512
Link,battery discharger,ME0 0,AC,4756468.37554
Link,battery discharger,ME0 0,battery,-4854550.20739
Link,battery discharger,MK0 0,AC,6020944.83299
Link,battery discharger,MK0 0,battery,-6145101.08762
Link,battery discharger,NL0 0,AC,2855256.4226
Link,battery discharger,NL0 0,battery,-2914133.88341
Link,battery discharger,NO1 0,AC,1469230.23147
Link,battery discharger,NO1 0,battery,-1499526.82574
Link,battery discharger,PL0 0,AC,1635672.3725
Link,battery discharger,PL0 0,battery,-1669401.12459
Link,battery discharger,PT0 0,AC,10220723.1714
Link,battery discharger,PT0 0,battery,-10431481.90507
Link,battery discharger,RO0 0,AC,1596443.29781
Link,battery discharger,RO0 0,battery,-1629363.11788
Link,battery discharger,RS0 0,AC,1334391.10671
Link,battery discharger,RS0 0,battery,-1361907.22031
Link,battery discharger,SE1 0,AC,1109678.13264
Link,battery discharger,SE1 0,battery,-1132560.50154
Link,battery discharger,SI0 0,AC,1576440.37944
Link,battery discharger,SI0 0,battery,-1608947.72481
Link,battery discharger,SK0 0,AC,1510272.39534
Link,battery discharger,SK0 0,battery,-1541415.30884
Link,battery discharger,XK0 0,AC,2252380.29737
Link,battery discharger,XK0 0,battery,-2298826.01469
Link,biogas to gas,EU,biogas,-73253937.52657
Link,biogas to gas,EU,co2,-14504279.63026
Link,biogas to gas,EU,gas,73253937.52657
Link,biomass to liquid,EU,co2,-1364.79587
Link,biomass to liquid,EU,oil,5308.19485
Link,biomass to liquid,EU,solid biomass,-11795.98855
Link,co2 sequestered,EU,co2 sequestered,249995934.00211
Link,co2 sequestered,EU,co2 stored,-249995934.00211
Link,electricity distribution grid,AL0 0,AC,-5300852.36046
Link,electricity distribution grid,AL0 0,low voltage,5110929.86909
Link,electricity distribution grid,AT0 0,AC,-125187955.78758
Link,electricity distribution grid,AT0 0,low voltage,121276852.35795
Link,electricity distribution grid,BA0 0,AC,-15355788.69722
Link,electricity distribution grid,BA0 0,low voltage,14853114.87544
Link,electricity distribution grid,BE0 0,AC,-188053732.72552
Link,electricity distribution grid,BE0 0,low voltage,182238461.85576
Link,electricity distribution grid,BG0 0,AC,-45679418.89895
Link,electricity distribution grid,BG0 0,low voltage,44173274.51537
Link,electricity distribution grid,CH0 0,AC,-70781422.56066
Link,electricity distribution grid,CH0 0,low voltage,68401903.78154
Link,electricity distribution grid,CZ0 0,AC,-121351416.41516
Link,electricity distribution grid,CZ0 0,low voltage,117638484.81176
Link,electricity distribution grid,DE0 0,AC,-701076363.34006
Link,electricity distribution grid,DE0 0,low voltage,679882027.23053
Link,electricity distribution grid,DE0 1,AC,-409736992.42619
Link,electricity distribution grid,DE0 1,low voltage,397293505.72912
Link,electricity distribution grid,DK0 0,AC,-47844789.53647
Link,electricity distribution grid,DK0 0,low voltage,46268328.25779
Link,electricity distribution grid,DK1 0,AC,-29188012.53045
Link,electricity distribution grid,DK1 0,low voltage,28234841.39156
Link,electricity distribution grid,EE0 0,AC,-13810867.31628
Link,electricity distribution grid,EE0 0,low voltage,13335825.07631
Link,electricity distribution grid,ES0 0,AC,-321121305.9783
Link,electricity distribution grid,ES0 0,low voltage,311169175.93931
Link,electricity distribution grid,ES6 0,AC,-9144180.6117
Link,electricity distribution grid,ES6 0,low voltage,8820672.64548
Link,electricity distribution grid,FI1 0,AC,-134132185.46051
Link,electricity distribution grid,FI1 0,low voltage,129995592.64501
Link,electricity distribution grid,FR0 0,AC,-805414781.65817
Link,electricity distribution grid,FR0 0,low voltage,781062291.58498
Link,electricity distribution grid,FR5 0,AC,-5278165.16103
Link,electricity distribution grid,FR5 0,low voltage,5074099.31329
Link,electricity distribution grid,GB2 0,AC,-576577887.01891
Link,electricity distribution grid,GB2 0,low voltage,558931477.66517
Link,electricity distribution grid,GB3 0,AC,-17868073.13884
Link,electricity distribution grid,GB3 0,low voltage,17284727.65608
Link,electricity distribution grid,GR0 0,AC,-50032222.2049
Link,electricity distribution grid,GR0 0,low voltage,48150434.95584
Link,electricity distribution grid,HR0 0,AC,-31883994.1573
Link,electricity distribution grid,HR0 0,low voltage,30867785.70228
Link,electricity distribution grid,HU0 0,AC,-89558085.41668
Link,electricity distribution grid,HU0 0,low voltage,86771334.70422
Link,electricity distribution grid,IE3 0,AC,-50379445.48025
Link,electricity distribution grid,IE3 0,low voltage,48765898.10106
Link,electricity distribution grid,IT0 0,AC,-441329814.33383
Link,electricity distribution grid,IT0 0,low voltage,427552786.49848
Link,electricity distribution grid,IT4 0,AC,-14748518.35355
Link,electricity distribution grid,IT4 0,low voltage,14220227.86972
Link,electricity distribution grid,LT0 0,AC,-23898913.48395
Link,electricity distribution grid,LT0 0,low voltage,23105630.94106
Link,electricity distribution grid,LU0 0,AC,-12005659.35534
Link,electricity distribution grid,LU0 0,low voltage,11620125.81961
Link,electricity distribution grid,LV0 0,AC,-18209791.0879
Link,electricity distribution grid,LV0 0,low voltage,17597681.56533
Link,electricity distribution grid,ME0 0,AC,-3240755.30107
Link,electricity distribution grid,ME0 0,low voltage,3122391.09555
Link,electricity distribution grid,MK0 0,AC,-8080167.35293
Link,electricity distribution grid,MK0 0,low voltage,7797048.59736
Link,electricity distribution grid,NL0 0,AC,-269528549.67923
Link,electricity distribution grid,NL0 0,low voltage,261152602.38083
Link,electricity distribution grid,NO1 0,AC,-134535103.15043
Link,electricity distribution grid,NO1 0,low voltage,130373145.0168
Link,electricity distribution grid,PL0 0,AC,-324522460.4743
Link,electricity distribution grid,PL0 0,low voltage,314592768.45328
Link,electricity distribution grid,PT0 0,AC,-63129410.20575
Link,electricity distribution grid,PT0 0,low voltage,61030661.63078
Link,electricity distribution grid,RO0 0,AC,-113043452.33763
Link,electricity distribution grid,RO0 0,low voltage,109515558.5596
Link,electricity distribution grid,RS0 0,AC,-50656661.66355
Link,electricity distribution grid,RS0 0,low voltage,49061324.58759
Link,electricity distribution grid,SE1 0,AC,-180664011.8902
Link,electricity distribution grid,SE1 0,low voltage,175160061.58022
Link,electricity distribution grid,SI0 0,AC,-23770516.60551
Link,electricity distribution grid,SI0 0,low voltage,23007548.79592
Link,electricity distribution grid,SK0 0,AC,-48680334.93689
Link,electricity distribution grid,SK0 0,low voltage,47149629.98569
Link,electricity distribution grid,XK0 0,AC,-7347228.15145
Link,electricity distribution grid,XK0 0,low voltage,7095316.42786
Link,electrobiofuels,AL0 0,H2,-623424.93755
Link,electrobiofuels,AT0 0,H2,-433198.19535
Link,electrobiofuels,BA0 0,H2,-471595.77401
Link,electrobiofuels,BE0 0,H2,-799636.88065
Link,electrobiofuels,BG0 0,H2,-524397.16234
Link,electrobiofuels,CH0 0,H2,-1184361.00635
Link,electrobiofuels,CZ0 0,H2,-324839.57398
Link,electrobiofuels,DE0 0,H2,-483935.77642
Link,electrobiofuels,DE0 1,H2,-359498.40588
Link,electrobiofuels,DK0 0,H2,-2005881.18213
Link,electrobiofuels,DK1 0,H2,-896873.61208
Link,electrobiofuels,EE0 0,H2,-751070.90004
Link,electrobiofuels,ES0 0,H2,-13663565.18141
Link,electrobiofuels,ES6 0,H2,-5006906.38746
Link,electrobiofuels,EU,co2,-74375837.95069
Link,electrobiofuels,EU,oil,289207920.22806
Link,electrobiofuels,EU,solid biomass,-217727862.85332
Link,electrobiofuels,FI1 0,H2,-1096445.77701
Link,electrobiofuels,FR0 0,H2,-3297565.45706
Link,electrobiofuels,FR5 0,H2,-1234262.64847
Link,electrobiofuels,GB2 0,H2,-167144631.57733
Link,electrobiofuels,GB3 0,H2,-4861570.81789
Link,electrobiofuels,GR0 0,H2,-1228625.90883
Link,electrobiofuels,HR0 0,H2,-459716.94216
Link,electrobiofuels,HU0 0,H2,-367110.91781
Link,electrobiofuels,IE3 0,H2,-4346174.93703
Link,electrobiofuels,IT0 0,H2,-1558862.69058
Link,electrobiofuels,IT4 0,H2,-2114501.89058
Link,electrobiofuels,LT0 0,H2,-358341.49755
Link,electrobiofuels,LU0 0,H2,-774394.8109
Link,electrobiofuels,LV0 0,H2,-431479.05997
Link,electrobiofuels,ME0 0,H2,-571070.7222
Link,electrobiofuels,MK0 0,H2,-641688.75331
Link,electrobiofuels,NL0 0,H2,-641443.90633
Link,electrobiofuels,NO1 0,H2,-524500.23349
Link,electrobiofuels,PL0 0,H2,-255802.42328
Link,electrobiofuels,PT0 0,H2,-643097.78577
Link,electrobiofuels,RO0 0,H2,-463704.9848
Link,electrobiofuels,RS0 0,H2,-447445.86693
Link,electrobiofuels,SE1 0,H2,-629557.35971
Link,electrobiofuels,SI0 0,H2,-479948.77438
Link,electrobiofuels,SK0 0,H2,-306548.06941
Link,electrobiofuels,XK0 0,H2,-557335.64997
Link,gas for industry,EU,co2,12729.35586
Link,gas for industry,EU,gas,-64289.67607
Link,gas for industry,EU,gas for industry,64289.67607
Link,gas for industry CC,EU,co2,2544362.65945
Link,gas for industry CC,EU,co2 stored,48342890.52956
Link,gas for industry CC,EU,gas,-257006329.23741
Link,gas for industry CC,EU,gas for industry,231305696.31367
Link,home battery charger,AL0 0,home battery,507530.66593
Link,home battery charger,AL0 0,low voltage,-517996.31681
Link,home battery charger,AT0 0,home battery,1388667.5795
Link,home battery charger,AT0 0,low voltage,-1417302.91339
Link,home battery charger,BA0 0,home battery,556917.64783
Link,home battery charger,BA0 0,low voltage,-568401.69414
Link,home battery charger,BE0 0,home battery,1406739.27715
Link,home battery charger,BE0 0,low voltage,-1435747.26257
Link,home battery charger,BG0 0,home battery,1206124.01048
Link,home battery charger,BG0 0,low voltage,-1230995.16342
Link,home battery charger,CH0 0,home battery,4631013.42278
Link,home battery charger,CH0 0,low voltage,-4726508.28241
Link,home battery charger,CZ0 0,home battery,1019324.22731
Link,home battery charger,CZ0 0,low voltage,-1040343.43307
Link,home battery charger,DE0 0,home battery,3757481.42682
Link,home battery charger,DE0 0,low voltage,-3834963.42237
Link,home battery charger,DE0 1,home battery,1847082.95897
Link,home battery charger,DE0 1,low voltage,-1885171.15086
Link,home battery charger,DK0 0,home battery,1072452.34468
Link,home battery charger,DK0 0,low voltage,-1094567.0908
Link,home battery charger,DK1 0,home battery,819484.42716
Link,home battery charger,DK1 0,low voltage,-836382.79113
Link,home battery charger,EE0 0,home battery,1111501.45741
Link,home battery charger,EE0 0,low voltage,-1134421.42459
Link,home battery charger,ES0 0,home battery,3628953.80521
Link,home battery charger,ES0 0,low voltage,-3703785.46788
Link,home battery charger,ES6 0,home battery,846966.59624
Link,home battery charger,ES6 0,low voltage,-864431.66249
Link,home battery charger,FI1 0,home battery,2332114.90782
Link,home battery charger,FI1 0,low voltage,-2380204.8107
Link,home battery charger,FR0 0,home battery,1750591.18441
Link,home battery charger,FR0 0,low voltage,-1786689.64584
Link,home battery charger,FR5 0,home battery,813402.80732
Link,home battery charger,FR5 0,low voltage,-830175.76387
Link,home battery charger,GB2 0,home battery,2040609.65261
Link,home battery charger,GB2 0,low voltage,-2082688.50545
Link,home battery charger,GB3 0,home battery,662201.67008
Link,home battery charger,GB3 0,low voltage,-675856.74939
Link,home battery charger,GR0 0,home battery,4440483.16122
Link,home battery charger,GR0 0,low voltage,-4532049.14851
Link,home battery charger,HR0 0,home battery,652030.14404
Link,home battery charger,HR0 0,low voltage,-665475.47909
Link,home battery charger,HU0 0,home battery,2027691.1054
Link,home battery charger,HU0 0,low voltage,-2069503.56842
Link,home battery charger,IE3 0,home battery,1037127.02537
Link,home battery charger,IE3 0,low voltage,-1058513.33776
Link,home battery charger,IT0 0,home battery,13374089.22696
Link,home battery charger,IT0 0,low voltage,-13649872.65855
Link,home battery charger,IT4 0,home battery,1458430.35016
Link,home battery charger,IT4 0,low voltage,-1488504.24303
Link,home battery charger,LT0 0,home battery,784737.95798
Link,home battery charger,LT0 0,low voltage,-800919.82452
Link,home battery charger,LU0 0,home battery,422122.86038
Link,home battery charger,LU0 0,low voltage,-430827.34029
Link,home battery charger,LV0 0,home battery,1273247.56714
Link,home battery charger,LV0 0,low voltage,-1299502.85656
Link,home battery charger,ME0 0,home battery,606551.6356
Link,home battery charger,ME0 0,low voltage,-619059.17078
Link,home battery charger,MK0 0,home battery,509922.80147
Link,home battery charger,MK0 0,low voltage,-520437.77993
Link,home battery charger,NL0 0,home battery,4594283.54902
Link,home battery charger,NL0 0,low voltage,-4689021.01198
Link,home battery charger,NO1 0,home battery,1709692.90912
Link,home battery charger,NO1 0,low voltage,-1744948.01841
Link,home battery charger,PL0 0,home battery,2609759.43881
Link,home battery charger,PL0 0,low voltage,-2663574.57354
Link,home battery charger,PT0 0,home battery,1047416.1477
Link,home battery charger,PT0 0,low voltage,-1069014.62926
Link,home battery charger,RO0 0,home battery,3815203.86095
Link,home battery charger,RO0 0,low voltage,-3893876.13501
Link,home battery charger,RS0 0,home battery,1402015.67563
Link,home battery charger,RS0 0,low voltage,-1430926.25695
Link,home battery charger,SE1 0,home battery,1823987.41867
Link,home battery charger,SE1 0,low voltage,-1861599.36375
Link,home battery charger,SI0 0,home battery,677378.9548
Link,home battery charger,SI0 0,low voltage,-691347.00073
Link,home battery charger,SK0 0,home battery,1150351.42185
Link,home battery charger,SK0 0,low voltage,-1174072.50351
Link,home battery charger,XK0 0,home battery,465915.18937
Link,home battery charger,XK0 0,low voltage,-475522.6989
Link,home battery discharger,AL0 0,home battery,-507548.31955
Link,home battery discharger,AL0 0,low voltage,497293.76108
Link,home battery discharger,AT0 0,home battery,-1388684.00895
Link,home battery discharger,AT0 0,low voltage,1360626.89435
Link,home battery discharger,BA0 0,home battery,-556933.62251
Link,home battery discharger,BA0 0,low voltage,545681.2783
Link,home battery discharger,BE0 0,home battery,-1406751.86795
Link,home battery discharger,BE0 0,low voltage,1378329.70847
Link,home battery discharger,BG0 0,home battery,-1206136.60801
Link,home battery discharger,BG0 0,low voltage,1181767.69989
Link,home battery discharger,CH0 0,home battery,-4631025.95074
Link,home battery discharger,CH0 0,low voltage,4537460.22596
Link,home battery discharger,CZ0 0,home battery,-1019336.79244
Link,home battery discharger,CZ0 0,low voltage,998742.00701
Link,home battery discharger,DE0 0,home battery,-3757493.89987
Link,home battery discharger,DE0 0,low voltage,3681577.10652
Link,home battery discharger,DE0 1,home battery,-1847095.50312
Link,home battery discharger,DE0 1,low voltage,1809776.59553
Link,home battery discharger,DK0 0,home battery,-1072465.97619
Link,home battery discharger,DK0 0,low voltage,1050797.76326
Link,home battery discharger,DK1 0,home battery,-819498.93143
Link,home battery discharger,DK1 0,low voltage,802941.69071
Link,home battery discharger,EE0 0,home battery,-1111514.97796
Link,home battery discharger,EE0 0,low voltage,1089057.81499
Link,home battery discharger,ES0 0,home battery,-3628966.37194
Link,home battery discharger,ES0 0,low voltage,3555646.36199
Link,home battery discharger,ES6 0,home battery,-846979.22206
Link,home battery discharger,ES6 0,low voltage,829866.76671
Link,home battery discharger,FI1 0,home battery,-2332127.44956
Link,home battery discharger,FI1 0,low voltage,2285008.90662
Link,home battery discharger,FR0 0,home battery,-1750603.64139
Link,home battery discharger,FR0 0,low voltage,1715234.26531
Link,home battery discharger,FR5 0,home battery,-813416.13157
Link,home battery discharger,FR5 0,low voltage,796981.78836
Link,home battery discharger,GB2 0,home battery,-2040622.16439
Link,home battery discharger,GB2 0,low voltage,1999393.22422
Link,home battery discharger,GB3 0,home battery,-662214.3304
Link,home battery discharger,GB3 0,low voltage,648834.88394
Link,home battery discharger,GR0 0,home battery,-4440496.28735
Link,home battery discharger,GR0 0,low voltage,4350780.04349
Link,home battery discharger,HR0 0,home battery,-652045.06416
Link,home battery discharger,HR0 0,low voltage,638871.0786
Link,home battery discharger,HU0 0,home battery,-2027703.64645
Link,home battery discharger,HU0 0,low voltage,1986735.71335
Link,home battery discharger,IE3 0,home battery,-1037140.32106
Link,home battery discharger,IE3 0,low voltage,1016185.83131
Link,home battery discharger,IT0 0,home battery,-13374101.64918
Link,home battery discharger,IT0 0,low voltage,13103889.92345
Link,home battery discharger,IT4 0,home battery,-1458443.72006
Link,home battery discharger,IT4 0,low voltage,1428977.17308
Link,home battery discharger,LT0 0,home battery,-784750.55732
Link,home battery discharger,LT0 0,low voltage,768895.37632
Link,home battery discharger,LU0 0,home battery,-422142.12111
Link,home battery discharger,LU0 0,low voltage,413613.11826
Link,home battery discharger,LV0 0,home battery,-1273261.13505
Link,home battery discharger,LV0 0,low voltage,1247536.03608
Link,home battery discharger,ME0 0,home battery,-606567.17978
Link,home battery discharger,ME0 0,low voltage,594312.03407
Link,home battery discharger,MK0 0,home battery,-509941.9928
Link,home battery discharger,MK0 0,low voltage,499639.07231
Link,home battery discharger,NL0 0,home battery,-4594296.1285
Link,home battery discharger,NL0 0,low voltage,4501472.49682
Link,home battery discharger,NO1 0,home battery,-1709706.25134
Link,home battery discharger,NO1 0,low voltage,1675163.17033
Link,home battery discharger,PL0 0,home battery,-2609772.73658
Link,home battery discharger,PL0 0,low voltage,2557044.6197
Link,home battery discharger,PT0 0,home battery,-1047429.18543
Link,home battery discharger,PT0 0,low voltage,1026266.8184
Link,home battery discharger,RO0 0,home battery,-3815216.44988
Link,home battery discharger,RO0 0,low voltage,3738133.4242
Link,home battery discharger,RS0 0,home battery,-1402033.04935
Link,home battery discharger,RS0 0,low voltage,1373706.22937
Link,home battery discharger,SE1 0,home battery,-1823999.82406
Link,home battery discharger,SE1 0,low voltage,1787147.54395
Link,home battery discharger,SI0 0,home battery,-677391.51991
Link,home battery discharger,SI0 0,low voltage,663705.43194
Link,home battery discharger,SK0 0,home battery,-1150363.99615
Link,home battery discharger,SK0 0,low voltage,1127121.92362
Link,home battery discharger,XK0 0,home battery,-465934.54357
Link,home battery discharger,XK0 0,low voltage,456520.75411
Link,industry methanol,EU,co2,2167600.09475
Link,industry methanol,EU,industry methanol,8739980.34205
Link,industry methanol,EU,methanol,-8739980.34205
Link,kerosene for aviation,EU,co2,191258478.53775
Link,kerosene for aviation,EU,kerosene for aviation,743906956.58401
Link,kerosene for aviation,EU,oil,-743906956.58401
Link,methanolisation,AL0 0,AC,-381515.6406
Link,methanolisation,AL0 0,H2,-1602435.15963
Link,methanolisation,AL0 0,urban central heat,35202.88136
Link,methanolisation,AT0 0,AC,-105437.22404
Link,methanolisation,AT0 0,H2,-442855.53973
Link,methanolisation,AT0 0,urban central heat,9728.81238
Link,methanolisation,BA0 0,AC,-175930.39983
Link,methanolisation,BA0 0,H2,-738939.71394
Link,methanolisation,BA0 0,urban central heat,16233.29776
Link,methanolisation,BE0 0,AC,-135904.39881
Link,methanolisation,BE0 0,H2,-570823.22144
Link,methanolisation,BE0 0,urban central heat,12540.0532
Link,methanolisation,BG0 0,AC,-266883.11449
Link,methanolisation,BG0 0,H2,-1120957.67686
Link,methanolisation,BG0 0,urban central heat,24625.60802
Link,methanolisation,CH0 0,AC,-602811.21923
Link,methanolisation,CH0 0,H2,-2531916.88495
Link,methanolisation,CH0 0,urban central heat,55622.07568
Link,methanolisation,CZ0 0,AC,-65502.20963
Link,methanolisation,CZ0 0,H2,-275121.20756
Link,methanolisation,CZ0 0,urban central heat,6043.96326
Link,methanolisation,DE0 0,AC,-85529.04662
Link,methanolisation,DE0 0,H2,-359237.56953
Link,methanolisation,DE0 0,urban central heat,7891.86225
Link,methanolisation,DE0 1,AC,-70543.9281
Link,methanolisation,DE0 1,H2,-296297.34318
Link,methanolisation,DE0 1,urban central heat,6509.16835
Link,methanolisation,DK0 0,AC,-522724.24466
Link,methanolisation,DK0 0,H2,-2195537.00895
Link,methanolisation,DK0 0,urban central heat,48232.3596
Link,methanolisation,DK1 0,AC,-227197.73314
Link,methanolisation,DK1 0,H2,-954271.84898
Link,methanolisation,DK1 0,urban central heat,20963.79282
Link,methanolisation,EE0 0,AC,-170855.04957
Link,methanolisation,EE0 0,H2,-717622.31869
Link,methanolisation,EE0 0,urban central heat,15764.98943
Link,methanolisation,ES0 0,AC,-60374567.76743
Link,methanolisation,ES0 0,H2,-253584178.05763
Link,methanolisation,ES0 0,urban central heat,5570829.92218
Link,methanolisation,ES6 0,AC,-71145.74057
Link,methanolisation,ES6 0,H2,-298825.06512
Link,methanolisation,ES6 0,urban central heat,6564.69827
Link,methanolisation,EU,co2 stored,-126908965.53738
Link,methanolisation,EU,methanol,511709639.94327
Link,methanolisation,FI1 0,AC,-244648.73429
Link,methanolisation,FI1 0,H2,-1027569.2314
Link,methanolisation,FI1 0,urban central heat,22574.01651
Link,methanolisation,FR0 0,AC,-962352.34867
Link,methanolisation,FR0 0,H2,-4042055.09642
Link,methanolisation,FR0 0,urban central heat,88797.34395
Link,methanolisation,FR5 0,AC,-4618990.11541
Link,methanolisation,FR5 0,H2,-19400599.5436
Link,methanolisation,GB2 0,AC,-36081565.00256
Link,methanolisation,GB2 0,H2,-151549143.00098
Link,methanolisation,GB2 0,urban central heat,3329286.97278
Link,methanolisation,GB3 0,AC,-721460.54254
Link,methanolisation,GB3 0,H2,-3030265.64739
Link,methanolisation,GB3 0,urban central heat,66569.98347
Link,methanolisation,GR0 0,AC,-8064627.12132
Link,methanolisation,GR0 0,H2,-33872902.37472
Link,methanolisation,GR0 0,urban central heat,744132.30173
Link,methanolisation,HR0 0,AC,-134214.75195
Link,methanolisation,HR0 0,H2,-563726.39698
Link,methanolisation,HR0 0,urban central heat,12384.14756
Link,methanolisation,HU0 0,AC,-99032.05744
Link,methanolisation,HU0 0,H2,-415952.67373
Link,methanolisation,HU0 0,urban central heat,9137.80039
Link,methanolisation,IE3 0,AC,-8061982.10934
Link,methanolisation,IE3 0,H2,-33861792.84275
Link,methanolisation,IE3 0,urban central heat,743888.24347
Link,methanolisation,IT0 0,AC,-13428890.36333
Link,methanolisation,IT0 0,H2,-56403784.75469
Link,methanolisation,IT0 0,urban central heat,1239098.9621
Link,methanolisation,IT4 0,AC,-114801.64367
Link,methanolisation,IT4 0,H2,-482187.80731
Link,methanolisation,IT4 0,urban central heat,10592.87802
Link,methanolisation,LT0 0,AC,-110670.90161
Link,methanolisation,LT0 0,H2,-464837.93852
Link,methanolisation,LT0 0,urban central heat,10211.72976
Link,methanolisation,LU0 0,AC,-127178.76015
Link,methanolisation,LU0 0,H2,-534173.95025
Link,methanolisation,LU0 0,urban central heat,11734.92861
Link,methanolisation,LV0 0,AC,-135844.48993
Link,methanolisation,LV0 0,H2,-570571.59324
Link,methanolisation,LV0 0,urban central heat,12534.52533
Link,methanolisation,ME0 0,AC,-229899.82483
Link,methanolisation,ME0 0,H2,-965621.12608
Link,methanolisation,ME0 0,urban central heat,21213.11788
Link,methanolisation,MK0 0,AC,-311901.87616
Link,methanolisation,MK0 0,H2,-1310044.67319
Link,methanolisation,MK0 0,urban central heat,28779.54027
Link,methanolisation,NL0 0,AC,-130731.65115
Link,methanolisation,NL0 0,H2,-549096.73939
Link,methanolisation,NL0 0,urban central heat,12062.7579
Link,methanolisation,NO1 0,AC,-146710.89695
Link,methanolisation,NO1 0,H2,-616212.48137
Link,methanolisation,NO1 0,urban central heat,13537.18105
Link,methanolisation,PL0 0,AC,-64332.69799
Link,methanolisation,PL0 0,H2,-270209.04573
Link,methanolisation,PL0 0,urban central heat,5936.05109
Link,methanolisation,PT0 0,AC,-574123.82897
Link,methanolisation,PT0 0,H2,-2411424.62225
Link,methanolisation,PT0 0,urban central heat,52975.05761
Link,methanolisation,RO0 0,AC,-228924.04682
Link,methanolisation,RO0 0,H2,-961522.68079
Link,methanolisation,RO0 0,urban central heat,21123.08174
Link,methanolisation,RS0 0,AC,-160402.1091
Link,methanolisation,RS0 0,H2,-673718.0654
Link,methanolisation,RS0 0,urban central heat,14800.48474
Link,methanolisation,SE1 0,AC,-158884.34993
Link,methanolisation,SE1 0,H2,-667343.20049
Link,methanolisation,SE1 0,urban central heat,14660.43938
Link,methanolisation,SI0 0,AC,-141250.89476
Link,methanolisation,SI0 0,H2,-593279.47796
Link,methanolisation,SI0 0,urban central heat,13033.38045
Link,methanolisation,SK0 0,AC,-79776.27446
Link,methanolisation,SK0 0,H2,-335074.87898
Link,methanolisation,SK0 0,urban central heat,7361.04743
Link,methanolisation,XK0 0,AC,-258652.1976
Link,methanolisation,XK0 0,H2,-1086386.32718
Link,methanolisation,XK0 0,urban central heat,23866.13197
Link,naphtha for industry,EU,naphtha for industry,276859982.31815
Link,naphtha for industry,EU,oil,-276859982.31815
Link,naphtha for industry,EU,process emissions,10759999.31281
Link,oil refining,EU,co2,3704611.83289
Link,oil refining,EU,oil,270560915.65972
Link,oil refining,EU,oil primary,-284970140.99187
Link,process emissions,EU,co2,5824.05305
Link,process emissions,EU,process emissions,-5824.05305
Link,process emissions CC,EU,co2,6694209.77428
Link,process emissions CC,EU,co2 stored,127189985.71126
Link,process emissions CC,EU,process emissions,-133884195.48554
Link,residential rural air heat pump,AL0 0,low voltage,-86927.90608
Link,residential rural air heat pump,AL0 0,residential rural heat,228421.03475
Link,residential rural air heat pump,AT0 0,low voltage,-490301.25931
Link,residential rural air heat pump,AT0 0,residential rural heat,1214112.58527
Link,residential rural air heat pump,BA0 0,low voltage,-184832.11511
Link,residential rural air heat pump,BA0 0,residential rural heat,442347.48367
Link,residential rural air heat pump,BE0 0,low voltage,-89487.183
Link,residential rural air heat pump,BE0 0,residential rural heat,225646.55477
Link,residential rural air heat pump,BG0 0,low voltage,-139980.39133
Link,residential rural air heat pump,BG0 0,residential rural heat,354116.34695
Link,residential rural air heat pump,CH0 0,low voltage,-239589.17187
Link,residential rural air heat pump,CH0 0,residential rural heat,574097.42579
Link,residential rural air heat pump,CZ0 0,low voltage,-265733.03503
Link,residential rural air heat pump,CZ0 0,residential rural heat,668349.70662
Link,residential rural air heat pump,DE0 0,low voltage,-581222.24395
Link,residential rural air heat pump,DE0 0,residential rural heat,1495828.01879
Link,residential rural air heat pump,DE0 1,low voltage,-995973.44329
Link,residential rural air heat pump,DE0 1,residential rural heat,2537548.37403
Link,residential rural air heat pump,DK0 0,low voltage,-101255.1993
Link,residential rural air heat pump,DK0 0,residential rural heat,249696.20965
Link,residential rural air heat pump,DK1 0,low voltage,-54044.25117
Link,residential rural air heat pump,DK1 0,residential rural heat,132056.72235
Link,residential rural air heat pump,EE0 0,low voltage,-76087.43413
Link,residential rural air heat pump,EE0 0,residential rural heat,180121.4167
Link,residential rural air heat pump,ES0 0,low voltage,-1246770.28648
Link,residential rural air heat pump,ES0 0,residential rural heat,3174985.08796
Link,residential rural air heat pump,ES6 0,low voltage,-15726.47087
Link,residential rural air heat pump,ES6 0,residential rural heat,44738.09519
Link,residential rural air heat pump,FI1 0,low voltage,-169291.06231
Link,residential rural air heat pump,FI1 0,residential rural heat,407867.88259
Link,residential rural air heat pump,FR0 0,low voltage,-1795798.88538
Link,residential rural air heat pump,FR0 0,residential rural heat,4232873.8002
Link,residential rural air heat pump,FR5 0,low voltage,-125788.3292
Link,residential rural air heat pump,FR5 0,residential rural heat,315849.77416
Link,residential rural air heat pump,GB2 0,low voltage,-1954903.34329
Link,residential rural air heat pump,GB2 0,residential rural heat,4674111.83576
Link,residential rural air heat pump,GB3 0,low voltage,-515723.09504
Link,residential rural air heat pump,GB3 0,residential rural heat,1234993.88
Link,residential rural air heat pump,GR0 0,low voltage,-267667.56404
Link,residential rural air heat pump,GR0 0,residential rural heat,706922.14636
Link,residential rural air heat pump,HR0 0,low voltage,-206304.56222
Link,residential rural air heat pump,HR0 0,residential rural heat,496758.2684
Link,residential rural air heat pump,HU0 0,low voltage,-333337.94567
Link,residential rural air heat pump,HU0 0,residential rural heat,793983.62237
Link,residential rural air heat pump,IE3 0,low voltage,-694788.96016
Link,residential rural air heat pump,IE3 0,residential rural heat,1669121.76583
Link,residential rural air heat pump,IT0 0,low voltage,-2134944.55567
Link,residential rural air heat pump,IT0 0,residential rural heat,5353723.14212
Link,residential rural air heat pump,IT4 0,low voltage,-435561.68915
Link,residential rural air heat pump,IT4 0,residential rural heat,1118165.15215
Link,residential rural air heat pump,LT0 0,low voltage,-103216.86459
Link,residential rural air heat pump,LT0 0,residential rural heat,235439.93483
Link,residential rural air heat pump,LU0 0,low voltage,-23851.33539
Link,residential rural air heat pump,LU0 0,residential rural heat,54745.2088
Link,residential rural air heat pump,LV0 0,low voltage,-97784.86898
Link,residential rural air heat pump,LV0 0,residential rural heat,241200.03384
Link,residential rural air heat pump,ME0 0,low voltage,-44032.13228
Link,residential rural air heat pump,ME0 0,residential rural heat,106157.1767
Link,residential rural air heat pump,MK0 0,low voltage,-89999.41194
Link,residential rural air heat pump,MK0 0,residential rural heat,213301.99774
Link,residential rural air heat pump,NL0 0,low voltage,-148659.21624
Link,residential rural air heat pump,NL0 0,residential rural heat,378525.5764
Link,residential rural air heat pump,NO1 0,low voltage,-125928.23962
Link,residential rural air heat pump,NO1 0,residential rural heat,290287.65623
Link,residential rural air heat pump,PL0 0,low voltage,-1284734.98884
Link,residential rural air heat pump,PL0 0,residential rural heat,3099624.11484
Link,residential rural air heat pump,PT0 0,low voltage,-475285.51721
Link,residential rural air heat pump,PT0 0,residential rural heat,1273979.85342
Link,residential rural air heat pump,RO0 0,low voltage,-598650.30241
Link,residential rural air heat pump,RO0 0,residential rural heat,1427539.19157
Link,residential rural air heat pump,RS0 0,low voltage,-344284.31318
Link,residential rural air heat pump,RS0 0,residential rural heat,818624.74459
Link,residential rural air heat pump,SE1 0,low voltage,-189156.51755
Link,residential rural air heat pump,SE1 0,residential rural heat,445837.81453
Link,residential rural air heat pump,SI0 0,low voltage,-130833.99071
Link,residential rural air heat pump,SI0 0,residential rural heat,321077.81219
Link,residential rural air heat pump,SK0 0,low voltage,-201024.86903
Link,residential rural air heat pump,SK0 0,residential rural heat,480924.83795
Link,residential rural air heat pump,XK0 0,low voltage,-68857.51727
Link,residential rural air heat pump,XK0 0,residential rural heat,162621.18966
Link,residential rural ground heat pump,AL0 0,low voltage,-216122.69197
Link,residential rural ground heat pump,AL0 0,residential rural heat,780919.23227
Link,residential rural ground heat pump,AT0 0,low voltage,-6716752.32004
Link,residential rural ground heat pump,AT0 0,residential rural heat,21291643.44357
Link,residential rural ground heat pump,BA0 0,low voltage,-1062687.54623
Link,residential rural ground heat pump,BA0 0,residential rural heat,3626728.04635
Link,residential rural ground heat pump,BE0 0,low voltage,-834384.81965
Link,residential rural ground heat pump,BE0 0,residential rural heat,2769667.17978
Link,residential rural ground heat pump,BG0 0,low voltage,-749475.70624
Link,residential rural ground heat pump,BG0 0,residential rural heat,2629335.85199
Link,residential rural ground heat pump,CH0 0,low voltage,-2837525.18392
Link,residential rural ground heat pump,CH0 0,residential rural heat,8838364.00716
Link,residential rural ground heat pump,CZ0 0,low voltage,-4482042.15978
Link,residential rural ground heat pump,CZ0 0,residential rural heat,14426585.72048
Link,residential rural ground heat pump,DE0 0,low voltage,-12108336.45451
Link,residential rural ground heat pump,DE0 0,residential rural heat,39523020.53775
Link,residential rural ground heat pump,DE0 1,low voltage,-20986151.98974
Link,residential rural ground heat pump,DE0 1,residential rural heat,67872638.42293
Link,residential rural ground heat pump,DK0 0,low voltage,-681349.89387
Link,residential rural ground heat pump,DK0 0,residential rural heat,2141109.59421
Link,residential rural ground heat pump,DK1 0,low voltage,-290835.28574
Link,residential rural ground heat pump,DK1 0,residential rural heat,913645.04329
Link,residential rural ground heat pump,EE0 0,low voltage,-602501.84211
Link,residential rural ground heat pump,EE0 0,residential rural heat,1838301.11569
Link,residential rural ground heat pump,ES0 0,low voltage,-2983057.43742
Link,residential rural ground heat pump,ES0 0,residential rural heat,11084926.35959
Link,residential rural ground heat pump,ES6 0,low voltage,-12281.91208
Link,residential rural ground heat pump,ES6 0,residential rural heat,51187.86214
Link,residential rural ground heat pump,FI1 0,low voltage,-2493662.11996
Link,residential rural ground heat pump,FI1 0,residential rural heat,7429983.12213
Link,residential rural ground heat pump,FR0 0,low voltage,-18941261.89435
Link,residential rural ground heat pump,FR0 0,residential rural heat,65076519.6596
Link,residential rural ground heat pump,FR5 0,low voltage,-330580.09418
Link,residential rural ground heat pump,FR5 0,residential rural heat,1203569.01247
Link,residential rural ground heat pump,GB2 0,low voltage,-10404355.84445
Link,residential rural ground heat pump,GB2 0,residential rural heat,34303157.7441
Link,residential rural ground heat pump,GB3 0,low voltage,-1078159.84421
Link,residential rural ground heat pump,GB3 0,residential rural heat,3581347.55932
Link,residential rural ground heat pump,GR0 0,low voltage,-720311.85268
Link,residential rural ground heat pump,GR0 0,residential rural heat,2747046.9455
Link,residential rural ground heat pump,HR0 0,low voltage,-1669543.5237
Link,residential rural ground heat pump,HR0 0,residential rural heat,5803453.52085
Link,residential rural ground heat pump,HU0 0,low voltage,-3435480.84014
Link,residential rural ground heat pump,HU0 0,residential rural heat,11760277.55633
Link,residential rural ground heat pump,IE3 0,low voltage,-1703580.24602
Link,residential rural ground heat pump,IE3 0,residential rural heat,5730256.99296
Link,residential rural ground heat pump,IT0 0,low voltage,-15306325.45741
Link,residential rural ground heat pump,IT0 0,residential rural heat,54767923.71177
Link,residential rural ground heat pump,IT4 0,low voltage,-878617.44843
Link,residential rural ground heat pump,IT4 0,residential rural heat,3374516.94004
Link,residential rural ground heat pump,LT0 0,low voltage,-1016828.64297
Link,residential rural ground heat pump,LT0 0,residential rural heat,3161846.75893
Link,residential rural ground heat pump,LU0 0,low voltage,-76673.49328
Link,residential rural ground heat pump,LU0 0,residential rural heat,250667.48679
Link,residential rural ground heat pump,LV0 0,low voltage,-887364.5819
Link,residential rural ground heat pump,LV0 0,residential rural heat,2753916.08694
Link,residential rural ground heat pump,ME0 0,low voltage,-105488.58112
Link,residential rural ground heat pump,ME0 0,residential rural heat,358141.80616
Link,residential rural ground heat pump,MK0 0,low voltage,-312032.05571
Link,residential rural ground heat pump,MK0 0,residential rural heat,1082000.31118
Link,residential rural ground heat pump,NL0 0,low voltage,-1343252.41018
Link,residential rural ground heat pump,NL0 0,residential rural heat,4433600.03327
Link,residential rural ground heat pump,NO1 0,low voltage,-1678999.61056
Link,residential rural ground heat pump,NO1 0,residential rural heat,4934259.1728
Link,residential rural ground heat pump,PL0 0,low voltage,-19396216.75747
Link,residential rural ground heat pump,PL0 0,residential rural heat,61880508.34869
Link,residential rural ground heat pump,PT0 0,low voltage,-623663.62785
Link,residential rural ground heat pump,PT0 0,residential rural heat,2419263.9502
Link,residential rural ground heat pump,RO0 0,low voltage,-6349160.80353
Link,residential rural ground heat pump,RO0 0,residential rural heat,21381737.99538
Link,residential rural ground heat pump,RS0 0,low voltage,-2141072.05189
Link,residential rural ground heat pump,RS0 0,residential rural heat,7410596.67172
Link,residential rural ground heat pump,SE1 0,low voltage,-3153402.09324
Link,residential rural ground heat pump,SE1 0,residential rural heat,9318151.489
Link,residential rural ground heat pump,SI0 0,low voltage,-1077314.55893
Link,residential rural ground heat pump,SI0 0,residential rural heat,3576460.52212
Link,residential rural ground heat pump,SK0 0,low voltage,-2545845.52129
Link,residential rural ground heat pump,SK0 0,residential rural heat,8263328.58277
Link,residential rural ground heat pump,XK0 0,low voltage,-252185.17785
Link,residential rural ground heat pump,XK0 0,residential rural heat,875081.6121
Link,residential urban decentral air heat pump,AL0 0,low voltage,-257013.49367
Link,residential urban decentral air heat pump,AL0 0,residential urban decentral heat,645722.47149
Link,residential urban decentral air heat pump,AT0 0,low voltage,-5882150.47372
Link,residential urban decentral air heat pump,AT0 0,residential urban decentral heat,12554201.31054
Link,residential urban decentral air heat pump,BA0 0,low voltage,-705957.50254
Link,residential urban decentral air heat pump,BA0 0,residential urban decentral heat,1611533.18923
Link,residential urban decentral air heat pump,BE0 0,low voltage,-11048539.74686
Link,residential urban decentral air heat pump,BE0 0,residential urban decentral heat,25008286.73775
Link,residential urban decentral air heat pump,BG0 0,low voltage,-1576854.0257
Link,residential urban decentral air heat pump,BG0 0,residential urban decentral heat,3677943.25555
Link,residential urban decentral air heat pump,CH0 0,low voltage,-7096383.70601
Link,residential urban decentral air heat pump,CH0 0,residential urban decentral heat,14594105.11537
Link,residential urban decentral air heat pump,CZ0 0,low voltage,-7603697.98425
Link,residential urban decentral air heat pump,CZ0 0,residential urban decentral heat,16441961.24114
Link,residential urban decentral air heat pump,DE0 0,low voltage,-49985794.3332
Link,residential urban decentral air heat pump,DE0 0,residential urban decentral heat,111867794.77361
Link,residential urban decentral air heat pump,DE0 1,low voltage,-21265128.61905
Link,residential urban decentral air heat pump,DE0 1,residential urban decentral heat,46755282.34485
Link,residential urban decentral air heat pump,DK0 0,low voltage,-4521506.0566
Link,residential urban decentral air heat pump,DK0 0,residential urban decentral heat,10172966.39962
Link,residential urban decentral air heat pump,DK1 0,low voltage,-2671595.53923
Link,residential urban decentral air heat pump,DK1 0,residential urban decentral heat,6009554.66153
Link,residential urban decentral air heat pump,EE0 0,low voltage,-974685.83039
Link,residential urban decentral air heat pump,EE0 0,residential urban decentral heat,1948740.16676
Link,residential urban decentral air heat pump,ES0 0,low voltage,-9325789.67642
Link,residential urban decentral air heat pump,ES0 0,residential urban decentral heat,23910220.07481
Link,residential urban decentral air heat pump,ES6 0,low voltage,-157052.40868
Link,residential urban decentral air heat pump,ES6 0,residential urban decentral heat,447389.23878
Link,residential urban decentral air heat pump,FI1 0,low voltage,-10015728.54026
Link,residential urban decentral air heat pump,FI1 0,residential urban decentral heat,18886807.23916
Link,residential urban decentral air heat pump,FR0 0,low voltage,-50720001.29802
Link,residential urban decentral air heat pump,FR0 0,residential urban decentral heat,118794833.74576
Link,residential urban decentral air heat pump,FR5 0,low voltage,0.0
Link,residential urban decentral air heat pump,FR5 0,residential urban decentral heat,0.0
Link,residential urban decentral air heat pump,GB2 0,low voltage,-40286761.10677
Link,residential urban decentral air heat pump,GB2 0,residential urban decentral heat,95797167.26332
Link,residential urban decentral air heat pump,GB3 0,low voltage,-451931.82859
Link,residential urban decentral air heat pump,GB3 0,residential urban decentral heat,1092952.99139
Link,residential urban decentral air heat pump,GR0 0,low voltage,-2388533.59685
Link,residential urban decentral air heat pump,GR0 0,residential urban decentral heat,6204537.14745
Link,residential urban decentral air heat pump,HR0 0,low voltage,-1529343.95183
Link,residential urban decentral air heat pump,HR0 0,residential urban decentral heat,3540955.59226
Link,residential urban decentral air heat pump,HU0 0,low voltage,-5393660.59875
Link,residential urban decentral air heat pump,HU0 0,residential urban decentral heat,12116008.3528
Link,residential urban decentral air heat pump,IE3 0,low voltage,-2333544.85094
Link,residential urban decentral air heat pump,IE3 0,residential urban decentral heat,5686399.31229
Link,residential urban decentral air heat pump,IT0 0,low voltage,-27566301.93159
Link,residential urban decentral air heat pump,IT0 0,residential urban decentral heat,67243116.39962
Link,residential urban decentral air heat pump,IT4 0,low voltage,-199227.16558
Link,residential urban decentral air heat pump,IT4 0,residential urban decentral heat,517188.93967
Link,residential urban decentral air heat pump,LT0 0,low voltage,-1500247.19607
Link,residential urban decentral air heat pump,LT0 0,residential urban decentral heat,3021638.1663
Link,residential urban decentral air heat pump,LU0 0,low voltage,-617300.78049
Link,residential urban decentral air heat pump,LU0 0,residential urban decentral heat,1354353.5787
Link,residential urban decentral air heat pump,LV0 0,low voltage,-1218198.59465
Link,residential urban decentral air heat pump,LV0 0,residential urban decentral heat,2468969.00557
Link,residential urban decentral air heat pump,ME0 0,low voltage,-148361.15929
Link,residential urban decentral air heat pump,ME0 0,residential urban decentral heat,343179.03597
Link,residential urban decentral air heat pump,MK0 0,low voltage,-336224.21884
Link,residential urban decentral air heat pump,MK0 0,residential urban decentral heat,771665.73132
Link,residential urban decentral air heat pump,NL0 0,low voltage,-14073725.75364
Link,residential urban decentral air heat pump,NL0 0,residential urban decentral heat,32337472.71123
Link,residential urban decentral air heat pump,NO1 0,low voltage,-5419665.66314
Link,residential urban decentral air heat pump,NO1 0,residential urban decentral heat,10573529.65815
Link,residential urban decentral air heat pump,PL0 0,low voltage,-18346910.26736
Link,residential urban decentral air heat pump,PL0 0,residential urban decentral heat,39252072.37979
Link,residential urban decentral air heat pump,PT0 0,low voltage,-1069804.44195
Link,residential urban decentral air heat pump,PT0 0,residential urban decentral heat,2895104.44049
Link,residential urban decentral air heat pump,RO0 0,low voltage,-5018445.7383
Link,residential urban decentral air heat pump,RO0 0,residential urban decentral heat,11062120.9305
Link,residential urban decentral air heat pump,RS0 0,low voltage,-1851801.01562
Link,residential urban decentral air heat pump,RS0 0,residential urban decentral heat,4228792.20845
Link,residential urban decentral air heat pump,SE1 0,low voltage,-14657820.43233
Link,residential urban decentral air heat pump,SE1 0,residential urban decentral heat,28355369.12062
Link,residential urban decentral air heat pump,SI0 0,low voltage,-934094.08421
Link,residential urban decentral air heat pump,SI0 0,residential urban decentral heat,2094462.2502
Link,residential urban decentral air heat pump,SK0 0,low voltage,-2261204.73639
Link,residential urban decentral air heat pump,SK0 0,residential urban decentral heat,4864761.98414
Link,residential urban decentral air heat pump,XK0 0,low voltage,-294547.28176
Link,residential urban decentral air heat pump,XK0 0,residential urban decentral heat,667347.43121
Link,services rural air heat pump,AL0 0,low voltage,-44145.38047
Link,services rural air heat pump,AL0 0,services rural heat,114754.77125
Link,services rural air heat pump,AT0 0,low voltage,-299998.84987
Link,services rural air heat pump,AT0 0,services rural heat,780002.11016
Link,services rural air heat pump,BA0 0,low voltage,-66003.73778
Link,services rural air heat pump,BA0 0,services rural heat,160341.9454
Link,services rural air heat pump,BE0 0,low voltage,-130571.37432
Link,services rural air heat pump,BE0 0,services rural heat,359130.2924
Link,services rural air heat pump,BG0 0,low voltage,-112523.34571
Link,services rural air heat pump,BG0 0,services rural heat,325427.54238
Link,services rural air heat pump,CH0 0,low voltage,-145274.77497
Link,services rural air heat pump,CH0 0,services rural heat,336845.80843
Link,services rural air heat pump,CZ0 0,low voltage,-220335.47016
Link,services rural air heat pump,CZ0 0,services rural heat,614656.18843
Link,services rural air heat pump,DE0 0,low voltage,-576903.93839
Link,services rural air heat pump,DE0 0,services rural heat,1635507.32623
Link,services rural air heat pump,DE0 1,low voltage,-742057.39171
Link,services rural air heat pump,DE0 1,services rural heat,1977341.10836
Link,services rural air heat pump,DK0 0,low voltage,-87327.56454
Link,services rural air heat pump,DK0 0,services rural heat,224658.35944
Link,services rural air heat pump,DK1 0,low voltage,-54925.11284
Link,services rural air heat pump,DK1 0,services rural heat,139633.04067
Link,services rural air heat pump,EE0 0,low voltage,-63468.33062
Link,services rural air heat pump,EE0 0,services rural heat,162457.35751
Link,services rural air heat pump,ES0 0,low voltage,-774661.66385
Link,services rural air heat pump,ES0 0,services rural heat,2220168.25125
Link,services rural air heat pump,ES6 0,low voltage,-50352.61376
Link,services rural air heat pump,ES6 0,services rural heat,158478.70222
Link,services rural air heat pump,FI1 0,low voltage,-174062.6023
Link,services rural air heat pump,FI1 0,services rural heat,446696.31639
Link,services rural air heat pump,FR0 0,low voltage,-1368936.55132
Link,services rural air heat pump,FR0 0,services rural heat,3889949.82042
Link,services rural air heat pump,FR5 0,low voltage,-56244.01612
Link,services rural air heat pump,FR5 0,services rural heat,149922.67662
Link,services rural air heat pump,GB2 0,low voltage,-829281.01284
Link,services rural air heat pump,GB2 0,services rural heat,1996299.60626
Link,services rural air heat pump,GB3 0,low voltage,-189619.24242
Link,services rural air heat pump,GB3 0,services rural heat,458465.15095
Link,services rural air heat pump,GR0 0,low voltage,-261687.12288
Link,services rural air heat pump,GR0 0,services rural heat,807649.10505
Link,services rural air heat pump,HR0 0,low voltage,-117097.85589
Link,services rural air heat pump,HR0 0,services rural heat,335398.09803
Link,services rural air heat pump,HU0 0,low voltage,-256107.21368
Link,services rural air heat pump,HU0 0,services rural heat,742377.47146
Link,services rural air heat pump,IE3 0,low voltage,-356532.46037
Link,services rural air heat pump,IE3 0,services rural heat,880312.92128
Link,services rural air heat pump,IT0 0,low voltage,-1747096.3992
Link,services rural air heat pump,IT0 0,services rural heat,4784271.7197
Link,services rural air heat pump,IT4 0,low voltage,-227154.3851
Link,services rural air heat pump,IT4 0,services rural heat,600182.41606
Link,services rural air heat pump,LT0 0,low voltage,-75792.13485
Link,services rural air heat pump,LT0 0,services rural heat,196356.81051
Link,services rural air heat pump,LU0 0,low voltage,-28567.43437
Link,services rural air heat pump,LU0 0,services rural heat,70470.51728
Link,services rural air heat pump,LV0 0,low voltage,-90707.62472
Link,services rural air heat pump,LV0 0,services rural heat,239774.00067
Link,services rural air heat pump,ME0 0,low voltage,-9407.94215
Link,services rural air heat pump,ME0 0,services rural heat,23509.01483
Link,services rural air heat pump,MK0 0,low voltage,-37434.43686
Link,services rural air heat pump,MK0 0,services rural heat,91650.74602
Link,services rural air heat pump,NL0 0,low voltage,-272995.7952
Link,services rural air heat pump,NL0 0,services rural heat,750362.78957
Link,services rural air heat pump,NO1 0,low voltage,-142860.38028
Link,services rural air heat pump,NO1 0,services rural heat,319532.25672
Link,services rural air heat pump,PL0 0,low voltage,-941872.72761
Link,services rural air heat pump,PL0 0,services rural heat,2664783.22668
Link,services rural air heat pump,PT0 0,low voltage,-658209.0248
Link,services rural air heat pump,PT0 0,services rural heat,1790698.38014
Link,services rural air heat pump,RO0 0,low voltage,-272694.72167
Link,services rural air heat pump,RO0 0,services rural heat,785363.66259
Link,services rural air heat pump,RS0 0,low voltage,-104432.98899
Link,services rural air heat pump,RS0 0,services rural heat,259521.71396
Link,services rural air heat pump,SE1 0,low voltage,-153258.58741
Link,services rural air heat pump,SE1 0,services rural heat,376471.60794
Link,services rural air heat pump,SI0 0,low voltage,-79717.54956
Link,services rural air heat pump,SI0 0,services rural heat,210845.15559
Link,services rural air heat pump,SK0 0,low voltage,-162180.17316
Link,services rural air heat pump,SK0 0,services rural heat,407243.05166
Link,services rural air heat pump,XK0 0,low voltage,-28603.39335
Link,services rural air heat pump,XK0 0,services rural heat,70552.66291
Link,services rural ground heat pump,AL0 0,low voltage,-96288.03822
Link,services rural ground heat pump,AL0 0,services rural heat,346638.82414
Link,services rural ground heat pump,AT0 0,low voltage,-3173380.1592
Link,services rural ground heat pump,AT0 0,services rural heat,10157683.48395
Link,services rural ground heat pump,BA0 0,low voltage,-291486.63256
Link,services rural ground heat pump,BA0 0,services rural heat,994198.86657
Link,services rural ground heat pump,BE0 0,low voltage,-2203209.01245
Link,services rural ground heat pump,BE0 0,services rural heat,7581393.92432
Link,services rural ground heat pump,BG0 0,low voltage,-592840.37501
Link,services rural ground heat pump,BG0 0,services rural heat,2127726.21841
Link,services rural ground heat pump,CH0 0,low voltage,-1246280.07058
Link,services rural ground heat pump,CH0 0,services rural heat,3878272.11207
Link,services rural ground heat pump,CZ0 0,low voltage,-2657313.35492
Link,services rural ground heat pump,CZ0 0,services rural heat,8714214.75108
Link,services rural ground heat pump,DE0 0,low voltage,-8986840.08614
Link,services rural ground heat pump,DE0 0,services rural heat,29933198.62444
Link,services rural ground heat pump,DE0 1,low voltage,-10332876.49175
Link,services rural ground heat pump,DE0 1,services rural heat,33743188.61199
Link,services rural ground heat pump,DK0 0,low voltage,-1031519.01856
Link,services rural ground heat pump,DK0 0,services rural heat,3408803.63764
Link,services rural ground heat pump,DK1 0,low voltage,-556977.31971
Link,services rural ground heat pump,DK1 0,services rural heat,1869132.09447
Link,services rural ground heat pump,EE0 0,low voltage,-413995.45939
Link,services rural ground heat pump,EE0 0,services rural heat,1302604.98005
Link,services rural ground heat pump,ES0 0,low voltage,-6014807.11554
Link,services rural ground heat pump,ES0 0,services rural heat,22859708.89833
Link,services rural ground heat pump,ES6 0,low voltage,-44569.62435
Link,services rural ground heat pump,ES6 0,services rural heat,192079.79835
Link,services rural ground heat pump,FI1 0,low voltage,-2769585.45707
Link,services rural ground heat pump,FI1 0,services rural heat,8407489.19597
Link,services rural ground heat pump,FR0 0,low voltage,-14759733.22125
Link,services rural ground heat pump,FR0 0,services rural heat,51738924.8911
Link,services rural ground heat pump,FR5 0,low voltage,-142959.05993
Link,services rural ground heat pump,FR5 0,services rural heat,525539.23934
Link,services rural ground heat pump,GB2 0,low voltage,-3929945.34044
Link,services rural ground heat pump,GB2 0,services rural heat,12965142.35606
Link,services rural ground heat pump,GB3 0,low voltage,-381473.04087
Link,services rural ground heat pump,GB3 0,services rural heat,1263254.58451
Link,services rural ground heat pump,GR0 0,low voltage,-1194564.49325
Link,services rural ground heat pump,GR0 0,services rural heat,4697778.3933
Link,services rural ground heat pump,HR0 0,low voltage,-792313.59873
Link,services rural ground heat pump,HR0 0,services rural heat,2837745.48372
Link,services rural ground heat pump,HU0 0,low voltage,-2310865.03049
Link,services rural ground heat pump,HU0 0,services rural heat,8143139.62402
Link,services rural ground heat pump,IE3 0,low voltage,-1110030.96377
Link,services rural ground heat pump,IE3 0,services rural heat,3756887.73249
Link,services rural ground heat pump,IT0 0,low voltage,-12510721.55516
Link,services rural ground heat pump,IT0 0,services rural heat,45400519.70832
Link,services rural ground heat pump,IT4 0,low voltage,-580333.46368
Link,services rural ground heat pump,IT4 0,services rural heat,2241624.06189
Link,services rural ground heat pump,LT0 0,low voltage,-500461.79431
Link,services rural ground heat pump,LT0 0,services rural heat,1601601.5069
Link,services rural ground heat pump,LU0 0,low voltage,-89016.19925
Link,services rural ground heat pump,LU0 0,services rural heat,295995.06944
Link,services rural ground heat pump,LV0 0,low voltage,-757408.67361
Link,services rural ground heat pump,LV0 0,services rural heat,2412544.43452
Link,services rural ground heat pump,ME0 0,low voltage,-10114.37469
Link,services rural ground heat pump,ME0 0,services rural heat,34778.55383
Link,services rural ground heat pump,MK0 0,low voltage,-104706.21459
Link,services rural ground heat pump,MK0 0,services rural heat,364218.87102
Link,services rural ground heat pump,NL0 0,low voltage,-10195596.18527
Link,services rural ground heat pump,NL0 0,services rural heat,35218437.2022
Link,services rural ground heat pump,NO1 0,low voltage,-1440509.91193
Link,services rural ground heat pump,NO1 0,services rural heat,4239211.24336
Link,services rural ground heat pump,PL0 0,low voltage,-13660195.77854
Link,services rural ground heat pump,PL0 0,services rural heat,45070987.32772
Link,services rural ground heat pump,PT0 0,low voltage,-1230763.79788
Link,services rural ground heat pump,PT0 0,services rural heat,4806229.73199
Link,services rural ground heat pump,RO0 0,low voltage,-2207878.5784
Link,services rural ground heat pump,RO0 0,services rural heat,7608518.26695
Link,services rural ground heat pump,RS0 0,low voltage,-571271.20414
Link,services rural ground heat pump,RS0 0,services rural heat,1978502.73472
Link,services rural ground heat pump,SE1 0,low voltage,-2320427.27906
Link,services rural ground heat pump,SE1 0,services rural heat,7004582.92402
Link,services rural ground heat pump,SI0 0,low voltage,-445215.9038
Link,services rural ground heat pump,SI0 0,services rural heat,1495532.22321
Link,services rural ground heat pump,SK0 0,low voltage,-1589181.4487
Link,services rural ground heat pump,SK0 0,services rural heat,5186775.21884
Link,services rural ground heat pump,XK0 0,low voltage,-68668.95851
Link,services rural ground heat pump,XK0 0,services rural heat,239558.95152
Link,services urban decentral air heat pump,AL0 0,low voltage,-99238.90549
Link,services urban decentral air heat pump,AL0 0,services urban decentral heat,239987.4324
Link,services urban decentral air heat pump,AT0 0,low voltage,-1905547.47499
Link,services urban decentral air heat pump,AT0 0,services urban decentral heat,4048099.23779
Link,services urban decentral air heat pump,BA0 0,low voltage,-194053.41022
Link,services urban decentral air heat pump,BA0 0,services urban decentral heat,438950.88627
Link,services urban decentral air heat pump,BE0 0,low voltage,-4935527.37763
Link,services urban decentral air heat pump,BE0 0,services urban decentral heat,11130827.14415
Link,services urban decentral air heat pump,BG0 0,low voltage,-591171.67432
Link,services urban decentral air heat pump,BG0 0,services urban decentral heat,1368459.06149
Link,services urban decentral air heat pump,CH0 0,low voltage,-3203815.08047
Link,services urban decentral air heat pump,CH0 0,services urban decentral heat,6535888.94161
Link,services urban decentral air heat pump,CZ0 0,low voltage,-2443183.95247
Link,services urban decentral air heat pump,CZ0 0,services urban decentral heat,5237666.08031
Link,services urban decentral air heat pump,DE0 0,low voltage,-18747443.15798
Link,services urban decentral air heat pump,DE0 0,services urban decentral heat,41619302.03611
Link,services urban decentral air heat pump,DE0 1,low voltage,-7977960.76955
Link,services urban decentral air heat pump,DE0 1,services urban decentral heat,17393708.112
Link,services urban decentral air heat pump,DK0 0,low voltage,-1222634.55722
Link,services urban decentral air heat pump,DK0 0,services urban decentral heat,2711576.96332
Link,services urban decentral air heat pump,DK1 0,low voltage,-722469.54189
Link,services urban decentral air heat pump,DK1 0,services urban decentral heat,1601303.63454
Link,services urban decentral air heat pump,EE0 0,low voltage,-335560.16094
Link,services urban decentral air heat pump,EE0 0,services urban decentral heat,664732.20851
Link,services urban decentral air heat pump,ES0 0,low voltage,-4085460.99606
Link,services urban decentral air heat pump,ES0 0,services urban decentral heat,10364643.03916
Link,services urban decentral air heat pump,ES6 0,low voltage,-68011.06672
Link,services urban decentral air heat pump,ES6 0,services urban decentral heat,192060.52292
Link,services urban decentral air heat pump,FI1 0,low voltage,-3456119.7859
Link,services urban decentral air heat pump,FI1 0,services urban decentral heat,6448760.27631
Link,services urban decentral air heat pump,FR0 0,low voltage,-18397672.78662
Link,services urban decentral air heat pump,FR0 0,services urban decentral heat,43080270.44177
Link,services urban decentral air heat pump,FR5 0,low voltage,-3087.45558
Link,services urban decentral air heat pump,FR5 0,services urban decentral heat,8811.13737
Link,services urban decentral air heat pump,GB2 0,low voltage,-14202121.99226
Link,services urban decentral air heat pump,GB2 0,services urban decentral heat,33548011.92037
Link,services urban decentral air heat pump,GB3 0,low voltage,-159018.45218
Link,services urban decentral air heat pump,GB3 0,services urban decentral heat,382169.13379
Link,services urban decentral air heat pump,GR0 0,low voltage,-1146314.46058
Link,services urban decentral air heat pump,GR0 0,services urban decentral heat,2965832.00919
Link,services urban decentral air heat pump,HR0 0,low voltage,-337804.80349
Link,services urban decentral air heat pump,HR0 0,services urban decentral heat,791191.43475
Link,services urban decentral air heat pump,HU0 0,low voltage,-1748628.68604
Link,services urban decentral air heat pump,HU0 0,services urban decentral heat,3909388.98694
Link,services urban decentral air heat pump,IE3 0,low voltage,-968826.93537
Link,services urban decentral air heat pump,IE3 0,services urban decentral heat,2340354.31271
Link,services urban decentral air heat pump,IT0 0,low voltage,-14713742.34206
Link,services urban decentral air heat pump,IT0 0,services urban decentral heat,35576354.70717
Link,services urban decentral air heat pump,IT4 0,low voltage,-106074.87698
Link,services urban decentral air heat pump,IT4 0,services urban decentral heat,272657.26057
Link,services urban decentral air heat pump,LT0 0,low voltage,-396004.47755
Link,services urban decentral air heat pump,LT0 0,services urban decentral heat,804273.56148
Link,services urban decentral air heat pump,LU0 0,low voltage,-411130.45727
Link,services urban decentral air heat pump,LU0 0,services urban decentral heat,904033.65345
Link,services urban decentral air heat pump,LV0 0,low voltage,-478899.92019
Link,services urban decentral air heat pump,LV0 0,services urban decentral heat,950505.96874
Link,services urban decentral air heat pump,ME0 0,low voltage,-16190.8076
Link,services urban decentral air heat pump,ME0 0,services urban decentral heat,38811.08728
Link,services urban decentral air heat pump,MK0 0,low voltage,-111964.5981
Link,services urban decentral air heat pump,MK0 0,services urban decentral heat,256746.82522
Link,services urban decentral air heat pump,NL0 0,low voltage,-7642194.22257
Link,services urban decentral air heat pump,NL0 0,services urban decentral heat,17433448.40465
Link,services urban decentral air heat pump,NO1 0,low voltage,-4380935.24659
Link,services urban decentral air heat pump,NO1 0,services urban decentral heat,8505091.45627
Link,services urban decentral air heat pump,PL0 0,low voltage,-5172014.71499
Link,services urban decentral air heat pump,PL0 0,services urban decentral heat,10972720.76604
Link,services urban decentral air heat pump,PT0 0,low voltage,-1067399.70478
Link,services urban decentral air heat pump,PT0 0,services urban decentral heat,2788522.94968
Link,services urban decentral air heat pump,RO0 0,low voltage,-988960.01601
Link,services urban decentral air heat pump,RO0 0,services urban decentral heat,2191130.4856
Link,services urban decentral air heat pump,RS0 0,low voltage,-469965.82165
Link,services urban decentral air heat pump,RS0 0,services urban decentral heat,1062323.5766
Link,services urban decentral air heat pump,SE1 0,low voltage,-4360350.08731
Link,services urban decentral air heat pump,SE1 0,services urban decentral heat,8434376.90181
Link,services urban decentral air heat pump,SI0 0,low voltage,-281229.99144
Link,services urban decentral air heat pump,SI0 0,services urban decentral heat,626026.47949
Link,services urban decentral air heat pump,SK0 0,low voltage,-1227110.80578
Link,services urban decentral air heat pump,SK0 0,services urban decentral heat,2621176.3423
Link,services urban decentral air heat pump,XK0 0,low voltage,-76160.02561
Link,services urban decentral air heat pump,XK0 0,services urban decentral heat,173175.59785
Link,shipping methanol,EU,co2,124741371.78948
Link,shipping methanol,EU,methanol,-502969685.19235
Link,shipping methanol,EU,shipping methanol,502969685.19235
Link,solid biomass for industry,EU,solid biomass,-17727.78178
Link,solid biomass for industry,EU,solid biomass for industry,17727.78178
Link,solid biomass for industry CC,EU,co2,-289608311.83006
Link,solid biomass for industry CC,EU,co2 stored,289608311.83006
Link,solid biomass for industry CC,EU,solid biomass,-831335845.53574
Link,solid biomass for industry CC,EU,solid biomass for industry,748202260.98217
Link,urban central air heat pump,AL0 0,low voltage,-358928.98394
Link,urban central air heat pump,AL0 0,urban central heat,1130765.67394
Link,urban central air heat pump,AT0 0,low voltage,-9513425.19195
Link,urban central air heat pump,AT0 0,urban central heat,27661492.18815
Link,urban central air heat pump,BA0 0,low voltage,-1113621.64026
Link,urban central air heat pump,BA0 0,urban central heat,3371880.95459
Link,urban central air heat pump,BE0 0,low voltage,-21181672.41453
Link,urban central air heat pump,BE0 0,urban central heat,64283924.17314
Link,urban central air heat pump,BG0 0,low voltage,-2775509.40579
Link,urban central air heat pump,BG0 0,urban central heat,8570140.08738
Link,urban central air heat pump,CH0 0,low voltage,-11899900.50605
Link,urban central air heat pump,CH0 0,urban central heat,33088408.88176
Link,urban central air heat pump,CZ0 0,low voltage,-5103540.05965
Link,urban central air heat pump,CZ0 0,urban central heat,13873399.7673
Link,urban central air heat pump,DE0 0,low voltage,-91454677.09931
Link,urban central air heat pump,DE0 0,urban central heat,272158897.29365
Link,urban central air heat pump,DE0 1,low voltage,-38337051.71317
Link,urban central air heat pump,DE0 1,urban central heat,112566398.82965
Link,urban central air heat pump,DK0 0,low voltage,-5062102.54794
Link,urban central air heat pump,DK0 0,urban central heat,18559189.00354
Link,urban central air heat pump,DK1 0,low voltage,-3404441.31003
Link,urban central air heat pump,DK1 0,urban central heat,12807261.87044
Link,urban central air heat pump,EE0 0,low voltage,-1403409.73787
Link,urban central air heat pump,EE0 0,urban central heat,3817402.08015
Link,urban central air heat pump,ES0 0,low voltage,-13780578.49892
Link,urban central air heat pump,ES0 0,urban central heat,45057623.4381
Link,urban central air heat pump,ES6 0,low voltage,-211046.37985
Link,urban central air heat pump,ES6 0,urban central heat,771583.79513
Link,urban central air heat pump,FI1 0,low voltage,-16519932.96903
Link,urban central air heat pump,FI1 0,urban central heat,42383792.3541
Link,urban central air heat pump,FR0 0,low voltage,-89818654.79559
Link,urban central air heat pump,FR0 0,urban central heat,274439573.33318
Link,urban central air heat pump,GB2 0,low voltage,-60991219.92113
Link,urban central air heat pump,GB2 0,urban central heat,188667572.66027
Link,urban central air heat pump,GB3 0,low voltage,-640922.04246
Link,urban central air heat pump,GB3 0,urban central heat,2022828.28465
Link,urban central air heat pump,GR0 0,low voltage,-3870805.55606
Link,urban central air heat pump,GR0 0,urban central heat,12824427.8376
Link,urban central air heat pump,HR0 0,low voltage,-2438447.83393
Link,urban central air heat pump,HR0 0,urban central heat,7528833.72728
Link,urban central air heat pump,HU0 0,low voltage,-9353035.95082
Link,urban central air heat pump,HU0 0,urban central heat,28054646.51789
Link,urban central air heat pump,IE3 0,low voltage,-3692948.38506
Link,urban central air heat pump,IE3 0,urban central heat,11771951.67306
Link,urban central air heat pump,IT0 0,low voltage,-45991032.90692
Link,urban central air heat pump,IT0 0,urban central heat,164203676.41973
Link,urban central air heat pump,IT4 0,low voltage,-319887.38436
Link,urban central air heat pump,IT4 0,urban central heat,1239703.57508
Link,urban central air heat pump,LT0 0,low voltage,-2210331.45805
Link,urban central air heat pump,LT0 0,urban central heat,6144446.77086
Link,urban central air heat pump,LU0 0,low voltage,-1239582.73645
Link,urban central air heat pump,LU0 0,urban central heat,3650788.6591
Link,urban central air heat pump,LV0 0,low voltage,-1961444.36736
Link,urban central air heat pump,LV0 0,urban central heat,5506367.06202
Link,urban central air heat pump,ME0 0,low voltage,-161397.12206
Link,urban central air heat pump,ME0 0,urban central heat,487297.06047
Link,urban central air heat pump,MK0 0,low voltage,-513437.70017
Link,urban central air heat pump,MK0 0,urban central heat,1537637.19127
Link,urban central air heat pump,NL0 0,low voltage,-28676843.25479
Link,urban central air heat pump,NL0 0,urban central heat,88081404.12991
Link,urban central air heat pump,NO1 0,low voltage,-12201277.43007
Link,urban central air heat pump,NO1 0,urban central heat,33336805.04768
Link,urban central air heat pump,PL0 0,low voltage,-15679820.64785
Link,urban central air heat pump,PL0 0,urban central heat,41391340.02332
Link,urban central air heat pump,PT0 0,low voltage,-2765718.11768
Link,urban central air heat pump,PT0 0,urban central heat,9833511.12959
Link,urban central air heat pump,RO0 0,low voltage,-7850730.21821
Link,urban central air heat pump,RO0 0,urban central heat,23242006.65041
Link,urban central air heat pump,RS0 0,low voltage,-3021814.81012
Link,urban central air heat pump,RS0 0,urban central heat,9195045.11104
Link,urban central air heat pump,SE1 0,low voltage,-22969301.27657
Link,urban central air heat pump,SE1 0,urban central heat,64501893.83008
Link,urban central air heat pump,SI0 0,low voltage,-1569175.69512
Link,urban central air heat pump,SI0 0,urban central heat,4698357.89389
Link,urban central air heat pump,SK0 0,low voltage,-2428041.89371
Link,urban central air heat pump,SK0 0,urban central heat,7140302.71591
Link,urban central air heat pump,XK0 0,low voltage,-417081.39321
Link,urban central air heat pump,XK0 0,urban central heat,1239314.80601
Link,waste CHP,AL0 0,AC,6245.6623
Link,waste CHP,AL0 0,urban central heat,21996.8476
Link,waste CHP,AT0 0,AC,16687.92339
Link,waste CHP,AT0 0,urban central heat,58773.86412
Link,waste CHP,BA0 0,AC,9673.47953
Link,waste CHP,BA0 0,urban central heat,34069.41407
Link,waste CHP,BE0 0,AC,12583.69041
Link,waste CHP,BE0 0,urban central heat,44319.00202
Link,waste CHP,BG0 0,AC,8928.71297
Link,waste CHP,BG0 0,urban central heat,31446.39094
Link,waste CHP,CH0 0,AC,9603.29848
Link,waste CHP,CH0 0,urban central heat,33822.2406
Link,waste CHP,CZ0 0,AC,28206.70247
Link,waste CHP,CZ0 0,urban central heat,99342.3124
Link,waste CHP,DE0 0,AC,13731.56161
Link,waste CHP,DE0 0,urban central heat,48361.73548
Link,waste CHP,DE0 1,AC,17582.80629
Link,waste CHP,DE0 1,urban central heat,61925.58796
Link,waste CHP,DK0 0,AC,7982.13654
Link,waste CHP,DK0 0,urban central heat,28112.6056
Link,waste CHP,DK1 0,AC,9163.96873
Link,waste CHP,DK1 0,urban central heat,32274.94759
Link,waste CHP,EE0 0,AC,16742.43267
Link,waste CHP,EE0 0,urban central heat,58965.84255
Link,waste CHP,ES0 0,AC,5696.25076
Link,waste CHP,ES0 0,urban central heat,20061.85314
Link,waste CHP,ES6 0,AC,2214.08545
Link,waste CHP,ES6 0,urban central heat,7797.87602
Link,waste CHP,EU,co2,548342.22007
Link,waste CHP,EU,non-sequestered HVC,-2132797.43317
Link,waste CHP,FI1 0,AC,16844.20478
Link,waste CHP,FI1 0,urban central heat,59324.2778
Link,waste CHP,FR0 0,AC,6618.9938
Link,waste CHP,FR0 0,urban central heat,23311.69872
Link,waste CHP,FR5 0,AC,1912.50364
Link,waste CHP,GB2 0,AC,6673.88925
Link,waste CHP,GB2 0,urban central heat,23505.0372
Link,waste CHP,GB3 0,AC,4958.33989
Link,waste CHP,GB3 0,urban central heat,17462.97536
Link,waste CHP,GR0 0,AC,6400.24416
Link,waste CHP,GR0 0,urban central heat,22541.27561
Link,waste CHP,HR0 0,AC,11742.79122
Link,waste CHP,HR0 0,urban central heat,41357.40556
Link,waste CHP,HU0 0,AC,14789.72944
Link,waste CHP,HU0 0,urban central heat,52088.53904
Link,waste CHP,IE3 0,AC,6673.76117
Link,waste CHP,IE3 0,urban central heat,23504.58611
Link,waste CHP,IT0 0,AC,7029.78917
Link,waste CHP,IT0 0,urban central heat,24758.49536
Link,waste CHP,IT4 0,AC,3495.21769
Link,waste CHP,IT4 0,urban central heat,12309.94684
Link,waste CHP,LT0 0,AC,18536.91092
Link,waste CHP,LT0 0,urban central heat,65285.88717
Link,waste CHP,LU0 0,AC,12958.67066
Link,waste CHP,LU0 0,urban central heat,45639.65994
Link,waste CHP,LV0 0,AC,19766.47405
Link,waste CHP,LV0 0,urban central heat,69616.33472
Link,waste CHP,ME0 0,AC,6536.01977
Link,waste CHP,ME0 0,urban central heat,23019.46916
Link,waste CHP,MK0 0,AC,7685.08873
Link,waste CHP,MK0 0,urban central heat,27066.42106
Link,waste CHP,NL0 0,AC,12616.1141
Link,waste CHP,NL0 0,urban central heat,44433.19629
Link,waste CHP,NO1 0,AC,10651.60369
Link,waste CHP,NO1 0,urban central heat,37514.30862
Link,waste CHP,PL0 0,AC,45750.61995
Link,waste CHP,PL0 0,urban central heat,161130.93632
Link,waste CHP,PT0 0,AC,5435.25252
Link,waste CHP,PT0 0,urban central heat,19142.63301
Link,waste CHP,RO0 0,AC,10607.28235
Link,waste CHP,RO0 0,urban central heat,37358.21152
Link,waste CHP,RS0 0,AC,9919.17521
Link,waste CHP,RS0 0,urban central heat,34934.73948
Link,waste CHP,SE1 0,AC,12167.60768
Link,waste CHP,SE1 0,urban central heat,42853.58364
Link,waste CHP,SI0 0,AC,9757.29798
Link,waste CHP,SI0 0,urban central heat,34364.61761
Link,waste CHP,SK0 0,AC,19379.05971
Link,waste CHP,SK0 0,urban central heat,68251.88466
Link,waste CHP,XK0 0,AC,7801.29113
Link,waste CHP,XK0 0,urban central heat,27475.67893
Link,waste CHP CC,AL0 0,AC,17871.2185
Link,waste CHP CC,AL0 0,urban central heat,62941.35845
Link,waste CHP CC,AT0 0,AC,657237.09408
Link,waste CHP CC,AT0 0,urban central heat,2314749.58077
Link,waste CHP CC,BA0 0,AC,38381.96454
Link,waste CHP CC,BA0 0,urban central heat,135178.97443
Link,waste CHP CC,BE0 0,AC,52074.90945
Link,waste CHP CC,BE0 0,urban central heat,183404.70419
Link,waste CHP CC,BG0 0,AC,30866.92165
Link,waste CHP CC,BG0 0,urban central heat,108711.44463
Link,waste CHP CC,CH0 0,AC,37112.97734
Link,waste CHP CC,CH0 0,urban central heat,130709.67771
Link,waste CHP CC,CZ0 0,AC,7037945.33471
Link,waste CHP CC,CZ0 0,urban central heat,24787220.86705
Link,waste CHP CC,DE0 0,AC,81472.61253
Link,waste CHP CC,DE0 0,urban central heat,286941.6492
Link,waste CHP CC,DE0 1,AC,552542.75882
Link,waste CHP CC,DE0 1,urban central heat,1946022.41849
Link,waste CHP CC,DK0 0,AC,21059.50969
Link,waste CHP CC,DK0 0,urban central heat,74170.3286
Link,waste CHP CC,DK1 0,AC,25363.25722
Link,waste CHP CC,DK1 0,urban central heat,89327.86895
Link,waste CHP CC,EE0 0,AC,58376.91082
Link,waste CHP CC,EE0 0,urban central heat,205599.97459
Link,waste CHP CC,ES0 0,AC,14277.24299
Link,waste CHP CC,ES0 0,urban central heat,50283.5925
Link,waste CHP CC,ES6 0,AC,4147.01473
Link,waste CHP CC,ES6 0,urban central heat,14605.53687
Link,waste CHP CC,EU,co2,2965664.13284
Link,waste CHP CC,EU,co2 stored,26690977.19552
Link,waste CHP CC,EU,non-sequestered HVC,-115350608.04493
Link,waste CHP CC,FI1 0,AC,75564.71938
Link,waste CHP CC,FI1 0,urban central heat,266134.40429
Link,waste CHP CC,FR0 0,AC,19861.83799
Link,waste CHP CC,FR0 0,urban central heat,69952.20076
Link,waste CHP CC,FR5 0,AC,3200.82583
Link,waste CHP CC,GB2 0,AC,19650.0231
Link,waste CHP CC,GB2 0,urban central heat,69206.20144
Link,waste CHP CC,GB3 0,AC,12865.59452
Link,waste CHP CC,GB3 0,urban central heat,45311.85136
Link,waste CHP CC,GR0 0,AC,16531.58592
Link,waste CHP CC,GR0 0,urban central heat,58223.25296
Link,waste CHP CC,HR0 0,AC,55235.14806
Link,waste CHP CC,HR0 0,urban central heat,194534.8748
Link,waste CHP CC,HU0 0,AC,160035.83285
Link,waste CHP CC,HU0 0,urban central heat,563636.59375
Link,waste CHP CC,IE3 0,AC,18551.60684
Link,waste CHP CC,IE3 0,urban central heat,65337.64535
Link,waste CHP CC,IT0 0,AC,20775.87041
Link,waste CHP CC,IT0 0,urban central heat,73171.36806
Link,waste CHP CC,IT4 0,AC,7105.73818
Link,waste CHP CC,IT4 0,urban central heat,25025.98321
Link,waste CHP CC,LT0 0,AC,88694.42422
Link,waste CHP CC,LT0 0,urban central heat,312376.43634
Link,waste CHP CC,LU0 0,AC,57506.56248
Link,waste CHP CC,LU0 0,urban central heat,202534.66002
Link,waste CHP CC,LV0 0,AC,113837.85669
Link,waste CHP CC,LV0 0,urban central heat,400930.09574
Link,waste CHP CC,ME0 0,AC,21355.87551
Link,waste CHP CC,ME0 0,urban central heat,75214.11122
Link,waste CHP CC,MK0 0,AC,23760.34606
Link,waste CHP CC,MK0 0,urban central heat,83682.51209
Link,waste CHP CC,NL0 0,AC,53751.58167
Link,waste CHP CC,NL0 0,urban central heat,189309.84306
Link,waste CHP CC,NO1 0,AC,39806.1102
Link,waste CHP CC,NO1 0,urban central heat,140194.7299
Link,waste CHP CC,PL0 0,AC,13559542.19053
Link,waste CHP CC,PL0 0,urban central heat,47755893.39621
Link,waste CHP CC,PT0 0,AC,14122.15103
Link,waste CHP CC,PT0 0,urban central heat,49737.36795
Link,waste CHP CC,RO0 0,AC,43725.44641
Link,waste CHP CC,RO0 0,urban central heat,153998.3967
Link,waste CHP CC,RS0 0,AC,39409.92217
Link,waste CHP CC,RS0 0,urban central heat,138799.37948
Link,waste CHP CC,SE1 0,AC,42355.64925
Link,waste CHP CC,SE1 0,urban central heat,149174.05337
Link,waste CHP CC,SI0 0,AC,41869.31676
Link,waste CHP CC,SI0 0,urban central heat,147461.21953
Link,waste CHP CC,SK0 0,AC,1769674.62957
Link,waste CHP CC,SK0 0,urban central heat,6232687.78314
Link,waste CHP CC,XK0 0,AC,25886.06901
Link,waste CHP CC,XK0 0,urban central heat,91169.18069
Load,H2 for industry,AL0 0,H2,-90000.0
Load,H2 for industry,AT0 0,H2,-9130000.0
Load,H2 for industry,BA0 0,H2,-720000.0
Load,H2 for industry,BE0 0,H2,-10470000.0
Load,H2 for industry,BG0 0,H2,-1620000.0
Load,H2 for industry,CH0 0,H2,-560000.0
Load,H2 for industry,CZ0 0,H2,-3620000.0
Load,H2 for industry,DE0 0,H2,-32540000.0
Load,H2 for industry,DE0 1,H2,-7840000.0
Load,H2 for industry,DK0 0,H2,0.0
Load,H2 for industry,DK1 0,H2,0.0
Load,H2 for industry,EE0 0,H2,-160000.0
Load,H2 for industry,ES0 0,H2,-6580000.0
Load,H2 for industry,ES6 0,H2,0.0
Load,H2 for industry,FI1 0,H2,-2490000.0
Load,H2 for industry,FR0 0,H2,-14630000.0
Load,H2 for industry,FR5 0,H2,0.0
Load,H2 for industry,GB2 0,H2,-8010000.0
Load,H2 for industry,GB3 0,H2,10000.0
Load,H2 for industry,GR0 0,H2,-770000.0
Load,H2 for industry,HR0 0,H2,-2840000.0
Load,H2 for industry,HU0 0,H2,-3910000.0
Load,H2 for industry,IE3 0,H2,0.0
Load,H2 for industry,IT0 0,H2,-6800000.0
Load,H2 for industry,IT4 0,H2,30000.0
Load,H2 for industry,LT0 0,H2,-6230000.0
Load,H2 for industry,LU0 0,H2,0.0
Load,H2 for industry,LV0 0,H2,0.0
Load,H2 for industry,ME0 0,H2,-20000.0
Load,H2 for industry,MK0 0,H2,-650000.0
Load,H2 for industry,NL0 0,H2,-20710000.0
Load,H2 for industry,NO1 0,H2,-4240000.0
Load,H2 for industry,PL0 0,H2,-19400000.0
Load,H2 for industry,PT0 0,H2,70000.0
Load,H2 for industry,RO0 0,H2,-5440000.0
Load,H2 for industry,RS0 0,H2,-1230000.0
Load,H2 for industry,SE1 0,H2,-2650000.0
Load,H2 for industry,SI0 0,H2,0.0
Load,H2 for industry,SK0 0,H2,-6220000.0
Load,H2 for industry,XK0 0,H2,-200000.0
Load,agriculture electricity,AL0 0,low voltage,-85798.76348
Load,agriculture electricity,AT0 0,low voltage,-714494.79218
Load,agriculture electricity,BA0 0,low voltage,-43545.30092
Load,agriculture electricity,BE0 0,low voltage,-1205990.47002
Load,agriculture electricity,BG0 0,low voltage,-230887.1039
Load,agriculture electricity,CH0 0,low voltage,0.0
Load,agriculture electricity,CZ0 0,low voltage,-709493.13383
Load,agriculture electricity,DE0 0,low voltage,-2349612.61315
Load,agriculture electricity,DE0 1,low voltage,-1372353.14023
Load,agriculture electricity,DK0 0,low voltage,-705298.73519
Load,agriculture electricity,DK1 0,low voltage,-407442.45602
Load,agriculture electricity,EE0 0,low voltage,-103098.23217
Load,agriculture electricity,ES0 0,low voltage,-3652592.73631
Load,agriculture electricity,ES6 0,low voltage,-60705.91973
Load,agriculture electricity,FI1 0,low voltage,-951485.88405
Load,agriculture electricity,FR0 0,low voltage,-5689059.88603
Load,agriculture electricity,FR5 0,low voltage,-23657.82342
Load,agriculture electricity,GB2 0,low voltage,-1312365.50001
Load,agriculture electricity,GB3 0,low voltage,-35596.06384
Load,agriculture electricity,GR0 0,low voltage,-961118.06212
Load,agriculture electricity,HR0 0,low voltage,-119437.90737
Load,agriculture electricity,HU0 0,low voltage,-741103.49213
Load,agriculture electricity,IE3 0,low voltage,-358929.60966
Load,agriculture electricity,IT0 0,low voltage,-3915329.56151
Load,agriculture electricity,IT4 0,low voltage,-99540.597
Load,agriculture electricity,LT0 0,low voltage,-142711.73871
Load,agriculture electricity,LU0 0,low voltage,-23787.06055
Load,agriculture electricity,LV0 0,low voltage,-148380.95546
Load,agriculture electricity,ME0 0,low voltage,-5456.65404
Load,agriculture electricity,MK0 0,low voltage,-23892.88991
Load,agriculture electricity,NL0 0,low voltage,-7161190.83362
Load,agriculture electricity,NO1 0,low voltage,-356330.41298
Load,agriculture electricity,PL0 0,low voltage,-1473035.8883
Load,agriculture electricity,PT0 0,low voltage,-667296.12856
Load,agriculture electricity,RO0 0,low voltage,-554892.92974
Load,agriculture electricity,RS0 0,low voltage,-168577.67396
Load,agriculture electricity,SE1 0,low voltage,-702605.47146
Load,agriculture electricity,SI0 0,low voltage,-13990.7192
Load,agriculture electricity,SK0 0,low voltage,-194501.53782
Load,agriculture electricity,XK0 0,low voltage,-40295.12016
Load,agriculture heat,AL0 0,services rural heat,-85798.76348
Load,agriculture heat,AT0 0,services rural heat,-3679919.14599
Load,agriculture heat,BA0 0,services rural heat,-43545.30092
Load,agriculture heat,BE0 0,services rural heat,-6609539.22088
Load,agriculture heat,BG0 0,services rural heat,-1344209.21661
Load,agriculture heat,CH0 0,services rural heat,0.0
Load,agriculture heat,CZ0 0,services rural heat,-4520959.97279
Load,agriculture heat,DE0 0,services rural heat,-16310449.20947
Load,agriculture heat,DE0 1,services rural heat,-9526547.51083
Load,agriculture heat,DK0 0,services rural heat,-2998001.65899
Load,agriculture heat,DK1 0,services rural heat,-1731908.90349
Load,agriculture heat,EE0 0,services rural heat,-776846.56686
Load,agriculture heat,ES0 0,services rural heat,-18904916.1813
Load,agriculture heat,ES6 0,services rural heat,-314198.81905
Load,agriculture heat,FI1 0,services rural heat,-6178480.46013
Load,agriculture heat,FR0 0,services rural heat,-30498623.46344
Load,agriculture heat,FR5 0,services rural heat,-126827.81739
Load,agriculture heat,GB2 0,services rural heat,-1312365.50001
Load,agriculture heat,GB3 0,services rural heat,-35596.06384
Load,agriculture heat,GR0 0,services rural heat,-3857312.45687
Load,agriculture heat,HR0 0,services rural heat,-1764526.9869
Load,agriculture heat,HU0 0,services rural heat,-4835912.03061
Load,agriculture heat,IE3 0,services rural heat,-1591774.945
Load,agriculture heat,IT0 0,services rural heat,-18379280.59196
Load,agriculture heat,IT4 0,services rural heat,-467261.95937
Load,agriculture heat,LT0 0,services rural heat,-893825.58993
Load,agriculture heat,LU0 0,services rural heat,-163219.81114
Load,agriculture heat,LV0 0,services rural heat,-1499504.77398
Load,agriculture heat,ME0 0,services rural heat,-5456.65404
Load,agriculture heat,MK0 0,services rural heat,-23892.88991
Load,agriculture heat,NL0 0,services rural heat,-33378547.14769
Load,agriculture heat,NO1 0,services rural heat,-356330.41298
Load,agriculture heat,PL0 0,services rural heat,-29571886.61201
Load,agriculture heat,PT0 0,services rural heat,-3041446.18069
Load,agriculture heat,RO0 0,services rural heat,-3873886.60377
Load,agriculture heat,RS0 0,services rural heat,-168577.67396
Load,agriculture heat,SE1 0,services rural heat,-4477624.51413
Load,agriculture heat,SI0 0,services rural heat,-540489.59035
Load,agriculture heat,SK0 0,services rural heat,-881956.30939
Load,agriculture heat,XK0 0,services rural heat,-40295.12016
Load,agriculture machinery electric,AL0 0,low voltage,-18385.44932
Load,agriculture machinery electric,AT0 0,low voltage,-357420.01325
Load,agriculture machinery electric,BA0 0,low voltage,-9331.13591
Load,agriculture machinery electric,BE0 0,low voltage,-664842.28052
Load,agriculture machinery electric,BG0 0,low voltage,-153340.43132
Load,agriculture machinery electric,CH0 0,low voltage,0.0
Load,agriculture machinery electric,CZ0 0,low voltage,-490237.69144
Load,agriculture machinery electric,DE0 0,low voltage,-1753990.07644
Load,agriculture machinery electric,DE0 1,low voltage,-1024464.10777
Load,agriculture machinery electric,DK0 0,low voltage,-339157.85151
Load,agriculture machinery electric,DK1 0,low voltage,-195927.34412
Load,agriculture machinery electric,EE0 0,low voltage,-94104.68592
Load,agriculture machinery electric,ES0 0,low voltage,-2345631.57277
Load,agriculture machinery electric,ES6 0,low voltage,-38984.28658
Load,agriculture machinery electric,FI1 0,low voltage,-606144.14053
Load,agriculture machinery electric,FR0 0,low voltage,-3658066.23289
Load,agriculture machinery electric,FR5 0,low voltage,-15211.98348
Load,agriculture machinery electric,GB2 0,low voltage,-281221.17857
Load,agriculture machinery electric,GB3 0,low voltage,-7627.72797
Load,agriculture machinery electric,GR0 0,low voltage,-247346.46022
Load,agriculture machinery electric,HR0 0,low voltage,-206266.73694
Load,agriculture machinery electric,HU0 0,low voltage,-532127.88798
Load,agriculture machinery electric,IE3 0,low voltage,-211292.024
Load,agriculture machinery electric,IT0 0,low voltage,-2340605.15574
Load,agriculture machinery electric,IT4 0,low voltage,-59505.90643
Load,agriculture machinery electric,LT0 0,low voltage,-81069.35815
Load,agriculture machinery electric,LU0 0,low voltage,-20614.09892
Load,agriculture machinery electric,LV0 0,low voltage,-166309.77226
Load,agriculture machinery electric,ME0 0,low voltage,-1169.28301
Load,agriculture machinery electric,MK0 0,low voltage,-5119.90498
Load,agriculture machinery electric,NL0 0,low voltage,-1650261.004
Load,agriculture machinery electric,NO1 0,low voltage,-76356.51707
Load,agriculture machinery electric,PL0 0,low voltage,-2853179.46422
Load,agriculture machinery electric,PT0 0,low voltage,-394925.50516
Load,agriculture machinery electric,RO0 0,low voltage,-440005.17139
Load,agriculture machinery electric,RS0 0,low voltage,-36123.78728
Load,agriculture machinery electric,SE1 0,low voltage,-497979.64594
Load,agriculture machinery electric,SI0 0,low voltage,-64084.0051
Load,agriculture machinery electric,SK0 0,low voltage,-91715.1756
Load,agriculture machinery electric,XK0 0,low voltage,-8634.66861
Load,agriculture machinery oil,EU,agriculture machinery oil,-51423819.35442
Load,electricity,AL0 0,low voltage,-3688128.45575
Load,electricity,AT0 0,low voltage,-31307192.84121
Load,electricity,BA0 0,low voltage,-5621455.72685
Load,electricity,BE0 0,low voltage,-36208347.64067
Load,electricity,BG0 0,low voltage,-19943566.99285
Load,electricity,CH0 0,low voltage,-27370695.6871
Load,electricity,CZ0 0,low voltage,-27415414.5278
Load,electricity,DE0 0,low voltage,-138724356.93798
Load,electricity,DE0 1,low voltage,-100676358.99621
Load,electricity,DK0 0,low voltage,-8946841.78615
Load,electricity,DK1 0,low voltage,-10699406.12813
Load,electricity,EE0 0,low voltage,-4340970.47174
Load,electricity,ES0 0,low voltage,-141033147.59372
Load,electricity,ES6 0,low voltage,-7607614.7087
Load,electricity,FI1 0,low voltage,-24636428.6686
Load,electricity,FR0 0,low voltage,-225205008.41863
Load,electricity,FR5 0,low voltage,-3974945.85382
Load,electricity,GB2 0,low voltage,-188358590.4946
Load,electricity,GB3 0,low voltage,-7920373.44187
Load,electricity,GR0 0,low voltage,-24406740.72144
Load,electricity,HR0 0,low voltage,-10221784.60559
Load,electricity,HU0 0,low voltage,-16157114.54792
Load,electricity,IE3 0,low voltage,-11048453.5268
Load,electricity,IT0 0,low voltage,-136059566.27593
Load,electricity,IT4 0,low voltage,-4770055.51228
Load,electricity,LT0 0,low voltage,-6019566.14902
Load,electricity,LU0 0,low voltage,-1840364.82962
Load,electricity,LV0 0,low voltage,-4252558.05139
Load,electricity,ME0 0,low voltage,-2208690.9719
Load,electricity,MK0 0,low voltage,-4675112.31259
Load,electricity,NL0 0,low voltage,-64048125.38123
Load,electricity,NO1 0,low voltage,-58893074.1169
Load,electricity,PL0 0,low voltage,-70995641.6039
Load,electricity,PT0 0,low voltage,-26399925.53495
Load,electricity,RO0 0,low voltage,-26416090.23154
Load,electricity,RS0 0,low voltage,-25244058.84176
Load,electricity,SE1 0,low voltage,-49094607.69077
Load,electricity,SI0 0,low voltage,-4000297.75502
Load,electricity,SK0 0,low voltage,-9517971.96242
Load,electricity,XK0 0,low voltage,-5018528.57961
Load,gas for industry,EU,gas for industry,-231370000.0
Load,industry electricity,AL0 0,low voltage,-1010000.0
Load,industry electricity,AT0 0,low voltage,-48020000.0
Load,industry electricity,BA0 0,low voltage,-4310000.0
Load,industry electricity,BE0 0,low voltage,-71500000.0
Load,industry electricity,BG0 0,low voltage,-15870000.0
Load,industry electricity,CH0 0,low voltage,-17250000.0
Load,industry electricity,CZ0 0,low voltage,-43580000.0
Load,industry electricity,DE0 0,low voltage,-237260000.0
Load,industry electricity,DE0 1,low voltage,-125770000.0
Load,industry electricity,DK0 0,low voltage,-13970000.0
Load,industry electricity,DK1 0,low voltage,-3870000.0
Load,industry electricity,EE0 0,low voltage,-3090000.0
Load,industry electricity,ES0 0,low voltage,-153800000.0
Load,industry electricity,ES6 0,low voltage,-1010000.0
Load,industry electricity,FI1 0,low voltage,-53170000.0
Load,industry electricity,FR0 0,low voltage,-204070000.0
Load,industry electricity,FR5 0,low voltage,-360000.0
Load,industry electricity,GB2 0,low voltage,-124100000.0
Load,industry electricity,GB3 0,low voltage,-2900000.0
Load,industry electricity,GR0 0,low voltage,-16150000.0
Load,industry electricity,HR0 0,low voltage,-8060000.0
Load,industry electricity,HU0 0,low voltage,-31290000.0
Load,industry electricity,IE3 0,low voltage,-14950000.0
Load,industry electricity,IT0 0,low voltage,-177130000.0
Load,industry electricity,IT4 0,low voltage,-6910000.0
Load,industry electricity,LT0 0,low voltage,-4100000.0
Load,industry electricity,LU0 0,low voltage,-4530000.0
Load,industry electricity,LV0 0,low voltage,-4320000.0
Load,industry electricity,ME0 0,low voltage,-770000.0
Load,industry electricity,MK0 0,low voltage,-2200000.0
Load,industry electricity,NL0 0,low voltage,-86050000.0
Load,industry electricity,NO1 0,low voltage,-35350000.0
Load,industry electricity,PL0 0,low voltage,-93710000.0
Load,industry electricity,PT0 0,low voltage,-28960000.0
Load,industry electricity,RO0 0,low voltage,-39060000.0
Load,industry electricity,RS0 0,low voltage,-9820000.0
Load,industry electricity,SE1 0,low voltage,-53670000.0
Load,industry electricity,SI0 0,low voltage,-8110000.0
Load,industry electricity,SK0 0,low voltage,-18090000.0
Load,industry electricity,XK0 0,low voltage,-1270000.0
Load,industry methanol,EU,industry methanol,-8740000.0
Load,kerosene for aviation,EU,kerosene for aviation,-743906976.62384
Load,land transport EV,AL0 0,EV battery,-2065783.08993
Load,land transport EV,AT0 0,EV battery,-21937529.81597
Load,land transport EV,BA0 0,EV battery,-3451087.27114
Load,land transport EV,BE0 0,EV battery,-29297109.36508
Load,land transport EV,BG0 0,EV battery,-8181528.17808
Load,land transport EV,CH0 0,EV battery,-12947431.59825
Load,land transport EV,CZ0 0,EV battery,-20701638.11463
Load,land transport EV,DE0 0,EV battery,-105879331.27049
Load,land transport EV,DE0 1,EV battery,-61926835.31112
Load,land transport EV,DK0 0,EV battery,-8670526.68719
Load,land transport EV,DK1 0,EV battery,-5005803.81196
Load,land transport EV,EE0 0,EV battery,-2457985.82986
Load,land transport EV,ES0 0,EV battery,-80888491.17308
Load,land transport EV,ES6 0,EV battery,-1318871.89051
Load,land transport EV,FI1 0,EV battery,-13578014.03547
Load,land transport EV,FR0 0,EV battery,-135122133.70225
Load,land transport EV,FR5 0,EV battery,-552774.60524
Load,land transport EV,GB2 0,EV battery,-101285209.81227
Load,land transport EV,GB3 0,EV battery,-2742750.28029
Load,land transport EV,GR0 0,EV battery,-15633373.38106
Load,land transport EV,HR0 0,EV battery,-6519035.05193
Load,land transport EV,HU0 0,EV battery,-14019587.53452
Load,land transport EV,IE3 0,EV battery,-10939556.90996
Load,land transport EV,IT0 0,EV battery,-104566903.94371
Load,land transport EV,IT4 0,EV battery,-2611729.35423
Load,land transport EV,LT0 0,EV battery,-6895903.77038
Load,land transport EV,LU0 0,EV battery,-3076474.33027
Load,land transport EV,LV0 0,EV battery,-3281618.21923
Load,land transport EV,ME0 0,EV battery,-693838.59121
Load,land transport EV,MK0 0,EV battery,-1978837.49092
Load,land transport EV,NL0 0,EV battery,-36084052.35319
Load,land transport EV,NO1 0,EV battery,-9295337.60282
Load,land transport EV,PL0 0,EV battery,-64121892.19059
Load,land transport EV,PT0 0,EV battery,-19447466.53214
Load,land transport EV,RO0 0,EV battery,-20407576.75639
Load,land transport EV,RS0 0,EV battery,-5902565.28072
Load,land transport EV,SE1 0,EV battery,-21150381.43059
Load,land transport EV,SI0 0,EV battery,-5781916.66473
Load,land transport EV,SK0 0,EV battery,-8955376.97818
Load,land transport EV,XK0 0,EV battery,-1117190.1877
Load,low-temperature heat for industry,AL0 0,urban central heat,-40000.0
Load,low-temperature heat for industry,AT0 0,urban central heat,-1470000.0
Load,low-temperature heat for industry,BA0 0,urban central heat,-100000.0
Load,low-temperature heat for industry,BE0 0,urban central heat,-2290000.0
Load,low-temperature heat for industry,BG0 0,urban central heat,-490000.0
Load,low-temperature heat for industry,CH0 0,urban central heat,-590000.0
Load,low-temperature heat for industry,CZ0 0,urban central heat,-1410000.0
Load,low-temperature heat for industry,DE0 0,urban central heat,-7810000.0
Load,low-temperature heat for industry,DE0 1,urban central heat,-3980000.0
Load,low-temperature heat for industry,DK0 0,urban central heat,-460000.0
Load,low-temperature heat for industry,DK1 0,urban central heat,-140000.0
Load,low-temperature heat for industry,EE0 0,urban central heat,-160000.0
Load,low-temperature heat for industry,ES0 0,urban central heat,-4800000.0
Load,low-temperature heat for industry,ES6 0,urban central heat,-40000.0
Load,low-temperature heat for industry,FI1 0,urban central heat,-1870000.0
Load,low-temperature heat for industry,FR0 0,urban central heat,-6850000.0
Load,low-temperature heat for industry,FR5 0,services urban decentral heat,-10000.0
Load,low-temperature heat for industry,GB2 0,urban central heat,-4820000.0
Load,low-temperature heat for industry,GB3 0,urban central heat,-110000.0
Load,low-temperature heat for industry,GR0 0,urban central heat,-530000.0
Load,low-temperature heat for industry,HR0 0,urban central heat,-360000.0
Load,low-temperature heat for industry,HU0 0,urban central heat,-1090000.0
Load,low-temperature heat for industry,IE3 0,urban central heat,-530000.0
Load,low-temperature heat for industry,IT0 0,urban central heat,-6880000.0
Load,low-temperature heat for industry,IT4 0,urban central heat,-190000.0
Load,low-temperature heat for industry,LT0 0,urban central heat,-190000.0
Load,low-temperature heat for industry,LU0 0,urban central heat,-110000.0
Load,low-temperature heat for industry,LV0 0,urban central heat,-200000.0
Load,low-temperature heat for industry,ME0 0,urban central heat,-20000.0
Load,low-temperature heat for industry,MK0 0,urban central heat,-40000.0
Load,low-temperature heat for industry,NL0 0,urban central heat,-2580000.0
Load,low-temperature heat for industry,NO1 0,urban central heat,-870000.0
Load,low-temperature heat for industry,PL0 0,urban central heat,-2870000.0
Load,low-temperature heat for industry,PT0 0,urban central heat,-1200000.0
Load,low-temperature heat for industry,RO0 0,urban central heat,-1350000.0
Load,low-temperature heat for industry,RS0 0,urban central heat,-350000.0
Load,low-temperature heat for industry,SE1 0,urban central heat,-1820000.0
Load,low-temperature heat for industry,SI0 0,urban central heat,-250000.0
Load,low-temperature heat for industry,SK0 0,urban central heat,-570000.0
Load,low-temperature heat for industry,XK0 0,urban central heat,-30000.0
Load,naphtha for industry,EU,naphtha for industry,-276860000.0
Load,process emissions,EU,process emissions,123130000.0
Load,residential rural heat,AL0 0,residential rural heat,-1013656.48029
Load,residential rural heat,AT0 0,residential rural heat,-22511495.07671
Load,residential rural heat,BA0 0,residential rural heat,-4073029.85851
Load,residential rural heat,BE0 0,residential rural heat,-2997378.26427
Load,residential rural heat,BG0 0,residential rural heat,-2988039.50833
Load,residential rural heat,CH0 0,residential rural heat,-9417362.81377
Load,residential rural heat,CZ0 0,residential rural heat,-15098049.14152
Load,residential rural heat,DE0 0,residential rural heat,-41023368.41438
Load,residential rural heat,DE0 1,residential rural heat,-70415715.70823
Load,residential rural heat,DK0 0,residential rural heat,-2393037.77711
Load,residential rural heat,DK1 0,residential rural heat,-1047688.51452
Load,residential rural heat,EE0 0,residential rural heat,-2020530.57366
Load,residential rural heat,ES0 0,residential rural heat,-14270666.60967
Load,residential rural heat,ES6 0,residential rural heat,-98872.92478
Load,residential rural heat,FI1 0,residential rural heat,-7838546.98039
Load,residential rural heat,FR0 0,residential rural heat,-69318334.49592
Load,residential rural heat,FR5 0,residential rural heat,-1523386.76343
Load,residential rural heat,GB2 0,residential rural heat,-38981690.72935
Load,residential rural heat,GB3 0,residential rural heat,-4817963.54502
Load,residential rural heat,GR0 0,residential rural heat,-3460532.27892
Load,residential rural heat,HR0 0,residential rural heat,-6304835.72086
Load,residential rural heat,HU0 0,residential rural heat,-12559001.04641
Load,residential rural heat,IE3 0,residential rural heat,-7401730.86094
Load,residential rural heat,IT0 0,residential rural heat,-60134034.74067
Load,residential rural heat,IT4 0,residential rural heat,-4499214.58596
Load,residential rural heat,LT0 0,residential rural heat,-3399413.98131
Load,residential rural heat,LU0 0,residential rural heat,-306417.4232
Load,residential rural heat,LV0 0,residential rural heat,-2997393.28366
Load,residential rural heat,ME0 0,residential rural heat,-467397.76874
Load,residential rural heat,MK0 0,residential rural heat,-1299128.00926
Load,residential rural heat,NL0 0,residential rural heat,-4814497.91171
Load,residential rural heat,NO1 0,residential rural heat,-5225636.59602
Load,residential rural heat,PL0 0,residential rural heat,-64985327.99762
Load,residential rural heat,PT0 0,residential rural heat,-3700625.53669
Load,residential rural heat,RO0 0,residential rural heat,-22816147.39623
Load,residential rural heat,RS0 0,residential rural heat,-8234096.20701
Load,residential rural heat,SE1 0,residential rural heat,-9765759.5222
Load,residential rural heat,SI0 0,residential rural heat,-3900590.29007
Load,residential rural heat,SK0 0,residential rural heat,-8747828.46656
Load,residential rural heat,XK0 0,residential rural heat,-1040800.87635
Load,residential urban decentral heat,AL0 0,residential urban decentral heat,-650242.82483
Load,residential urban decentral heat,AT0 0,residential urban decentral heat,-12559927.53289
Load,residential urban decentral heat,BA0 0,residential urban decentral heat,-1615355.13924
Load,residential urban decentral heat,BE0 0,residential urban decentral heat,-25012544.93807
Load,residential urban decentral heat,BG0 0,residential urban decentral heat,-3683632.30014
Load,residential urban decentral heat,CH0 0,residential urban decentral heat,-14601171.3061
Load,residential urban decentral heat,CZ0 0,residential urban decentral heat,-16445753.10072
Load,residential urban decentral heat,DE0 0,residential urban decentral heat,-111874153.52836
Load,residential urban decentral heat,DE0 1,residential urban decentral heat,-46761071.65939
Load,residential urban decentral heat,DK0 0,residential urban decentral heat,-10176889.91948
Load,residential urban decentral heat,DK1 0,residential urban decentral heat,-6012960.93967
Load,residential urban decentral heat,EE0 0,residential urban decentral heat,-1951226.70047
Load,residential urban decentral heat,ES0 0,residential urban decentral heat,-23924877.43089
Load,residential urban decentral heat,ES6 0,residential urban decentral heat,-452952.29287
Load,residential urban decentral heat,FI1 0,residential urban decentral heat,-18887927.21518
Load,residential urban decentral heat,FR0 0,residential urban decentral heat,-118805817.18702
Load,residential urban decentral heat,FR5 0,residential urban decentral heat,0.0
Load,residential urban decentral heat,GB2 0,residential urban decentral heat,-95802755.03116
Load,residential urban decentral heat,GB3 0,residential urban decentral heat,-1094258.59662
Load,residential urban decentral heat,GR0 0,residential urban decentral heat,-6213416.95113
Load,residential urban decentral heat,HR0 0,residential urban decentral heat,-3545697.9382
Load,residential urban decentral heat,HU0 0,residential urban decentral heat,-12121514.4434
Load,residential urban decentral heat,IE3 0,residential urban decentral heat,-5689103.39005
Load,residential urban decentral heat,IT0 0,residential urban decentral heat,-67257291.94527
Load,residential urban decentral heat,IT4 0,residential urban decentral heat,-521738.69374
Load,residential urban decentral heat,LT0 0,residential urban decentral heat,-3024095.68668
Load,residential urban decentral heat,LU0 0,residential urban decentral heat,-1355940.94854
Load,residential urban decentral heat,LV0 0,residential urban decentral heat,-2471552.86456
Load,residential urban decentral heat,ME0 0,residential urban decentral heat,-346416.98159
Load,residential urban decentral heat,MK0 0,residential urban decentral heat,-775597.71954
Load,residential urban decentral heat,NL0 0,residential urban decentral heat,-32342227.78158
Load,residential urban decentral heat,NO1 0,residential urban decentral heat,-10575244.68805
Load,residential urban decentral heat,PL0 0,residential urban decentral heat,-39257335.21109
Load,residential urban decentral heat,PT0 0,residential urban decentral heat,-2903166.63116
Load,residential urban decentral heat,RO0 0,residential urban decentral heat,-11068783.9565
Load,residential urban decentral heat,RS0 0,residential urban decentral heat,-4233711.09767
Load,residential urban decentral heat,SE1 0,residential urban decentral heat,-28358313.77033
Load,residential urban decentral heat,SI0 0,residential urban decentral heat,-2097597.22804
Load,residential urban decentral heat,SK0 0,residential urban decentral heat,-4868388.11238
Load,residential urban decentral heat,XK0 0,residential urban decentral heat,-670569.96147
Load,services rural heat,AL0 0,services rural heat,-379407.11566
Load,services rural heat,AT0 0,services rural heat,-7262600.21948
Load,services rural heat,BA0 0,services rural heat,-1114111.24374
Load,services rural heat,BE0 0,services rural heat,-1334274.37254
Load,services rural heat,BG0 0,services rural heat,-1113734.99459
Load,services rural heat,CH0 0,services rural heat,-4218912.24109
Load,services rural heat,CZ0 0,services rural heat,-4810935.8739
Load,services rural heat,DE0 0,services rural heat,-15263345.91146
Load,services rural heat,DE0 1,services rural heat,-26199199.82194
Load,services rural heat,DK0 0,services rural heat,-638214.19287
Load,services rural heat,DK1 0,services rural heat,-279414.59432
Load,services rural heat,EE0 0,services rural heat,-690407.95943
Load,services rural heat,ES0 0,services rural heat,-6189160.60538
Load,services rural heat,ES6 0,services rural heat,-42880.99693
Load,services rural heat,FI1 0,services rural heat,-2676576.1026
Load,services rural heat,FR0 0,services rural heat,-25141050.75973
Load,services rural heat,FR5 0,services rural heat,-552516.79407
Load,services rural heat,GB2 0,services rural heat,-13652427.62307
Load,services rural heat,GB3 0,services rural heat,-1687379.3147
Load,services rural heat,GR0 0,services rural heat,-1655891.86621
Load,services rural heat,HR0 0,services rural heat,-1413205.56532
Load,services rural heat,HU0 0,services rural heat,-4054774.63044
Load,services rural heat,IE3 0,services rural heat,-3047520.11841
Load,services rural heat,IT0 0,services rural heat,-31819165.42712
Load,services rural heat,IT4 0,services rural heat,-2380702.60578
Load,services rural heat,LT0 0,services rural heat,-906267.63935
Load,services rural heat,LU0 0,services rural heat,-204634.31808
Load,services rural heat,LV0 0,services rural heat,-1155242.3614
Load,services rural heat,ME0 0,services rural heat,-55116.75717
Load,services rural heat,MK0 0,services rural heat,-435252.70162
Load,services rural heat,NL0 0,services rural heat,-2595750.82078
Load,services rural heat,NO1 0,services rural heat,-4203460.57128
Load,services rural heat,PL0 0,services rural heat,-18170035.87671
Load,services rural heat,PT0 0,services rural heat,-3564151.13339
Load,services rural heat,RO0 0,services rural heat,-4525745.9865
Load,services rural heat,RS0 0,services rural heat,-2073089.39857
Load,services rural heat,SE1 0,services rural heat,-2905262.97491
Load,services rural heat,SI0 0,services rural heat,-1168678.57827
Load,services rural heat,SK0 0,services rural heat,-4715380.12163
Load,services rural heat,XK0 0,services rural heat,-272567.69102
Load,services urban decentral heat,AL0 0,services urban decentral heat,-243382.99951
Load,services urban decentral heat,AT0 0,services urban decentral heat,-4052051.28074
Load,services urban decentral heat,BA0 0,services urban decentral heat,-441854.19351
Load,services urban decentral heat,BE0 0,services urban decentral heat,-11134262.93265
Load,services urban decentral heat,BG0 0,services urban decentral heat,-1373004.00092
Load,services urban decentral heat,CH0 0,services urban decentral heat,-6541221.95096
Load,services urban decentral heat,CZ0 0,services urban decentral heat,-5240376.60919
Load,services urban decentral heat,DE0 0,services urban decentral heat,-41624419.687
Load,services urban decentral heat,DE0 1,services urban decentral heat,-17398142.5591
Load,services urban decentral heat,DK0 0,services urban decentral heat,-2714138.34251
Load,services urban decentral heat,DK1 0,services urban decentral heat,-1603634.11292
Load,services urban decentral heat,EE0 0,services urban decentral heat,-666727.07764
Load,services urban decentral heat,ES0 0,services urban decentral heat,-10376173.23239
Load,services urban decentral heat,ES6 0,services urban decentral heat,-196444.53646
Load,services urban decentral heat,FI1 0,services urban decentral heat,-6449533.91722
Load,services urban decentral heat,FR0 0,services urban decentral heat,-43089654.44959
Load,services urban decentral heat,FR5 0,services urban decentral heat,0.0
Load,services urban decentral heat,GB2 0,services urban decentral heat,-33552679.59603
Load,services urban decentral heat,GB3 0,services urban decentral heat,-383238.54127
Load,services urban decentral heat,GR0 0,services urban decentral heat,-2973168.79643
Load,services urban decentral heat,HR0 0,services urban decentral heat,-794755.05486
Load,services urban decentral heat,HU0 0,services urban decentral heat,-3913528.5574
Load,services urban decentral heat,IE3 0,services urban decentral heat,-2342378.74392
Load,services urban decentral heat,IT0 0,services urban decentral heat,-35588347.06196
Load,services urban decentral heat,IT4 0,services urban decentral heat,-276071.44403
Load,services urban decentral heat,LT0 0,services urban decentral heat,-806209.56265
Load,services urban decentral heat,LU0 0,services urban decentral heat,-905536.14237
Load,services urban decentral heat,LV0 0,services urban decentral heat,-952575.22033
Load,services urban decentral heat,ME0 0,services urban decentral heat,-40850.38896
Load,services urban decentral heat,MK0 0,services urban decentral heat,-259851.99333
Load,services urban decentral heat,NL0 0,services urban decentral heat,-17437407.98096
Load,services urban decentral heat,NO1 0,services urban decentral heat,-8506642.82925
Load,services urban decentral heat,PL0 0,services urban decentral heat,-10976434.39202
Load,services urban decentral heat,PT0 0,services urban decentral heat,-2796101.50669
Load,services urban decentral heat,RO0 0,services urban decentral heat,-2195572.44686
Load,services urban decentral heat,RS0 0,services urban decentral heat,-1065916.81376
Load,services urban decentral heat,SE1 0,services urban decentral heat,-8436451.75172
Load,services urban decentral heat,SI0 0,services urban decentral heat,-628473.32428
Load,services urban decentral heat,SK0 0,services urban decentral heat,-2624228.47193
Load,services urban decentral heat,XK0 0,services urban decentral heat,-175610.63814
Load,shipping methanol,EU,shipping methanol,-502969704.58577
Load,solid biomass for industry,EU,solid biomass for industry,-748220000.0
Load,urban central heat,AL0 0,urban central heat,-1541504.54699
Load,urban central heat,AT0 0,urban central heat,-28655663.45352
Load,urban central heat,BA0 0,urban central heat,-3548686.09899
Load,urban central heat,BE0 0,urban central heat,-62353243.57698
Load,urban central heat,BG0 0,urban central heat,-8722697.61933
Load,urban central heat,CH0 0,urban central heat,-36470628.36844
Load,urban central heat,CZ0 0,urban central heat,-37408573.74959
Load,urban central heat,DE0 0,urban central heat,-264785038.7965
Load,urban central heat,DE0 1,urban central heat,-110674644.52689
Load,urban central heat,DK0 0,urban central heat,-22237023.75193
Load,urban central heat,DK1 0,urban central heat,-13138626.46572
Load,urban central heat,EE0 0,urban central heat,-4515970.26725
Load,urban central heat,ES0 0,urban central heat,-59169312.39416
Load,urban central heat,ES6 0,urban central heat,-1120209.53061
Load,urban central heat,FI1 0,urban central heat,-43707120.45339
Load,urban central heat,FR0 0,urban central heat,-279269688.57314
Load,urban central heat,GB2 0,urban central heat,-223138124.73191
Load,urban central heat,GB3 0,urban central heat,-2548682.56285
Load,urban central heat,GR0 0,urban central heat,-15846860.41453
Load,urban central heat,HR0 0,urban central heat,-7487281.41303
Load,urban central heat,HU0 0,urban central heat,-27660449.17638
Load,urban central heat,IE3 0,urban central heat,-13854306.6811
Load,urban central heat,IT0 0,urban central heat,-177408727.28746
Load,urban central heat,IT4 0,urban central heat,-1376222.48766
Load,urban central heat,LT0 0,urban central heat,-6607276.55509
Load,urban central heat,LU0 0,urban central heat,-3901047.98182
Load,urban central heat,LV0 0,urban central heat,-5906620.94643
Load,urban central heat,ME0 0,urban central heat,-668036.21421
Load,urban central heat,MK0 0,urban central heat,-1786150.75471
Load,urban central heat,NL0 0,urban central heat,-85869871.69038
Load,urban central heat,NO1 0,urban central heat,-32916255.96735
Load,urban central heat,PL0 0,urban central heat,-86653252.56537
Load,urban central heat,PT0 0,urban central heat,-9831237.53779
Load,urban central heat,RO0 0,urban central heat,-22881014.79579
Load,urban central heat,RS0 0,urban central heat,-9141858.14722
Load,urban central heat,SE1 0,urban central heat,-63470970.52552
Load,urban central heat,SI0 0,urban central heat,-4702471.70276
Load,urban central heat,SK0 0,urban central heat,-12924763.60793
Load,urban central heat,XK0 0,urban central heat,-1459661.53433
StorageUnit,PHS,AT0 0,AC,-4337424.38436
StorageUnit,PHS,BA0 0,AC,-147200.31464
StorageUnit,PHS,BE0 0,AC,-465237.28922
StorageUnit,PHS,BG0 0,AC,-544106.04343
StorageUnit,PHS,CH0 0,AC,-3425943.45461
StorageUnit,PHS,CZ0 0,AC,-231009.98011
StorageUnit,PHS,DE0 0,AC,-1130159.27658
StorageUnit,PHS,DE0 1,AC,-990477.94324
StorageUnit,PHS,ES0 0,AC,-6617362.22117
StorageUnit,PHS,ES6 0,AC,-949679.99388
StorageUnit,PHS,FR0 0,AC,-2777989.12106
StorageUnit,PHS,GB3 0,AC,-269331.57388
StorageUnit,PHS,GR0 0,AC,-386351.7838
StorageUnit,PHS,HR0 0,AC,-167399.45958
StorageUnit,PHS,IE3 0,AC,-196598.63252
StorageUnit,PHS,IT0 0,AC,-4312647.8194
StorageUnit,PHS,IT4 0,AC,-528856.72948
StorageUnit,PHS,LT0 0,AC,-410710.61546
StorageUnit,PHS,LU0 0,AC,-471556.31201
StorageUnit,PHS,ME0 0,AC,-167898.94694
StorageUnit,PHS,NO1 0,AC,-196764.65382
StorageUnit,PHS,PL0 0,AC,-854602.34933
StorageUnit,PHS,PT0 0,AC,-3180569.31798
StorageUnit,PHS,RS0 0,AC,-297683.24026
StorageUnit,PHS,SE1 0,AC,-89109.32374
StorageUnit,PHS,SI0 0,AC,-99862.43707
StorageUnit,PHS,SK0 0,AC,-340160.99525
StorageUnit,hydro,AL0 0,AC,5325853.22511
StorageUnit,hydro,AT0 0,AC,17718333.0348
StorageUnit,hydro,BA0 0,AC,6423391.82603
StorageUnit,hydro,BE0 0,AC,51372.81563
StorageUnit,hydro,BG0 0,AC,3388575.61524
StorageUnit,hydro,CH0 0,AC,23036929.01864
StorageUnit,hydro,CZ0 0,AC,2280945.70353
StorageUnit,hydro,ES0 0,AC,29292030.62314
StorageUnit,hydro,ES6 0,AC,2866091.17762
StorageUnit,hydro,FI1 0,AC,5025649.52948
StorageUnit,hydro,FR0 0,AC,25915087.25909
StorageUnit,hydro,FR5 0,AC,9405291.98639
StorageUnit,hydro,GB3 0,AC,235393.24399
StorageUnit,hydro,GR0 0,AC,5461057.19182
StorageUnit,hydro,HR0 0,AC,6420165.28852
StorageUnit,hydro,HU0 0,AC,101539.44963
StorageUnit,hydro,IE3 0,AC,1674.5116
StorageUnit,hydro,IT0 0,AC,15910117.39923
StorageUnit,hydro,IT4 0,AC,382858.99308
StorageUnit,hydro,ME0 0,AC,1623851.62172
StorageUnit,hydro,MK0 0,AC,869092.78972
StorageUnit,hydro,NO1 0,AC,110807405.45022
StorageUnit,hydro,PL0 0,AC,932311.74735
StorageUnit,hydro,PT0 0,AC,5036107.43121
StorageUnit,hydro,RO0 0,AC,7497584.21819
StorageUnit,hydro,RS0 0,AC,2706086.13943
StorageUnit,hydro,SE1 0,AC,48914050.37921
StorageUnit,hydro,SI0 0,AC,2173265.90569
StorageUnit,hydro,SK0 0,AC,724557.00857
StorageUnit,hydro,XK0 0,AC,58875.23704
Store,EV battery,AL0 0,EV battery,-0.47952
Store,EV battery,AT0 0,EV battery,-0.58263
Store,EV battery,BA0 0,EV battery,-0.54637
Store,EV battery,BE0 0,EV battery,-0.47834
Store,EV battery,BG0 0,EV battery,-0.58235
Store,EV battery,CH0 0,EV battery,-0.63677
Store,EV battery,CZ0 0,EV battery,-0.6346
Store,EV battery,DE0 0,EV battery,-0.59975
Store,EV battery,DE0 1,EV battery,-0.60332
Store,EV battery,DK0 0,EV battery,-0.43528
Store,EV battery,DK1 0,EV battery,-0.42614
Store,EV battery,EE0 0,EV battery,-0.55831
Store,EV battery,ES0 0,EV battery,-0.57531
Store,EV battery,ES6 0,EV battery,-0.49786
Store,EV battery,FI1 0,EV battery,-0.66871
Store,EV battery,FR0 0,EV battery,-0.57355
Store,EV battery,FR5 0,EV battery,-0.80777
Store,EV battery,GB2 0,EV battery,-0.53262
Store,EV battery,GB3 0,EV battery,-0.48256
Store,EV battery,GR0 0,EV battery,-0.55118
Store,EV battery,HR0 0,EV battery,-0.4869
Store,EV battery,HU0 0,EV battery,-0.51877
Store,EV battery,IE3 0,EV battery,-0.50858
Store,EV battery,IT0 0,EV battery,-0.44174
Store,EV battery,IT4 0,EV battery,-0.42439
Store,EV battery,LT0 0,EV battery,-0.52894
Store,EV battery,LU0 0,EV battery,-0.49228
Store,EV battery,LV0 0,EV battery,-0.53279
Store,EV battery,ME0 0,EV battery,-0.51675
Store,EV battery,MK0 0,EV battery,-0.48765
Store,EV battery,NL0 0,EV battery,-0.48347
Store,EV battery,NO1 0,EV battery,-0.65826
Store,EV battery,PL0 0,EV battery,-0.64386
Store,EV battery,PT0 0,EV battery,-0.52651
Store,EV battery,RO0 0,EV battery,-0.57258
Store,EV battery,RS0 0,EV battery,-0.55054
Store,EV battery,SE1 0,EV battery,-0.6517
Store,EV battery,SI0 0,EV battery,-0.52777
Store,EV battery,SK0 0,EV battery,-0.52228
Store,EV battery,XK0 0,EV battery,-0.48318
Store,H2 Store,AT0 0,H2,-0.0
Store,H2 Store,BE0 0,H2,0.0
Store,H2 Store,BG0 0,H2,-0.0
Store,H2 Store,CH0 0,H2,0.0
Store,H2 Store,CZ0 0,H2,-0.0
Store,H2 Store,EE0 0,H2,0.0
Store,H2 Store,ES6 0,H2,-0.0
Store,H2 Store,FI1 0,H2,0.0
Store,H2 Store,FR5 0,H2,0.0
Store,H2 Store,HR0 0,H2,0.0
Store,H2 Store,HU0 0,H2,-0.0
Store,H2 Store,IE3 0,H2,0.0
Store,H2 Store,IT0 0,H2,0.0
Store,H2 Store,IT4 0,H2,0.0
Store,H2 Store,LT0 0,H2,-0.0
Store,H2 Store,LU0 0,H2,-0.0
Store,H2 Store,LV0 0,H2,-0.0
Store,H2 Store,ME0 0,H2,-0.0
Store,H2 Store,MK0 0,H2,0.0
Store,H2 Store,RS0 0,H2,0.0
Store,H2 Store,SE1 0,H2,-0.0
Store,H2 Store,SI0 0,H2,0.0
Store,H2 Store,SK0 0,H2,0.0
Store,H2 Store,XK0 0,H2,0.0
Store,battery,AL0 0,battery,-0.0
Store,battery,AT0 0,battery,0.0
Store,battery,BA0 0,battery,-0.0
Store,battery,BE0 0,battery,0.0
Store,battery,BG0 0,battery,0.0
Store,battery,CH0 0,battery,-0.0
Store,battery,CZ0 0,battery,-0.0
Store,battery,DE0 0,battery,0.0
Store,battery,DE0 1,battery,0.0
Store,battery,DK0 0,battery,-0.0
Store,battery,DK1 0,battery,-0.0
Store,battery,EE0 0,battery,0.0
Store,battery,ES0 0,battery,-0.0
Store,battery,ES6 0,battery,0.0
Store,battery,FI1 0,battery,-0.0
Store,battery,FR0 0,battery,0.0
Store,battery,FR5 0,battery,0.0
Store,battery,GB2 0,battery,-0.0
Store,battery,GB3 0,battery,0.0
Store,battery,GR0 0,battery,0.0
Store,battery,HR0 0,battery,0.0
Store,battery,HU0 0,battery,-0.0
Store,battery,IE3 0,battery,0.0
Store,battery,IT0 0,battery,0.0
Store,battery,IT4 0,battery,0.0
Store,battery,LT0 0,battery,-0.0
Store,battery,LU0 0,battery,-0.0
Store,battery,LV0 0,battery,-0.0
Store,battery,ME0 0,battery,-0.0
Store,battery,MK0 0,battery,-0.0
Store,battery,NL0 0,battery,0.0
Store,battery,NO1 0,battery,-0.0
Store,battery,PL0 0,battery,-0.0
Store,battery,PT0 0,battery,0.0
Store,battery,RO0 0,battery,0.0
Store,battery,RS0 0,battery,-0.0
Store,battery,SE1 0,battery,-0.0
Store,battery,SI0 0,battery,-0.0
Store,battery,SK0 0,battery,0.0
Store,battery,XK0 0,battery,-0.0
Store,co2,EU,co2,-4.3995
Store,co2 sequestered,EU,co2 sequestered,-249995954.98335
Store,co2 stored,EU,co2 stored,0.0
Store,gas,EU,gas,0.0
Store,home battery,AL0 0,home battery,-0.0
Store,home battery,AT0 0,home battery,-0.0
Store,home battery,BA0 0,home battery,0.0
Store,home battery,BE0 0,home battery,-0.0
Store,home battery,BG0 0,home battery,0.0
Store,home battery,CH0 0,home battery,-0.0
Store,home battery,CZ0 0,home battery,0.0
Store,home battery,DE0 0,home battery,0.0
Store,home battery,DE0 1,home battery,0.0
Store,home battery,DK0 0,home battery,0.0
Store,home battery,DK1 0,home battery,-0.0
Store,home battery,EE0 0,home battery,0.0
Store,home battery,ES0 0,home battery,0.0
Store,home battery,ES6 0,home battery,-0.0
Store,home battery,FI1 0,home battery,0.0
Store,home battery,FR0 0,home battery,0.0
Store,home battery,FR5 0,home battery,-0.0
Store,home battery,GB2 0,home battery,0.0
Store,home battery,GB3 0,home battery,-0.0
Store,home battery,GR0 0,home battery,-0.0
Store,home battery,HR0 0,home battery,-0.0
Store,home battery,HU0 0,home battery,-0.0
Store,home battery,IE3 0,home battery,0.0
Store,home battery,IT0 0,home battery,0.0
Store,home battery,IT4 0,home battery,0.0
Store,home battery,LT0 0,home battery,0.0
Store,home battery,LU0 0,home battery,0.0
Store,home battery,LV0 0,home battery,0.0
Store,home battery,ME0 0,home battery,0.0
Store,home battery,MK0 0,home battery,-0.0
Store,home battery,NL0 0,home battery,-0.0
Store,home battery,NO1 0,home battery,0.0
Store,home battery,PL0 0,home battery,-0.0
Store,home battery,PT0 0,home battery,-0.0
Store,home battery,RO0 0,home battery,0.0
Store,home battery,RS0 0,home battery,-0.0
Store,home battery,SE1 0,home battery,0.0
Store,home battery,SI0 0,home battery,0.0
Store,home battery,SK0 0,home battery,-0.0
Store,home battery,XK0 0,home battery,-0.0
Store,methanol,EU,methanol,0.0
Store,non-sequestered HVC,EU,non-sequestered HVC,117504290.159
Store,oil,EU,oil,0.0
