component,carrier,location,bus_carrier,0
Generator,biogas,EU,biogas,0.0
Generator,gas,EU,gas,257080624.25943
Generator,load,AL0 0,AC,49.63948
Generator,load,AL0 0,EV battery,53.59951
Generator,load,AL0 0,H2,49.24013
Generator,load,AL0 0,battery,50.09172
Generator,load,AL0 0,home battery,50.61242
Generator,load,AL0 0,low voltage,49.70458
Generator,load,AL0 0,residential rural heat,0.0
Generator,load,AL0 0,residential urban decentral heat,0.11386
Generator,load,AL0 0,services rural heat,0.0
Generator,load,AL0 0,services urban decentral heat,0.17323
Generator,load,AL0 0,urban central heat,0.0
Generator,load,AT0 0,AC,50.663
Generator,load,AT0 0,EV battery,49.68817
Generator,load,AT0 0,H2,49.27218
Generator,load,AT0 0,battery,50.98607
Generator,load,AT0 0,home battery,51.41948
Generator,load,AT0 0,low voltage,50.81892
Generator,load,AT0 0,residential rural heat,0.10748
Generator,load,AT0 0,residential urban decentral heat,2.82397
Generator,load,AT0 0,services rural heat,0.10711
Generator,load,AT0 0,services urban decentral heat,2.54148
Generator,load,AT0 0,urban central heat,0.0
Generator,load,BA0 0,AC,49.48394
Generator,load,BA0 0,EV battery,52.87608
Generator,load,BA0 0,H2,49.24965
Generator,load,BA0 0,battery,49.99294
Generator,load,BA0 0,home battery,50.56401
Generator,load,BA0 0,low voltage,49.6354
Generator,load,BA0 0,residential rural heat,0.0
Generator,load,BA0 0,residential urban decentral heat,0.35355
Generator,load,BA0 0,services rural heat,0.0
Generator,load,BA0 0,services urban decentral heat,0.38163
Generator,load,BA0 0,urban central heat,0.0
Generator,load,BE0 0,AC,45.25586
Generator,load,BE0 0,EV battery,49.78949
Generator,load,BE0 0,H2,49.31942
Generator,load,BE0 0,battery,47.00826
Generator,load,BE0 0,home battery,48.43429
Generator,load,BE0 0,low voltage,45.54046
Generator,load,BE0 0,residential rural heat,0.0
Generator,load,BE0 0,residential urban decentral heat,0.49074
Generator,load,BE0 0,services rural heat,0.0
Generator,load,BE0 0,services urban decentral heat,0.4193
Generator,load,BE0 0,urban central heat,0.0
Generator,load,BG0 0,AC,46.4979
Generator,load,BG0 0,EV battery,51.11912
Generator,load,BG0 0,H2,49.26029
Generator,load,BG0 0,battery,48.20538
Generator,load,BG0 0,home battery,48.30742
Generator,load,BG0 0,low voltage,45.84838
Generator,load,BG0 0,residential rural heat,0.0
Generator,load,BG0 0,residential urban decentral heat,0.4669
Generator,load,BG0 0,services rural heat,0.0
Generator,load,BG0 0,services urban decentral heat,0.38552
Generator,load,BG0 0,urban central heat,0.0
Generator,load,CH0 0,AC,46.38633
Generator,load,CH0 0,EV battery,50.46456
Generator,load,CH0 0,H2,49.26644
Generator,load,CH0 0,battery,48.10476
Generator,load,CH0 0,home battery,48.23611
Generator,load,CH0 0,low voltage,45.99828
Generator,load,CH0 0,residential rural heat,0.54318
Generator,load,CH0 0,residential urban decentral heat,4.0067
Generator,load,CH0 0,services rural heat,0.53622
Generator,load,CH0 0,services urban decentral heat,4.35841
Generator,load,CH0 0,urban central heat,0.0
Generator,load,CZ0 0,AC,46.39741
Generator,load,CZ0 0,EV battery,50.01468
Generator,load,CZ0 0,H2,49.30705
Generator,load,CZ0 0,battery,46.46033
Generator,load,CZ0 0,home battery,48.22083
Generator,load,CZ0 0,low voltage,45.97821
Generator,load,CZ0 0,residential rural heat,0.09443
Generator,load,CZ0 0,residential urban decentral heat,2.07041
Generator,load,CZ0 0,services rural heat,0.09391
Generator,load,CZ0 0,services urban decentral heat,1.30212
Generator,load,CZ0 0,urban central heat,0.0
Generator,load,DE0 0,AC,46.38697
Generator,load,DE0 0,EV battery,49.40511
Generator,load,DE0 0,H2,49.31444
Generator,load,DE0 0,battery,48.10945
Generator,load,DE0 0,home battery,48.33926
Generator,load,DE0 0,low voltage,46.06989
Generator,load,DE0 0,residential rural heat,0.0
Generator,load,DE0 0,residential urban decentral heat,1.00577
Generator,load,DE0 0,services rural heat,0.0
Generator,load,DE0 0,services urban decentral heat,1.00878
Generator,load,DE0 0,urban central heat,0.0
Generator,load,DE0 1,AC,46.44343
Generator,load,DE0 1,EV battery,49.20677
Generator,load,DE0 1,H2,49.31231
Generator,load,DE0 1,battery,48.15274
Generator,load,DE0 1,home battery,48.33101
Generator,load,DE0 1,low voltage,46.08791
Generator,load,DE0 1,residential rural heat,0.01159
Generator,load,DE0 1,residential urban decentral heat,1.38426
Generator,load,DE0 1,services rural heat,0.01165
Generator,load,DE0 1,services urban decentral heat,1.22776
Generator,load,DE0 1,urban central heat,0.0
Generator,load,DK0 0,AC,48.95872
Generator,load,DK0 0,EV battery,52.35394
Generator,load,DK0 0,H2,49.32448
Generator,load,DK0 0,battery,49.50579
Generator,load,DK0 0,home battery,50.05278
Generator,load,DK0 0,low voltage,49.06494
Generator,load,DK0 0,residential rural heat,1.34776
Generator,load,DK0 0,residential urban decentral heat,0.67417
Generator,load,DK0 0,services rural heat,1.34658
Generator,load,DK0 0,services urban decentral heat,0.37969
Generator,load,DK0 0,urban central heat,0.0
Generator,load,DK1 0,AC,49.26368
Generator,load,DK1 0,EV battery,53.61239
Generator,load,DK1 0,H2,49.32206
Generator,load,DK1 0,battery,49.73373
Generator,load,DK1 0,home battery,50.23848
Generator,load,DK1 0,low voltage,49.3397
Generator,load,DK1 0,residential rural heat,1.31735
Generator,load,DK1 0,residential urban decentral heat,0.92773
Generator,load,DK1 0,services rural heat,1.32364
Generator,load,DK1 0,services urban decentral heat,0.76841
Generator,load,DK1 0,urban central heat,0.0
Generator,load,EE0 0,AC,48.21785
Generator,load,EE0 0,EV battery,53.13943
Generator,load,EE0 0,H2,49.33768
Generator,load,EE0 0,battery,48.97846
Generator,load,EE0 0,home battery,49.52336
Generator,load,EE0 0,low voltage,48.49931
Generator,load,EE0 0,residential rural heat,5.04791
Generator,load,EE0 0,residential urban decentral heat,3.56538
Generator,load,EE0 0,services rural heat,4.95033
Generator,load,EE0 0,services urban decentral heat,3.84922
Generator,load,EE0 0,urban central heat,0.0
Generator,load,ES0 0,AC,46.79937
Generator,load,ES0 0,EV battery,49.33039
Generator,load,ES0 0,H2,49.36946
Generator,load,ES0 0,battery,48.42834
Generator,load,ES0 0,home battery,48.47569
Generator,load,ES0 0,low voltage,46.10472
Generator,load,ES0 0,residential rural heat,0.0
Generator,load,ES0 0,residential urban decentral heat,0.0
Generator,load,ES0 0,services rural heat,0.0
Generator,load,ES0 0,services urban decentral heat,0.0
Generator,load,ES0 0,urban central heat,0.0
Generator,load,ES6 0,AC,46.39868
Generator,load,ES6 0,EV battery,53.07184
Generator,load,ES6 0,H2,49.38354
Generator,load,ES6 0,battery,48.14465
Generator,load,ES6 0,home battery,48.31995
Generator,load,ES6 0,low voltage,45.55217
Generator,load,ES6 0,residential rural heat,0.0
Generator,load,ES6 0,residential urban decentral heat,0.0
Generator,load,ES6 0,services rural heat,0.0
Generator,load,ES6 0,services urban decentral heat,0.0
Generator,load,ES6 0,urban central heat,0.0
Generator,load,EU,agriculture machinery oil,21857521.76164
Generator,load,EU,biogas,0.0
Generator,load,EU,co2,0.0
Generator,load,EU,co2 sequestered,1603.37466
Generator,load,EU,co2 stored,930.73169
Generator,load,EU,gas,0.0
Generator,load,EU,gas for industry,132.46405
Generator,load,EU,industry methanol,1420.42114
Generator,load,EU,kerosene for aviation,188312293.70024
Generator,load,EU,methanol,56.42644
Generator,load,EU,naphtha for industry,46.21761
Generator,load,EU,non-sequestered HVC,127.43563
Generator,load,EU,none,0.0
Generator,load,EU,oil,55.55562
Generator,load,EU,oil primary,0.0
Generator,load,EU,process emissions,317.8207
Generator,load,EU,shipping methanol,1311.13953
Generator,load,EU,solid biomass,49.35008
Generator,load,EU,solid biomass for industry,19.18027
Generator,load,FI1 0,AC,46.49636
Generator,load,FI1 0,EV battery,50.80889
Generator,load,FI1 0,H2,49.33741
Generator,load,FI1 0,battery,48.1971
Generator,load,FI1 0,home battery,48.12741
Generator,load,FI1 0,low voltage,46.10119
Generator,load,FI1 0,residential rural heat,10.03276
Generator,load,FI1 0,residential urban decentral heat,6.84377
Generator,load,FI1 0,services rural heat,10.01302
Generator,load,FI1 0,services urban decentral heat,5.13005
Generator,load,FI1 0,urban central heat,0.0
Generator,load,FR0 0,AC,46.66379
Generator,load,FR0 0,EV battery,49.42798
Generator,load,FR0 0,H2,49.31935
Generator,load,FR0 0,battery,48.31378
Generator,load,FR0 0,home battery,48.45732
Generator,load,FR0 0,low voltage,45.93782
Generator,load,FR0 0,residential rural heat,0.0
Generator,load,FR0 0,residential urban decentral heat,0.18222
Generator,load,FR0 0,services rural heat,0.0
Generator,load,FR0 0,services urban decentral heat,0.15205
Generator,load,FR0 0,urban central heat,0.0
Generator,load,FR5 0,AC,48.75501
Generator,load,FR5 0,EV battery,50.75404
Generator,load,FR5 0,H2,46.33869
Generator,load,FR5 0,battery,48.90486
Generator,load,FR5 0,home battery,49.10392
Generator,load,FR5 0,low voltage,48.96576
Generator,load,FR5 0,residential rural heat,0.0
Generator,load,FR5 0,residential urban decentral heat,0.0
Generator,load,FR5 0,services rural heat,0.0
Generator,load,FR5 0,services urban decentral heat,0.0
Generator,load,GB2 0,AC,46.53153
Generator,load,GB2 0,EV battery,49.38051
Generator,load,GB2 0,H2,49.32533
Generator,load,GB2 0,battery,46.60367
Generator,load,GB2 0,home battery,48.42466
Generator,load,GB2 0,low voltage,45.64398
Generator,load,GB2 0,residential rural heat,0.0
Generator,load,GB2 0,residential urban decentral heat,0.04576
Generator,load,GB2 0,services rural heat,0.0
Generator,load,GB2 0,services urban decentral heat,0.04752
Generator,load,GB2 0,urban central heat,0.0
Generator,load,GB3 0,AC,45.50224
Generator,load,GB3 0,EV battery,53.42283
Generator,load,GB3 0,H2,49.32345
Generator,load,GB3 0,battery,47.34343
Generator,load,GB3 0,home battery,48.70367
Generator,load,GB3 0,low voltage,45.83358
Generator,load,GB3 0,residential rural heat,0.0
Generator,load,GB3 0,residential urban decentral heat,0.0
Generator,load,GB3 0,services rural heat,0.0
Generator,load,GB3 0,services urban decentral heat,0.0
Generator,load,GB3 0,urban central heat,0.0
Generator,load,GR0 0,AC,48.15808
Generator,load,GR0 0,EV battery,50.09952
Generator,load,GR0 0,H2,49.22595
Generator,load,GR0 0,battery,49.18108
Generator,load,GR0 0,home battery,49.28966
Generator,load,GR0 0,low voltage,47.57404
Generator,load,GR0 0,residential rural heat,0.0
Generator,load,GR0 0,residential urban decentral heat,0.03611
Generator,load,GR0 0,services rural heat,0.0
Generator,load,GR0 0,services urban decentral heat,0.03586
Generator,load,GR0 0,urban central heat,0.0
Generator,load,HR0 0,AC,49.53357
Generator,load,HR0 0,EV battery,52.43447
Generator,load,HR0 0,H2,49.25086
Generator,load,HR0 0,battery,49.96521
Generator,load,HR0 0,home battery,50.46555
Generator,load,HR0 0,low voltage,49.59908
Generator,load,HR0 0,residential rural heat,0.0
Generator,load,HR0 0,residential urban decentral heat,0.12184
Generator,load,HR0 0,services rural heat,0.0
Generator,load,HR0 0,services urban decentral heat,0.11538
Generator,load,HR0 0,urban central heat,0.0
Generator,load,HU0 0,AC,45.32675
Generator,load,HU0 0,EV battery,50.7603
Generator,load,HU0 0,H2,49.26051
Generator,load,HU0 0,battery,47.02566
Generator,load,HU0 0,home battery,48.37349
Generator,load,HU0 0,low voltage,45.67369
Generator,load,HU0 0,residential rural heat,0.0
Generator,load,HU0 0,residential urban decentral heat,0.31762
Generator,load,HU0 0,services rural heat,0.0
Generator,load,HU0 0,services urban decentral heat,0.21959
Generator,load,HU0 0,urban central heat,0.0
Generator,load,IE3 0,AC,47.45908
Generator,load,IE3 0,EV battery,51.58922
Generator,load,IE3 0,H2,49.32635
Generator,load,IE3 0,battery,48.68014
Generator,load,IE3 0,home battery,49.5105
Generator,load,IE3 0,low voltage,47.86051
Generator,load,IE3 0,residential rural heat,0.0
Generator,load,IE3 0,residential urban decentral heat,0.0
Generator,load,IE3 0,services rural heat,0.0
Generator,load,IE3 0,services urban decentral heat,0.0
Generator,load,IE3 0,urban central heat,0.0
Generator,load,IT0 0,AC,45.10858
Generator,load,IT0 0,EV battery,49.42984
Generator,load,IT0 0,H2,49.01787
Generator,load,IT0 0,battery,46.84947
Generator,load,IT0 0,home battery,48.37606
Generator,load,IT0 0,low voltage,45.46872
Generator,load,IT0 0,residential rural heat,0.0
Generator,load,IT0 0,residential urban decentral heat,0.03376
Generator,load,IT0 0,services rural heat,0.0
Generator,load,IT0 0,services urban decentral heat,0.02299
Generator,load,IT0 0,urban central heat,0.0
Generator,load,IT4 0,AC,47.83661
Generator,load,IT4 0,EV battery,53.55716
Generator,load,IT4 0,H2,48.85653
Generator,load,IT4 0,battery,48.82268
Generator,load,IT4 0,home battery,49.54158
Generator,load,IT4 0,low voltage,48.06136
Generator,load,IT4 0,residential rural heat,0.0
Generator,load,IT4 0,residential urban decentral heat,0.0
Generator,load,IT4 0,services rural heat,0.0
Generator,load,IT4 0,services urban decentral heat,0.0
Generator,load,IT4 0,urban central heat,0.0
Generator,load,LT0 0,AC,45.27078
Generator,load,LT0 0,EV battery,52.27428
Generator,load,LT0 0,H2,49.32764
Generator,load,LT0 0,battery,47.03328
Generator,load,LT0 0,home battery,48.36247
Generator,load,LT0 0,low voltage,45.72217
Generator,load,LT0 0,residential rural heat,3.27786
Generator,load,LT0 0,residential urban decentral heat,3.42906
Generator,load,LT0 0,services rural heat,3.19753
Generator,load,LT0 0,services urban decentral heat,3.3906
Generator,load,LT0 0,urban central heat,0.0
Generator,load,LU0 0,AC,50.06095
Generator,load,LU0 0,EV battery,53.94015
Generator,load,LU0 0,H2,49.31813
Generator,load,LU0 0,battery,50.45308
Generator,load,LU0 0,home battery,50.99425
Generator,load,LU0 0,low voltage,50.1713
Generator,load,LU0 0,residential rural heat,0.0
Generator,load,LU0 0,residential urban decentral heat,1.09773
Generator,load,LU0 0,services rural heat,0.0
Generator,load,LU0 0,services urban decentral heat,0.84545
Generator,load,LU0 0,urban central heat,0.0
Generator,load,LV0 0,AC,48.43128
Generator,load,LV0 0,EV battery,53.33248
Generator,load,LV0 0,H2,49.3304
Generator,load,LV0 0,battery,49.23732
Generator,load,LV0 0,home battery,49.81693
Generator,load,LV0 0,low voltage,48.67761
Generator,load,LV0 0,residential rural heat,4.04205
Generator,load,LV0 0,residential urban decentral heat,3.90725
Generator,load,LV0 0,services rural heat,4.0049
Generator,load,LV0 0,services urban decentral heat,2.77559
Generator,load,LV0 0,urban central heat,0.0
Generator,load,ME0 0,AC,49.6199
Generator,load,ME0 0,EV battery,52.62732
Generator,load,ME0 0,H2,49.22956
Generator,load,ME0 0,battery,50.02213
Generator,load,ME0 0,home battery,50.56438
Generator,load,ME0 0,low voltage,49.73736
Generator,load,ME0 0,residential rural heat,0.0
Generator,load,ME0 0,residential urban decentral heat,0.33935
Generator,load,ME0 0,services rural heat,0.0
Generator,load,ME0 0,services urban decentral heat,0.20043
Generator,load,ME0 0,urban central heat,0.0
Generator,load,MK0 0,AC,50.27172
Generator,load,MK0 0,EV battery,53.93698
Generator,load,MK0 0,H2,49.24843
Generator,load,MK0 0,battery,50.68172
Generator,load,MK0 0,home battery,51.12937
Generator,load,MK0 0,low voltage,50.37073
Generator,load,MK0 0,residential rural heat,0.0
Generator,load,MK0 0,residential urban decentral heat,0.3679
Generator,load,MK0 0,services rural heat,0.0
Generator,load,MK0 0,services urban decentral heat,0.36315
Generator,load,MK0 0,urban central heat,0.0
Generator,load,NL0 0,AC,45.10674
Generator,load,NL0 0,EV battery,49.1545
Generator,load,NL0 0,H2,49.32105
Generator,load,NL0 0,battery,46.84941
Generator,load,NL0 0,home battery,48.43648
Generator,load,NL0 0,low voltage,45.54509
Generator,load,NL0 0,residential rural heat,0.0
Generator,load,NL0 0,residential urban decentral heat,1.04106
Generator,load,NL0 0,services rural heat,0.0
Generator,load,NL0 0,services urban decentral heat,0.61809
Generator,load,NL0 0,urban central heat,0.0
Generator,load,NO1 0,AC,47.39738
Generator,load,NO1 0,EV battery,51.42312
Generator,load,NO1 0,H2,49.33203
Generator,load,NO1 0,battery,48.68069
Generator,load,NO1 0,home battery,48.81464
Generator,load,NO1 0,low voltage,47.14784
Generator,load,NO1 0,residential rural heat,12.59568
Generator,load,NO1 0,residential urban decentral heat,7.74674
Generator,load,NO1 0,services rural heat,12.5639
Generator,load,NO1 0,services urban decentral heat,5.47065
Generator,load,NO1 0,urban central heat,0.0
Generator,load,PL0 0,AC,48.92693
Generator,load,PL0 0,EV battery,49.17574
Generator,load,PL0 0,H2,49.31711
Generator,load,PL0 0,battery,49.60293
Generator,load,PL0 0,home battery,49.68844
Generator,load,PL0 0,low voltage,48.79599
Generator,load,PL0 0,residential rural heat,1.23042
Generator,load,PL0 0,residential urban decentral heat,1.973
Generator,load,PL0 0,services rural heat,1.23749
Generator,load,PL0 0,services urban decentral heat,1.74192
Generator,load,PL0 0,urban central heat,0.0
Generator,load,PT0 0,AC,47.97422
Generator,load,PT0 0,EV battery,50.01524
Generator,load,PT0 0,H2,49.37361
Generator,load,PT0 0,battery,49.06177
Generator,load,PT0 0,home battery,49.19301
Generator,load,PT0 0,low voltage,47.35985
Generator,load,PT0 0,residential rural heat,0.0
Generator,load,PT0 0,residential urban decentral heat,0.0
Generator,load,PT0 0,services rural heat,0.0
Generator,load,PT0 0,services urban decentral heat,0.0
Generator,load,PT0 0,urban central heat,0.0
Generator,load,RO0 0,AC,46.36299
Generator,load,RO0 0,EV battery,49.7102
Generator,load,RO0 0,H2,49.27131
Generator,load,RO0 0,battery,46.44105
Generator,load,RO0 0,home battery,48.23089
Generator,load,RO0 0,low voltage,45.72175
Generator,load,RO0 0,residential rural heat,0.0
Generator,load,RO0 0,residential urban decentral heat,1.00402
Generator,load,RO0 0,services rural heat,0.0
Generator,load,RO0 0,services urban decentral heat,0.96899
Generator,load,RO0 0,urban central heat,0.0
Generator,load,RS0 0,AC,50.46646
Generator,load,RS0 0,EV battery,50.95093
Generator,load,RS0 0,H2,49.25788
Generator,load,RS0 0,battery,50.74693
Generator,load,RS0 0,home battery,51.14347
Generator,load,RS0 0,low voltage,50.62925
Generator,load,RS0 0,residential rural heat,0.0
Generator,load,RS0 0,residential urban decentral heat,0.30247
Generator,load,RS0 0,services rural heat,0.0
Generator,load,RS0 0,services urban decentral heat,0.26868
Generator,load,RS0 0,urban central heat,0.0
Generator,load,SE1 0,AC,46.39223
Generator,load,SE1 0,EV battery,50.2596
Generator,load,SE1 0,H2,49.3255
Generator,load,SE1 0,battery,48.10828
Generator,load,SE1 0,home battery,48.21064
Generator,load,SE1 0,low voltage,46.04861
Generator,load,SE1 0,residential rural heat,11.88179
Generator,load,SE1 0,residential urban decentral heat,6.2045
Generator,load,SE1 0,services rural heat,11.78606
Generator,load,SE1 0,services urban decentral heat,5.46508
Generator,load,SE1 0,urban central heat,0.0
Generator,load,SI0 0,AC,44.91689
Generator,load,SI0 0,EV battery,52.72911
Generator,load,SI0 0,H2,49.22801
Generator,load,SI0 0,battery,46.6047
Generator,load,SI0 0,home battery,48.27077
Generator,load,SI0 0,low voltage,45.5184
Generator,load,SI0 0,residential rural heat,0.0
Generator,load,SI0 0,residential urban decentral heat,0.4167
Generator,load,SI0 0,services rural heat,0.0
Generator,load,SI0 0,services urban decentral heat,0.45796
Generator,load,SI0 0,urban central heat,0.0
Generator,load,SK0 0,AC,44.99573
Generator,load,SK0 0,EV battery,51.64791
Generator,load,SK0 0,H2,49.29703
Generator,load,SK0 0,battery,46.70071
Generator,load,SK0 0,home battery,48.2899
Generator,load,SK0 0,low voltage,45.47072
Generator,load,SK0 0,residential rural heat,0.0
Generator,load,SK0 0,residential urban decentral heat,1.78462
Generator,load,SK0 0,services rural heat,0.0
Generator,load,SK0 0,services urban decentral heat,1.17623
Generator,load,SK0 0,urban central heat,0.0
Generator,load,XK0 0,AC,49.85698
Generator,load,XK0 0,EV battery,54.12646
Generator,load,XK0 0,H2,49.24574
Generator,load,XK0 0,battery,50.24742
Generator,load,XK0 0,home battery,50.84211
Generator,load,XK0 0,low voltage,49.97605
Generator,load,XK0 0,residential rural heat,0.0
Generator,load,XK0 0,residential urban decentral heat,0.40227
Generator,load,XK0 0,services rural heat,0.0
Generator,load,XK0 0,services urban decentral heat,0.42754
Generator,load,XK0 0,urban central heat,0.0
Generator,nuclear,BE0 0,AC,30589907.42122
Generator,nuclear,BG0 0,AC,9891614.16233
Generator,nuclear,CH0 0,AC,15576616.50049
Generator,nuclear,CZ0 0,AC,22441431.36307
Generator,nuclear,DE0 0,AC,90816931.67457
Generator,nuclear,DE0 1,AC,44365818.50479
Generator,nuclear,ES0 0,AC,23350759.19326
Generator,nuclear,ES6 0,AC,14961237.65242
Generator,nuclear,FI1 0,AC,23559658.91068
Generator,nuclear,FR0 0,AC,220104086.68155
Generator,nuclear,GB2 0,AC,59465471.8229
Generator,nuclear,GB3 0,AC,10969937.69693
Generator,nuclear,HU0 0,AC,9752100.37354
Generator,nuclear,IT0 0,AC,7987836.95207
Generator,nuclear,LT0 0,AC,15346933.09647
Generator,nuclear,NL0 0,AC,304862.35546
Generator,nuclear,RO0 0,AC,6461533.49437
Generator,nuclear,SE1 0,AC,47832218.61019
Generator,nuclear,SI0 0,AC,3536171.38354
Generator,nuclear,SK0 0,AC,10453072.50392
Generator,offwind-ac,AL0 0,AC,380953.17092
Generator,offwind-ac,BA0 0,AC,16019.49991
Generator,offwind-ac,BE0 0,AC,9637940.99412
Generator,offwind-ac,BG0 0,AC,1558078.06033
Generator,offwind-ac,DE0 0,AC,33441585.44744
Generator,offwind-ac,DE0 1,AC,9320117.55035
Generator,offwind-ac,DK0 0,AC,6567026.07587
Generator,offwind-ac,DK1 0,AC,48005578.61385
Generator,offwind-ac,EE0 0,AC,585294.77536
Generator,offwind-ac,ES0 0,AC,347062.41425
Generator,offwind-ac,ES6 0,AC,105723.52472
Generator,offwind-ac,FI1 0,AC,982107.12016
Generator,offwind-ac,FR0 0,AC,9817552.59512
Generator,offwind-ac,FR5 0,AC,100652.50023
Generator,offwind-ac,GB2 0,AC,519061260.30045
Generator,offwind-ac,GB3 0,AC,25330093.1876
Generator,offwind-ac,GR0 0,AC,385177.54989
Generator,offwind-ac,HR0 0,AC,222692.92051
Generator,offwind-ac,IE3 0,AC,130055791.3421
Generator,offwind-ac,IT0 0,AC,200314.80742
Generator,offwind-ac,IT4 0,AC,251645.51196
Generator,offwind-ac,LT0 0,AC,1486751.604
Generator,offwind-ac,LV0 0,AC,755982.14281
Generator,offwind-ac,ME0 0,AC,151105.8592
Generator,offwind-ac,NL0 0,AC,24311332.52493
Generator,offwind-ac,NO1 0,AC,51247902.397
Generator,offwind-ac,PL0 0,AC,27788040.00409
Generator,offwind-ac,PT0 0,AC,4249723.47011
Generator,offwind-ac,RO0 0,AC,5436469.61404
Generator,offwind-ac,SE1 0,AC,8777248.63457
Generator,offwind-ac,SI0 0,AC,26797.7978
Generator,offwind-dc,AL0 0,AC,15813924.85997
Generator,offwind-dc,BE0 0,AC,3979847.33072
Generator,offwind-dc,BG0 0,AC,4743163.43387
Generator,offwind-dc,DE0 0,AC,15557128.69138
Generator,offwind-dc,DE0 1,AC,1195186.71227
Generator,offwind-dc,DK0 0,AC,778882.11175
Generator,offwind-dc,DK1 0,AC,13140878.06234
Generator,offwind-dc,EE0 0,AC,400816.30219
Generator,offwind-dc,ES0 0,AC,3407725.03653
Generator,offwind-dc,ES6 0,AC,193438.46824
Generator,offwind-dc,FI1 0,AC,181609804.70779
Generator,offwind-dc,FR0 0,AC,1027549924.8037
Generator,offwind-dc,FR5 0,AC,203609.07347
Generator,offwind-dc,GB2 0,AC,1989942.5636
Generator,offwind-dc,GB3 0,AC,2491034.18421
Generator,offwind-dc,GR0 0,AC,1044396.22988
Generator,offwind-dc,HR0 0,AC,515352.17498
Generator,offwind-dc,IE3 0,AC,149566956.85813
Generator,offwind-dc,IT0 0,AC,252847729.38227
Generator,offwind-dc,IT4 0,AC,931402.5085
Generator,offwind-dc,LT0 0,AC,16821924.70289
Generator,offwind-dc,LV0 0,AC,2257046.31214
Generator,offwind-dc,ME0 0,AC,1900244.76143
Generator,offwind-dc,NL0 0,AC,822353.25143
Generator,offwind-dc,NO1 0,AC,13269958.8325
Generator,offwind-dc,PL0 0,AC,80414027.92294
Generator,offwind-dc,PT0 0,AC,1267886.51266
Generator,offwind-dc,RO0 0,AC,77823188.71096
Generator,offwind-dc,SE1 0,AC,245624373.40794
Generator,oil primary,EU,oil primary,15367.61184
Generator,onwind,AL0 0,AC,94474.22577
Generator,onwind,AT0 0,AC,3506797.83119
Generator,onwind,BA0 0,AC,143419.61141
Generator,onwind,BE0 0,AC,37488121.44038
Generator,onwind,BG0 0,AC,647537.52745
Generator,onwind,CH0 0,AC,19220.63703
Generator,onwind,CZ0 0,AC,419030.46737
Generator,onwind,DE0 0,AC,64342591.98801
Generator,onwind,DE0 1,AC,41490354.29085
Generator,onwind,DK0 0,AC,214831370.16779
Generator,onwind,DK1 0,AC,63217229.08638
Generator,onwind,EE0 0,AC,34378589.45886
Generator,onwind,ES0 0,AC,171038750.13152
Generator,onwind,ES6 0,AC,6350739.38423
Generator,onwind,FI1 0,AC,16414699.90424
Generator,onwind,FR0 0,AC,45369509.35912
Generator,onwind,FR5 0,AC,154786.3299
Generator,onwind,GB2 0,AC,896582225.10713
Generator,onwind,GB3 0,AC,38519118.06807
Generator,onwind,GR0 0,AC,25766932.07283
Generator,onwind,HR0 0,AC,866169.30589
Generator,onwind,HU0 0,AC,41913186.30278
Generator,onwind,IE3 0,AC,11713558.89302
Generator,onwind,IT0 0,AC,9352897.73142
Generator,onwind,IT4 0,AC,37117760.39058
Generator,onwind,LT0 0,AC,2125592.74575
Generator,onwind,LU0 0,AC,250658.98252
Generator,onwind,LV0 0,AC,1610307.78386
Generator,onwind,ME0 0,AC,28687.21355
Generator,onwind,MK0 0,AC,12277.78687
Generator,onwind,NL0 0,AC,136242031.78041
Generator,onwind,NO1 0,AC,9365067.83812
Generator,onwind,PL0 0,AC,174296178.60392
Generator,onwind,PT0 0,AC,7946504.64498
Generator,onwind,RO0 0,AC,5877365.02164
Generator,onwind,RS0 0,AC,668923.04251
Generator,onwind,SE1 0,AC,31454076.18788
Generator,onwind,SI0 0,AC,21257.80014
Generator,onwind,SK0 0,AC,263508.02791
Generator,onwind,XK0 0,AC,34338.55417
Generator,residential rural solar thermal,AL0 0,residential rural heat,10116.57383
Generator,residential rural solar thermal,AT0 0,residential rural heat,12967.93929
Generator,residential rural solar thermal,BA0 0,residential rural heat,9261.66529
Generator,residential rural solar thermal,BE0 0,residential rural heat,4816.46554
Generator,residential rural solar thermal,BG0 0,residential rural heat,10466.19397
Generator,residential rural solar thermal,CH0 0,residential rural heat,11216.77319
Generator,residential rural solar thermal,CZ0 0,residential rural heat,7257.38482
Generator,residential rural solar thermal,DE0 0,residential rural heat,10549.13993
Generator,residential rural solar thermal,DE0 1,residential rural heat,12767.69594
Generator,residential rural solar thermal,DK0 0,residential rural heat,5133.01328
Generator,residential rural solar thermal,DK1 0,residential rural heat,4550.19051
Generator,residential rural solar thermal,EE0 0,residential rural heat,4949.50908
Generator,residential rural solar thermal,ES0 0,residential rural heat,26103.69442
Generator,residential rural solar thermal,ES6 0,residential rural heat,5320.74706
Generator,residential rural solar thermal,FI1 0,residential rural heat,1803.10689
Generator,residential rural solar thermal,FR0 0,residential rural heat,20726.05019
Generator,residential rural solar thermal,FR5 0,residential rural heat,8961.39537
Generator,residential rural solar thermal,GB2 0,residential rural heat,10020.22475
Generator,residential rural solar thermal,GB3 0,residential rural heat,3768.46581
Generator,residential rural solar thermal,GR0 0,residential rural heat,15100.04866
Generator,residential rural solar thermal,HR0 0,residential rural heat,10398.33062
Generator,residential rural solar thermal,HU0 0,residential rural heat,10852.67414
Generator,residential rural solar thermal,IE3 0,residential rural heat,5439.19807
Generator,residential rural solar thermal,IT0 0,residential rural heat,28101.75815
Generator,residential rural solar thermal,IT4 0,residential rural heat,14393.40476
Generator,residential rural solar thermal,LT0 0,residential rural heat,4895.75296
Generator,residential rural solar thermal,LU0 0,residential rural heat,2021.09695
Generator,residential rural solar thermal,LV0 0,residential rural heat,5351.91676
Generator,residential rural solar thermal,ME0 0,residential rural heat,7165.48802
Generator,residential rural solar thermal,MK0 0,residential rural heat,8153.26309
Generator,residential rural solar thermal,NL0 0,residential rural heat,5608.8433
Generator,residential rural solar thermal,NO1 0,residential rural heat,2697.00977
Generator,residential rural solar thermal,PL0 0,residential rural heat,11920.50293
Generator,residential rural solar thermal,PT0 0,residential rural heat,16973.10752
Generator,residential rural solar thermal,RO0 0,residential rural heat,15475.78763
Generator,residential rural solar thermal,RS0 0,residential rural heat,11072.8183
Generator,residential rural solar thermal,SE1 0,residential rural heat,4313.04234
Generator,residential rural solar thermal,SI0 0,residential rural heat,7129.5393
Generator,residential rural solar thermal,SK0 0,residential rural heat,8170.24818
Generator,residential rural solar thermal,XK0 0,residential rural heat,6599.10664
Generator,residential urban decentral solar thermal,AL0 0,residential urban decentral heat,9507.45453
Generator,residential urban decentral solar thermal,AT0 0,residential urban decentral heat,12263.01554
Generator,residential urban decentral solar thermal,BA0 0,residential urban decentral heat,8326.12203
Generator,residential urban decentral solar thermal,BE0 0,residential urban decentral heat,9356.08134
Generator,residential urban decentral solar thermal,BG0 0,residential urban decentral heat,12299.09648
Generator,residential urban decentral solar thermal,CH0 0,residential urban decentral heat,15237.97342
Generator,residential urban decentral solar thermal,CZ0 0,residential urban decentral heat,8352.84189
Generator,residential urban decentral solar thermal,DE0 0,residential urban decentral heat,14407.61947
Generator,residential urban decentral solar thermal,DE0 1,residential urban decentral heat,12848.428
Generator,residential urban decentral solar thermal,DK0 0,residential urban decentral heat,8415.89617
Generator,residential urban decentral solar thermal,DK1 0,residential urban decentral heat,7341.28926
Generator,residential urban decentral solar thermal,EE0 0,residential urban decentral heat,5485.43299
Generator,residential urban decentral solar thermal,ES0 0,residential urban decentral heat,33303.2147
Generator,residential urban decentral solar thermal,ES6 0,residential urban decentral heat,11498.22319
Generator,residential urban decentral solar thermal,FI1 0,residential urban decentral heat,2638.42237
Generator,residential urban decentral solar thermal,FR0 0,residential urban decentral heat,25000.74823
Generator,residential urban decentral solar thermal,FR5 0,residential urban decentral heat,0.0
Generator,residential urban decentral solar thermal,GB2 0,residential urban decentral heat,12768.99684
Generator,residential urban decentral solar thermal,GB3 0,residential urban decentral heat,2888.67755
Generator,residential urban decentral solar thermal,GR0 0,residential urban decentral heat,19605.68569
Generator,residential urban decentral solar thermal,HR0 0,residential urban decentral heat,10118.95889
Generator,residential urban decentral solar thermal,HU0 0,residential urban decentral heat,11813.13005
Generator,residential urban decentral solar thermal,IE3 0,residential urban decentral heat,5789.34261
Generator,residential urban decentral solar thermal,IT0 0,residential urban decentral heat,31116.43575
Generator,residential urban decentral solar thermal,IT4 0,residential urban decentral heat,8586.79755
Generator,residential urban decentral solar thermal,LT0 0,residential urban decentral heat,5314.66179
Generator,residential urban decentral solar thermal,LU0 0,residential urban decentral heat,3503.04231
Generator,residential urban decentral solar thermal,LV0 0,residential urban decentral heat,5677.61875
Generator,residential urban decentral solar thermal,ME0 0,residential urban decentral heat,6601.16796
Generator,residential urban decentral solar thermal,MK0 0,residential urban decentral heat,7825.92514
Generator,residential urban decentral solar thermal,NL0 0,residential urban decentral heat,10616.84317
Generator,residential urban decentral solar thermal,NO1 0,residential urban decentral heat,3869.75636
Generator,residential urban decentral solar thermal,PL0 0,residential urban decentral heat,11574.0673
Generator,residential urban decentral solar thermal,PT0 0,residential urban decentral heat,17478.30939
Generator,residential urban decentral solar thermal,RO0 0,residential urban decentral heat,14348.11027
Generator,residential urban decentral solar thermal,RS0 0,residential urban decentral heat,10456.06115
Generator,residential urban decentral solar thermal,SE1 0,residential urban decentral heat,6633.73001
Generator,residential urban decentral solar thermal,SI0 0,residential urban decentral heat,6891.00524
Generator,residential urban decentral solar thermal,SK0 0,residential urban decentral heat,7795.03051
Generator,residential urban decentral solar thermal,XK0 0,residential urban decentral heat,6468.99616
Generator,ror,AL0 0,AC,130896.96171
Generator,ror,AT0 0,AC,18186462.83139
Generator,ror,BE0 0,AC,239813.3844
Generator,ror,BG0 0,AC,168830.44813
Generator,ror,CH0 0,AC,9176211.09227
Generator,ror,CZ0 0,AC,115004.73448
Generator,ror,DE0 0,AC,6642038.94069
Generator,ror,DE0 1,AC,14732293.80517
Generator,ror,ES0 0,AC,248426.35787
Generator,ror,ES6 0,AC,284956.36835
Generator,ror,FI1 0,AC,6631771.18056
Generator,ror,FR0 0,AC,28160162.48368
Generator,ror,FR5 0,AC,514784.08623
Generator,ror,GB2 0,AC,2335433.08504
Generator,ror,GB3 0,AC,1471556.73207
Generator,ror,GR0 0,AC,204471.98431
Generator,ror,HR0 0,AC,1108286.98274
Generator,ror,HU0 0,AC,53818.39195
Generator,ror,IE3 0,AC,473656.48137
Generator,ror,IT0 0,AC,30146975.10415
Generator,ror,IT4 0,AC,423420.03181
Generator,ror,LT0 0,AC,439240.46376
Generator,ror,LV0 0,AC,2650004.81198
Generator,ror,ME0 0,AC,17328.52964
Generator,ror,MK0 0,AC,427005.23631
Generator,ror,NO1 0,AC,4189602.9515
Generator,ror,PL0 0,AC,1083246.71973
Generator,ror,PT0 0,AC,6396198.47579
Generator,ror,RO0 0,AC,6226660.75929
Generator,ror,RS0 0,AC,6469105.5751
Generator,ror,SE1 0,AC,6113105.4337
Generator,ror,SI0 0,AC,1905655.40392
Generator,ror,SK0 0,AC,3325059.71652
Generator,ror,XK0 0,AC,44992.13969
Generator,services rural solar thermal,AL0 0,services rural heat,8544.84497
Generator,services rural solar thermal,AT0 0,services rural heat,11109.84134
Generator,services rural solar thermal,BA0 0,services rural heat,7029.53405
Generator,services rural solar thermal,BE0 0,services rural heat,7838.50687
Generator,services rural solar thermal,BG0 0,services rural heat,11212.20208
Generator,services rural solar thermal,CH0 0,services rural heat,8870.50221
Generator,services rural solar thermal,CZ0 0,services rural heat,7224.0658
Generator,services rural solar thermal,DE0 0,services rural heat,11922.46346
Generator,services rural solar thermal,DE0 1,services rural heat,12080.16972
Generator,services rural solar thermal,DK0 0,services rural heat,6600.39364
Generator,services rural solar thermal,DK1 0,services rural heat,6384.63044
Generator,services rural solar thermal,EE0 0,services rural heat,5398.94646
Generator,services rural solar thermal,ES0 0,services rural heat,33171.43041
Generator,services rural solar thermal,ES6 0,services rural heat,15788.6141
Generator,services rural solar thermal,FI1 0,services rural heat,2206.48884
Generator,services rural solar thermal,FR0 0,services rural heat,25025.65757
Generator,services rural solar thermal,FR5 0,services rural heat,9209.94411
Generator,services rural solar thermal,GB2 0,services rural heat,7750.29725
Generator,services rural solar thermal,GB3 0,services rural heat,2931.84317
Generator,services rural solar thermal,GR0 0,services rural heat,18607.92047
Generator,services rural solar thermal,HR0 0,services rural heat,10823.49504
Generator,services rural solar thermal,HU0 0,services rural heat,12071.33397
Generator,services rural solar thermal,IE3 0,services rural heat,4981.63533
Generator,services rural solar thermal,IT0 0,services rural heat,30950.77746
Generator,services rural solar thermal,IT4 0,services rural heat,13699.34519
Generator,services rural solar thermal,LT0 0,services rural heat,5124.45704
Generator,services rural solar thermal,LU0 0,services rural heat,3334.81034
Generator,services rural solar thermal,LV0 0,services rural heat,5790.13248
Generator,services rural solar thermal,ME0 0,services rural heat,3394.01485
Generator,services rural solar thermal,MK0 0,services rural heat,6820.31946
Generator,services rural solar thermal,NL0 0,services rural heat,12925.29466
Generator,services rural solar thermal,NO1 0,services rural heat,2592.92542
Generator,services rural solar thermal,PL0 0,services rural heat,13963.58261
Generator,services rural solar thermal,PT0 0,services rural heat,19550.25676
Generator,services rural solar thermal,RO0 0,services rural heat,13173.31738
Generator,services rural solar thermal,RS0 0,services rural heat,8242.34229
Generator,services rural solar thermal,SE1 0,services rural heat,4530.49404
Generator,services rural solar thermal,SI0 0,services rural heat,6644.30098
Generator,services rural solar thermal,SK0 0,services rural heat,7670.48798
Generator,services rural solar thermal,XK0 0,services rural heat,5943.74119
Generator,services urban decentral solar thermal,AL0 0,services urban decentral heat,6291.39686
Generator,services urban decentral solar thermal,AT0 0,services urban decentral heat,8568.36261
Generator,services urban decentral solar thermal,BA0 0,services urban decentral heat,5774.50924
Generator,services urban decentral solar thermal,BE0 0,services urban decentral heat,7511.38192
Generator,services urban decentral solar thermal,BG0 0,services urban decentral heat,9766.06316
Generator,services urban decentral solar thermal,CH0 0,services urban decentral heat,11603.45337
Generator,services urban decentral solar thermal,CZ0 0,services urban decentral heat,6014.58837
Generator,services urban decentral solar thermal,DE0 0,services urban decentral heat,11413.61736
Generator,services urban decentral solar thermal,DE0 1,services urban decentral heat,9693.43007
Generator,services urban decentral solar thermal,DK0 0,services urban decentral heat,5565.20631
Generator,services urban decentral solar thermal,DK1 0,services urban decentral heat,5009.04986
Generator,services urban decentral solar thermal,EE0 0,services urban decentral heat,4176.19216
Generator,services urban decentral solar thermal,ES0 0,services urban decentral heat,25709.60767
Generator,services urban decentral solar thermal,ES6 0,services urban decentral heat,7901.81387
Generator,services urban decentral solar thermal,FI1 0,services urban decentral heat,1884.82118
Generator,services urban decentral solar thermal,FR0 0,services urban decentral heat,21116.27961
Generator,services urban decentral solar thermal,FR5 0,services urban decentral heat,1464.52774
Generator,services urban decentral solar thermal,GB2 0,services urban decentral heat,10352.29103
Generator,services urban decentral solar thermal,GB3 0,services urban decentral heat,2277.98816
Generator,services urban decentral solar thermal,GR0 0,services urban decentral heat,16317.63362
Generator,services urban decentral solar thermal,HR0 0,services urban decentral heat,7462.77638
Generator,services urban decentral solar thermal,HU0 0,services urban decentral heat,8850.11982
Generator,services urban decentral solar thermal,IE3 0,services urban decentral heat,4381.47808
Generator,services urban decentral solar thermal,IT0 0,services urban decentral heat,26059.98969
Generator,services urban decentral solar thermal,IT4 0,services urban decentral heat,6098.65124
Generator,services urban decentral solar thermal,LT0 0,services urban decentral heat,4120.75469
Generator,services urban decentral solar thermal,LU0 0,services urban decentral heat,3306.58214
Generator,services urban decentral solar thermal,LV0 0,services urban decentral heat,4396.79912
Generator,services urban decentral solar thermal,ME0 0,services urban decentral heat,3178.12897
Generator,services urban decentral solar thermal,MK0 0,services urban decentral heat,5687.95847
Generator,services urban decentral solar thermal,NL0 0,services urban decentral heat,8766.29248
Generator,services urban decentral solar thermal,NO1 0,services urban decentral heat,3531.10706
Generator,services urban decentral solar thermal,PL0 0,services urban decentral heat,8123.73611
Generator,services urban decentral solar thermal,PT0 0,services urban decentral heat,16224.66777
Generator,services urban decentral solar thermal,RO0 0,services urban decentral heat,9649.48544
Generator,services urban decentral solar thermal,RS0 0,services urban decentral heat,7419.57056
Generator,services urban decentral solar thermal,SE1 0,services urban decentral heat,4720.92042
Generator,services urban decentral solar thermal,SI0 0,services urban decentral heat,5080.41708
Generator,services urban decentral solar thermal,SK0 0,services urban decentral heat,6519.6007
Generator,services urban decentral solar thermal,XK0 0,services urban decentral heat,4384.71558
Generator,solar,AL0 0,AC,11101447.68491
Generator,solar,AT0 0,AC,139700202.12836
Generator,solar,BA0 0,AC,3860980.773
Generator,solar,BE0 0,AC,89018035.84585
Generator,solar,BG0 0,AC,9910744.39286
Generator,solar,CH0 0,AC,141009513.85172
Generator,solar,CZ0 0,AC,5193260.40117
Generator,solar,DE0 0,AC,62360395.43831
Generator,solar,DE0 1,AC,169115437.42214
Generator,solar,DK0 0,AC,1415457.65015
Generator,solar,DK1 0,AC,14916689.54
Generator,solar,EE0 0,AC,2106675.54587
Generator,solar,ES0 0,AC,601845375.86449
Generator,solar,ES6 0,AC,1680920.12704
Generator,solar,FI1 0,AC,422756.86661
Generator,solar,FR0 0,AC,167270488.044
Generator,solar,FR5 0,AC,13257350.04166
Generator,solar,GB2 0,AC,11213061.90461
Generator,solar,GB3 0,AC,236040.8188
Generator,solar,GR0 0,AC,163654699.39729
Generator,solar,HR0 0,AC,3914517.41978
Generator,solar,HU0 0,AC,5525662.41665
Generator,solar,IE3 0,AC,940528.6793
Generator,solar,IT0 0,AC,257612462.1586
Generator,solar,IT4 0,AC,45454614.56121
Generator,solar,LT0 0,AC,8086884.4537
Generator,solar,LU0 0,AC,5150967.98535
Generator,solar,LV0 0,AC,16881788.30737
Generator,solar,ME0 0,AC,10196550.13257
Generator,solar,MK0 0,AC,11621391.78862
Generator,solar,NL0 0,AC,83853732.19294
Generator,solar,NO1 0,AC,297976.15867
Generator,solar,PL0 0,AC,34393523.98206
Generator,solar,PT0 0,AC,23438689.9413
Generator,solar,RO0 0,AC,23793887.02109
Generator,solar,RS0 0,AC,15279060.67876
Generator,solar,SE1 0,AC,1016296.84616
Generator,solar,SI0 0,AC,307943.62183
Generator,solar,SK0 0,AC,9476680.26447
Generator,solar,XK0 0,AC,1804024.46218
Generator,solar rooftop,AL0 0,low voltage,4625192.44071
Generator,solar rooftop,AT0 0,low voltage,17800804.1514
Generator,solar rooftop,BA0 0,low voltage,3000168.04445
Generator,solar rooftop,BE0 0,low voltage,1576917.82761
Generator,solar rooftop,BG0 0,low voltage,9360459.04718
Generator,solar rooftop,CH0 0,low voltage,18513673.94912
Generator,solar rooftop,CZ0 0,low voltage,587749.55009
Generator,solar rooftop,DE0 0,low voltage,1018246.1124
Generator,solar rooftop,DE0 1,low voltage,6341352.19931
Generator,solar rooftop,DK0 0,low voltage,108058.37599
Generator,solar rooftop,DK1 0,low voltage,464606.00253
Generator,solar rooftop,EE0 0,low voltage,370754.46265
Generator,solar rooftop,ES0 0,low voltage,126033082.40289
Generator,solar rooftop,ES6 0,low voltage,1970436.66454
Generator,solar rooftop,FI1 0,low voltage,184355.43752
Generator,solar rooftop,FR0 0,low voltage,55038626.05023
Generator,solar rooftop,FR5 0,low voltage,639677.90458
Generator,solar rooftop,GB2 0,low voltage,300864.55534
Generator,solar rooftop,GB3 0,low voltage,70057.80287
Generator,solar rooftop,GR0 0,low voltage,21862259.50858
Generator,solar rooftop,HR0 0,low voltage,2217795.49213
Generator,solar rooftop,HU0 0,low voltage,3218848.31272
Generator,solar rooftop,IE3 0,low voltage,118436.59413
Generator,solar rooftop,IT0 0,low voltage,136412140.43411
Generator,solar rooftop,IT4 0,low voltage,3575316.39413
Generator,solar rooftop,LT0 0,low voltage,428727.06895
Generator,solar rooftop,LU0 0,low voltage,944620.84794
Generator,solar rooftop,LV0 0,low voltage,848185.89542
Generator,solar rooftop,ME0 0,low voltage,1495615.16371
Generator,solar rooftop,MK0 0,low voltage,3955236.81179
Generator,solar rooftop,NL0 0,low voltage,1164450.28485
Generator,solar rooftop,NO1 0,low voltage,97067.54185
Generator,solar rooftop,PL0 0,low voltage,333547.92882
Generator,solar rooftop,PT0 0,low voltage,25421667.13054
Generator,solar rooftop,RO0 0,low voltage,11138621.89343
Generator,solar rooftop,RS0 0,low voltage,5086661.59441
Generator,solar rooftop,SE1 0,low voltage,251410.86542
Generator,solar rooftop,SI0 0,low voltage,248668.72665
Generator,solar rooftop,SK0 0,low voltage,3913479.43974
Generator,solar rooftop,XK0 0,low voltage,2249542.71497
Generator,solar-hsat,AL0 0,AC,973331.99285
Generator,solar-hsat,AT0 0,AC,1031823.19413
Generator,solar-hsat,BA0 0,AC,729946.99693
Generator,solar-hsat,BE0 0,AC,658451.87765
Generator,solar-hsat,BG0 0,AC,877759.48434
Generator,solar-hsat,CH0 0,AC,2421058.82798
Generator,solar-hsat,CZ0 0,AC,629322.1142
Generator,solar-hsat,DE0 0,AC,837309.91478
Generator,solar-hsat,DE0 1,AC,699220.55381
Generator,solar-hsat,DK0 0,AC,244989.72318
Generator,solar-hsat,DK1 0,AC,641040.00808
Generator,solar-hsat,EE0 0,AC,587208.05158
Generator,solar-hsat,ES0 0,AC,12881885.91226
Generator,solar-hsat,ES6 0,AC,972767.73139
Generator,solar-hsat,FI1 0,AC,318723.60633
Generator,solar-hsat,FR0 0,AC,1343993.35583
Generator,solar-hsat,FR5 0,AC,565382.89468
Generator,solar-hsat,GB2 0,AC,486764.34623
Generator,solar-hsat,GB3 0,AC,119331.44997
Generator,solar-hsat,GR0 0,AC,1599537.86871
Generator,solar-hsat,HR0 0,AC,625466.08586
Generator,solar-hsat,HU0 0,AC,651312.51361
Generator,solar-hsat,IE3 0,AC,265863.94412
Generator,solar-hsat,IT0 0,AC,1435443.35291
Generator,solar-hsat,IT4 0,AC,1040014.22214
Generator,solar-hsat,LT0 0,AC,670645.17768
Generator,solar-hsat,LU0 0,AC,406714.99223
Generator,solar-hsat,LV0 0,AC,662315.07671
Generator,solar-hsat,ME0 0,AC,733673.45163
Generator,solar-hsat,MK0 0,AC,863708.54078
Generator,solar-hsat,NL0 0,AC,564879.93866
Generator,solar-hsat,NO1 0,AC,307593.78596
Generator,solar-hsat,PL0 0,AC,1149948.22368
Generator,solar-hsat,PT0 0,AC,15273789.19354
Generator,solar-hsat,RO0 0,AC,751964.14455
Generator,solar-hsat,RS0 0,AC,620881.33683
Generator,solar-hsat,SE1 0,AC,580499.22564
Generator,solar-hsat,SI0 0,AC,147776.31444
Generator,solar-hsat,SK0 0,AC,686149.80654
Generator,solar-hsat,XK0 0,AC,519017.41773
Generator,solid biomass,EU,solid biomass,831355490.53033
Generator,urban central solar thermal,AL0 0,urban central heat,15093.61873
Generator,urban central solar thermal,AT0 0,urban central heat,25943.58081
Generator,urban central solar thermal,BA0 0,urban central heat,12616.42866
Generator,urban central solar thermal,BE0 0,urban central heat,18801.09701
Generator,urban central solar thermal,BG0 0,urban central heat,24162.19556
Generator,urban central solar thermal,CH0 0,urban central heat,32531.48748
Generator,urban central solar thermal,CZ0 0,urban central heat,18734.00873
Generator,urban central solar thermal,DE0 0,urban central heat,27391.0611
Generator,urban central solar thermal,DE0 1,urban central heat,28603.03167
Generator,urban central solar thermal,DK0 0,urban central heat,12756.00603
Generator,urban central solar thermal,DK1 0,urban central heat,12811.99023
Generator,urban central solar thermal,EE0 0,urban central heat,6652.76269
Generator,urban central solar thermal,ES0 0,urban central heat,49648.66381
Generator,urban central solar thermal,ES6 0,urban central heat,7545.12106
Generator,urban central solar thermal,FI1 0,urban central heat,5470.85058
Generator,urban central solar thermal,FR0 0,urban central heat,51688.38872
Generator,urban central solar thermal,GB2 0,urban central heat,19816.95043
Generator,urban central solar thermal,GB3 0,urban central heat,2918.89128
Generator,urban central solar thermal,GR0 0,urban central heat,26390.05028
Generator,urban central solar thermal,HR0 0,urban central heat,17939.24832
Generator,urban central solar thermal,HU0 0,urban central heat,23966.1782
Generator,urban central solar thermal,IE3 0,urban central heat,8361.03828
Generator,urban central solar thermal,IT0 0,urban central heat,56910.36657
Generator,urban central solar thermal,IT4 0,urban central heat,7636.8812
Generator,urban central solar thermal,LT0 0,urban central heat,8028.02816
Generator,urban central solar thermal,LU0 0,urban central heat,5054.29443
Generator,urban central solar thermal,LV0 0,urban central heat,9862.67537
Generator,urban central solar thermal,ME0 0,urban central heat,9812.99361
Generator,urban central solar thermal,MK0 0,urban central heat,10631.53955
Generator,urban central solar thermal,NL0 0,urban central heat,22902.7426
Generator,urban central solar thermal,NO1 0,urban central heat,8509.65628
Generator,urban central solar thermal,PL0 0,urban central heat,27472.33425
Generator,urban central solar thermal,PT0 0,urban central heat,36899.08226
Generator,urban central solar thermal,RO0 0,urban central heat,30731.07429
Generator,urban central solar thermal,RS0 0,urban central heat,18494.33872
Generator,urban central solar thermal,SE1 0,urban central heat,13251.59417
Generator,urban central solar thermal,SI0 0,urban central heat,10840.39194
Generator,urban central solar thermal,SK0 0,urban central heat,14097.52137
Generator,urban central solar thermal,XK0 0,urban central heat,8709.05066
Line,AC,AL0 0,AC,-27041996.25066
Line,AC,AT0 0,AC,-51343946.70365
Line,AC,BA0 0,AC,5667919.12778
Line,AC,BE0 0,AC,18033266.1314
Line,AC,BG0 0,AC,17434818.09769
Line,AC,CH0 0,AC,-51254685.6173
Line,AC,CZ0 0,AC,95711503.331
Line,AC,DE0 0,AC,135262809.57772
Line,AC,DE0 1,AC,2853350.37343
Line,AC,DK0 0,AC,-46216721.51692
Line,AC,DK1 0,AC,-4406976.86937
Line,AC,EE0 0,AC,-6196204.57418
Line,AC,ES0 0,AC,-42823244.64715
Line,AC,FI1 0,AC,75361.66017
Line,AC,FR0 0,AC,-85894694.23486
Line,AC,GB3 0,AC,2382933.50401
Line,AC,GR0 0,AC,-48579460.68963
Line,AC,HR0 0,AC,19866192.52823
Line,AC,HU0 0,AC,30616658.10844
Line,AC,IE3 0,AC,-6082796.57466
Line,AC,IT0 0,AC,-14984907.08224
Line,AC,LT0 0,AC,-5209432.19091
Line,AC,LU0 0,AC,7645443.10835
Line,AC,LV0 0,AC,641822.65601
Line,AC,ME0 0,AC,-13766148.26494
Line,AC,MK0 0,AC,-4181143.43663
Line,AC,NL0 0,AC,-50522515.21678
Line,AC,NO1 0,AC,-256376.76131
Line,AC,PL0 0,AC,-8119448.15053
Line,AC,PT0 0,AC,38924222.00091
Line,AC,RO0 0,AC,-12412068.72258
Line,AC,RS0 0,AC,23724167.01068
Line,AC,SE1 0,AC,1049257.20207
Line,AC,SI0 0,AC,-61426400.04887
Line,AC,SK0 0,AC,23881338.29107
Line,AC,XK0 0,AC,6261693.83892
Link,BEV charger,AL0 0,EV battery,5302060.55864
Link,BEV charger,AL0 0,low voltage,-5891178.39848
Link,BEV charger,AT0 0,EV battery,30505296.14634
Link,BEV charger,AT0 0,low voltage,-33894773.49593
Link,BEV charger,BA0 0,EV battery,5992359.26403
Link,BEV charger,BA0 0,low voltage,-6658176.96004
Link,BEV charger,BE0 0,EV battery,34904912.57108
Link,BEV charger,BE0 0,low voltage,-38783236.19009
Link,BEV charger,BG0 0,EV battery,12607889.26349
Link,BEV charger,BG0 0,low voltage,-14008765.84833
Link,BEV charger,CH0 0,EV battery,23716923.69712
Link,BEV charger,CH0 0,low voltage,-26352137.44125
Link,BEV charger,CZ0 0,EV battery,22744366.39148
Link,BEV charger,CZ0 0,low voltage,-25271518.21276
Link,BEV charger,DE0 0,EV battery,112785593.14973
Link,BEV charger,DE0 0,low voltage,-125317325.72192
Link,BEV charger,DE0 1,EV battery,67947786.09985
Link,BEV charger,DE0 1,low voltage,-75497540.11095
Link,BEV charger,DK0 0,EV battery,13412608.55556
Link,BEV charger,DK0 0,low voltage,-14902898.39506
Link,BEV charger,DK1 0,EV battery,8039365.90008
Link,BEV charger,DK1 0,low voltage,-8932628.77787
Link,BEV charger,EE0 0,EV battery,4677478.03342
Link,BEV charger,EE0 0,low voltage,-5197197.81491
Link,BEV charger,ES0 0,EV battery,120905594.70434
Link,BEV charger,ES0 0,low voltage,-134339549.67149
Link,BEV charger,ES6 0,EV battery,2883131.05015
Link,BEV charger,ES6 0,low voltage,-3203478.94462
Link,BEV charger,FI1 0,EV battery,18837923.76299
Link,BEV charger,FI1 0,low voltage,-20931026.40333
Link,BEV charger,FR0 0,EV battery,161021177.77903
Link,BEV charger,FR0 0,low voltage,-178912419.75448
Link,BEV charger,FR5 0,EV battery,1528057.96916
Link,BEV charger,FR5 0,low voltage,-1697842.18796
Link,BEV charger,GB2 0,EV battery,125360775.69525
Link,BEV charger,GB2 0,low voltage,-139289750.7725
Link,BEV charger,GB3 0,EV battery,5950139.47772
Link,BEV charger,GB3 0,low voltage,-6611266.08636
Link,BEV charger,GR0 0,EV battery,28535782.23299
Link,BEV charger,GR0 0,low voltage,-31706424.70332
Link,BEV charger,HR0 0,EV battery,8707403.51835
Link,BEV charger,HR0 0,low voltage,-9674892.79817
Link,BEV charger,HU0 0,EV battery,16702588.87781
Link,BEV charger,HU0 0,low voltage,-18558432.08646
Link,BEV charger,IE3 0,EV battery,17424073.92988
Link,BEV charger,IE3 0,low voltage,-19360082.14431
Link,BEV charger,IT0 0,EV battery,141009592.38048
Link,BEV charger,IT0 0,low voltage,-156677324.8672
Link,BEV charger,IT4 0,EV battery,6068428.74879
Link,BEV charger,IT4 0,low voltage,-6742698.60976
Link,BEV charger,LT0 0,EV battery,8927360.96376
Link,BEV charger,LT0 0,low voltage,-9919289.95973
Link,BEV charger,LU0 0,EV battery,4332713.42741
Link,BEV charger,LU0 0,low voltage,-4814126.03045
Link,BEV charger,LV0 0,EV battery,5115847.23003
Link,BEV charger,LV0 0,low voltage,-5684274.70003
Link,BEV charger,ME0 0,EV battery,1949098.58577
Link,BEV charger,ME0 0,low voltage,-2165665.0953
Link,BEV charger,MK0 0,EV battery,5086851.04206
Link,BEV charger,MK0 0,low voltage,-5652056.7134
Link,BEV charger,NL0 0,EV battery,46488341.17725
Link,BEV charger,NL0 0,low voltage,-51653712.41917
Link,BEV charger,NO1 0,EV battery,11832723.13349
Link,BEV charger,NO1 0,low voltage,-13147470.14832
Link,BEV charger,PL0 0,EV battery,69673262.16544
Link,BEV charger,PL0 0,low voltage,-77414735.73938
Link,BEV charger,PT0 0,EV battery,24919135.88342
Link,BEV charger,PT0 0,low voltage,-27687928.75935
Link,BEV charger,RO0 0,EV battery,26801952.34724
Link,BEV charger,RO0 0,low voltage,-29779947.05249
Link,BEV charger,RS0 0,EV battery,10322620.31532
Link,BEV charger,RS0 0,low voltage,-11469578.12813
Link,BEV charger,SE1 0,EV battery,25404167.14927
Link,BEV charger,SE1 0,low voltage,-28226852.38808
Link,BEV charger,SI0 0,EV battery,7542204.8334
Link,BEV charger,SI0 0,low voltage,-8380227.59267
Link,BEV charger,SK0 0,EV battery,11070207.67454
Link,BEV charger,SK0 0,low voltage,-12300230.74949
Link,BEV charger,XK0 0,EV battery,3633045.20274
Link,BEV charger,XK0 0,low voltage,-4036716.89193
Link,CCGT,AL0 0,AC,48.10925
Link,CCGT,AT0 0,AC,45.81553
Link,CCGT,BA0 0,AC,47.61867
Link,CCGT,BE0 0,AC,45.75406
Link,CCGT,BG0 0,AC,45.50405
Link,CCGT,CH0 0,AC,45.4437
Link,CCGT,CZ0 0,AC,45.45392
Link,CCGT,DE0 0,AC,45.46601
Link,CCGT,DE0 1,AC,45.48024
Link,CCGT,DK0 0,AC,45.79451
Link,CCGT,DK1 0,AC,46.15085
Link,CCGT,EE0 0,AC,45.72595
Link,CCGT,ES0 0,AC,45.77441
Link,CCGT,ES6 0,AC,45.46342
Link,CCGT,EU,co2,602.53254
Link,CCGT,EU,gas,-3043.09365
Link,CCGT,FI1 0,AC,45.50853
Link,CCGT,FR0 0,AC,45.63204
Link,CCGT,FR5 0,AC,42.84622
Link,CCGT,GB2 0,AC,45.55697
Link,CCGT,GB3 0,AC,45.98141
Link,CCGT,GR0 0,AC,45.64502
Link,CCGT,HR0 0,AC,46.7014
Link,CCGT,HU0 0,AC,46.04735
Link,CCGT,IE3 0,AC,45.94067
Link,CCGT,IT0 0,AC,45.44029
Link,CCGT,IT4 0,AC,45.49023
Link,CCGT,LT0 0,AC,45.80362
Link,CCGT,LU0 0,AC,46.96073
Link,CCGT,LV0 0,AC,46.15552
Link,CCGT,ME0 0,AC,46.25577
Link,CCGT,MK0 0,AC,43.69664
Link,CCGT,NL0 0,AC,45.55605
Link,CCGT,NO1 0,AC,45.27178
Link,CCGT,PL0 0,AC,45.62547
Link,CCGT,PT0 0,AC,45.47477
Link,CCGT,RO0 0,AC,45.43202
Link,CCGT,RS0 0,AC,45.26434
Link,CCGT,SE1 0,AC,45.49451
Link,CCGT,SI0 0,AC,45.35128
Link,CCGT,SK0 0,AC,45.47706
Link,CCGT,XK0 0,AC,43.69192
Link,DC,BE0 0,AC,532082.02418
Link,DC,CH0 0,AC,10377180.35069
Link,DC,DE0 0,AC,278161268.5189
Link,DC,DE0 1,AC,115216043.28441
Link,DC,DK0 0,AC,-38915804.79229
Link,DC,DK1 0,AC,-70791189.80336
Link,DC,EE0 0,AC,-1156066.29445
Link,DC,ES0 0,AC,2819098.61959
Link,DC,ES6 0,AC,-6347099.31385
Link,DC,FI1 0,AC,729071.92879
Link,DC,FR0 0,AC,-141473979.52491
Link,DC,FR5 0,AC,24624626.47445
Link,DC,GB2 0,AC,-115282113.93613
Link,DC,GB3 0,AC,-40113282.35274
Link,DC,GR0 0,AC,-69694.879
Link,DC,IE3 0,AC,-121904628.81491
Link,DC,IT0 0,AC,-66127299.62035
Link,DC,IT4 0,AC,-60873487.98734
Link,DC,LT0 0,AC,1419544.81042
Link,DC,ME0 0,AC,3844522.45893
Link,DC,NL0 0,AC,75914909.23132
Link,DC,NO1 0,AC,13994368.88357
Link,DC,PL0 0,AC,33939929.76415
Link,DC,SE1 0,AC,-58738444.91702
Link,DC,SI0 0,AC,79276375.06339
Link,Fischer-Tropsch,AL0 0,H2,-1663607.4973
Link,Fischer-Tropsch,AL0 0,urban central heat,62801.18302
Link,Fischer-Tropsch,AT0 0,H2,-2065285.48399
Link,Fischer-Tropsch,AT0 0,urban central heat,77964.52702
Link,Fischer-Tropsch,BA0 0,H2,-1927851.81628
Link,Fischer-Tropsch,BA0 0,urban central heat,72776.40606
Link,Fischer-Tropsch,BE0 0,H2,-4796950.99928
Link,Fischer-Tropsch,BE0 0,urban central heat,181084.90022
Link,Fischer-Tropsch,BG0 0,H2,-1941598.55808
Link,Fischer-Tropsch,BG0 0,urban central heat,73295.34557
Link,Fischer-Tropsch,CH0 0,H2,-27868918.25131
Link,Fischer-Tropsch,CH0 0,urban central heat,1052051.66399
Link,Fischer-Tropsch,CZ0 0,H2,-1690284.97787
Link,Fischer-Tropsch,CZ0 0,urban central heat,63808.25791
Link,Fischer-Tropsch,DE0 0,H2,-2170247.02365
Link,Fischer-Tropsch,DE0 0,urban central heat,81926.82514
Link,Fischer-Tropsch,DE0 1,H2,-1582829.39991
Link,Fischer-Tropsch,DE0 1,urban central heat,59751.80985
Link,Fischer-Tropsch,DK0 0,H2,-28607931.31403
Link,Fischer-Tropsch,DK0 0,urban central heat,1079949.4071
Link,Fischer-Tropsch,DK1 0,H2,-14989932.66955
Link,Fischer-Tropsch,DK1 0,urban central heat,565869.95828
Link,Fischer-Tropsch,EE0 0,H2,-2074100.82768
Link,Fischer-Tropsch,EE0 0,urban central heat,78297.30625
Link,Fischer-Tropsch,ES0 0,H2,-3311897.35822
Link,Fischer-Tropsch,ES0 0,urban central heat,125024.12527
Link,Fischer-Tropsch,ES6 0,H2,-215385.9609
Link,Fischer-Tropsch,ES6 0,urban central heat,8130.82002
Link,Fischer-Tropsch,EU,co2 stored,-221621763.82483
Link,Fischer-Tropsch,EU,oil,862006082.55475
Link,Fischer-Tropsch,FI1 0,H2,-65384152.51767
Link,Fischer-Tropsch,FI1 0,urban central heat,2468251.75754
Link,Fischer-Tropsch,FR0 0,H2,-340272105.29432
Link,Fischer-Tropsch,FR0 0,urban central heat,12845271.97486
Link,Fischer-Tropsch,FR5 0,H2,-2530106.35219
Link,Fischer-Tropsch,GB2 0,H2,-334162849.57094
Link,Fischer-Tropsch,GB2 0,urban central heat,12614647.5713
Link,Fischer-Tropsch,GB3 0,H2,-812779.5335
Link,Fischer-Tropsch,GB3 0,urban central heat,30682.42739
Link,Fischer-Tropsch,GR0 0,H2,-3034924.06647
Link,Fischer-Tropsch,GR0 0,urban central heat,114568.38351
Link,Fischer-Tropsch,HR0 0,H2,-1531686.38285
Link,Fischer-Tropsch,HR0 0,urban central heat,57821.16095
Link,Fischer-Tropsch,HU0 0,H2,-1510399.49034
Link,Fischer-Tropsch,HU0 0,urban central heat,57017.58076
Link,Fischer-Tropsch,IE3 0,H2,-799110.15976
Link,Fischer-Tropsch,IE3 0,urban central heat,30166.40853
Link,Fischer-Tropsch,IT0 0,H2,-7495006.34416
Link,Fischer-Tropsch,IT0 0,urban central heat,282936.48949
Link,Fischer-Tropsch,IT4 0,H2,-293277.86515
Link,Fischer-Tropsch,IT4 0,urban central heat,11071.23941
Link,Fischer-Tropsch,LT0 0,H2,-2934031.84388
Link,Fischer-Tropsch,LT0 0,urban central heat,110759.70211
Link,Fischer-Tropsch,LU0 0,H2,-5065347.91087
Link,Fischer-Tropsch,LU0 0,urban central heat,191216.88364
Link,Fischer-Tropsch,LV0 0,H2,-6625556.38013
Link,Fischer-Tropsch,LV0 0,urban central heat,250114.75335
Link,Fischer-Tropsch,ME0 0,H2,-1162134.89822
Link,Fischer-Tropsch,ME0 0,urban central heat,43870.59241
Link,Fischer-Tropsch,MK0 0,H2,-1586216.11677
Link,Fischer-Tropsch,MK0 0,urban central heat,59879.65841
Link,Fischer-Tropsch,NL0 0,H2,-2825580.21074
Link,Fischer-Tropsch,NL0 0,urban central heat,106665.65296
Link,Fischer-Tropsch,NO1 0,H2,-55314687.25047
Link,Fischer-Tropsch,NO1 0,urban central heat,2088129.44371
Link,Fischer-Tropsch,PL0 0,H2,-1171559.62803
Link,Fischer-Tropsch,PL0 0,urban central heat,44226.37596
Link,Fischer-Tropsch,PT0 0,H2,-57593345.57512
Link,Fischer-Tropsch,PT0 0,urban central heat,2174148.79546
Link,Fischer-Tropsch,RO0 0,H2,-1863479.14406
Link,Fischer-Tropsch,RO0 0,urban central heat,70346.33769
Link,Fischer-Tropsch,RS0 0,H2,-1765613.77844
Link,Fischer-Tropsch,RS0 0,urban central heat,66651.92014
Link,Fischer-Tropsch,SE1 0,H2,-83216182.08102
Link,Fischer-Tropsch,SE1 0,urban central heat,3141410.87356
Link,Fischer-Tropsch,SI0 0,H2,-2329255.30212
Link,Fischer-Tropsch,SI0 0,urban central heat,87929.38766
Link,Fischer-Tropsch,SK0 0,H2,-1214400.52405
Link,Fischer-Tropsch,SK0 0,urban central heat,45843.61978
Link,Fischer-Tropsch,XK0 0,H2,-1455563.05089
Link,Fischer-Tropsch,XK0 0,urban central heat,54947.50517
Link,H2 Electrolysis,AL0 0,AC,-1409657.0961
Link,H2 Electrolysis,AL0 0,H2,985914.17301
Link,H2 Electrolysis,AL0 0,urban central heat,49549.44693
Link,H2 Electrolysis,AT0 0,AC,-734952.55343
Link,H2 Electrolysis,AT0 0,H2,514025.81587
Link,H2 Electrolysis,AT0 0,urban central heat,25833.58225
Link,H2 Electrolysis,BA0 0,AC,-588388.92122
Link,H2 Electrolysis,BA0 0,H2,411519.2115
Link,H2 Electrolysis,BA0 0,urban central heat,20681.87058
Link,H2 Electrolysis,BE0 0,AC,-1577489.12385
Link,H2 Electrolysis,BE0 0,H2,1103295.89322
Link,H2 Electrolysis,BE0 0,urban central heat,55448.7427
Link,H2 Electrolysis,BG0 0,AC,-2200648.56068
Link,H2 Electrolysis,BG0 0,H2,1539133.60334
Link,H2 Electrolysis,BG0 0,urban central heat,77352.79691
Link,H2 Electrolysis,CH0 0,AC,-72072157.84073
Link,H2 Electrolysis,CH0 0,H2,50407267.1938
Link,H2 Electrolysis,CH0 0,urban central heat,2533336.3481
Link,H2 Electrolysis,CZ0 0,AC,-432718.2556
Link,H2 Electrolysis,CZ0 0,H2,302643.14797
Link,H2 Electrolysis,CZ0 0,urban central heat,15210.04668
Link,H2 Electrolysis,DE0 0,AC,-971992.02503
Link,H2 Electrolysis,DE0 0,H2,679811.22231
Link,H2 Electrolysis,DE0 0,urban central heat,34165.51968
Link,H2 Electrolysis,DE0 1,AC,-859925.49989
Link,H2 Electrolysis,DE0 1,H2,601431.89463
Link,H2 Electrolysis,DE0 1,urban central heat,30226.38132
Link,H2 Electrolysis,DK0 0,AC,-88487709.26626
Link,H2 Electrolysis,DK0 0,H2,61888303.86082
Link,H2 Electrolysis,DK0 0,urban central heat,3110342.98071
Link,H2 Electrolysis,DK1 0,AC,-34124133.24393
Link,H2 Electrolysis,DK1 0,H2,23866418.79081
Link,H2 Electrolysis,DK1 0,urban central heat,1199463.28352
Link,H2 Electrolysis,EE0 0,AC,-15382087.17989
Link,H2 Electrolysis,EE0 0,H2,10758231.77362
Link,H2 Electrolysis,EE0 0,urban central heat,540680.36437
Link,H2 Electrolysis,ES0 0,AC,-395669121.24832
Link,H2 Electrolysis,ES0 0,H2,276730983.40108
Link,H2 Electrolysis,ES0 0,urban central heat,13907769.61188
Link,H2 Electrolysis,ES6 0,AC,-9946877.54813
Link,H2 Electrolysis,ES6 0,H2,6956846.15716
Link,H2 Electrolysis,ES6 0,urban central heat,349632.74582
Link,H2 Electrolysis,FI1 0,AC,-101333528.46373
Link,H2 Electrolysis,FI1 0,H2,70872669.80753
Link,H2 Electrolysis,FI1 0,urban central heat,3561873.5255
Link,H2 Electrolysis,FR0 0,AC,-539800129.36296
Link,H2 Electrolysis,FR0 0,H2,377536210.47646
Link,H2 Electrolysis,FR0 0,urban central heat,18973974.54711
Link,H2 Electrolysis,FR5 0,AC,-38804810.18156
Link,H2 Electrolysis,FR5 0,H2,27140084.24098
Link,H2 Electrolysis,GB2 0,AC,-748033155.92783
Link,H2 Electrolysis,GB2 0,H2,523174389.25592
Link,H2 Electrolysis,GB2 0,urban central heat,26293365.43086
Link,H2 Electrolysis,GB3 0,AC,-21363289.01031
Link,H2 Electrolysis,GB3 0,H2,14941484.33381
Link,H2 Electrolysis,GB3 0,urban central heat,750919.60871
Link,H2 Electrolysis,GR0 0,AC,-86404622.33845
Link,H2 Electrolysis,GR0 0,H2,60431392.86351
Link,H2 Electrolysis,GR0 0,urban central heat,3037122.4752
Link,H2 Electrolysis,HR0 0,AC,-497205.15226
Link,H2 Electrolysis,HR0 0,H2,347745.28349
Link,H2 Electrolysis,HR0 0,urban central heat,17476.7611
Link,H2 Electrolysis,HU0 0,AC,-582980.34333
Link,H2 Electrolysis,HU0 0,H2,407736.45212
Link,H2 Electrolysis,HU0 0,urban central heat,20491.75907
Link,H2 Electrolysis,IE3 0,AC,-109547105.05082
Link,H2 Electrolysis,IE3 0,H2,76617245.27254
Link,H2 Electrolysis,IE3 0,urban central heat,3850580.74254
Link,H2 Electrolysis,IT0 0,AC,-39276066.66799
Link,H2 Electrolysis,IT0 0,H2,27469681.02759
Link,H2 Electrolysis,IT0 0,urban central heat,1380553.74338
Link,H2 Electrolysis,IT4 0,AC,-7439308.1821
Link,H2 Electrolysis,IT4 0,H2,5203052.14256
Link,H2 Electrolysis,IT4 0,urban central heat,261491.6826
Link,H2 Electrolysis,LT0 0,AC,-15966887.04145
Link,H2 Electrolysis,LT0 0,H2,11167240.79679
Link,H2 Electrolysis,LT0 0,urban central heat,561236.07951
Link,H2 Electrolysis,LU0 0,AC,-507558.58495
Link,H2 Electrolysis,LU0 0,H2,354986.47432
Link,H2 Electrolysis,LU0 0,urban central heat,17840.68426
Link,H2 Electrolysis,LV0 0,AC,-7032327.26232
Link,H2 Electrolysis,LV0 0,H2,4918409.68727
Link,H2 Electrolysis,LV0 0,urban central heat,247186.30327
Link,H2 Electrolysis,ME0 0,AC,-696656.22854
Link,H2 Electrolysis,ME0 0,H2,487241.36624
Link,H2 Electrolysis,ME0 0,urban central heat,24487.46643
Link,H2 Electrolysis,MK0 0,AC,-1192397.598
Link,H2 Electrolysis,MK0 0,H2,833962.88004
Link,H2 Electrolysis,MK0 0,urban central heat,41912.77557
Link,H2 Electrolysis,NL0 0,AC,-2349437.99063
Link,H2 Electrolysis,NL0 0,H2,1643196.93065
Link,H2 Electrolysis,NL0 0,urban central heat,82582.74537
Link,H2 Electrolysis,NO1 0,AC,-67980792.10014
Link,H2 Electrolysis,NO1 0,H2,47545765.99484
Link,H2 Electrolysis,NO1 0,urban central heat,2389524.84232
Link,H2 Electrolysis,PL0 0,AC,-13079610.04787
Link,H2 Electrolysis,PL0 0,H2,9147879.26748
Link,H2 Electrolysis,PL0 0,urban central heat,459748.29318
Link,H2 Electrolysis,PT0 0,AC,-34809158.54605
Link,H2 Electrolysis,PT0 0,H2,24345525.48711
Link,H2 Electrolysis,PT0 0,urban central heat,1223541.92289
Link,H2 Electrolysis,RO0 0,AC,-14532522.06194
Link,H2 Electrolysis,RO0 0,H2,10164045.93012
Link,H2 Electrolysis,RO0 0,urban central heat,510818.15048
Link,H2 Electrolysis,RS0 0,AC,-674977.6543
Link,H2 Electrolysis,RS0 0,H2,472079.37142
Link,H2 Electrolysis,RS0 0,urban central heat,23725.46455
Link,H2 Electrolysis,SE1 0,AC,-153457659.3028
Link,H2 Electrolysis,SE1 0,H2,107328286.91638
Link,H2 Electrolysis,SE1 0,urban central heat,5394036.72449
Link,H2 Electrolysis,SI0 0,AC,-948432.03601
Link,H2 Electrolysis,SI0 0,H2,663333.36599
Link,H2 Electrolysis,SI0 0,urban central heat,33337.38607
Link,H2 Electrolysis,SK0 0,AC,-501393.94793
Link,H2 Electrolysis,SK0 0,H2,350674.92718
Link,H2 Electrolysis,SK0 0,urban central heat,17623.99727
Link,H2 Electrolysis,XK0 0,AC,-786709.12003
Link,H2 Electrolysis,XK0 0,H2,550224.35855
Link,H2 Electrolysis,XK0 0,urban central heat,27652.82557
Link,H2 pipeline,AL0 0,AC,-71915.50096
Link,H2 pipeline,AL0 0,H2,2723076.3807
Link,H2 pipeline,AT0 0,AC,-213615.36324
Link,H2 pipeline,AT0 0,H2,11497807.34515
Link,H2 pipeline,BA0 0,AC,-55924.8907
Link,H2 pipeline,BA0 0,H2,3437670.26081
Link,H2 pipeline,BE0 0,AC,-413153.81671
Link,H2 pipeline,BE0 0,H2,15071758.61087
Link,H2 pipeline,BG0 0,AC,-119725.59183
Link,H2 pipeline,BG0 0,H2,3548546.06061
Link,H2 pipeline,CH0 0,AC,-424368.00186
Link,H2 pipeline,CH0 0,H2,-18485856.05614
Link,H2 pipeline,CZ0 0,AC,-141451.86747
Link,H2 pipeline,CZ0 0,H2,5518460.451
Link,H2 pipeline,DE0 0,AC,-517123.14384
Link,H2 pipeline,DE0 0,H2,34592431.79902
Link,H2 pipeline,DE0 1,AC,-269271.18457
Link,H2 pipeline,DE0 1,H2,9384354.72413
Link,H2 pipeline,DK0 0,AC,-569627.28661
Link,H2 pipeline,DK0 0,H2,-31352291.94348
Link,H2 pipeline,DK1 0,AC,-182379.02554
Link,H2 pipeline,DK1 0,H2,-7154015.53693
Link,H2 pipeline,EE0 0,AC,-100991.7927
Link,H2 pipeline,EE0 0,H2,-7470842.94738
Link,H2 pipeline,ES0 0,AC,-815844.12846
Link,H2 pipeline,ES0 0,H2,20152299.49863
Link,H2 pipeline,ES6 0,AC,-136662.62719
Link,H2 pipeline,ES6 0,H2,-6150953.26122
Link,H2 pipeline,FI1 0,AC,-174007.61466
Link,H2 pipeline,FI1 0,H2,-1379902.79144
Link,H2 pipeline,FR0 0,AC,-1853442.62187
Link,H2 pipeline,FR0 0,H2,-17334806.55723
Link,H2 pipeline,FR5 0,AC,-87106.04583
Link,H2 pipeline,FR5 0,H2,-7941715.24668
Link,H2 pipeline,GB2 0,AC,-1234125.32409
Link,H2 pipeline,GB2 0,H2,8536107.998
Link,H2 pipeline,GB3 0,AC,-192411.29484
Link,H2 pipeline,GB3 0,H2,-10312877.03655
Link,H2 pipeline,GR0 0,AC,-319267.13456
Link,H2 pipeline,GR0 0,H2,-28224000.72911
Link,H2 pipeline,HR0 0,AC,-89249.17773
Link,H2 pipeline,HR0 0,H2,5005425.86082
Link,H2 pipeline,HU0 0,AC,-167007.71757
Link,H2 pipeline,HU0 0,H2,5749461.26191
Link,H2 pipeline,IE3 0,AC,-706357.4963
Link,H2 pipeline,IE3 0,H2,-67614814.94165
Link,H2 pipeline,IT0 0,AC,-527798.88798
Link,H2 pipeline,IT0 0,H2,-9254975.57631
Link,H2 pipeline,IT4 0,AC,-82400.35551
Link,H2 pipeline,IT4 0,H2,-4154841.71886
Link,H2 pipeline,LT0 0,AC,-182857.49262
Link,H2 pipeline,LT0 0,H2,-1080094.31619
Link,H2 pipeline,LU0 0,AC,-139792.45303
Link,H2 pipeline,LU0 0,H2,5556606.40913
Link,H2 pipeline,LV0 0,AC,-67203.30757
Link,H2 pipeline,LV0 0,H2,2729649.24537
Link,H2 pipeline,ME0 0,AC,-106479.88577
Link,H2 pipeline,ME0 0,H2,1941462.22732
Link,H2 pipeline,MK0 0,AC,-104425.46723
Link,H2 pipeline,MK0 0,H2,3222842.11189
Link,H2 pipeline,NL0 0,AC,-265403.0314
Link,H2 pipeline,NL0 0,H2,22809454.65288
Link,H2 pipeline,NO1 0,AC,-355500.48727
Link,H2 pipeline,NO1 0,H2,13573343.64351
Link,H2 pipeline,PL0 0,AC,-217796.31892
Link,H2 pipeline,PL0 0,H2,11985197.9337
Link,H2 pipeline,PT0 0,AC,-24167.86356
Link,H2 pipeline,PT0 0,H2,35455997.23487
Link,H2 pipeline,RO0 0,AC,-108189.35384
Link,H2 pipeline,RO0 0,H2,-1298011.67275
Link,H2 pipeline,RS0 0,AC,-182281.44079
Link,H2 pipeline,RS0 0,H2,3697277.3346
Link,H2 pipeline,SE1 0,AC,-565701.56795
Link,H2 pipeline,SE1 0,H2,-20060821.90972
Link,H2 pipeline,SI0 0,AC,-138050.2565
Link,H2 pipeline,SI0 0,H2,2754526.26511
Link,H2 pipeline,SK0 0,AC,-105055.96096
Link,H2 pipeline,SK0 0,H2,7742589.62546
Link,H2 pipeline,XK0 0,AC,-68680.35429
Link,H2 pipeline,XK0 0,H2,2584475.30615
Link,HVC to air,EU,co2,14.77292
Link,HVC to air,EU,non-sequestered HVC,-57.45981
Link,V2G,AL0 0,EV battery,-3236329.4521
Link,V2G,AL0 0,low voltage,2912696.50689
Link,V2G,AT0 0,EV battery,-8567814.06313
Link,V2G,AT0 0,low voltage,7711032.65682
Link,V2G,BA0 0,EV battery,-2541323.02862
Link,V2G,BA0 0,low voltage,2287190.72576
Link,V2G,BE0 0,EV battery,-5607851.36481
Link,V2G,BE0 0,low voltage,5047066.22833
Link,V2G,BG0 0,EV battery,-4426410.23723
Link,V2G,BG0 0,low voltage,3983769.2135
Link,V2G,CH0 0,EV battery,-10769540.40572
Link,V2G,CH0 0,low voltage,9692586.36515
Link,V2G,CZ0 0,EV battery,-2042776.14131
Link,V2G,CZ0 0,low voltage,1838498.52718
Link,V2G,DE0 0,EV battery,-6906309.28018
Link,V2G,DE0 0,low voltage,6215678.35217
Link,V2G,DE0 1,EV battery,-6020997.97205
Link,V2G,DE0 1,low voltage,5418898.17485
Link,V2G,DK0 0,EV battery,-4742132.72439
Link,V2G,DK0 0,low voltage,4267919.45195
Link,V2G,DK1 0,EV battery,-3033614.22931
Link,V2G,DK1 0,low voltage,2730252.80638
Link,V2G,EE0 0,EV battery,-2219543.5045
Link,V2G,EE0 0,low voltage,1997589.15405
Link,V2G,ES0 0,EV battery,-40017150.93937
Link,V2G,ES0 0,low voltage,36015435.84544
Link,V2G,ES6 0,EV battery,-1564310.55236
Link,V2G,ES6 0,low voltage,1407879.49713
Link,V2G,FI1 0,EV battery,-5259958.35206
Link,V2G,FI1 0,low voltage,4733962.51685
Link,V2G,FR0 0,EV battery,-25899091.59896
Link,V2G,FR0 0,low voltage,23309182.43907
Link,V2G,FR5 0,EV battery,-975331.50508
Link,V2G,FR5 0,low voltage,877798.35457
Link,V2G,GB2 0,EV battery,-24075613.53517
Link,V2G,GB2 0,low voltage,21668052.18165
Link,V2G,GB3 0,EV battery,-3207441.04283
Link,V2G,GB3 0,low voltage,2886696.93854
Link,V2G,GR0 0,EV battery,-12902457.1147
Link,V2G,GR0 0,low voltage,11612211.40323
Link,V2G,HR0 0,EV battery,-2188419.27765
Link,V2G,HR0 0,low voltage,1969577.34989
Link,V2G,HU0 0,EV battery,-2683050.38647
Link,V2G,HU0 0,low voltage,2414745.34782
Link,V2G,IE3 0,EV battery,-6484566.95144
Link,V2G,IE3 0,low voltage,5836110.2563
Link,V2G,IT0 0,EV battery,-36442736.36948
Link,V2G,IT0 0,low voltage,32798462.73254
Link,V2G,IT4 0,EV battery,-3456751.5363
Link,V2G,IT4 0,low voltage,3111076.38267
Link,V2G,LT0 0,EV battery,-2031507.70435
Link,V2G,LT0 0,low voltage,1828356.93392
Link,V2G,LU0 0,EV battery,-1256291.37246
Link,V2G,LU0 0,low voltage,1130662.23521
Link,V2G,LV0 0,EV battery,-1834280.56103
Link,V2G,LV0 0,low voltage,1650852.50493
Link,V2G,ME0 0,EV battery,-1255310.87634
Link,V2G,ME0 0,low voltage,1129779.7887
Link,V2G,MK0 0,EV battery,-3108065.84111
Link,V2G,MK0 0,low voltage,2797259.257
Link,V2G,NL0 0,EV battery,-10404336.3527
Link,V2G,NL0 0,low voltage,9363902.71743
Link,V2G,NO1 0,EV battery,-2537434.71115
Link,V2G,NO1 0,low voltage,2283691.24004
Link,V2G,PL0 0,EV battery,-5551416.94953
Link,V2G,PL0 0,low voltage,4996275.25458
Link,V2G,PT0 0,EV battery,-5471717.63739
Link,V2G,PT0 0,low voltage,4924545.87365
Link,V2G,RO0 0,EV battery,-6394423.37317
Link,V2G,RO0 0,low voltage,5754981.03585
Link,V2G,RS0 0,EV battery,-4420104.14645
Link,V2G,RS0 0,low voltage,3978093.73181
Link,V2G,SE1 0,EV battery,-4253833.76235
Link,V2G,SE1 0,low voltage,3828450.38611
Link,V2G,SI0 0,EV battery,-1760339.15112
Link,V2G,SI0 0,low voltage,1584305.23601
Link,V2G,SK0 0,EV battery,-2114880.61077
Link,V2G,SK0 0,low voltage,1903392.5497
Link,V2G,XK0 0,EV battery,-2515907.48986
Link,V2G,XK0 0,low voltage,2264316.74088
Link,agriculture machinery oil,EU,agriculture machinery oil,29566297.59277
Link,agriculture machinery oil,EU,co2,7601495.1111
Link,agriculture machinery oil,EU,oil,-29566297.59277
Link,battery charger,AL0 0,AC,-4423311.28484
Link,battery charger,AL0 0,battery,4333942.24854
Link,battery charger,AT0 0,AC,-52601313.89022
Link,battery charger,AT0 0,battery,51538551.5324
Link,battery charger,BA0 0,AC,-2652346.93067
Link,battery charger,BA0 0,battery,2598758.64039
Link,battery charger,BE0 0,AC,-18988158.37969
Link,battery charger,BE0 0,battery,18604519.67416
Link,battery charger,BG0 0,AC,-4139188.57591
Link,battery charger,BG0 0,battery,4055559.98405
Link,battery charger,CH0 0,AC,-24224734.10026
Link,battery charger,CH0 0,battery,23735295.08009
Link,battery charger,CZ0 0,AC,-6020719.26751
Link,battery charger,CZ0 0,battery,5899076.03598
Link,battery charger,DE0 0,AC,-9741293.40575
Link,battery charger,DE0 0,battery,9544479.31153
Link,battery charger,DE0 1,AC,-26874102.52872
Link,battery charger,DE0 1,battery,26331135.39624
Link,battery charger,DK0 0,AC,-8175739.4612
Link,battery charger,DK0 0,battery,8010555.97995
Link,battery charger,DK1 0,AC,-15557817.0583
Link,battery charger,DK1 0,battery,15243485.32176
Link,battery charger,EE0 0,AC,-5520554.74653
Link,battery charger,EE0 0,battery,5409016.89044
Link,battery charger,ES0 0,AC,-228175947.01547
Link,battery charger,ES0 0,battery,223565856.70569
Link,battery charger,ES6 0,AC,-5494205.50351
Link,battery charger,ES6 0,battery,5383200.01023
Link,battery charger,FI1 0,AC,-10771657.1215
Link,battery charger,FI1 0,battery,10554025.45276
Link,battery charger,FR0 0,AC,-4659420.55014
Link,battery charger,FR0 0,battery,4565281.13795
Link,battery charger,FR5 0,AC,-8762483.82151
Link,battery charger,FR5 0,battery,8585445.69684
Link,battery charger,GB2 0,AC,-17267972.57675
Link,battery charger,GB2 0,battery,16919088.68216
Link,battery charger,GB3 0,AC,-5870874.4679
Link,battery charger,GB3 0,battery,5752258.71612
Link,battery charger,GR0 0,AC,-90972758.24037
Link,battery charger,GR0 0,battery,89134735.27299
Link,battery charger,HR0 0,AC,-3108714.79821
Link,battery charger,HR0 0,battery,3045906.00459
Link,battery charger,HU0 0,AC,-6650047.07883
Link,battery charger,HU0 0,battery,6515688.84345
Link,battery charger,IE3 0,AC,-6220829.4753
Link,battery charger,IE3 0,battery,6095143.19654
Link,battery charger,IT0 0,AC,-75152787.08664
Link,battery charger,IT0 0,battery,73634392.44412
Link,battery charger,IT4 0,AC,-27170697.58962
Link,battery charger,IT4 0,battery,26621738.02001
Link,battery charger,LT0 0,AC,-5810600.64967
Link,battery charger,LT0 0,battery,5693202.67631
Link,battery charger,LU0 0,AC,-4987704.07767
Link,battery charger,LU0 0,battery,4886931.99131
Link,battery charger,LV0 0,AC,-6866781.76015
Link,battery charger,LV0 0,battery,6728044.59497
Link,battery charger,ME0 0,AC,-4386966.61584
Link,battery charger,ME0 0,battery,4298331.89097
Link,battery charger,MK0 0,AC,-4882641.4982
Link,battery charger,MK0 0,battery,4783992.10701
Link,battery charger,NL0 0,AC,-24134515.63807
Link,battery charger,NL0 0,battery,23646899.401
Link,battery charger,NO1 0,AC,-6248671.19368
Link,battery charger,NO1 0,battery,6122422.39798
Link,battery charger,PL0 0,AC,-19712941.4468
Link,battery charger,PL0 0,battery,19314659.14961
Link,battery charger,PT0 0,AC,-17434570.38111
Link,battery charger,PT0 0,battery,17082320.52735
Link,battery charger,RO0 0,AC,-4296422.90428
Link,battery charger,RO0 0,battery,4209617.53387
Link,battery charger,RS0 0,AC,-3403417.7165
Link,battery charger,RS0 0,battery,3334654.71478
Link,battery charger,SE1 0,AC,-5529858.83864
Link,battery charger,SE1 0,battery,5418133.00172
Link,battery charger,SI0 0,AC,-7018592.76247
Link,battery charger,SI0 0,battery,6876788.39218
Link,battery charger,SK0 0,AC,-6524768.1109
Link,battery charger,SK0 0,battery,6392941.02468
Link,battery charger,XK0 0,AC,-3019918.48526
Link,battery charger,XK0 0,battery,2958903.74147
Link,battery discharger,AL0 0,AC,4246426.5257
Link,battery discharger,AL0 0,battery,-4333990.92424
Link,battery discharger,AT0 0,AC,50497309.94694
Link,battery discharger,AT0 0,battery,-51538601.14715
Link,battery discharger,BA0 0,AC,2546300.6234
Link,battery discharger,BA0 0,battery,-2598807.19127
Link,battery discharger,BE0 0,AC,18228676.70394
Link,battery discharger,BE0 0,battery,-18604565.25451
Link,battery discharger,BG0 0,AC,3973665.4647
Link,battery discharger,BG0 0,battery,-4055605.3321
Link,battery discharger,CH0 0,AC,23255789.07086
Link,battery discharger,CH0 0,battery,-23735340.32892
Link,battery discharger,CZ0 0,AC,5779934.63412
Link,battery discharger,CZ0 0,battery,-5899121.08343
Link,battery discharger,DE0 0,AC,9351686.00891
Link,battery discharger,DE0 0,battery,-9544524.56523
Link,battery discharger,DE0 1,AC,25799182.80894
Link,battery discharger,DE0 1,battery,-26331180.69279
Link,battery discharger,DK0 0,AC,7848756.98166
Link,battery discharger,DK0 0,battery,-8010604.05007
Link,battery discharger,DK1 0,AC,14935551.72808
Link,battery discharger,DK1 0,battery,-15243533.65031
Link,battery discharger,EE0 0,AC,5299779.15054
Link,battery discharger,EE0 0,battery,-5409064.44511
Link,battery discharger,ES0 0,AC,219048953.78539
Link,battery discharger,ES0 0,battery,-223565902.27696
Link,battery discharger,ES6 0,AC,5274481.65703
Link,battery discharger,ES6 0,battery,-5383245.29892
Link,battery discharger,FI1 0,AC,10340835.26092
Link,battery discharger,FI1 0,battery,-10554070.7931
Link,battery discharger,FR0 0,AC,4473088.26746
Link,battery discharger,FR0 0,battery,-4565326.59571
Link,battery discharger,FR5 0,AC,8412030.98711
Link,battery discharger,FR5 0,battery,-8585493.17454
Link,battery discharger,GB2 0,AC,16577297.95109
Link,battery discharger,GB2 0,battery,-16919133.87261
Link,battery discharger,GB3 0,AC,5636084.47933
Link,battery discharger,GB3 0,battery,-5752304.63399
Link,battery discharger,GR0 0,AC,87333893.30202
Link,battery discharger,GR0 0,battery,-89134781.60026
Link,battery discharger,HR0 0,AC,2984413.77385
Link,battery discharger,HR0 0,battery,-3045954.55302
Link,battery discharger,HU0 0,AC,6384089.8727
Link,battery discharger,HU0 0,battery,-6515734.44174
Link,battery discharger,IE3 0,AC,5972042.59308
Link,battery discharger,IE3 0,battery,-6095190.448
Link,battery discharger,IT0 0,AC,72146720.10735
Link,battery discharger,IT0 0,battery,-73634437.866
Link,battery discharger,IT4 0,AC,26083916.11567
Link,battery discharger,IT4 0,battery,-26621785.40706
Link,battery discharger,LT0 0,AC,5578221.30788
Link,battery discharger,LT0 0,battery,-5693248.28193
Link,battery discharger,LU0 0,AC,4788243.91377
Link,battery discharger,LU0 0,battery,-4886980.9803
Link,battery discharger,LV0 0,AC,6592157.32407
Link,battery discharger,LV0 0,battery,-6728092.39505
Link,battery discharger,ME0 0,AC,4211535.56479
Link,battery discharger,ME0 0,battery,-4298380.48638
Link,battery discharger,MK0 0,AC,4687384.05697
Link,battery discharger,MK0 0,battery,-4784041.32001
Link,battery discharger,NL0 0,AC,23169179.51662
Link,battery discharger,NL0 0,battery,-23646944.82278
Link,battery discharger,NO1 0,AC,5998768.90138
Link,battery discharger,NO1 0,battery,-6122467.87219
Link,battery discharger,PL0 0,AC,18924469.66092
Link,battery discharger,PL0 0,battery,-19314705.96751
Link,battery discharger,PT0 0,AC,16737232.84763
Link,battery discharger,PT0 0,battery,-17082366.74285
Link,battery discharger,RO0 0,AC,4124610.10637
Link,battery discharger,RO0 0,battery,-4209662.56189
Link,battery discharger,RS0 0,AC,3267329.35762
Link,battery discharger,RS0 0,battery,-3334704.06158
Link,battery discharger,SE1 0,AC,5308708.82313
Link,battery discharger,SE1 0,battery,-5418178.25403
Link,battery discharger,SI0 0,AC,6737893.31604
Link,battery discharger,SI0 0,battery,-6876833.569
Link,battery discharger,SK0 0,AC,6263821.74479
Link,battery discharger,SK0 0,battery,-6392986.2977
Link,battery discharger,XK0 0,AC,2899169.59601
Link,battery discharger,XK0 0,battery,-2958952.57834
Link,co2 sequestered,EU,co2 sequestered,143826877.39172
Link,co2 sequestered,EU,co2 stored,-143826877.39172
Link,electricity distribution grid,AL0 0,AC,-4605029.8622
Link,electricity distribution grid,AL0 0,low voltage,4429257.55005
Link,electricity distribution grid,AT0 0,AC,-121284400.75205
Link,electricity distribution grid,AT0 0,low voltage,117410844.22933
Link,electricity distribution grid,BA0 0,AC,-15579663.55326
Link,electricity distribution grid,BA0 0,low voltage,15057642.21574
Link,electricity distribution grid,BE0 0,AC,-187389610.86112
Link,electricity distribution grid,BE0 0,low voltage,181457828.3654
Link,electricity distribution grid,BG0 0,AC,-45180066.23049
Link,electricity distribution grid,BG0 0,low voltage,43597448.12583
Link,electricity distribution grid,CH0 0,AC,-72236524.83674
Link,electricity distribution grid,CH0 0,low voltage,69631822.87516
Link,electricity distribution grid,CZ0 0,AC,-128035396.25681
Link,electricity distribution grid,CZ0 0,low voltage,124011594.81863
Link,electricity distribution grid,DE0 0,AC,-691896552.93778
Link,electricity distribution grid,DE0 0,low voltage,670803396.09946
Link,electricity distribution grid,DE0 1,AC,-400205560.00791
Link,electricity distribution grid,DE0 1,low voltage,387889486.02086
Link,electricity distribution grid,DK0 0,AC,-48895864.02052
Link,electricity distribution grid,DK0 0,low voltage,47233325.91269
Link,electricity distribution grid,DK1 0,AC,-29424138.66576
Link,electricity distribution grid,DK1 0,low voltage,28419112.16444
Link,electricity distribution grid,EE0 0,AC,-14885328.39347
Link,electricity distribution grid,EE0 0,low voltage,14332017.32829
Link,electricity distribution grid,ES0 0,AC,-321567857.95996
Link,electricity distribution grid,ES0 0,low voltage,310951784.79731
Link,electricity distribution grid,ES6 0,AC,-9557019.38219
Link,electricity distribution grid,ES6 0,low voltage,9196983.60431
Link,electricity distribution grid,FI1 0,AC,-133812712.97217
Link,electricity distribution grid,FI1 0,low voltage,129505925.06017
Link,electricity distribution grid,FR0 0,AC,-752446776.0851
Link,electricity distribution grid,FR0 0,low voltage,729270293.3227
Link,electricity distribution grid,FR5 0,AC,-5531335.87479
Link,electricity distribution grid,FR5 0,low voltage,5306493.15189
Link,electricity distribution grid,GB2 0,AC,-580798787.68901
Link,electricity distribution grid,GB2 0,low voltage,562621134.89173
Link,electricity distribution grid,GB3 0,AC,-18628955.24975
Link,electricity distribution grid,GB3 0,low voltage,17949108.84279
Link,electricity distribution grid,GR0 0,AC,-51874599.20843
Link,electricity distribution grid,GR0 0,low voltage,49891257.12825
Link,electricity distribution grid,HR0 0,AC,-32365393.53509
Link,electricity distribution grid,HR0 0,low voltage,31292809.66004
Link,electricity distribution grid,HU0 0,AC,-87498491.79247
Link,electricity distribution grid,HU0 0,low voltage,84650153.41375
Link,electricity distribution grid,IE3 0,AC,-52337509.72717
Link,electricity distribution grid,IE3 0,low voltage,50523365.23205
Link,electricity distribution grid,IT0 0,AC,-445336504.91836
Link,electricity distribution grid,IT0 0,low voltage,431039301.39543
Link,electricity distribution grid,IT4 0,AC,-15307077.32073
Link,electricity distribution grid,IT4 0,low voltage,14735693.15179
Link,electricity distribution grid,LT0 0,AC,-24452649.14984
Link,electricity distribution grid,LT0 0,low voltage,23562419.47126
Link,electricity distribution grid,LU0 0,AC,-12018634.78522
Link,electricity distribution grid,LU0 0,low voltage,11615318.53185
Link,electricity distribution grid,LV0 0,AC,-18065066.20369
Link,electricity distribution grid,LV0 0,low voltage,17406075.01608
Link,electricity distribution grid,ME0 0,AC,-3232431.01515
Link,electricity distribution grid,ME0 0,low voltage,3106029.41305
Link,electricity distribution grid,MK0 0,AC,-7672879.03834
Link,electricity distribution grid,MK0 0,low voltage,7391023.79736
Link,electricity distribution grid,NL0 0,AC,-269159769.94035
Link,electricity distribution grid,NL0 0,low voltage,260657597.34837
Link,electricity distribution grid,NO1 0,AC,-133905762.99819
Link,electricity distribution grid,NO1 0,low voltage,129587562.05345
Link,electricity distribution grid,PL0 0,AC,-336452149.59965
Link,electricity distribution grid,PL0 0,low voltage,326020161.1557
Link,electricity distribution grid,PT0 0,AC,-63261386.29366
Link,electricity distribution grid,PT0 0,low voltage,61119301.18944
Link,electricity distribution grid,RO0 0,AC,-106279923.54536
Link,electricity distribution grid,RO0 0,low voltage,102769935.64219
Link,electricity distribution grid,RS0 0,AC,-47820918.16916
Link,electricity distribution grid,RS0 0,low voltage,46250317.74401
Link,electricity distribution grid,SE1 0,AC,-178400334.45282
Link,electricity distribution grid,SE1 0,low voltage,172775678.26172
Link,electricity distribution grid,SI0 0,AC,-24210393.72509
Link,electricity distribution grid,SI0 0,low voltage,23373518.49029
Link,electricity distribution grid,SK0 0,AC,-47943147.86641
Link,electricity distribution grid,SK0 0,low voltage,46332830.87764
Link,electricity distribution grid,XK0 0,AC,-7406516.68985
Link,electricity distribution grid,XK0 0,low voltage,7144179.63418
Link,gas for industry,EU,co2,10.6716
Link,gas for industry,EU,gas,-53.89698
Link,gas for industry,EU,gas for industry,53.89698
Link,gas for industry CC,EU,co2,2545068.08649
Link,gas for industry CC,EU,co2 stored,48356293.64333
Link,gas for industry CC,EU,gas,-257077584.49403
Link,gas for industry CC,EU,gas for industry,231369826.04463
Link,home battery charger,AL0 0,home battery,1313601.26844
Link,home battery charger,AL0 0,low voltage,-1340688.68048
Link,home battery charger,AT0 0,home battery,1874727.99172
Link,home battery charger,AT0 0,low voltage,-1913386.24426
Link,home battery charger,BA0 0,home battery,1260154.76772
Link,home battery charger,BA0 0,low voltage,-1286140.0741
Link,home battery charger,BE0 0,home battery,2653671.01612
Link,home battery charger,BE0 0,low voltage,-2708391.63946
Link,home battery charger,BG0 0,home battery,2572456.3328
Link,home battery charger,BG0 0,low voltage,-2625502.2504
Link,home battery charger,CH0 0,home battery,3132394.57275
Link,home battery charger,CH0 0,low voltage,-3196986.82346
Link,home battery charger,CZ0 0,home battery,2431401.308
Link,home battery charger,CZ0 0,low voltage,-2481538.56856
Link,home battery charger,DE0 0,home battery,2895879.57238
Link,home battery charger,DE0 0,low voltage,-2955594.71204
Link,home battery charger,DE0 1,home battery,2867056.03088
Link,home battery charger,DE0 1,low voltage,-2926176.80817
Link,home battery charger,DK0 0,home battery,2522776.81322
Link,home battery charger,DK0 0,low voltage,-2574798.30305
Link,home battery charger,DK1 0,home battery,1974529.54605
Link,home battery charger,DK1 0,low voltage,-2015245.77911
Link,home battery charger,EE0 0,home battery,2240283.53263
Link,home battery charger,EE0 0,low voltage,-2286479.80587
Link,home battery charger,ES0 0,home battery,3003245.31962
Link,home battery charger,ES0 0,low voltage,-3065174.41894
Link,home battery charger,ES6 0,home battery,2541044.99553
Link,home battery charger,ES6 0,low voltage,-2593443.18854
Link,home battery charger,FI1 0,home battery,2736349.08842
Link,home battery charger,FI1 0,low voltage,-2792774.59365
Link,home battery charger,FR0 0,home battery,2576310.23797
Link,home battery charger,FR0 0,low voltage,-2629435.62589
Link,home battery charger,FR5 0,home battery,2110456.47842
Link,home battery charger,FR5 0,low voltage,-2153975.62353
Link,home battery charger,GB2 0,home battery,2636348.0689
Link,home battery charger,GB2 0,low voltage,-2690711.48049
Link,home battery charger,GB3 0,home battery,2821506.59928
Link,home battery charger,GB3 0,low voltage,-2879688.11422
Link,home battery charger,GR0 0,home battery,3862633.28148
Link,home battery charger,GR0 0,low voltage,-3942283.58463
Link,home battery charger,HR0 0,home battery,1621739.28111
Link,home battery charger,HR0 0,low voltage,-1655180.72273
Link,home battery charger,HU0 0,home battery,2550056.45472
Link,home battery charger,HU0 0,low voltage,-2602640.47057
Link,home battery charger,IE3 0,home battery,3254983.93975
Link,home battery charger,IE3 0,low voltage,-3322104.07223
Link,home battery charger,IT0 0,home battery,3149834.3827
Link,home battery charger,IT0 0,low voltage,-3214786.25495
Link,home battery charger,IT4 0,home battery,2599385.97491
Link,home battery charger,IT4 0,low voltage,-2652987.20129
Link,home battery charger,LT0 0,home battery,2703338.57826
Link,home battery charger,LT0 0,low voltage,-2759083.3828
Link,home battery charger,LU0 0,home battery,1288534.40637
Link,home battery charger,LU0 0,low voltage,-1315104.92151
Link,home battery charger,LV0 0,home battery,2242574.79461
Link,home battery charger,LV0 0,low voltage,-2288818.31534
Link,home battery charger,ME0 0,home battery,1636626.68438
Link,home battery charger,ME0 0,low voltage,-1670375.11507
Link,home battery charger,MK0 0,home battery,1434556.14491
Link,home battery charger,MK0 0,low voltage,-1464137.73434
Link,home battery charger,NL0 0,home battery,2773244.80052
Link,home battery charger,NL0 0,low voltage,-2830431.12213
Link,home battery charger,NO1 0,home battery,3653947.96911
Link,home battery charger,NO1 0,low voltage,-3729295.02958
Link,home battery charger,PL0 0,home battery,2684055.3708
Link,home battery charger,PL0 0,low voltage,-2739402.5416
Link,home battery charger,PT0 0,home battery,2834506.37004
Link,home battery charger,PT0 0,low voltage,-2892955.94969
Link,home battery charger,RO0 0,home battery,2736679.43111
Link,home battery charger,RO0 0,low voltage,-2793111.74825
Link,home battery charger,RS0 0,home battery,1831725.77259
Link,home battery charger,RS0 0,low voltage,-1869497.28815
Link,home battery charger,SE1 0,home battery,2815792.97362
Link,home battery charger,SE1 0,low voltage,-2873856.66945
Link,home battery charger,SI0 0,home battery,2487292.81997
Link,home battery charger,SI0 0,low voltage,-2538582.60409
Link,home battery charger,SK0 0,home battery,2498495.90056
Link,home battery charger,SK0 0,low voltage,-2550016.70033
Link,home battery charger,XK0 0,home battery,1251992.87355
Link,home battery charger,XK0 0,low voltage,-1277809.87575
Link,home battery discharger,AL0 0,home battery,-1313649.20604
Link,home battery discharger,AL0 0,low voltage,1287108.10233
Link,home battery discharger,AT0 0,home battery,-1874776.70972
Link,home battery discharger,AT0 0,low voltage,1836898.52819
Link,home battery discharger,BA0 0,home battery,-1260202.58365
Link,home battery discharger,BA0 0,low voltage,1234741.321
Link,home battery discharger,BE0 0,home battery,-2653716.6696
Link,home battery discharger,BE0 0,low voltage,2600100.70497
Link,home battery discharger,BG0 0,home battery,-2572501.87308
Link,home battery discharger,BG0 0,low voltage,2520526.78056
Link,home battery discharger,CH0 0,home battery,-3132440.01425
Link,home battery discharger,CH0 0,low voltage,3069151.87392
Link,home battery discharger,CZ0 0,home battery,-2431446.76746
Link,home battery discharger,CZ0 0,low voltage,2382321.5668
Link,home battery discharger,DE0 0,home battery,-2895925.13509
Link,home battery discharger,DE0 0,low voltage,2837415.56571
Link,home battery discharger,DE0 1,home battery,-2867101.60119
Link,home battery discharger,DE0 1,low voltage,2809174.38545
Link,home battery discharger,DK0 0,home battery,-2522824.1619
Link,home battery discharger,DK0 0,low voltage,2471852.76297
Link,home battery discharger,DK1 0,home battery,-1974577.04288
Link,home battery discharger,DK1 0,low voltage,1934682.48515
Link,home battery discharger,EE0 0,home battery,-2240330.34743
Link,home battery discharger,EE0 0,low voltage,2195066.48259
Link,home battery discharger,ES0 0,home battery,-3003291.00591
Link,home battery discharger,ES0 0,low voltage,2942612.20543
Link,home battery discharger,ES6 0,home battery,-2541090.45361
Link,home battery discharger,ES6 0,low voltage,2489750.00064
Link,home battery discharger,FI1 0,home battery,-2736394.46432
Link,home battery discharger,FI1 0,low voltage,2681108.06902
Link,home battery discharger,FR0 0,home battery,-2576355.90375
Link,home battery discharger,FR0 0,low voltage,2524302.944
Link,home battery discharger,FR5 0,home battery,-2110502.63598
Link,home battery discharger,FR5 0,low voltage,2067861.82358
Link,home battery discharger,GB2 0,home battery,-2636393.67036
Link,home battery discharger,GB2 0,low voltage,2583127.7014
Link,home battery discharger,GB3 0,home battery,-2821552.46931
Link,home battery discharger,GB3 0,low voltage,2764545.53292
Link,home battery discharger,GR0 0,home battery,-3862679.77308
Link,home battery discharger,GR0 0,low voltage,3784637.79352
Link,home battery discharger,HR0 0,home battery,-1621786.91697
Link,home battery discharger,HR0 0,low voltage,1589020.16724
Link,home battery discharger,HU0 0,home battery,-2550102.1306
Link,home battery discharger,HU0 0,low voltage,2498579.60478
Link,home battery discharger,IE3 0,home battery,-3255030.63826
Link,home battery discharger,IE3 0,low voltage,3189265.66434
Link,home battery discharger,IT0 0,home battery,-3149880.01967
Link,home battery discharger,IT0 0,low voltage,3086239.51967
Link,home battery discharger,IT4 0,home battery,-2599432.70345
Link,home battery discharger,IT4 0,low voltage,2546913.49767
Link,home battery discharger,LT0 0,home battery,-2703384.21886
Link,home battery discharger,LT0 0,low voltage,2648764.76596
Link,home battery discharger,LU0 0,home battery,-1288582.6294
Link,home battery discharger,LU0 0,low voltage,1262547.97337
Link,home battery discharger,LV0 0,home battery,-2242621.91746
Link,home battery discharger,LV0 0,low voltage,2197311.7535
Link,home battery discharger,ME0 0,home battery,-1636674.36434
Link,home battery discharger,ME0 0,low voltage,1603606.82709
Link,home battery discharger,MK0 0,home battery,-1434604.59516
Link,home battery discharger,MK0 0,low voltage,1405619.69632
Link,home battery discharger,NL0 0,home battery,-2773290.44295
Link,home battery discharger,NL0 0,low voltage,2717258.59751
Link,home battery discharger,NO1 0,home battery,-3653993.71475
Link,home battery discharger,NO1 0,low voltage,3580168.04979
Link,home battery discharger,PL0 0,home battery,-2684102.30009
Link,home battery discharger,PL0 0,low voltage,2629872.42106
Link,home battery discharger,PT0 0,home battery,-2834552.79107
Link,home battery discharger,PT0 0,low voltage,2777283.19484
Link,home battery discharger,RO0 0,home battery,-2736724.91984
Link,home battery discharger,RO0 0,low voltage,2681431.84798
Link,home battery discharger,RS0 0,home battery,-1831774.2132
Link,home battery discharger,RS0 0,low voltage,1794764.85853
Link,home battery discharger,SE1 0,home battery,-2815838.42769
Link,home battery discharger,SE1 0,low voltage,2758946.93838
Link,home battery discharger,SI0 0,home battery,-2487338.37159
Link,home battery discharger,SI0 0,low voltage,2437083.93122
Link,home battery discharger,SK0 0,home battery,-2498541.46984
Link,home battery discharger,SK0 0,low voltage,2448060.68092
Link,home battery discharger,XK0 0,home battery,-1252040.92741
Link,home battery discharger,XK0 0,low voltage,1226744.5637
Link,industry methanol,EU,co2,2167252.69186
Link,industry methanol,EU,industry methanol,8738579.57886
Link,industry methanol,EU,methanol,-8738579.57886
Link,kerosene for aviation,EU,co2,142843392.97955
Link,kerosene for aviation,EU,kerosene for aviation,555594682.92318
Link,kerosene for aviation,EU,oil,-555594682.92318
Link,methanolisation,AL0 0,AC,-465554.00523
Link,methanolisation,AL0 0,H2,-1955411.59339
Link,methanolisation,AL0 0,urban central heat,42957.19669
Link,methanolisation,AT0 0,AC,-194414.92348
Link,methanolisation,AT0 0,H2,-816578.07907
Link,methanolisation,AT0 0,urban central heat,17938.88574
Link,methanolisation,BA0 0,AC,-286027.17361
Link,methanolisation,BA0 0,H2,-1201366.21102
Link,methanolisation,BA0 0,urban central heat,26392.05209
Link,methanolisation,BE0 0,AC,-216212.93706
Link,methanolisation,BE0 0,H2,-908133.70527
Link,methanolisation,BE0 0,urban central heat,19950.21321
Link,methanolisation,BG0 0,AC,-363343.16924
Link,methanolisation,BG0 0,H2,-1526107.47094
Link,methanolisation,BG0 0,urban central heat,33526.0868
Link,methanolisation,CH0 0,AC,-831515.95979
Link,methanolisation,CH0 0,H2,-3492518.43949
Link,methanolisation,CH0 0,urban central heat,76724.92178
Link,methanolisation,CZ0 0,AC,-121624.51308
Link,methanolisation,CZ0 0,H2,-510845.1012
Link,methanolisation,CZ0 0,urban central heat,11222.43192
Link,methanolisation,DE0 0,AC,-133809.03616
Link,methanolisation,DE0 0,H2,-562022.31677
Link,methanolisation,DE0 0,urban central heat,12346.7117
Link,methanolisation,DE0 1,AC,-134037.84235
Link,methanolisation,DE0 1,H2,-562983.34444
Link,methanolisation,DE0 1,urban central heat,12367.82391
Link,methanolisation,DK0 0,AC,-459053.72422
Link,methanolisation,DK0 0,H2,-1928109.22954
Link,methanolisation,DK0 0,urban central heat,42357.40838
Link,methanolisation,DK1 0,AC,-410101.07944
Link,methanolisation,DK1 0,H2,-1722499.20779
Link,methanolisation,DK1 0,urban central heat,37840.49226
Link,methanolisation,EE0 0,AC,-250778.89977
Link,methanolisation,EE0 0,H2,-1053317.04266
Link,methanolisation,EE0 0,urban central heat,23139.65384
Link,methanolisation,ES0 0,AC,-68328326.00124
Link,methanolisation,ES0 0,H2,-286991410.91701
Link,methanolisation,ES0 0,urban central heat,6304732.22577
Link,methanolisation,ES6 0,AC,-140596.76491
Link,methanolisation,ES6 0,H2,-590532.01351
Link,methanolisation,ES6 0,urban central heat,12973.02314
Link,methanolisation,EU,co2 stored,-126908270.92785
Link,methanolisation,EU,methanol,511706839.20819
Link,methanolisation,FI1 0,AC,-385373.82138
Link,methanolisation,FI1 0,H2,-1618640.22144
Link,methanolisation,FI1 0,urban central heat,35558.88008
Link,methanolisation,FR0 0,AC,-1261689.38378
Link,methanolisation,FR0 0,H2,-5299325.14933
Link,methanolisation,FR0 0,urban central heat,116417.51207
Link,methanolisation,FR5 0,AC,-3968473.53004
Link,methanolisation,FR5 0,H2,-16668311.43429
Link,methanolisation,GB2 0,AC,-45126061.27279
Link,methanolisation,GB2 0,H2,-189537674.22268
Link,methanolisation,GB2 0,urban central heat,4163832.9135
Link,methanolisation,GB3 0,AC,-910878.82102
Link,methanolisation,GB3 0,H2,-3825856.90765
Link,methanolisation,GB3 0,urban central heat,84047.8231
Link,methanolisation,GR0 0,AC,-6762205.21403
Link,methanolisation,GR0 0,H2,-28402493.20976
Link,methanolisation,GR0 0,urban central heat,623956.35347
Link,methanolisation,HR0 0,AC,-233683.5989
Link,methanolisation,HR0 0,H2,-981513.66615
Link,methanolisation,HR0 0,urban central heat,21562.25101
Link,methanolisation,HU0 0,AC,-175427.83315
Link,methanolisation,HU0 0,H2,-736828.84238
Link,methanolisation,HU0 0,urban central heat,16186.92536
Link,methanolisation,IE3 0,AC,-1953093.67437
Link,methanolisation,IE3 0,H2,-8203349.06566
Link,methanolisation,IE3 0,urban central heat,180214.17104
Link,methanolisation,IT0 0,AC,-933228.54756
Link,methanolisation,IT0 0,H2,-3919729.8287
Link,methanolisation,IT0 0,urban central heat,86110.05775
Link,methanolisation,IT4 0,AC,-186887.31593
Link,methanolisation,IT4 0,H2,-784960.7567
Link,methanolisation,IT4 0,urban central heat,17244.30485
Link,methanolisation,LT0 0,AC,-219786.58456
Link,methanolisation,LT0 0,H2,-923143.67546
Link,methanolisation,LT0 0,urban central heat,20279.95772
Link,methanolisation,LU0 0,AC,-201484.99444
Link,methanolisation,LU0 0,H2,-846273.66449
Link,methanolisation,LU0 0,urban central heat,18591.24922
Link,methanolisation,LV0 0,AC,-243449.28568
Link,methanolisation,LV0 0,H2,-1022531.32884
Link,methanolisation,LV0 0,urban central heat,22463.34202
Link,methanolisation,ME0 0,AC,-296796.14696
Link,methanolisation,ME0 0,H2,-1246597.86001
Link,methanolisation,ME0 0,urban central heat,27385.71749
Link,methanolisation,MK0 0,AC,-433461.53107
Link,methanolisation,MK0 0,H2,-1820617.3583
Link,methanolisation,MK0 0,urban central heat,39995.98766
Link,methanolisation,NL0 0,AC,-218347.67881
Link,methanolisation,NL0 0,H2,-917100.00932
Link,methanolisation,NL0 0,urban central heat,20147.18825
Link,methanolisation,NO1 0,AC,-372471.3826
Link,methanolisation,NO1 0,H2,-1564447.62919
Link,methanolisation,NO1 0,urban central heat,34368.35741
Link,methanolisation,PL0 0,AC,-133694.87035
Link,methanolisation,PL0 0,H2,-561542.79958
Link,methanolisation,PL0 0,urban central heat,12336.1775
Link,methanolisation,PT0 0,AC,-542405.64359
Link,methanolisation,PT0 0,H2,-2278202.46819
Link,methanolisation,PT0 0,urban central heat,50048.38463
Link,methanolisation,RO0 0,AC,-372026.78753
Link,methanolisation,RO0 0,H2,-1562580.24895
Link,methanolisation,RO0 0,urban central heat,34327.33412
Link,methanolisation,RS0 0,AC,-279457.37133
Link,methanolisation,RS0 0,H2,-1173771.84517
Link,methanolisation,RS0 0,urban central heat,25785.84897
Link,methanolisation,SE1 0,AC,-333630.54805
Link,methanolisation,SE1 0,H2,-1401309.05164
Link,methanolisation,SE1 0,urban central heat,30784.4695
Link,methanolisation,SI0 0,AC,-259187.05551
Link,methanolisation,SI0 0,H2,-1088632.82778
Link,methanolisation,SI0 0,urban central heat,23915.48391
Link,methanolisation,SK0 0,AC,-156872.62476
Link,methanolisation,SK0 0,H2,-658893.58847
Link,methanolisation,SK0 0,urban central heat,14474.81521
Link,methanolisation,XK0 0,AC,-352166.89703
Link,methanolisation,XK0 0,H2,-1479165.09259
Link,methanolisation,XK0 0,urban central heat,32494.83947
Link,naphtha for industry,EU,naphtha for industry,276859953.78283
Link,naphtha for industry,EU,oil,-276859953.78283
Link,naphtha for industry,EU,process emissions,10759998.2038
Link,oil refining,EU,co2,199.77895
Link,oil refining,EU,oil,14590.56417
Link,oil refining,EU,oil primary,-15367.61184
Link,process emissions,EU,co2,12.70823
Link,process emissions,EU,process emissions,-12.70823
Link,process emissions CC,EU,co2,6694515.16363
Link,process emissions CC,EU,co2 stored,127195788.10904
Link,process emissions CC,EU,process emissions,-133890303.27267
Link,residential rural air heat pump,AL0 0,low voltage,-103018.91315
Link,residential rural air heat pump,AL0 0,residential rural heat,269371.8222
Link,residential rural air heat pump,AT0 0,low voltage,-527054.92802
Link,residential rural air heat pump,AT0 0,residential rural heat,1325035.61185
Link,residential rural air heat pump,BA0 0,low voltage,-217882.43819
Link,residential rural air heat pump,BA0 0,residential rural heat,529256.77826
Link,residential rural air heat pump,BE0 0,low voltage,-107239.65964
Link,residential rural air heat pump,BE0 0,residential rural heat,269849.52148
Link,residential rural air heat pump,BG0 0,low voltage,-149168.60741
Link,residential rural air heat pump,BG0 0,residential rural heat,389868.55006
Link,residential rural air heat pump,CH0 0,low voltage,-325147.5479
Link,residential rural air heat pump,CH0 0,residential rural heat,759759.77486
Link,residential rural air heat pump,CZ0 0,low voltage,-296375.30633
Link,residential rural air heat pump,CZ0 0,residential rural heat,779508.38781
Link,residential rural air heat pump,DE0 0,low voltage,-545053.89944
Link,residential rural air heat pump,DE0 0,residential rural heat,1467521.60033
Link,residential rural air heat pump,DE0 1,low voltage,-891176.86307
Link,residential rural air heat pump,DE0 1,residential rural heat,2426327.49866
Link,residential rural air heat pump,DK0 0,low voltage,-108404.72777
Link,residential rural air heat pump,DK0 0,residential rural heat,265853.24778
Link,residential rural air heat pump,DK1 0,low voltage,-68883.08946
Link,residential rural air heat pump,DK1 0,residential rural heat,164141.84662
Link,residential rural air heat pump,EE0 0,low voltage,-124474.86783
Link,residential rural air heat pump,EE0 0,residential rural heat,281055.13352
Link,residential rural air heat pump,ES0 0,low voltage,-1171261.96868
Link,residential rural air heat pump,ES0 0,residential rural heat,3030751.03472
Link,residential rural air heat pump,ES6 0,low voltage,-15720.56372
Link,residential rural air heat pump,ES6 0,residential rural heat,44707.06818
Link,residential rural air heat pump,FI1 0,low voltage,-260452.76033
Link,residential rural air heat pump,FI1 0,residential rural heat,586963.10995
Link,residential rural air heat pump,FR0 0,low voltage,-1917953.884
Link,residential rural air heat pump,FR0 0,residential rural heat,4692679.68849
Link,residential rural air heat pump,FR5 0,low voltage,-141568.79333
Link,residential rural air heat pump,FR5 0,residential rural heat,360180.1062
Link,residential rural air heat pump,GB2 0,low voltage,-1372411.42347
Link,residential rural air heat pump,GB2 0,residential rural heat,3400909.1018
Link,residential rural air heat pump,GB3 0,low voltage,-442044.68482
Link,residential rural air heat pump,GB3 0,residential rural heat,1079728.27212
Link,residential rural air heat pump,GR0 0,low voltage,-245494.37923
Link,residential rural air heat pump,GR0 0,residential rural heat,670700.31994
Link,residential rural air heat pump,HR0 0,low voltage,-233755.98978
Link,residential rural air heat pump,HR0 0,residential rural heat,578638.92698
Link,residential rural air heat pump,HU0 0,low voltage,-303540.27696
Link,residential rural air heat pump,HU0 0,residential rural heat,771311.25389
Link,residential rural air heat pump,IE3 0,low voltage,-702008.81028
Link,residential rural air heat pump,IE3 0,residential rural heat,1722058.8815
Link,residential rural air heat pump,IT0 0,low voltage,-2168919.26676
Link,residential rural air heat pump,IT0 0,residential rural heat,5496044.72789
Link,residential rural air heat pump,IT4 0,low voltage,-418080.82086
Link,residential rural air heat pump,IT4 0,residential rural heat,1088298.13676
Link,residential rural air heat pump,LT0 0,low voltage,-124107.94835
Link,residential rural air heat pump,LT0 0,residential rural heat,287193.53512
Link,residential rural air heat pump,LU0 0,low voltage,-32929.19091
Link,residential rural air heat pump,LU0 0,residential rural heat,74969.9525
Link,residential rural air heat pump,LV0 0,low voltage,-134202.7863
Link,residential rural air heat pump,LV0 0,residential rural heat,321555.06242
Link,residential rural air heat pump,ME0 0,low voltage,-59962.84886
Link,residential rural air heat pump,ME0 0,residential rural heat,141990.72284
Link,residential rural air heat pump,MK0 0,low voltage,-98422.66411
Link,residential rural air heat pump,MK0 0,residential rural heat,236844.16788
Link,residential rural air heat pump,NL0 0,low voltage,-152427.87402
Link,residential rural air heat pump,NL0 0,residential rural heat,392933.75866
Link,residential rural air heat pump,NO1 0,low voltage,-177774.81908
Link,residential rural air heat pump,NO1 0,residential rural heat,394348.0812
Link,residential rural air heat pump,PL0 0,low voltage,-1041489.75104
Link,residential rural air heat pump,PL0 0,residential rural heat,2742861.8909
Link,residential rural air heat pump,PT0 0,low voltage,-445071.84022
Link,residential rural air heat pump,PT0 0,residential rural heat,1212626.41849
Link,residential rural air heat pump,RO0 0,low voltage,-541035.70755
Link,residential rural air heat pump,RO0 0,residential rural heat,1410272.56568
Link,residential rural air heat pump,RS0 0,low voltage,-311604.22264
Link,residential rural air heat pump,RS0 0,residential rural heat,786569.30374
Link,residential rural air heat pump,SE1 0,low voltage,-255540.182
Link,residential rural air heat pump,SE1 0,residential rural heat,584174.49582
Link,residential rural air heat pump,SI0 0,low voltage,-164782.84932
Link,residential rural air heat pump,SI0 0,residential rural heat,408547.52356
Link,residential rural air heat pump,SK0 0,low voltage,-202255.71485
Link,residential rural air heat pump,SK0 0,residential rural heat,516143.7398
Link,residential rural air heat pump,XK0 0,low voltage,-85164.48858
Link,residential rural air heat pump,XK0 0,residential rural heat,201268.3752
Link,residential rural ground heat pump,AL0 0,low voltage,-203316.31586
Link,residential rural ground heat pump,AL0 0,residential rural heat,734172.80775
Link,residential rural ground heat pump,AT0 0,low voltage,-6684446.48797
Link,residential rural ground heat pump,AT0 0,residential rural heat,21173495.2787
Link,residential rural ground heat pump,BA0 0,low voltage,-1036495.80152
Link,residential rural ground heat pump,BA0 0,residential rural heat,3534515.92438
Link,residential rural ground heat pump,BE0 0,low voltage,-820953.06396
Link,residential rural ground heat pump,BE0 0,residential rural heat,2722715.29275
Link,residential rural ground heat pump,BG0 0,low voltage,-738482.71548
Link,residential rural ground heat pump,BG0 0,residential rural heat,2587710.09511
Link,residential rural ground heat pump,CH0 0,low voltage,-2776954.25183
Link,residential rural ground heat pump,CH0 0,residential rural heat,8646390.12658
Link,residential rural ground heat pump,CZ0 0,low voltage,-4451880.53026
Link,residential rural ground heat pump,CZ0 0,residential rural heat,14311286.97105
Link,residential rural ground heat pump,DE0 0,low voltage,-12121831.01007
Link,residential rural ground heat pump,DE0 0,residential rural heat,39545301.70631
Link,residential rural ground heat pump,DE0 1,low voltage,-21030465.90685
Link,residential rural ground heat pump,DE0 1,residential rural heat,67976624.57079
Link,residential rural ground heat pump,DK0 0,low voltage,-675971.84846
Link,residential rural ground heat pump,DK0 0,residential rural heat,2122053.20058
Link,residential rural ground heat pump,DK1 0,low voltage,-279866.16211
Link,residential rural ground heat pump,DK1 0,residential rural heat,878998.17192
Link,residential rural ground heat pump,EE0 0,low voltage,-569709.8728
Link,residential rural ground heat pump,EE0 0,residential rural heat,1734525.45614
Link,residential rural ground heat pump,ES0 0,low voltage,-3019764.03667
Link,residential rural ground heat pump,ES0 0,residential rural heat,11213818.55771
Link,residential rural ground heat pump,ES6 0,low voltage,-11732.84936
Link,residential rural ground heat pump,ES6 0,residential rural heat,48851.01967
Link,residential rural ground heat pump,FI1 0,low voltage,-2435373.27909
Link,residential rural ground heat pump,FI1 0,residential rural heat,7249777.15735
Link,residential rural ground heat pump,FR0 0,low voltage,-18811630.87206
Link,residential rural ground heat pump,FR0 0,residential rural heat,64604933.74619
Link,residential rural ground heat pump,FR5 0,low voltage,-317068.0933
Link,residential rural ground heat pump,FR5 0,residential rural heat,1154252.9014
Link,residential rural ground heat pump,GB2 0,low voltage,-10803608.59612
Link,residential rural ground heat pump,GB2 0,residential rural heat,35570764.5889
Link,residential rural ground heat pump,GB3 0,low voltage,-1127363.06138
Link,residential rural ground heat pump,GB3 0,residential rural heat,3734469.30485
Link,residential rural ground heat pump,GR0 0,low voltage,-728929.17972
Link,residential rural ground heat pump,GR0 0,residential rural heat,2774737.93343
Link,residential rural ground heat pump,HR0 0,low voltage,-1645910.68212
Link,residential rural ground heat pump,HR0 0,residential rural heat,5715802.66342
Link,residential rural ground heat pump,HU0 0,low voltage,-3444373.58876
Link,residential rural ground heat pump,HU0 0,residential rural heat,11776841.28726
Link,residential rural ground heat pump,IE3 0,low voltage,-1690663.32585
Link,residential rural ground heat pump,IE3 0,residential rural heat,5674236.07451
Link,residential rural ground heat pump,IT0 0,low voltage,-15265859.91411
Link,residential rural ground heat pump,IT0 0,residential rural heat,54609892.82498
Link,residential rural ground heat pump,IT4 0,low voltage,-884427.79735
Link,residential rural ground heat pump,IT4 0,residential rural heat,3396527.74719
Link,residential rural ground heat pump,LT0 0,low voltage,-1001069.94842
Link,residential rural ground heat pump,LT0 0,residential rural heat,3107325.17552
Link,residential rural ground heat pump,LU0 0,low voltage,-70235.97001
Link,residential rural ground heat pump,LU0 0,residential rural heat,229429.10403
Link,residential rural ground heat pump,LV0 0,low voltage,-862133.54631
Link,residential rural ground heat pump,LV0 0,residential rural heat,2670486.28836
Link,residential rural ground heat pump,ME0 0,low voltage,-93717.7575
Link,residential rural ground heat pump,ME0 0,residential rural heat,318245.78242
Link,residential rural ground heat pump,MK0 0,low voltage,-304130.6783
Link,residential rural ground heat pump,MK0 0,residential rural heat,1054135.11077
Link,residential rural ground heat pump,NL0 0,low voltage,-1339164.02943
Link,residential rural ground heat pump,NL0 0,residential rural heat,4415958.40462
Link,residential rural ground heat pump,NO1 0,low voltage,-1644454.95952
Link,residential rural ground heat pump,NO1 0,residential rural heat,4828584.41935
Link,residential rural ground heat pump,PL0 0,low voltage,-19524256.39746
Link,residential rural ground heat pump,PL0 0,residential rural heat,62230549.12321
Link,residential rural ground heat pump,PT0 0,low voltage,-638560.47445
Link,residential rural ground heat pump,PT0 0,residential rural heat,2471031.89875
Link,residential rural ground heat pump,RO0 0,low voltage,-6358482.32879
Link,residential rural ground heat pump,RO0 0,residential rural heat,21390403.75819
Link,residential rural ground heat pump,RS0 0,low voltage,-2150459.08724
Link,residential rural ground heat pump,RS0 0,residential rural heat,7436458.69352
Link,residential rural ground heat pump,SE1 0,low voltage,-3108867.69871
Link,residential rural ground heat pump,SE1 0,residential rural heat,9177266.29825
Link,residential rural ground heat pump,SI0 0,low voltage,-1051108.85014
Link,residential rural ground heat pump,SI0 0,residential rural heat,3484916.90668
Link,residential rural ground heat pump,SK0 0,low voltage,-2537801.31197
Link,residential rural ground heat pump,SK0 0,residential rural heat,8223517.98316
Link,residential rural ground heat pump,XK0 0,low voltage,-240088.35165
Link,residential rural ground heat pump,XK0 0,residential rural heat,832937.43427
Link,residential urban decentral air heat pump,AL0 0,low voltage,-255386.40776
Link,residential urban decentral air heat pump,AL0 0,residential urban decentral heat,640735.26731
Link,residential urban decentral air heat pump,AT0 0,low voltage,-5879763.10461
Link,residential urban decentral air heat pump,AT0 0,residential urban decentral heat,12547661.94483
Link,residential urban decentral air heat pump,BA0 0,low voltage,-704439.54118
Link,residential urban decentral air heat pump,BA0 0,residential urban decentral heat,1607028.69956
Link,residential urban decentral air heat pump,BE0 0,low voltage,-11046804.04523
Link,residential urban decentral air heat pump,BE0 0,residential urban decentral heat,25003188.38525
Link,residential urban decentral air heat pump,BG0 0,low voltage,-1574716.10669
Link,residential urban decentral air heat pump,BG0 0,residential urban decentral heat,3671332.77941
Link,residential urban decentral air heat pump,CH0 0,low voltage,-7093171.56007
Link,residential urban decentral air heat pump,CH0 0,residential urban decentral heat,14585929.73091
Link,residential urban decentral air heat pump,CZ0 0,low voltage,-7602165.59361
Link,residential urban decentral air heat pump,CZ0 0,residential urban decentral heat,16437398.25856
Link,residential urban decentral air heat pump,DE0 0,low voltage,-49983083.87651
Link,residential urban decentral air heat pump,DE0 0,residential urban decentral heat,111859744.94693
Link,residential urban decentral air heat pump,DE0 1,low voltage,-21262751.84817
Link,residential urban decentral air heat pump,DE0 1,residential urban decentral heat,46748221.92716
Link,residential urban decentral air heat pump,DK0 0,low voltage,-4519892.26722
Link,residential urban decentral air heat pump,DK0 0,residential urban decentral heat,10168473.36677
Link,residential urban decentral air heat pump,DK1 0,low voltage,-2670185.2133
Link,residential urban decentral air heat pump,DK1 0,residential urban decentral heat,6005618.74936
Link,residential urban decentral air heat pump,EE0 0,low voltage,-973539.7762
Link,residential urban decentral air heat pump,EE0 0,residential urban decentral heat,1945737.88028
Link,residential urban decentral air heat pump,ES0 0,low voltage,-9319846.74329
Link,residential urban decentral air heat pump,ES0 0,residential urban decentral heat,23891574.21618
Link,residential urban decentral air heat pump,ES6 0,low voltage,-155238.36212
Link,residential urban decentral air heat pump,ES6 0,residential urban decentral heat,441454.06968
Link,residential urban decentral air heat pump,FI1 0,low voltage,-10015133.90804
Link,residential urban decentral air heat pump,FI1 0,residential urban decentral heat,18885282.20066
Link,residential urban decentral air heat pump,FR0 0,low voltage,-50715321.06395
Link,residential urban decentral air heat pump,FR0 0,residential urban decentral heat,118780816.27073
Link,residential urban decentral air heat pump,FR5 0,low voltage,0.0
Link,residential urban decentral air heat pump,FR5 0,residential urban decentral heat,0.0
Link,residential urban decentral air heat pump,GB2 0,low voltage,-40284232.60998
Link,residential urban decentral air heat pump,GB2 0,residential urban decentral heat,95789985.98954
Link,residential urban decentral air heat pump,GB3 0,low voltage,-451365.70608
Link,residential urban decentral air heat pump,GB3 0,residential urban decentral heat,1091369.91907
Link,residential urban decentral air heat pump,GR0 0,low voltage,-2385195.19588
Link,residential urban decentral air heat pump,GR0 0,residential urban decentral heat,6193811.2313
Link,residential urban decentral air heat pump,HR0 0,low voltage,-1527584.14966
Link,residential urban decentral air heat pump,HR0 0,residential urban decentral heat,3535578.86867
Link,residential urban decentral air heat pump,HU0 0,low voltage,-5391679.02215
Link,residential urban decentral air heat pump,HU0 0,residential urban decentral heat,12109701.01532
Link,residential urban decentral air heat pump,IE3 0,low voltage,-2332449.36444
Link,residential urban decentral air heat pump,IE3 0,residential urban decentral heat,5683314.04744
Link,residential urban decentral air heat pump,IT0 0,low voltage,-27560757.26468
Link,residential urban decentral air heat pump,IT0 0,residential urban decentral heat,67226175.47576
Link,residential urban decentral air heat pump,IT4 0,low voltage,-197914.90489
Link,residential urban decentral air heat pump,IT4 0,residential urban decentral heat,513151.89619
Link,residential urban decentral air heat pump,LT0 0,low voltage,-1499209.95864
Link,residential urban decentral air heat pump,LT0 0,residential urban decentral heat,3018777.73679
Link,residential urban decentral air heat pump,LU0 0,low voltage,-616633.27497
Link,residential urban decentral air heat pump,LU0 0,residential urban decentral heat,1352436.83798
Link,residential urban decentral air heat pump,LV0 0,low voltage,-1217042.88407
Link,residential urban decentral air heat pump,LV0 0,residential urban decentral heat,2465871.50323
Link,residential urban decentral air heat pump,ME0 0,low voltage,-147144.28935
Link,residential urban decentral air heat pump,ME0 0,residential urban decentral heat,339815.50129
Link,residential urban decentral air heat pump,MK0 0,low voltage,-334893.35972
Link,residential urban decentral air heat pump,MK0 0,residential urban decentral heat,767771.47245
Link,residential urban decentral air heat pump,NL0 0,low voltage,-14071716.63715
Link,residential urban decentral air heat pump,NL0 0,residential urban decentral heat,32331609.91381
Link,residential urban decentral air heat pump,NO1 0,low voltage,-5418768.73097
Link,residential urban decentral air heat pump,NO1 0,residential urban decentral heat,10571367.53537
Link,residential urban decentral air heat pump,PL0 0,low voltage,-18344797.97874
Link,residential urban decentral air heat pump,PL0 0,residential urban decentral heat,39245759.24852
Link,residential urban decentral air heat pump,PT0 0,low voltage,-1066890.39581
Link,residential urban decentral air heat pump,PT0 0,residential urban decentral heat,2885688.32176
Link,residential urban decentral air heat pump,RO0 0,low voltage,-5015873.97213
Link,residential urban decentral air heat pump,RO0 0,residential urban decentral heat,11054434.92175
Link,residential urban decentral air heat pump,RS0 0,low voltage,-1850022.07839
Link,residential urban decentral air heat pump,RS0 0,residential urban decentral heat,4223254.75084
Link,residential urban decentral air heat pump,SE1 0,low voltage,-14656378.9096
Link,residential urban decentral air heat pump,SE1 0,residential urban decentral heat,28351674.09666
Link,residential urban decentral air heat pump,SI0 0,low voltage,-932828.63356
Link,residential urban decentral air heat pump,SI0 0,residential urban decentral heat,2090705.84925
Link,residential urban decentral air heat pump,SK0 0,low voltage,-2259812.89219
Link,residential urban decentral air heat pump,SK0 0,residential urban decentral heat,4860591.36493
Link,residential urban decentral air heat pump,XK0 0,low voltage,-293443.18144
Link,residential urban decentral air heat pump,XK0 0,residential urban decentral heat,664100.60339
Link,services rural air heat pump,AL0 0,low voltage,-56741.81942
Link,services rural air heat pump,AL0 0,services rural heat,145017.22118
Link,services rural air heat pump,AT0 0,low voltage,-343531.31451
Link,services rural air heat pump,AT0 0,services rural heat,872370.39646
Link,services rural air heat pump,BA0 0,low voltage,-92674.27191
Link,services rural air heat pump,BA0 0,services rural heat,222393.06386
Link,services rural air heat pump,BE0 0,low voltage,-143551.76401
Link,services rural air heat pump,BE0 0,services rural heat,378527.07737
Link,services rural air heat pump,BG0 0,low voltage,-136348.71477
Link,services rural air heat pump,BG0 0,services rural heat,380202.75845
Link,services rural air heat pump,CH0 0,low voltage,-207544.70077
Link,services rural air heat pump,CH0 0,services rural heat,469722.29532
Link,services rural air heat pump,CZ0 0,low voltage,-232039.74944
Link,services rural air heat pump,CZ0 0,services rural heat,626984.34465
Link,services rural air heat pump,DE0 0,low voltage,-585931.81337
Link,services rural air heat pump,DE0 0,services rural heat,1620022.02089
Link,services rural air heat pump,DE0 1,low voltage,-691508.63893
Link,services rural air heat pump,DE0 1,services rural heat,1902998.38825
Link,services rural air heat pump,DK0 0,low voltage,-97231.73276
Link,services rural air heat pump,DK0 0,services rural heat,240554.60903
Link,services rural air heat pump,DK1 0,low voltage,-74402.8644
Link,services rural air heat pump,DK1 0,services rural heat,184717.37521
Link,services rural air heat pump,EE0 0,low voltage,-96880.46625
Link,services rural air heat pump,EE0 0,services rural heat,229508.27969
Link,services rural air heat pump,ES0 0,low voltage,-804898.33777
Link,services rural air heat pump,ES0 0,services rural heat,2267785.18965
Link,services rural air heat pump,ES6 0,low voltage,-52551.68913
Link,services rural air heat pump,ES6 0,services rural heat,165513.56387
Link,services rural air heat pump,FI1 0,low voltage,-227740.33844
Link,services rural air heat pump,FI1 0,services rural heat,533250.18815
Link,services rural air heat pump,FR0 0,low voltage,-1640503.25167
Link,services rural air heat pump,FR0 0,services rural heat,4567891.85761
Link,services rural air heat pump,FR5 0,low voltage,-78782.26393
Link,services rural air heat pump,FR5 0,services rural heat,207393.4663
Link,services rural air heat pump,GB2 0,low voltage,-764273.81053
Link,services rural air heat pump,GB2 0,services rural heat,1887955.20766
Link,services rural air heat pump,GB3 0,low voltage,-221778.44188
Link,services rural air heat pump,GB3 0,services rural heat,539025.92828
Link,services rural air heat pump,GR0 0,low voltage,-272170.90344
Link,services rural air heat pump,GR0 0,services rural heat,834288.58365
Link,services rural air heat pump,HR0 0,low voltage,-147444.97669
Link,services rural air heat pump,HR0 0,services rural heat,403854.84783
Link,services rural air heat pump,HU0 0,low voltage,-261191.78253
Link,services rural air heat pump,HU0 0,services rural heat,737841.19417
Link,services rural air heat pump,IE3 0,low voltage,-452888.1764
Link,services rural air heat pump,IE3 0,services rural heat,1131571.24157
Link,services rural air heat pump,IT0 0,low voltage,-1837131.72592
Link,services rural air heat pump,IT0 0,services rural heat,4995428.66513
Link,services rural air heat pump,IT4 0,low voltage,-248583.67678
Link,services rural air heat pump,IT4 0,services rural heat,667951.54798
Link,services rural air heat pump,LT0 0,low voltage,-88877.67094
Link,services rural air heat pump,LT0 0,services rural heat,217279.9899
Link,services rural air heat pump,LU0 0,low voltage,-44025.78169
Link,services rural air heat pump,LU0 0,services rural heat,107134.8491
Link,services rural air heat pump,LV0 0,low voltage,-115539.23161
Link,services rural air heat pump,LV0 0,services rural heat,285487.58613
Link,services rural air heat pump,ME0 0,low voltage,-10313.38558
Link,services rural air heat pump,ME0 0,services rural heat,25481.6224
Link,services rural air heat pump,MK0 0,low voltage,-50540.5333
Link,services rural air heat pump,MK0 0,services rural heat,121617.01771
Link,services rural air heat pump,NL0 0,low voltage,-307302.90579
Link,services rural air heat pump,NL0 0,services rural heat,826136.08624
Link,services rural air heat pump,NO1 0,low voltage,-199454.7533
Link,services rural air heat pump,NO1 0,services rural heat,435536.66546
Link,services rural air heat pump,PL0 0,low voltage,-783073.36063
Link,services rural air heat pump,PL0 0,services rural heat,2186770.46645
Link,services rural air heat pump,PT0 0,low voltage,-606383.40407
Link,services rural air heat pump,PT0 0,services rural heat,1681169.61028
Link,services rural air heat pump,RO0 0,low voltage,-306159.51893
Link,services rural air heat pump,RO0 0,services rural heat,873707.24359
Link,services rural air heat pump,RS0 0,low voltage,-127181.07887
Link,services rural air heat pump,RS0 0,services rural heat,319719.38894
Link,services rural air heat pump,SE1 0,low voltage,-186166.06184
Link,services rural air heat pump,SE1 0,services rural heat,428542.14823
Link,services rural air heat pump,SI0 0,low voltage,-110716.39035
Link,services rural air heat pump,SI0 0,services rural heat,281765.08005
Link,services rural air heat pump,SK0 0,low voltage,-179639.68604
Link,services rural air heat pump,SK0 0,services rural heat,461834.7591
Link,services rural air heat pump,XK0 0,low voltage,-40479.86564
Link,services rural air heat pump,XK0 0,services rural heat,96735.53903
Link,services rural ground heat pump,AL0 0,low voltage,-86555.94586
Link,services rural ground heat pump,AL0 0,services rural heat,311648.53649
Link,services rural ground heat pump,AT0 0,low voltage,-3144567.53494
Link,services rural ground heat pump,AT0 0,services rural heat,10059042.88116
Link,services rural ground heat pump,BA0 0,low voltage,-272256.13312
Link,services rural ground heat pump,BA0 0,services rural heat,928238.45617
Link,services rural ground heat pump,BE0 0,low voltage,-2196246.31965
Link,services rural ground heat pump,BE0 0,services rural heat,7557451.02469
Link,services rural ground heat pump,BG0 0,low voltage,-576029.10201
Link,services rural ground heat pump,BG0 0,services rural heat,2066534.58148
Link,services rural ground heat pump,CH0 0,low voltage,-1202656.27013
Link,services rural ground heat pump,CH0 0,services rural heat,3740323.31137
Link,services rural ground heat pump,CZ0 0,low voltage,-2654884.22596
Link,services rural ground heat pump,CZ0 0,services rural heat,8697691.03892
Link,services rural ground heat pump,DE0 0,low voltage,-8991591.28842
Link,services rural ground heat pump,DE0 0,services rural heat,29941854.66878
Link,services rural ground heat pump,DE0 1,low voltage,-10360677.82454
Link,services rural ground heat pump,DE0 1,services rural heat,33810672.83191
Link,services rural ground heat pump,DK0 0,low voltage,-1024818.64483
Link,services rural ground heat pump,DK0 0,services rural heat,3389062.53491
Link,services rural ground heat pump,DK1 0,low voltage,-542007.24841
Link,services rural ground heat pump,DK1 0,services rural heat,1820223.1804
Link,services rural ground heat pump,EE0 0,low voltage,-391717.73337
Link,services rural ground heat pump,EE0 0,services rural heat,1232346.9228
Link,services rural ground heat pump,ES0 0,low voltage,-5995650.55455
Link,services rural ground heat pump,ES0 0,services rural heat,22793126.8438
Link,services rural ground heat pump,ES6 0,low voltage,-40856.16538
Link,services rural ground heat pump,ES6 0,services rural heat,175783.54815
Link,services rural ground heat pump,FI1 0,low voltage,-2741798.39279
Link,services rural ground heat pump,FI1 0,services rural heat,8319596.29927
Link,services rural ground heat pump,FR0 0,low voltage,-14562967.21077
Link,services rural ground heat pump,FR0 0,services rural heat,51046761.69694
Link,services rural ground heat pump,FR5 0,low voltage,-125831.08216
Link,services rural ground heat pump,FR5 0,services rural heat,462748.84059
Link,services rural ground heat pump,GB2 0,low voltage,-3966584.97491
Link,services rural ground heat pump,GB2 0,services rural heat,13069090.80427
Link,services rural ground heat pump,GB3 0,low voltage,-357080.98596
Link,services rural ground heat pump,GB3 0,services rural heat,1181020.10486
Link,services rural ground heat pump,GR0 0,low voltage,-1185473.299
Link,services rural ground heat pump,GR0 0,services rural heat,4660313.84206
Link,services rural ground heat pump,HR0 0,low voltage,-771503.27566
Link,services rural ground heat pump,HR0 0,services rural heat,2763058.40951
Link,services rural ground heat pump,HU0 0,low voltage,-2312150.22529
Link,services rural ground heat pump,HU0 0,services rural heat,8140778.30179
Link,services rural ground heat pump,IE3 0,low voltage,-1036125.08595
Link,services rural ground heat pump,IE3 0,services rural heat,3502745.47965
Link,services rural ground heat pump,IT0 0,low voltage,-12444131.34959
Link,services rural ground heat pump,IT0 0,services rural heat,45172071.14684
Link,services rural ground heat pump,IT4 0,low voltage,-561142.77667
Link,services rural ground heat pump,IT4 0,services rural heat,2166318.37473
Link,services rural ground heat pump,LT0 0,low voltage,-493233.04206
Link,services rural ground heat pump,LT0 0,services rural heat,1577689.34498
Link,services rural ground heat pump,LU0 0,low voltage,-77522.95675
Link,services rural ground heat pump,LU0 0,services rural heat,257387.20006
Link,services rural ground heat pump,LV0 0,low voltage,-742523.16365
Link,services rural ground heat pump,LV0 0,services rural heat,2363469.43781
Link,services rural ground heat pump,ME0 0,low voltage,-9210.46704
Link,services rural ground heat pump,ME0 0,services rural heat,31701.99849
Link,services rural ground heat pump,MK0 0,low voltage,-95086.58759
Link,services rural ground heat pump,MK0 0,services rural heat,330712.78683
Link,services rural ground heat pump,NL0 0,low voltage,-10172416.3086
Link,services rural ground heat pump,NL0 0,services rural heat,35135239.68245
Link,services rural ground heat pump,NO1 0,low voltage,-1402105.05989
Link,services rural ground heat pump,NO1 0,services rural heat,4121654.33945
Link,services rural ground heat pump,PL0 0,low voltage,-13808467.54934
Link,services rural ground heat pump,PL0 0,services rural heat,45541191.95202
Link,services rural ground heat pump,PT0 0,low voltage,-1258172.19392
Link,services rural ground heat pump,PT0 0,services rural heat,4904883.3351
Link,services rural ground heat pump,RO0 0,low voltage,-2182465.24075
Link,services rural ground heat pump,RO0 0,services rural heat,7512756.74457
Link,services rural ground heat pump,RS0 0,low voltage,-553102.53705
Link,services rural ground heat pump,RS0 0,services rural heat,1913709.94985
Link,services rural ground heat pump,SE1 0,low voltage,-2303263.90323
Link,services rural ground heat pump,SE1 0,services rural heat,6949809.25672
Link,services rural ground heat pump,SI0 0,low voltage,-423228.23056
Link,services rural ground heat pump,SI0 0,services rural heat,1420762.46705
Link,services rural ground heat pump,SK0 0,low voltage,-1573792.26807
Link,services rural ground heat pump,SK0 0,services rural heat,5127834.68851
Link,services rural ground heat pump,XK0 0,low voltage,-60232.56012
Link,services rural ground heat pump,XK0 0,services rural heat,210187.57074
Link,services urban decentral air heat pump,AL0 0,low voltage,-98228.07226
Link,services urban decentral air heat pump,AL0 0,services urban decentral heat,237091.44063
Link,services urban decentral air heat pump,AT0 0,low voltage,-1903856.53866
Link,services urban decentral air heat pump,AT0 0,services urban decentral heat,4043480.62679
Link,services urban decentral air heat pump,BA0 0,low voltage,-193046.75805
Link,services urban decentral air heat pump,BA0 0,services urban decentral heat,436079.33854
Link,services urban decentral air heat pump,BE0 0,low voltage,-4934131.37545
Link,services urban decentral air heat pump,BE0 0,services urban decentral heat,11126751.1507
Link,services urban decentral air heat pump,BG0 0,low voltage,-589481.47244
Link,services urban decentral air heat pump,BG0 0,services urban decentral heat,1363237.59358
Link,services urban decentral air heat pump,CH0 0,low voltage,-3201332.22939
Link,services urban decentral air heat pump,CH0 0,services urban decentral heat,6529614.54329
Link,services urban decentral air heat pump,CZ0 0,low voltage,-2442069.34016
Link,services urban decentral air heat pump,CZ0 0,services urban decentral heat,5234360.78786
Link,services urban decentral air heat pump,DE0 0,low voltage,-18745294.62139
Link,services urban decentral air heat pump,DE0 0,services urban decentral heat,41613005.10467
Link,services urban decentral air heat pump,DE0 1,low voltage,-7976163.13907
Link,services urban decentral air heat pump,DE0 1,services urban decentral heat,17388447.9813
Link,services urban decentral air heat pump,DK0 0,low voltage,-1221547.78075
Link,services urban decentral air heat pump,DK0 0,services urban decentral heat,2708572.77413
Link,services urban decentral air heat pump,DK1 0,low voltage,-721503.46324
Link,services urban decentral air heat pump,DK1 0,services urban decentral heat,1598624.32134
Link,services urban decentral air heat pump,EE0 0,low voltage,-334707.72985
Link,services urban decentral air heat pump,EE0 0,services urban decentral heat,662547.21609
Link,services urban decentral air heat pump,ES0 0,low voltage,-4080904.36114
Link,services urban decentral air heat pump,ES0 0,services urban decentral heat,10350463.62472
Link,services urban decentral air heat pump,ES6 0,low voltage,-66892.10802
Link,services urban decentral air heat pump,ES6 0,services urban decentral heat,188542.72259
Link,services urban decentral air heat pump,FI1 0,low voltage,-3455683.67694
Link,services urban decentral air heat pump,FI1 0,services urban decentral heat,6447644.21367
Link,services urban decentral air heat pump,FR0 0,low voltage,-18393720.54432
Link,services urban decentral air heat pump,FR0 0,services urban decentral heat,43068538.03209
Link,services urban decentral air heat pump,FR5 0,low voltage,-2997.84099
Link,services urban decentral air heat pump,FR5 0,services urban decentral heat,8535.47226
Link,services urban decentral air heat pump,GB2 0,low voltage,-14200101.59386
Link,services urban decentral air heat pump,GB2 0,services urban decentral heat,33542327.25847
Link,services urban decentral air heat pump,GB3 0,low voltage,-158582.08474
Link,services urban decentral air heat pump,GB3 0,services urban decentral heat,380960.55311
Link,services urban decentral air heat pump,GR0 0,low voltage,-1143514.02921
Link,services urban decentral air heat pump,GR0 0,services urban decentral heat,2956851.12893
Link,services urban decentral air heat pump,HR0 0,low voltage,-336522.6816
Link,services urban decentral air heat pump,HR0 0,services urban decentral heat,787292.17431
Link,services urban decentral air heat pump,HU0 0,low voltage,-1747144.53896
Link,services urban decentral air heat pump,HU0 0,services urban decentral heat,3904678.23759
Link,services urban decentral air heat pump,IE3 0,low voltage,-967987.31041
Link,services urban decentral air heat pump,IE3 0,services urban decentral heat,2337997.26584
Link,services urban decentral air heat pump,IT0 0,low voltage,-14709079.58201
Link,services urban decentral air heat pump,IT0 0,services urban decentral heat,35562287.04927
Link,services urban decentral air heat pump,IT4 0,low voltage,-105154.8598
Link,services urban decentral air heat pump,IT4 0,services urban decentral heat,269972.79278
Link,services urban decentral air heat pump,LT0 0,low voltage,-395215.05012
Link,services urban decentral air heat pump,LT0 0,services urban decentral heat,802085.5636
Link,services urban decentral air heat pump,LU0 0,low voltage,-410504.61272
Link,services urban decentral air heat pump,LU0 0,services urban decentral heat,902228.74425
Link,services urban decentral air heat pump,LV0 0,low voltage,-478020.10682
Link,services urban decentral air heat pump,LV0 0,services urban decentral heat,948175.80205
Link,services urban decentral air heat pump,ME0 0,low voltage,-15755.77433
Link,services urban decentral air heat pump,ME0 0,services urban decentral heat,37672.08657
Link,services urban decentral air heat pump,MK0 0,low voltage,-111040.99779
Link,services urban decentral air heat pump,MK0 0,services urban decentral heat,254163.71765
Link,services urban decentral air heat pump,NL0 0,low voltage,-7640532.40635
Link,services urban decentral air heat pump,NL0 0,services urban decentral heat,17428641.0862
Link,services urban decentral air heat pump,NO1 0,low voltage,-4380111.25205
Link,services urban decentral air heat pump,NO1 0,services urban decentral heat,8503106.59506
Link,services urban decentral air heat pump,PL0 0,low voltage,-5170521.31345
Link,services urban decentral air heat pump,PL0 0,services urban decentral heat,10968308.99172
Link,services urban decentral air heat pump,PT0 0,low voltage,-1064690.70143
Link,services urban decentral air heat pump,PT0 0,services urban decentral heat,2779876.83892
Link,services urban decentral air heat pump,RO0 0,low voltage,-987218.68963
Link,services urban decentral air heat pump,RO0 0,services urban decentral heat,2185922.07263
Link,services urban decentral air heat pump,RS0 0,low voltage,-468720.76301
Link,services urban decentral air heat pump,RS0 0,services urban decentral heat,1058496.99198
Link,services urban decentral air heat pump,SE1 0,low voltage,-4359312.39218
Link,services urban decentral air heat pump,SE1 0,services urban decentral heat,8431725.62277
Link,services urban decentral air heat pump,SI0 0,low voltage,-280322.4821
Link,services urban decentral air heat pump,SI0 0,services urban decentral heat,623392.49238
Link,services urban decentral air heat pump,SK0 0,low voltage,-1225948.27573
Link,services urban decentral air heat pump,SK0 0,services urban decentral heat,2617707.76168
Link,services urban decentral air heat pump,XK0 0,low voltage,-75458.18577
Link,services urban decentral air heat pump,XK0 0,services urban decentral heat,171225.53536
Link,shipping methanol,EU,co2,124741051.42392
Link,shipping methanol,EU,methanol,-502968393.4464
Link,shipping methanol,EU,shipping methanol,502968393.4464
Link,solid biomass for industry,EU,solid biomass,-32.93808
Link,solid biomass for industry,EU,solid biomass for industry,32.93808
Link,solid biomass for industry CC,EU,co2,-289615160.42217
Link,solid biomass for industry CC,EU,co2 stored,289615160.42217
Link,solid biomass for industry CC,EU,solid biomass,-831355504.77852
Link,solid biomass for industry CC,EU,solid biomass for industry,748219954.30067
Link,urban central air heat pump,AL0 0,low voltage,-416877.64328
Link,urban central air heat pump,AL0 0,urban central heat,1356239.48971
Link,urban central air heat pump,AT0 0,low voltage,-10069143.79206
Link,urban central air heat pump,AT0 0,urban central heat,29288049.86765
Link,urban central air heat pump,BA0 0,low voltage,-1134348.43823
Link,urban central air heat pump,BA0 0,urban central heat,3434500.43561
Link,urban central air heat pump,BE0 0,low voltage,-20362224.83413
Link,urban central air heat pump,BE0 0,urban central heat,62049091.14797
Link,urban central air heat pump,BG0 0,low voltage,-2865960.33634
Link,urban central air heat pump,BG0 0,urban central heat,8914603.17464
Link,urban central air heat pump,CH0 0,low voltage,-11930655.46885
Link,urban central air heat pump,CH0 0,urban central heat,33251914.80408
Link,urban central air heat pump,CZ0 0,low voltage,-11192594.23624
Link,urban central air heat pump,CZ0 0,urban central heat,29908370.84819
Link,urban central air heat pump,DE0 0,low voltage,-81541116.31247
Link,urban central air heat pump,DE0 0,urban central heat,245876704.64302
Link,urban central air heat pump,DE0 1,low voltage,-32979320.17688
Link,urban central air heat pump,DE0 1,urban central heat,98633745.74744
Link,urban central air heat pump,DK0 0,low voltage,-4994344.25887
Link,urban central air heat pump,DK0 0,urban central heat,18332068.89391
Link,urban central air heat pump,DK1 0,low voltage,-3071204.95998
Link,urban central air heat pump,DK1 0,urban central heat,11322900.65376
Link,urban central air heat pump,EE0 0,low voltage,-1292595.48007
Link,urban central air heat pump,EE0 0,urban central heat,3556814.00388
Link,urban central air heat pump,ES0 0,low voltage,-13314540.05561
Link,urban central air heat pump,ES0 0,urban central heat,43504393.97001
Link,urban central air heat pump,ES6 0,low voltage,-207877.29523
Link,urban central air heat pump,ES6 0,urban central heat,760268.97776
Link,urban central air heat pump,FI1 0,low voltage,-14881356.60566
Link,urban central air heat pump,FI1 0,urban central heat,37944482.02273
Link,urban central air heat pump,FR0 0,low voltage,-83936364.60123
Link,urban central air heat pump,FR0 0,urban central heat,254032140.92964
Link,urban central air heat pump,GB2 0,low voltage,-59749373.11114
Link,urban central air heat pump,GB2 0,urban central heat,184758422.05511
Link,urban central air heat pump,GB3 0,low voltage,-557689.24502
Link,urban central air heat pump,GB3 0,urban central heat,1746324.91463
Link,urban central air heat pump,GR0 0,low voltage,-3775723.51411
Link,urban central air heat pump,GR0 0,urban central heat,12494183.28117
Link,urban central air heat pump,HR0 0,low voltage,-2468968.35749
Link,urban central air heat pump,HR0 0,urban central heat,7623184.48557
Link,urban central air heat pump,HU0 0,low voltage,-9440875.03615
Link,urban central air heat pump,HU0 0,urban central heat,28337259.69802
Link,urban central air heat pump,IE3 0,low voltage,-3234242.80461
Link,urban central air heat pump,IE3 0,urban central heat,10238626.50835
Link,urban central air heat pump,IT0 0,low voltage,-50012698.87639
Link,urban central air heat pump,IT0 0,urban central heat,182380631.29319
Link,urban central air heat pump,IT4 0,low voltage,-318955.50581
Link,urban central air heat pump,IT4 0,urban central heat,1236909.06242
Link,urban central air heat pump,LT0 0,low voltage,-1844880.39236
Link,urban central air heat pump,LT0 0,urban central heat,5166226.54674
Link,urban central air heat pump,LU0 0,low voltage,-1157351.64179
Link,urban central air heat pump,LU0 0,urban central heat,3425365.82467
Link,urban central air heat pump,LV0 0,low voltage,-1692671.07213
Link,urban central air heat pump,LV0 0,urban central heat,4790504.57771
Link,urban central air heat pump,ME0 0,low voltage,-177619.83982
Link,urban central air heat pump,ME0 0,urban central heat,538591.74521
Link,urban central air heat pump,MK0 0,low voltage,-534756.10257
Link,urban central air heat pump,MK0 0,urban central heat,1612778.05767
Link,urban central air heat pump,NL0 0,low voltage,-26825974.25476
Link,urban central air heat pump,NL0 0,urban central heat,83052224.93834
Link,urban central air heat pump,NO1 0,low voltage,-10773341.67904
Link,urban central air heat pump,NO1 0,urban central heat,29077074.60155
Link,urban central air heat pump,PL0 0,low voltage,-26121304.82705
Link,urban central air heat pump,PL0 0,urban central heat,69459881.75319
Link,urban central air heat pump,PT0 0,low voltage,-2160044.54367
Link,urban central air heat pump,PT0 0,urban central heat,7478149.62471
Link,urban central air heat pump,RO0 0,low voltage,-7909734.17882
Link,urban central air heat pump,RO0 0,urban central heat,23470123.03457
Link,urban central air heat pump,RS0 0,low voltage,-3040963.69
Link,urban central air heat pump,RS0 0,urban central heat,9255443.6015
Link,urban central air heat pump,SE1 0,low voltage,-19679103.03672
Link,urban central air heat pump,SE1 0,urban central heat,54534835.74874
Link,urban central air heat pump,SI0 0,low voltage,-1573452.40834
Link,urban central air heat pump,SI0 0,urban central heat,4701713.32563
Link,urban central air heat pump,SK0 0,low voltage,-3874123.25298
Link,urban central air heat pump,SK0 0,urban central heat,11451399.85004
Link,urban central air heat pump,XK0 0,low voltage,-437982.40568
Link,urban central air heat pump,XK0 0,urban central heat,1307929.36273
Link,waste CHP,AL0 0,AC,11.2255
Link,waste CHP,AL0 0,urban central heat,39.53555
Link,waste CHP,AT0 0,AC,13.16636
Link,waste CHP,AT0 0,urban central heat,46.37112
Link,waste CHP,BA0 0,AC,11.23964
Link,waste CHP,BA0 0,urban central heat,39.58534
Link,waste CHP,BE0 0,AC,13.20295
Link,waste CHP,BE0 0,urban central heat,46.49999
Link,waste CHP,BG0 0,AC,12.77278
Link,waste CHP,BG0 0,urban central heat,44.98495
Link,waste CHP,CH0 0,AC,13.17132
Link,waste CHP,CH0 0,urban central heat,46.38859
Link,waste CHP,CZ0 0,AC,13.10601
Link,waste CHP,CZ0 0,urban central heat,46.15859
Link,waste CHP,DE0 0,AC,12.91006
Link,waste CHP,DE0 0,urban central heat,45.46846
Link,waste CHP,DE0 1,AC,13.11052
Link,waste CHP,DE0 1,urban central heat,46.17448
Link,waste CHP,DK0 0,AC,13.02796
Link,waste CHP,DK0 0,urban central heat,45.88371
Link,waste CHP,DK1 0,AC,12.97402
Link,waste CHP,DK1 0,urban central heat,45.69371
Link,waste CHP,EE0 0,AC,11.66968
Link,waste CHP,EE0 0,urban central heat,41.0999
Link,waste CHP,ES0 0,AC,13.14449
Link,waste CHP,ES0 0,urban central heat,46.29412
Link,waste CHP,ES6 0,AC,9.81577
Link,waste CHP,ES6 0,urban central heat,34.57054
Link,waste CHP,EU,co2,584.97449
Link,waste CHP,EU,non-sequestered HVC,-2275.28002
Link,waste CHP,FI1 0,AC,13.13166
Link,waste CHP,FI1 0,urban central heat,46.24891
Link,waste CHP,FR0 0,AC,12.9881
Link,waste CHP,FR0 0,urban central heat,45.74332
Link,waste CHP,FR5 0,AC,12.43814
Link,waste CHP,GB2 0,AC,12.90579
Link,waste CHP,GB2 0,urban central heat,45.45342
Link,waste CHP,GB3 0,AC,11.33469
Link,waste CHP,GB3 0,urban central heat,39.9201
Link,waste CHP,GR0 0,AC,12.89104
Link,waste CHP,GR0 0,urban central heat,45.40148
Link,waste CHP,HR0 0,AC,12.58019
Link,waste CHP,HR0 0,urban central heat,44.30668
Link,waste CHP,HU0 0,AC,12.91227
Link,waste CHP,HU0 0,urban central heat,45.47624
Link,waste CHP,IE3 0,AC,12.99078
Link,waste CHP,IE3 0,urban central heat,45.75273
Link,waste CHP,IT0 0,AC,13.04645
Link,waste CHP,IT0 0,urban central heat,45.94883
Link,waste CHP,IT4 0,AC,9.87987
Link,waste CHP,IT4 0,urban central heat,34.79629
Link,waste CHP,LT0 0,AC,12.27956
Link,waste CHP,LT0 0,urban central heat,43.24786
Link,waste CHP,LU0 0,AC,11.03995
Link,waste CHP,LU0 0,urban central heat,38.88206
Link,waste CHP,LV0 0,AC,12.65214
Link,waste CHP,LV0 0,urban central heat,44.56009
Link,waste CHP,ME0 0,AC,9.26865
Link,waste CHP,ME0 0,urban central heat,32.64362
Link,waste CHP,MK0 0,AC,9.98648
Link,waste CHP,MK0 0,urban central heat,35.17179
Link,waste CHP,NL0 0,AC,13.08956
Link,waste CHP,NL0 0,urban central heat,46.10065
Link,waste CHP,NO1 0,AC,13.16832
Link,waste CHP,NO1 0,urban central heat,46.37805
Link,waste CHP,PL0 0,AC,13.17273
Link,waste CHP,PL0 0,urban central heat,46.39357
Link,waste CHP,PT0 0,AC,12.86696
Link,waste CHP,PT0 0,urban central heat,45.31668
Link,waste CHP,RO0 0,AC,13.04447
Link,waste CHP,RO0 0,urban central heat,45.94183
Link,waste CHP,RS0 0,AC,12.67942
Link,waste CHP,RS0 0,urban central heat,44.65617
Link,waste CHP,SE1 0,AC,13.11583
Link,waste CHP,SE1 0,urban central heat,46.19315
Link,waste CHP,SI0 0,AC,11.88921
Link,waste CHP,SI0 0,urban central heat,41.87307
Link,waste CHP,SK0 0,AC,12.91626
Link,waste CHP,SK0 0,urban central heat,45.49028
Link,waste CHP,XK0 0,AC,9.79254
Link,waste CHP,XK0 0,urban central heat,34.48873
Link,waste CHP CC,AL0 0,AC,15566.81838
Link,waste CHP CC,AL0 0,urban central heat,54825.3996
Link,waste CHP CC,AT0 0,AC,195883.07026
Link,waste CHP CC,AT0 0,urban central heat,689888.41144
Link,waste CHP CC,BA0 0,AC,23192.0754
Link,waste CHP CC,BA0 0,urban central heat,81681.09695
Link,waste CHP CC,BE0 0,AC,658393.47153
Link,waste CHP CC,BE0 0,urban central heat,2318822.27273
Link,waste CHP CC,BG0 0,AC,25473.11777
Link,waste CHP CC,BG0 0,urban central heat,89714.79121
Link,waste CHP CC,CH0 0,AC,32375.48155
Link,waste CHP CC,CH0 0,urban central heat,114024.502
Link,waste CHP CC,CZ0 0,AC,2498959.04188
Link,waste CHP CC,CZ0 0,urban central heat,8801183.69253
Link,waste CHP CC,DE0 0,AC,7541996.91887
Link,waste CHP CC,DE0 0,urban central heat,26562460.28009
Link,waste CHP CC,DE0 1,AC,4511691.13732
Link,waste CHP CC,DE0 1,urban central heat,15889905.2758
Link,waste CHP CC,DK0 0,AC,33931.55663
Link,waste CHP CC,DK0 0,urban central heat,119504.90499
Link,waste CHP CC,DK1 0,AC,39664.53885
Link,waste CHP CC,DK1 0,urban central heat,139696.12411
Link,waste CHP CC,EE0 0,AC,133547.651
Link,waste CHP CC,EE0 0,urban central heat,470346.8078
Link,waste CHP CC,ES0 0,AC,22061.50505
Link,waste CHP CC,ES0 0,urban central heat,77699.29608
Link,waste CHP CC,ES6 0,AC,6140.38215
Link,waste CHP CC,ES6 0,urban central heat,21626.05722
Link,waste CHP CC,EU,co2,3020980.07344
Link,waste CHP CC,EU,co2 stored,27188820.66098
Link,waste CHP CC,EU,non-sequestered HVC,-117502142.102
Link,waste CHP CC,FI1 0,AC,443346.23961
Link,waste CHP CC,FI1 0,urban central heat,1561438.83467
Link,waste CHP CC,FR0 0,AC,28436.38634
Link,waste CHP CC,FR0 0,urban central heat,100151.2452
Link,waste CHP CC,FR5 0,AC,11954.26612
Link,waste CHP CC,GB2 0,AC,30663.8022
Link,waste CHP CC,GB2 0,urban central heat,107996.07009
Link,waste CHP CC,GB3 0,AC,12422.32542
Link,waste CHP CC,GB3 0,urban central heat,43750.6842
Link,waste CHP CC,GR0 0,AC,22884.05155
Link,waste CHP CC,GR0 0,urban central heat,80596.25546
Link,waste CHP CC,HR0 0,AC,31021.25048
Link,waste CHP CC,HR0 0,urban central heat,109254.98149
Link,waste CHP CC,HU0 0,AC,83897.88896
Link,waste CHP CC,HU0 0,urban central heat,295483.32718
Link,waste CHP CC,IE3 0,AC,21668.11258
Link,waste CHP CC,IE3 0,urban central heat,76313.79143
Link,waste CHP CC,IT0 0,AC,28830.9082
Link,waste CHP CC,IT0 0,urban central heat,101540.72748
Link,waste CHP CC,IT4 0,AC,9039.4315
Link,waste CHP CC,IT4 0,urban central heat,31836.33497
Link,waste CHP CC,LT0 0,AC,264258.98743
Link,waste CHP CC,LT0 0,urban central heat,930704.28598
Link,waste CHP CC,LU0 0,AC,100212.22663
Link,waste CHP CC,LU0 0,urban central heat,352941.44484
Link,waste CHP CC,LV0 0,AC,223299.102
Link,waste CHP CC,LV0 0,urban central heat,786446.029
Link,waste CHP CC,ME0 0,AC,12452.33398
Link,waste CHP CC,ME0 0,urban central heat,43856.37255
Link,waste CHP CC,MK0 0,AC,17296.96847
Link,waste CHP CC,MK0 0,urban central heat,60918.88434
Link,waste CHP CC,NL0 0,AC,1466607.64305
Link,waste CHP CC,NL0 0,urban central heat,5165304.05463
Link,waste CHP CC,NO1 0,AC,53551.27372
Link,waste CHP CC,NO1 0,urban central heat,188604.37049
Link,waste CHP CC,PL0 0,AC,5542270.22858
Link,waste CHP CC,PL0 0,urban central heat,19519542.95285
Link,waste CHP CC,PT0 0,AC,19422.87267
Link,waste CHP CC,PT0 0,urban central heat,68406.19126
Link,waste CHP CC,RO0 0,AC,32545.89161
Link,waste CHP CC,RO0 0,urban central heat,114624.676
Link,waste CHP CC,RS0 0,AC,28880.13373
Link,waste CHP CC,RS0 0,urban central heat,101714.09685
Link,waste CHP CC,SE1 0,AC,618013.55178
Link,waste CHP CC,SE1 0,urban central heat,2176606.62
Link,waste CHP CC,SI0 0,AC,26887.34295
Link,waste CHP CC,SI0 0,urban central heat,94695.6074
Link,waste CHP CC,SK0 0,AC,554035.45932
Link,waste CHP CC,SK0 0,urban central heat,1951279.62001
Link,waste CHP CC,XK0 0,AC,16438.31955
Link,waste CHP CC,XK0 0,urban central heat,57894.77438
Load,H2 for industry,AL0 0,H2,-90000.0
Load,H2 for industry,AT0 0,H2,-9130000.0
Load,H2 for industry,BA0 0,H2,-720000.0
Load,H2 for industry,BE0 0,H2,-10470000.0
Load,H2 for industry,BG0 0,H2,-1620000.0
Load,H2 for industry,CH0 0,H2,-560000.0
Load,H2 for industry,CZ0 0,H2,-3620000.0
Load,H2 for industry,DE0 0,H2,-32540000.0
Load,H2 for industry,DE0 1,H2,-7840000.0
Load,H2 for industry,DK0 0,H2,0.0
Load,H2 for industry,DK1 0,H2,0.0
Load,H2 for industry,EE0 0,H2,-160000.0
Load,H2 for industry,ES0 0,H2,-6580000.0
Load,H2 for industry,ES6 0,H2,0.0
Load,H2 for industry,FI1 0,H2,-2490000.0
Load,H2 for industry,FR0 0,H2,-14630000.0
Load,H2 for industry,FR5 0,H2,0.0
Load,H2 for industry,GB2 0,H2,-8010000.0
Load,H2 for industry,GB3 0,H2,10000.0
Load,H2 for industry,GR0 0,H2,-770000.0
Load,H2 for industry,HR0 0,H2,-2840000.0
Load,H2 for industry,HU0 0,H2,-3910000.0
Load,H2 for industry,IE3 0,H2,0.0
Load,H2 for industry,IT0 0,H2,-6800000.0
Load,H2 for industry,IT4 0,H2,30000.0
Load,H2 for industry,LT0 0,H2,-6230000.0
Load,H2 for industry,LU0 0,H2,0.0
Load,H2 for industry,LV0 0,H2,0.0
Load,H2 for industry,ME0 0,H2,-20000.0
Load,H2 for industry,MK0 0,H2,-650000.0
Load,H2 for industry,NL0 0,H2,-20710000.0
Load,H2 for industry,NO1 0,H2,-4240000.0
Load,H2 for industry,PL0 0,H2,-19400000.0
Load,H2 for industry,PT0 0,H2,70000.0
Load,H2 for industry,RO0 0,H2,-5440000.0
Load,H2 for industry,RS0 0,H2,-1230000.0
Load,H2 for industry,SE1 0,H2,-2650000.0
Load,H2 for industry,SI0 0,H2,0.0
Load,H2 for industry,SK0 0,H2,-6220000.0
Load,H2 for industry,XK0 0,H2,-200000.0
Load,agriculture electricity,AL0 0,low voltage,-85798.76348
Load,agriculture electricity,AT0 0,low voltage,-714494.79218
Load,agriculture electricity,BA0 0,low voltage,-43545.30092
Load,agriculture electricity,BE0 0,low voltage,-1205990.47002
Load,agriculture electricity,BG0 0,low voltage,-230887.1039
Load,agriculture electricity,CH0 0,low voltage,0.0
Load,agriculture electricity,CZ0 0,low voltage,-709493.13383
Load,agriculture electricity,DE0 0,low voltage,-2349612.61315
Load,agriculture electricity,DE0 1,low voltage,-1372353.14023
Load,agriculture electricity,DK0 0,low voltage,-705298.73519
Load,agriculture electricity,DK1 0,low voltage,-407442.45602
Load,agriculture electricity,EE0 0,low voltage,-103098.23217
Load,agriculture electricity,ES0 0,low voltage,-3652592.73631
Load,agriculture electricity,ES6 0,low voltage,-60705.91973
Load,agriculture electricity,FI1 0,low voltage,-951485.88405
Load,agriculture electricity,FR0 0,low voltage,-5689059.88603
Load,agriculture electricity,FR5 0,low voltage,-23657.82342
Load,agriculture electricity,GB2 0,low voltage,-1312365.50001
Load,agriculture electricity,GB3 0,low voltage,-35596.06384
Load,agriculture electricity,GR0 0,low voltage,-961118.06212
Load,agriculture electricity,HR0 0,low voltage,-119437.90737
Load,agriculture electricity,HU0 0,low voltage,-741103.49213
Load,agriculture electricity,IE3 0,low voltage,-358929.60966
Load,agriculture electricity,IT0 0,low voltage,-3915329.56151
Load,agriculture electricity,IT4 0,low voltage,-99540.597
Load,agriculture electricity,LT0 0,low voltage,-142711.73871
Load,agriculture electricity,LU0 0,low voltage,-23787.06055
Load,agriculture electricity,LV0 0,low voltage,-148380.95546
Load,agriculture electricity,ME0 0,low voltage,-5456.65404
Load,agriculture electricity,MK0 0,low voltage,-23892.88991
Load,agriculture electricity,NL0 0,low voltage,-7161190.83362
Load,agriculture electricity,NO1 0,low voltage,-356330.41298
Load,agriculture electricity,PL0 0,low voltage,-1473035.8883
Load,agriculture electricity,PT0 0,low voltage,-667296.12856
Load,agriculture electricity,RO0 0,low voltage,-554892.92974
Load,agriculture electricity,RS0 0,low voltage,-168577.67396
Load,agriculture electricity,SE1 0,low voltage,-702605.47146
Load,agriculture electricity,SI0 0,low voltage,-13990.7192
Load,agriculture electricity,SK0 0,low voltage,-194501.53782
Load,agriculture electricity,XK0 0,low voltage,-40295.12016
Load,agriculture heat,AL0 0,services rural heat,-85798.76348
Load,agriculture heat,AT0 0,services rural heat,-3679919.14599
Load,agriculture heat,BA0 0,services rural heat,-43545.30092
Load,agriculture heat,BE0 0,services rural heat,-6609539.22088
Load,agriculture heat,BG0 0,services rural heat,-1344209.21661
Load,agriculture heat,CH0 0,services rural heat,0.0
Load,agriculture heat,CZ0 0,services rural heat,-4520959.97279
Load,agriculture heat,DE0 0,services rural heat,-16310449.20947
Load,agriculture heat,DE0 1,services rural heat,-9526547.51083
Load,agriculture heat,DK0 0,services rural heat,-2998001.65899
Load,agriculture heat,DK1 0,services rural heat,-1731908.90349
Load,agriculture heat,EE0 0,services rural heat,-776846.56686
Load,agriculture heat,ES0 0,services rural heat,-18904916.1813
Load,agriculture heat,ES6 0,services rural heat,-314198.81905
Load,agriculture heat,FI1 0,services rural heat,-6178480.46013
Load,agriculture heat,FR0 0,services rural heat,-30498623.46344
Load,agriculture heat,FR5 0,services rural heat,-126827.81739
Load,agriculture heat,GB2 0,services rural heat,-1312365.50001
Load,agriculture heat,GB3 0,services rural heat,-35596.06384
Load,agriculture heat,GR0 0,services rural heat,-3857312.45687
Load,agriculture heat,HR0 0,services rural heat,-1764526.9869
Load,agriculture heat,HU0 0,services rural heat,-4835912.03061
Load,agriculture heat,IE3 0,services rural heat,-1591774.945
Load,agriculture heat,IT0 0,services rural heat,-18379280.59196
Load,agriculture heat,IT4 0,services rural heat,-467261.95937
Load,agriculture heat,LT0 0,services rural heat,-893825.58993
Load,agriculture heat,LU0 0,services rural heat,-163219.81114
Load,agriculture heat,LV0 0,services rural heat,-1499504.77398
Load,agriculture heat,ME0 0,services rural heat,-5456.65404
Load,agriculture heat,MK0 0,services rural heat,-23892.88991
Load,agriculture heat,NL0 0,services rural heat,-33378547.14769
Load,agriculture heat,NO1 0,services rural heat,-356330.41298
Load,agriculture heat,PL0 0,services rural heat,-29571886.61201
Load,agriculture heat,PT0 0,services rural heat,-3041446.18069
Load,agriculture heat,RO0 0,services rural heat,-3873886.60377
Load,agriculture heat,RS0 0,services rural heat,-168577.67396
Load,agriculture heat,SE1 0,services rural heat,-4477624.51413
Load,agriculture heat,SI0 0,services rural heat,-540489.59035
Load,agriculture heat,SK0 0,services rural heat,-881956.30939
Load,agriculture heat,XK0 0,services rural heat,-40295.12016
Load,agriculture machinery electric,AL0 0,low voltage,-18385.44932
Load,agriculture machinery electric,AT0 0,low voltage,-357420.01325
Load,agriculture machinery electric,BA0 0,low voltage,-9331.13591
Load,agriculture machinery electric,BE0 0,low voltage,-664842.28052
Load,agriculture machinery electric,BG0 0,low voltage,-153340.43132
Load,agriculture machinery electric,CH0 0,low voltage,0.0
Load,agriculture machinery electric,CZ0 0,low voltage,-490237.69144
Load,agriculture machinery electric,DE0 0,low voltage,-1753990.07644
Load,agriculture machinery electric,DE0 1,low voltage,-1024464.10777
Load,agriculture machinery electric,DK0 0,low voltage,-339157.85151
Load,agriculture machinery electric,DK1 0,low voltage,-195927.34412
Load,agriculture machinery electric,EE0 0,low voltage,-94104.68592
Load,agriculture machinery electric,ES0 0,low voltage,-2345631.57277
Load,agriculture machinery electric,ES6 0,low voltage,-38984.28658
Load,agriculture machinery electric,FI1 0,low voltage,-606144.14053
Load,agriculture machinery electric,FR0 0,low voltage,-3658066.23289
Load,agriculture machinery electric,FR5 0,low voltage,-15211.98348
Load,agriculture machinery electric,GB2 0,low voltage,-281221.17857
Load,agriculture machinery electric,GB3 0,low voltage,-7627.72797
Load,agriculture machinery electric,GR0 0,low voltage,-247346.46022
Load,agriculture machinery electric,HR0 0,low voltage,-206266.73694
Load,agriculture machinery electric,HU0 0,low voltage,-532127.88798
Load,agriculture machinery electric,IE3 0,low voltage,-211292.024
Load,agriculture machinery electric,IT0 0,low voltage,-2340605.15574
Load,agriculture machinery electric,IT4 0,low voltage,-59505.90643
Load,agriculture machinery electric,LT0 0,low voltage,-81069.35815
Load,agriculture machinery electric,LU0 0,low voltage,-20614.09892
Load,agriculture machinery electric,LV0 0,low voltage,-166309.77226
Load,agriculture machinery electric,ME0 0,low voltage,-1169.28301
Load,agriculture machinery electric,MK0 0,low voltage,-5119.90498
Load,agriculture machinery electric,NL0 0,low voltage,-1650261.004
Load,agriculture machinery electric,NO1 0,low voltage,-76356.51707
Load,agriculture machinery electric,PL0 0,low voltage,-2853179.46422
Load,agriculture machinery electric,PT0 0,low voltage,-394925.50516
Load,agriculture machinery electric,RO0 0,low voltage,-440005.17139
Load,agriculture machinery electric,RS0 0,low voltage,-36123.78728
Load,agriculture machinery electric,SE1 0,low voltage,-497979.64594
Load,agriculture machinery electric,SI0 0,low voltage,-64084.0051
Load,agriculture machinery electric,SK0 0,low voltage,-91715.1756
Load,agriculture machinery electric,XK0 0,low voltage,-8634.66861
Load,agriculture machinery oil,EU,agriculture machinery oil,-51423819.35442
Load,electricity,AL0 0,low voltage,-3688128.45575
Load,electricity,AT0 0,low voltage,-31307192.84121
Load,electricity,BA0 0,low voltage,-5621455.72685
Load,electricity,BE0 0,low voltage,-36208347.64067
Load,electricity,BG0 0,low voltage,-19943566.99285
Load,electricity,CH0 0,low voltage,-27370695.6871
Load,electricity,CZ0 0,low voltage,-27415414.5278
Load,electricity,DE0 0,low voltage,-138724356.93798
Load,electricity,DE0 1,low voltage,-100676358.99621
Load,electricity,DK0 0,low voltage,-8946841.78615
Load,electricity,DK1 0,low voltage,-10699406.12813
Load,electricity,EE0 0,low voltage,-4340970.47174
Load,electricity,ES0 0,low voltage,-141033147.59372
Load,electricity,ES6 0,low voltage,-7607614.7087
Load,electricity,FI1 0,low voltage,-24636428.6686
Load,electricity,FR0 0,low voltage,-225205008.41863
Load,electricity,FR5 0,low voltage,-3974945.85382
Load,electricity,GB2 0,low voltage,-188358590.4946
Load,electricity,GB3 0,low voltage,-7920373.44187
Load,electricity,GR0 0,low voltage,-24406740.72144
Load,electricity,HR0 0,low voltage,-10221784.60559
Load,electricity,HU0 0,low voltage,-16157114.54792
Load,electricity,IE3 0,low voltage,-11048453.5268
Load,electricity,IT0 0,low voltage,-136059566.27593
Load,electricity,IT4 0,low voltage,-4770055.51228
Load,electricity,LT0 0,low voltage,-6019566.14902
Load,electricity,LU0 0,low voltage,-1840364.82962
Load,electricity,LV0 0,low voltage,-4252558.05139
Load,electricity,ME0 0,low voltage,-2208690.9719
Load,electricity,MK0 0,low voltage,-4675112.31259
Load,electricity,NL0 0,low voltage,-64048125.38123
Load,electricity,NO1 0,low voltage,-58893074.1169
Load,electricity,PL0 0,low voltage,-70995641.6039
Load,electricity,PT0 0,low voltage,-26399925.53495
Load,electricity,RO0 0,low voltage,-26416090.23154
Load,electricity,RS0 0,low voltage,-25244058.84176
Load,electricity,SE1 0,low voltage,-49094607.69077
Load,electricity,SI0 0,low voltage,-4000297.75502
Load,electricity,SK0 0,low voltage,-9517971.96242
Load,electricity,XK0 0,low voltage,-5018528.57961
Load,gas for industry,EU,gas for industry,-231370000.0
Load,industry electricity,AL0 0,low voltage,-1010000.0
Load,industry electricity,AT0 0,low voltage,-48020000.0
Load,industry electricity,BA0 0,low voltage,-4310000.0
Load,industry electricity,BE0 0,low voltage,-71500000.0
Load,industry electricity,BG0 0,low voltage,-15870000.0
Load,industry electricity,CH0 0,low voltage,-17250000.0
Load,industry electricity,CZ0 0,low voltage,-43580000.0
Load,industry electricity,DE0 0,low voltage,-237260000.0
Load,industry electricity,DE0 1,low voltage,-125770000.0
Load,industry electricity,DK0 0,low voltage,-13970000.0
Load,industry electricity,DK1 0,low voltage,-3870000.0
Load,industry electricity,EE0 0,low voltage,-3090000.0
Load,industry electricity,ES0 0,low voltage,-153800000.0
Load,industry electricity,ES6 0,low voltage,-1010000.0
Load,industry electricity,FI1 0,low voltage,-53170000.0
Load,industry electricity,FR0 0,low voltage,-204070000.0
Load,industry electricity,FR5 0,low voltage,-360000.0
Load,industry electricity,GB2 0,low voltage,-124100000.0
Load,industry electricity,GB3 0,low voltage,-2900000.0
Load,industry electricity,GR0 0,low voltage,-16150000.0
Load,industry electricity,HR0 0,low voltage,-8060000.0
Load,industry electricity,HU0 0,low voltage,-31290000.0
Load,industry electricity,IE3 0,low voltage,-14950000.0
Load,industry electricity,IT0 0,low voltage,-177130000.0
Load,industry electricity,IT4 0,low voltage,-6910000.0
Load,industry electricity,LT0 0,low voltage,-4100000.0
Load,industry electricity,LU0 0,low voltage,-4530000.0
Load,industry electricity,LV0 0,low voltage,-4320000.0
Load,industry electricity,ME0 0,low voltage,-770000.0
Load,industry electricity,MK0 0,low voltage,-2200000.0
Load,industry electricity,NL0 0,low voltage,-86050000.0
Load,industry electricity,NO1 0,low voltage,-35350000.0
Load,industry electricity,PL0 0,low voltage,-93710000.0
Load,industry electricity,PT0 0,low voltage,-28960000.0
Load,industry electricity,RO0 0,low voltage,-39060000.0
Load,industry electricity,RS0 0,low voltage,-9820000.0
Load,industry electricity,SE1 0,low voltage,-53670000.0
Load,industry electricity,SI0 0,low voltage,-8110000.0
Load,industry electricity,SK0 0,low voltage,-18090000.0
Load,industry electricity,XK0 0,low voltage,-1270000.0
Load,industry methanol,EU,industry methanol,-8740000.0
Load,kerosene for aviation,EU,kerosene for aviation,-743906976.62384
Load,land transport EV,AL0 0,EV battery,-2065783.08993
Load,land transport EV,AT0 0,EV battery,-21937529.81597
Load,land transport EV,BA0 0,EV battery,-3451087.27114
Load,land transport EV,BE0 0,EV battery,-29297109.36508
Load,land transport EV,BG0 0,EV battery,-8181528.17808
Load,land transport EV,CH0 0,EV battery,-12947431.59825
Load,land transport EV,CZ0 0,EV battery,-20701638.11463
Load,land transport EV,DE0 0,EV battery,-105879331.27049
Load,land transport EV,DE0 1,EV battery,-61926835.31112
Load,land transport EV,DK0 0,EV battery,-8670526.68719
Load,land transport EV,DK1 0,EV battery,-5005803.81196
Load,land transport EV,EE0 0,EV battery,-2457985.82986
Load,land transport EV,ES0 0,EV battery,-80888491.17308
Load,land transport EV,ES6 0,EV battery,-1318871.89051
Load,land transport EV,FI1 0,EV battery,-13578014.03547
Load,land transport EV,FR0 0,EV battery,-135122133.70225
Load,land transport EV,FR5 0,EV battery,-552774.60524
Load,land transport EV,GB2 0,EV battery,-101285209.81227
Load,land transport EV,GB3 0,EV battery,-2742750.28029
Load,land transport EV,GR0 0,EV battery,-15633373.38106
Load,land transport EV,HR0 0,EV battery,-6519035.05193
Load,land transport EV,HU0 0,EV battery,-14019587.53452
Load,land transport EV,IE3 0,EV battery,-10939556.90996
Load,land transport EV,IT0 0,EV battery,-104566903.94371
Load,land transport EV,IT4 0,EV battery,-2611729.35423
Load,land transport EV,LT0 0,EV battery,-6895903.77038
Load,land transport EV,LU0 0,EV battery,-3076474.33027
Load,land transport EV,LV0 0,EV battery,-3281618.21923
Load,land transport EV,ME0 0,EV battery,-693838.59121
Load,land transport EV,MK0 0,EV battery,-1978837.49092
Load,land transport EV,NL0 0,EV battery,-36084052.35319
Load,land transport EV,NO1 0,EV battery,-9295337.60282
Load,land transport EV,PL0 0,EV battery,-64121892.19059
Load,land transport EV,PT0 0,EV battery,-19447466.53214
Load,land transport EV,RO0 0,EV battery,-20407576.75639
Load,land transport EV,RS0 0,EV battery,-5902565.28072
Load,land transport EV,SE1 0,EV battery,-21150381.43059
Load,land transport EV,SI0 0,EV battery,-5781916.66473
Load,land transport EV,SK0 0,EV battery,-8955376.97818
Load,land transport EV,XK0 0,EV battery,-1117190.1877
Load,low-temperature heat for industry,AL0 0,urban central heat,-40000.0
Load,low-temperature heat for industry,AT0 0,urban central heat,-1470000.0
Load,low-temperature heat for industry,BA0 0,urban central heat,-100000.0
Load,low-temperature heat for industry,BE0 0,urban central heat,-2290000.0
Load,low-temperature heat for industry,BG0 0,urban central heat,-490000.0
Load,low-temperature heat for industry,CH0 0,urban central heat,-590000.0
Load,low-temperature heat for industry,CZ0 0,urban central heat,-1410000.0
Load,low-temperature heat for industry,DE0 0,urban central heat,-7810000.0
Load,low-temperature heat for industry,DE0 1,urban central heat,-3980000.0
Load,low-temperature heat for industry,DK0 0,urban central heat,-460000.0
Load,low-temperature heat for industry,DK1 0,urban central heat,-140000.0
Load,low-temperature heat for industry,EE0 0,urban central heat,-160000.0
Load,low-temperature heat for industry,ES0 0,urban central heat,-4800000.0
Load,low-temperature heat for industry,ES6 0,urban central heat,-40000.0
Load,low-temperature heat for industry,FI1 0,urban central heat,-1870000.0
Load,low-temperature heat for industry,FR0 0,urban central heat,-6850000.0
Load,low-temperature heat for industry,FR5 0,services urban decentral heat,-10000.0
Load,low-temperature heat for industry,GB2 0,urban central heat,-4820000.0
Load,low-temperature heat for industry,GB3 0,urban central heat,-110000.0
Load,low-temperature heat for industry,GR0 0,urban central heat,-530000.0
Load,low-temperature heat for industry,HR0 0,urban central heat,-360000.0
Load,low-temperature heat for industry,HU0 0,urban central heat,-1090000.0
Load,low-temperature heat for industry,IE3 0,urban central heat,-530000.0
Load,low-temperature heat for industry,IT0 0,urban central heat,-6880000.0
Load,low-temperature heat for industry,IT4 0,urban central heat,-190000.0
Load,low-temperature heat for industry,LT0 0,urban central heat,-190000.0
Load,low-temperature heat for industry,LU0 0,urban central heat,-110000.0
Load,low-temperature heat for industry,LV0 0,urban central heat,-200000.0
Load,low-temperature heat for industry,ME0 0,urban central heat,-20000.0
Load,low-temperature heat for industry,MK0 0,urban central heat,-40000.0
Load,low-temperature heat for industry,NL0 0,urban central heat,-2580000.0
Load,low-temperature heat for industry,NO1 0,urban central heat,-870000.0
Load,low-temperature heat for industry,PL0 0,urban central heat,-2870000.0
Load,low-temperature heat for industry,PT0 0,urban central heat,-1200000.0
Load,low-temperature heat for industry,RO0 0,urban central heat,-1350000.0
Load,low-temperature heat for industry,RS0 0,urban central heat,-350000.0
Load,low-temperature heat for industry,SE1 0,urban central heat,-1820000.0
Load,low-temperature heat for industry,SI0 0,urban central heat,-250000.0
Load,low-temperature heat for industry,SK0 0,urban central heat,-570000.0
Load,low-temperature heat for industry,XK0 0,urban central heat,-30000.0
Load,naphtha for industry,EU,naphtha for industry,-276860000.0
Load,process emissions,EU,process emissions,123130000.0
Load,residential rural heat,AL0 0,residential rural heat,-1013656.48029
Load,residential rural heat,AT0 0,residential rural heat,-22511495.07671
Load,residential rural heat,BA0 0,residential rural heat,-4073029.85851
Load,residential rural heat,BE0 0,residential rural heat,-2997378.26427
Load,residential rural heat,BG0 0,residential rural heat,-2988039.50833
Load,residential rural heat,CH0 0,residential rural heat,-9417362.81377
Load,residential rural heat,CZ0 0,residential rural heat,-15098049.14152
Load,residential rural heat,DE0 0,residential rural heat,-41023368.41438
Load,residential rural heat,DE0 1,residential rural heat,-70415715.70823
Load,residential rural heat,DK0 0,residential rural heat,-2393037.77711
Load,residential rural heat,DK1 0,residential rural heat,-1047688.51452
Load,residential rural heat,EE0 0,residential rural heat,-2020530.57366
Load,residential rural heat,ES0 0,residential rural heat,-14270666.60967
Load,residential rural heat,ES6 0,residential rural heat,-98872.92478
Load,residential rural heat,FI1 0,residential rural heat,-7838546.98039
Load,residential rural heat,FR0 0,residential rural heat,-69318334.49592
Load,residential rural heat,FR5 0,residential rural heat,-1523386.76343
Load,residential rural heat,GB2 0,residential rural heat,-38981690.72935
Load,residential rural heat,GB3 0,residential rural heat,-4817963.54502
Load,residential rural heat,GR0 0,residential rural heat,-3460532.27892
Load,residential rural heat,HR0 0,residential rural heat,-6304835.72086
Load,residential rural heat,HU0 0,residential rural heat,-12559001.04641
Load,residential rural heat,IE3 0,residential rural heat,-7401730.86094
Load,residential rural heat,IT0 0,residential rural heat,-60134034.74067
Load,residential rural heat,IT4 0,residential rural heat,-4499214.58596
Load,residential rural heat,LT0 0,residential rural heat,-3399413.98131
Load,residential rural heat,LU0 0,residential rural heat,-306417.4232
Load,residential rural heat,LV0 0,residential rural heat,-2997393.28366
Load,residential rural heat,ME0 0,residential rural heat,-467397.76874
Load,residential rural heat,MK0 0,residential rural heat,-1299128.00926
Load,residential rural heat,NL0 0,residential rural heat,-4814497.91171
Load,residential rural heat,NO1 0,residential rural heat,-5225636.59602
Load,residential rural heat,PL0 0,residential rural heat,-64985327.99762
Load,residential rural heat,PT0 0,residential rural heat,-3700625.53669
Load,residential rural heat,RO0 0,residential rural heat,-22816147.39623
Load,residential rural heat,RS0 0,residential rural heat,-8234096.20701
Load,residential rural heat,SE1 0,residential rural heat,-9765759.5222
Load,residential rural heat,SI0 0,residential rural heat,-3900590.29007
Load,residential rural heat,SK0 0,residential rural heat,-8747828.46656
Load,residential rural heat,XK0 0,residential rural heat,-1040800.87635
Load,residential urban decentral heat,AL0 0,residential urban decentral heat,-650242.82483
Load,residential urban decentral heat,AT0 0,residential urban decentral heat,-12559927.53289
Load,residential urban decentral heat,BA0 0,residential urban decentral heat,-1615355.13924
Load,residential urban decentral heat,BE0 0,residential urban decentral heat,-25012544.93807
Load,residential urban decentral heat,BG0 0,residential urban decentral heat,-3683632.30014
Load,residential urban decentral heat,CH0 0,residential urban decentral heat,-14601171.3061
Load,residential urban decentral heat,CZ0 0,residential urban decentral heat,-16445753.10072
Load,residential urban decentral heat,DE0 0,residential urban decentral heat,-111874153.52836
Load,residential urban decentral heat,DE0 1,residential urban decentral heat,-46761071.65939
Load,residential urban decentral heat,DK0 0,residential urban decentral heat,-10176889.91948
Load,residential urban decentral heat,DK1 0,residential urban decentral heat,-6012960.93967
Load,residential urban decentral heat,EE0 0,residential urban decentral heat,-1951226.70047
Load,residential urban decentral heat,ES0 0,residential urban decentral heat,-23924877.43089
Load,residential urban decentral heat,ES6 0,residential urban decentral heat,-452952.29287
Load,residential urban decentral heat,FI1 0,residential urban decentral heat,-18887927.21518
Load,residential urban decentral heat,FR0 0,residential urban decentral heat,-118805817.18702
Load,residential urban decentral heat,FR5 0,residential urban decentral heat,0.0
Load,residential urban decentral heat,GB2 0,residential urban decentral heat,-95802755.03116
Load,residential urban decentral heat,GB3 0,residential urban decentral heat,-1094258.59662
Load,residential urban decentral heat,GR0 0,residential urban decentral heat,-6213416.95113
Load,residential urban decentral heat,HR0 0,residential urban decentral heat,-3545697.9382
Load,residential urban decentral heat,HU0 0,residential urban decentral heat,-12121514.4434
Load,residential urban decentral heat,IE3 0,residential urban decentral heat,-5689103.39005
Load,residential urban decentral heat,IT0 0,residential urban decentral heat,-67257291.94527
Load,residential urban decentral heat,IT4 0,residential urban decentral heat,-521738.69374
Load,residential urban decentral heat,LT0 0,residential urban decentral heat,-3024095.68668
Load,residential urban decentral heat,LU0 0,residential urban decentral heat,-1355940.94854
Load,residential urban decentral heat,LV0 0,residential urban decentral heat,-2471552.86456
Load,residential urban decentral heat,ME0 0,residential urban decentral heat,-346416.98159
Load,residential urban decentral heat,MK0 0,residential urban decentral heat,-775597.71954
Load,residential urban decentral heat,NL0 0,residential urban decentral heat,-32342227.78158
Load,residential urban decentral heat,NO1 0,residential urban decentral heat,-10575244.68805
Load,residential urban decentral heat,PL0 0,residential urban decentral heat,-39257335.21109
Load,residential urban decentral heat,PT0 0,residential urban decentral heat,-2903166.63116
Load,residential urban decentral heat,RO0 0,residential urban decentral heat,-11068783.9565
Load,residential urban decentral heat,RS0 0,residential urban decentral heat,-4233711.09767
Load,residential urban decentral heat,SE1 0,residential urban decentral heat,-28358313.77033
Load,residential urban decentral heat,SI0 0,residential urban decentral heat,-2097597.22804
Load,residential urban decentral heat,SK0 0,residential urban decentral heat,-4868388.11238
Load,residential urban decentral heat,XK0 0,residential urban decentral heat,-670569.96147
Load,services rural heat,AL0 0,services rural heat,-379407.11566
Load,services rural heat,AT0 0,services rural heat,-7262600.21948
Load,services rural heat,BA0 0,services rural heat,-1114111.24374
Load,services rural heat,BE0 0,services rural heat,-1334274.37254
Load,services rural heat,BG0 0,services rural heat,-1113734.99459
Load,services rural heat,CH0 0,services rural heat,-4218912.24109
Load,services rural heat,CZ0 0,services rural heat,-4810935.8739
Load,services rural heat,DE0 0,services rural heat,-15263345.91146
Load,services rural heat,DE0 1,services rural heat,-26199199.82194
Load,services rural heat,DK0 0,services rural heat,-638214.19287
Load,services rural heat,DK1 0,services rural heat,-279414.59432
Load,services rural heat,EE0 0,services rural heat,-690407.95943
Load,services rural heat,ES0 0,services rural heat,-6189160.60538
Load,services rural heat,ES6 0,services rural heat,-42880.99693
Load,services rural heat,FI1 0,services rural heat,-2676576.1026
Load,services rural heat,FR0 0,services rural heat,-25141050.75973
Load,services rural heat,FR5 0,services rural heat,-552516.79407
Load,services rural heat,GB2 0,services rural heat,-13652427.62307
Load,services rural heat,GB3 0,services rural heat,-1687379.3147
Load,services rural heat,GR0 0,services rural heat,-1655891.86621
Load,services rural heat,HR0 0,services rural heat,-1413205.56532
Load,services rural heat,HU0 0,services rural heat,-4054774.63044
Load,services rural heat,IE3 0,services rural heat,-3047520.11841
Load,services rural heat,IT0 0,services rural heat,-31819165.42712
Load,services rural heat,IT4 0,services rural heat,-2380702.60578
Load,services rural heat,LT0 0,services rural heat,-906267.63935
Load,services rural heat,LU0 0,services rural heat,-204634.31808
Load,services rural heat,LV0 0,services rural heat,-1155242.3614
Load,services rural heat,ME0 0,services rural heat,-55116.75717
Load,services rural heat,MK0 0,services rural heat,-435252.70162
Load,services rural heat,NL0 0,services rural heat,-2595750.82078
Load,services rural heat,NO1 0,services rural heat,-4203460.57128
Load,services rural heat,PL0 0,services rural heat,-18170035.87671
Load,services rural heat,PT0 0,services rural heat,-3564151.13339
Load,services rural heat,RO0 0,services rural heat,-4525745.9865
Load,services rural heat,RS0 0,services rural heat,-2073089.39857
Load,services rural heat,SE1 0,services rural heat,-2905262.97491
Load,services rural heat,SI0 0,services rural heat,-1168678.57827
Load,services rural heat,SK0 0,services rural heat,-4715380.12163
Load,services rural heat,XK0 0,services rural heat,-272567.69102
Load,services urban decentral heat,AL0 0,services urban decentral heat,-243382.99951
Load,services urban decentral heat,AT0 0,services urban decentral heat,-4052051.28074
Load,services urban decentral heat,BA0 0,services urban decentral heat,-441854.19351
Load,services urban decentral heat,BE0 0,services urban decentral heat,-11134262.93265
Load,services urban decentral heat,BG0 0,services urban decentral heat,-1373004.00092
Load,services urban decentral heat,CH0 0,services urban decentral heat,-6541221.95096
Load,services urban decentral heat,CZ0 0,services urban decentral heat,-5240376.60919
Load,services urban decentral heat,DE0 0,services urban decentral heat,-41624419.687
Load,services urban decentral heat,DE0 1,services urban decentral heat,-17398142.5591
Load,services urban decentral heat,DK0 0,services urban decentral heat,-2714138.34251
Load,services urban decentral heat,DK1 0,services urban decentral heat,-1603634.11292
Load,services urban decentral heat,EE0 0,services urban decentral heat,-666727.07764
Load,services urban decentral heat,ES0 0,services urban decentral heat,-10376173.23239
Load,services urban decentral heat,ES6 0,services urban decentral heat,-196444.53646
Load,services urban decentral heat,FI1 0,services urban decentral heat,-6449533.91722
Load,services urban decentral heat,FR0 0,services urban decentral heat,-43089654.44959
Load,services urban decentral heat,FR5 0,services urban decentral heat,0.0
Load,services urban decentral heat,GB2 0,services urban decentral heat,-33552679.59603
Load,services urban decentral heat,GB3 0,services urban decentral heat,-383238.54127
Load,services urban decentral heat,GR0 0,services urban decentral heat,-2973168.79643
Load,services urban decentral heat,HR0 0,services urban decentral heat,-794755.05486
Load,services urban decentral heat,HU0 0,services urban decentral heat,-3913528.5574
Load,services urban decentral heat,IE3 0,services urban decentral heat,-2342378.74392
Load,services urban decentral heat,IT0 0,services urban decentral heat,-35588347.06196
Load,services urban decentral heat,IT4 0,services urban decentral heat,-276071.44403
Load,services urban decentral heat,LT0 0,services urban decentral heat,-806209.56265
Load,services urban decentral heat,LU0 0,services urban decentral heat,-905536.14237
Load,services urban decentral heat,LV0 0,services urban decentral heat,-952575.22033
Load,services urban decentral heat,ME0 0,services urban decentral heat,-40850.38896
Load,services urban decentral heat,MK0 0,services urban decentral heat,-259851.99333
Load,services urban decentral heat,NL0 0,services urban decentral heat,-17437407.98096
Load,services urban decentral heat,NO1 0,services urban decentral heat,-8506642.82925
Load,services urban decentral heat,PL0 0,services urban decentral heat,-10976434.39202
Load,services urban decentral heat,PT0 0,services urban decentral heat,-2796101.50669
Load,services urban decentral heat,RO0 0,services urban decentral heat,-2195572.44686
Load,services urban decentral heat,RS0 0,services urban decentral heat,-1065916.81376
Load,services urban decentral heat,SE1 0,services urban decentral heat,-8436451.75172
Load,services urban decentral heat,SI0 0,services urban decentral heat,-628473.32428
Load,services urban decentral heat,SK0 0,services urban decentral heat,-2624228.47193
Load,services urban decentral heat,XK0 0,services urban decentral heat,-175610.63814
Load,shipping methanol,EU,shipping methanol,-502969704.58577
Load,solid biomass for industry,EU,solid biomass for industry,-748220000.0
Load,urban central heat,AL0 0,urban central heat,-1541504.54699
Load,urban central heat,AT0 0,urban central heat,-28655663.45352
Load,urban central heat,BA0 0,urban central heat,-3548686.09899
Load,urban central heat,BE0 0,urban central heat,-62353243.57698
Load,urban central heat,BG0 0,urban central heat,-8722697.61933
Load,urban central heat,CH0 0,urban central heat,-36470628.36844
Load,urban central heat,CZ0 0,urban central heat,-37408573.74959
Load,urban central heat,DE0 0,urban central heat,-264785038.7965
Load,urban central heat,DE0 1,urban central heat,-110674644.52689
Load,urban central heat,DK0 0,urban central heat,-22237023.75193
Load,urban central heat,DK1 0,urban central heat,-13138626.46572
Load,urban central heat,EE0 0,urban central heat,-4515970.26725
Load,urban central heat,ES0 0,urban central heat,-59169312.39416
Load,urban central heat,ES6 0,urban central heat,-1120209.53061
Load,urban central heat,FI1 0,urban central heat,-43707120.45339
Load,urban central heat,FR0 0,urban central heat,-279269688.57314
Load,urban central heat,GB2 0,urban central heat,-223138124.73191
Load,urban central heat,GB3 0,urban central heat,-2548682.56285
Load,urban central heat,GR0 0,urban central heat,-15846860.41453
Load,urban central heat,HR0 0,urban central heat,-7487281.41303
Load,urban central heat,HU0 0,urban central heat,-27660449.17638
Load,urban central heat,IE3 0,urban central heat,-13854306.6811
Load,urban central heat,IT0 0,urban central heat,-177408727.28746
Load,urban central heat,IT4 0,urban central heat,-1376222.48766
Load,urban central heat,LT0 0,urban central heat,-6607276.55509
Load,urban central heat,LU0 0,urban central heat,-3901047.98182
Load,urban central heat,LV0 0,urban central heat,-5906620.94643
Load,urban central heat,ME0 0,urban central heat,-668036.21421
Load,urban central heat,MK0 0,urban central heat,-1786150.75471
Load,urban central heat,NL0 0,urban central heat,-85869871.69038
Load,urban central heat,NO1 0,urban central heat,-32916255.96735
Load,urban central heat,PL0 0,urban central heat,-86653252.56537
Load,urban central heat,PT0 0,urban central heat,-9831237.53779
Load,urban central heat,RO0 0,urban central heat,-22881014.79579
Load,urban central heat,RS0 0,urban central heat,-9141858.14722
Load,urban central heat,SE1 0,urban central heat,-63470970.52552
Load,urban central heat,SI0 0,urban central heat,-4702471.70276
Load,urban central heat,SK0 0,urban central heat,-12924763.60793
Load,urban central heat,XK0 0,urban central heat,-1459661.53433
StorageUnit,PHS,AT0 0,AC,-4349579.28286
StorageUnit,PHS,BA0 0,AC,-200459.35831
StorageUnit,PHS,BE0 0,AC,-525387.3535
StorageUnit,PHS,BG0 0,AC,-599284.30094
StorageUnit,PHS,CH0 0,AC,-3783727.64737
StorageUnit,PHS,CZ0 0,AC,-293480.80592
StorageUnit,PHS,DE0 0,AC,-1055070.50438
StorageUnit,PHS,DE0 1,AC,-955899.92649
StorageUnit,PHS,ES0 0,AC,-6876448.11895
StorageUnit,PHS,ES6 0,AC,-1042873.33177
StorageUnit,PHS,FR0 0,AC,-2560670.93324
StorageUnit,PHS,GB3 0,AC,-314490.43489
StorageUnit,PHS,GR0 0,AC,-451388.50798
StorageUnit,PHS,HR0 0,AC,-195014.71018
StorageUnit,PHS,IE3 0,AC,-259492.05603
StorageUnit,PHS,IT0 0,AC,-5241931.7501
StorageUnit,PHS,IT4 0,AC,-611935.35559
StorageUnit,PHS,LT0 0,AC,-397881.72356
StorageUnit,PHS,LU0 0,AC,-487174.3591
StorageUnit,PHS,ME0 0,AC,-201748.3339
StorageUnit,PHS,NO1 0,AC,-251520.10055
StorageUnit,PHS,PL0 0,AC,-697652.01645
StorageUnit,PHS,PT0 0,AC,-3175445.72456
StorageUnit,PHS,RS0 0,AC,-350079.44531
StorageUnit,PHS,SE1 0,AC,-96340.14989
StorageUnit,PHS,SI0 0,AC,-128851.13043
StorageUnit,PHS,SK0 0,AC,-383674.45326
StorageUnit,hydro,AL0 0,AC,5260339.14118
StorageUnit,hydro,AT0 0,AC,17603639.39515
StorageUnit,hydro,BA0 0,AC,6374928.5749
StorageUnit,hydro,BE0 0,AC,45378.79761
StorageUnit,hydro,BG0 0,AC,3370479.39582
StorageUnit,hydro,CH0 0,AC,22959652.17782
StorageUnit,hydro,CZ0 0,AC,2256849.59875
StorageUnit,hydro,ES0 0,AC,29246598.15884
StorageUnit,hydro,ES6 0,AC,2834839.17496
StorageUnit,hydro,FI1 0,AC,4949048.68443
StorageUnit,hydro,FR0 0,AC,25833458.82209
StorageUnit,hydro,FR5 0,AC,9308932.79943
StorageUnit,hydro,GB3 0,AC,225533.35396
StorageUnit,hydro,GR0 0,AC,5421903.8187
StorageUnit,hydro,HR0 0,AC,6355044.47845
StorageUnit,hydro,HU0 0,AC,93127.8907
StorageUnit,hydro,IE3 0,AC,1643.39707
StorageUnit,hydro,IT0 0,AC,15821212.41496
StorageUnit,hydro,IT4 0,AC,359883.71993
StorageUnit,hydro,ME0 0,AC,1591024.4099
StorageUnit,hydro,MK0 0,AC,837780.11692
StorageUnit,hydro,NO1 0,AC,110646207.25673
StorageUnit,hydro,PL0 0,AC,881554.46674
StorageUnit,hydro,PT0 0,AC,4993366.22727
StorageUnit,hydro,RO0 0,AC,7472832.27526
StorageUnit,hydro,RS0 0,AC,2652671.10209
StorageUnit,hydro,SE1 0,AC,48748071.02277
StorageUnit,hydro,SI0 0,AC,2143047.71815
StorageUnit,hydro,SK0 0,AC,711145.64185
StorageUnit,hydro,XK0 0,AC,54213.21175
Store,EV battery,AL0 0,EV battery,0.0
Store,EV battery,AT0 0,EV battery,-0.0
Store,EV battery,BA0 0,EV battery,0.0
Store,EV battery,BE0 0,EV battery,-0.0
Store,EV battery,BG0 0,EV battery,0.0
Store,EV battery,CH0 0,EV battery,0.0
Store,EV battery,CZ0 0,EV battery,0.0
Store,EV battery,DE0 0,EV battery,0.0
Store,EV battery,DE0 1,EV battery,0.0
Store,EV battery,DK0 0,EV battery,-0.0
Store,EV battery,DK1 0,EV battery,0.0
Store,EV battery,EE0 0,EV battery,0.0
Store,EV battery,ES0 0,EV battery,0.0
Store,EV battery,ES6 0,EV battery,0.0
Store,EV battery,FI1 0,EV battery,-0.0
Store,EV battery,FR0 0,EV battery,0.0
Store,EV battery,FR5 0,EV battery,-0.0
Store,EV battery,GB2 0,EV battery,0.0
Store,EV battery,GB3 0,EV battery,0.0
Store,EV battery,GR0 0,EV battery,-0.0
Store,EV battery,HR0 0,EV battery,0.0
Store,EV battery,HU0 0,EV battery,0.0
Store,EV battery,IE3 0,EV battery,0.0
Store,EV battery,IT0 0,EV battery,-0.0
Store,EV battery,IT4 0,EV battery,-0.0
Store,EV battery,LT0 0,EV battery,0.0
Store,EV battery,LU0 0,EV battery,0.0
Store,EV battery,LV0 0,EV battery,-0.0
Store,EV battery,ME0 0,EV battery,-0.0
Store,EV battery,MK0 0,EV battery,0.0
Store,EV battery,NL0 0,EV battery,-0.0
Store,EV battery,NO1 0,EV battery,0.0
Store,EV battery,PL0 0,EV battery,0.0
Store,EV battery,PT0 0,EV battery,-0.0
Store,EV battery,RO0 0,EV battery,-0.0
Store,EV battery,RS0 0,EV battery,0.0
Store,EV battery,SE1 0,EV battery,0.0
Store,EV battery,SI0 0,EV battery,-0.0
Store,EV battery,SK0 0,EV battery,0.0
Store,EV battery,XK0 0,EV battery,0.0
Store,H2 Store,AT0 0,H2,0.0
Store,H2 Store,BE0 0,H2,-0.0
Store,H2 Store,BG0 0,H2,0.0
Store,H2 Store,CH0 0,H2,-0.0
Store,H2 Store,CZ0 0,H2,-0.0
Store,H2 Store,EE0 0,H2,0.0
Store,H2 Store,ES6 0,H2,0.0
Store,H2 Store,FI1 0,H2,-0.0
Store,H2 Store,FR5 0,H2,0.0
Store,H2 Store,HR0 0,H2,-0.0
Store,H2 Store,HU0 0,H2,0.0
Store,H2 Store,IE3 0,H2,0.0
Store,H2 Store,IT0 0,H2,0.0
Store,H2 Store,IT4 0,H2,0.0
Store,H2 Store,LT0 0,H2,0.0
Store,H2 Store,LU0 0,H2,-0.0
Store,H2 Store,LV0 0,H2,-0.0
Store,H2 Store,ME0 0,H2,0.0
Store,H2 Store,MK0 0,H2,0.0
Store,H2 Store,RS0 0,H2,-0.0
Store,H2 Store,SE1 0,H2,0.0
Store,H2 Store,SI0 0,H2,0.0
Store,H2 Store,SK0 0,H2,-0.0
Store,H2 Store,XK0 0,H2,-0.0
Store,battery,AL0 0,battery,-0.0
Store,battery,AT0 0,battery,-0.0
Store,battery,BA0 0,battery,-0.0
Store,battery,BE0 0,battery,0.0
Store,battery,BG0 0,battery,-0.0
Store,battery,CH0 0,battery,0.0
Store,battery,CZ0 0,battery,0.0
Store,battery,DE0 0,battery,-0.0
Store,battery,DE0 1,battery,-0.0
Store,battery,DK0 0,battery,-0.0
Store,battery,DK1 0,battery,-0.0
Store,battery,EE0 0,battery,0.0
Store,battery,ES0 0,battery,0.0
Store,battery,ES6 0,battery,-0.0
Store,battery,FI1 0,battery,0.0
Store,battery,FR0 0,battery,0.0
Store,battery,FR5 0,battery,0.0
Store,battery,GB2 0,battery,0.0
Store,battery,GB3 0,battery,0.0
Store,battery,GR0 0,battery,0.0
Store,battery,HR0 0,battery,0.0
Store,battery,HU0 0,battery,-0.0
Store,battery,IE3 0,battery,-0.0
Store,battery,IT0 0,battery,0.0
Store,battery,IT4 0,battery,-0.0
Store,battery,LT0 0,battery,-0.0
Store,battery,LU0 0,battery,0.0
Store,battery,LV0 0,battery,0.0
Store,battery,ME0 0,battery,-0.0
Store,battery,MK0 0,battery,-0.0
Store,battery,NL0 0,battery,0.0
Store,battery,NO1 0,battery,0.0
Store,battery,PL0 0,battery,-0.0
Store,battery,PT0 0,battery,-0.0
Store,battery,RO0 0,battery,-0.0
Store,battery,RS0 0,battery,0.0
Store,battery,SE1 0,battery,-0.0
Store,battery,SI0 0,battery,0.0
Store,battery,SK0 0,battery,0.0
Store,battery,XK0 0,battery,-0.0
Store,co2,EU,co2,-20.54652
Store,co2 sequestered,EU,co2 sequestered,-143828480.76638
Store,co2 stored,EU,co2 stored,0.0
Store,gas,EU,gas,0.0
Store,home battery,AL0 0,home battery,0.0
Store,home battery,AT0 0,home battery,0.0
Store,home battery,BA0 0,home battery,-0.0
Store,home battery,BE0 0,home battery,0.0
Store,home battery,BG0 0,home battery,-0.0
Store,home battery,CH0 0,home battery,0.0
Store,home battery,CZ0 0,home battery,0.0
Store,home battery,DE0 0,home battery,0.0
Store,home battery,DE0 1,home battery,-0.0
Store,home battery,DK0 0,home battery,-0.0
Store,home battery,DK1 0,home battery,0.0
Store,home battery,EE0 0,home battery,0.0
Store,home battery,ES0 0,home battery,0.0
Store,home battery,ES6 0,home battery,0.0
Store,home battery,FI1 0,home battery,-0.0
Store,home battery,FR0 0,home battery,-0.0
Store,home battery,FR5 0,home battery,-0.0
Store,home battery,GB2 0,home battery,0.0
Store,home battery,GB3 0,home battery,-0.0
Store,home battery,GR0 0,home battery,-0.0
Store,home battery,HR0 0,home battery,-0.0
Store,home battery,HU0 0,home battery,0.0
Store,home battery,IE3 0,home battery,-0.0
Store,home battery,IT0 0,home battery,-0.0
Store,home battery,IT4 0,home battery,0.0
Store,home battery,LT0 0,home battery,0.0
Store,home battery,LU0 0,home battery,0.0
Store,home battery,LV0 0,home battery,0.0
Store,home battery,ME0 0,home battery,0.0
Store,home battery,MK0 0,home battery,0.0
Store,home battery,NL0 0,home battery,-0.0
Store,home battery,NO1 0,home battery,0.0
Store,home battery,PL0 0,home battery,-0.0
Store,home battery,PT0 0,home battery,-0.0
Store,home battery,RO0 0,home battery,0.0
Store,home battery,RS0 0,home battery,-0.0
Store,home battery,SE1 0,home battery,-0.0
Store,home battery,SI0 0,home battery,0.0
Store,home battery,SK0 0,home battery,-0.0
Store,home battery,XK0 0,home battery,0.0
Store,methanol,EU,methanol,0.0
Store,non-sequestered HVC,EU,non-sequestered HVC,117504290.159
Store,oil,EU,oil,0.0
