component,carrier,location,bus_carrier,0
Generator,biogas,EU,biogas,0.0
Generator,coal,EU,coal,106061901.48328
Generator,gas,EU,gas,722090011.55683
Generator,load,AL0 0,AC,1.89765
Generator,load,AL0 0,EV battery,1.87183
Generator,load,AL0 0,H2,1.91705
Generator,load,AL0 0,battery,1.90748
Generator,load,AL0 0,home battery,1.91316
Generator,load,AL0 0,low voltage,1.90153
Generator,load,AL0 0,residential rural heat,0.0
Generator,load,AL0 0,residential urban decentral heat,0.0
Generator,load,AL0 0,services rural heat,0.0
Generator,load,AL0 0,services urban decentral heat,0.0
Generator,load,AL0 0,urban central heat,0.0
Generator,load,AT0 0,AC,1.90586
Generator,load,AT0 0,EV battery,1.92533
Generator,load,AT0 0,H2,1.9174
Generator,load,AT0 0,battery,1.91257
Generator,load,AT0 0,home battery,1.91884
Generator,load,AT0 0,low voltage,1.91105
Generator,load,AT0 0,residential rural heat,0.0
Generator,load,AT0 0,residential urban decentral heat,0.0
Generator,load,AT0 0,services rural heat,0.0
Generator,load,AT0 0,services urban decentral heat,0.0
Generator,load,AT0 0,urban central heat,0.0
Generator,load,BA0 0,AC,1.89294
Generator,load,BA0 0,EV battery,1.89439
Generator,load,BA0 0,H2,1.91711
Generator,load,BA0 0,battery,1.90486
Generator,load,BA0 0,home battery,1.91194
Generator,load,BA0 0,low voltage,1.90007
Generator,load,BA0 0,residential rural heat,0.0
Generator,load,BA0 0,residential urban decentral heat,0.0
Generator,load,BA0 0,services rural heat,0.0
Generator,load,BA0 0,services urban decentral heat,0.0
Generator,load,BA0 0,urban central heat,0.0
Generator,load,BE0 0,AC,0.0
Generator,load,BE0 0,EV battery,1.92533
Generator,load,BE0 0,H2,1.91719
Generator,load,BE0 0,battery,0.0
Generator,load,BE0 0,home battery,0.0
Generator,load,BE0 0,low voltage,0.0
Generator,load,BE0 0,residential rural heat,0.0
Generator,load,BE0 0,residential urban decentral heat,0.0
Generator,load,BE0 0,services rural heat,0.0
Generator,load,BE0 0,services urban decentral heat,0.0
Generator,load,BE0 0,urban central heat,0.0
Generator,load,BG0 0,AC,0.0
Generator,load,BG0 0,EV battery,1.91224
Generator,load,BG0 0,H2,1.9171
Generator,load,BG0 0,battery,0.0
Generator,load,BG0 0,home battery,0.0
Generator,load,BG0 0,low voltage,0.0
Generator,load,BG0 0,residential rural heat,0.0
Generator,load,BG0 0,residential urban decentral heat,0.0
Generator,load,BG0 0,services rural heat,0.0
Generator,load,BG0 0,services urban decentral heat,0.0
Generator,load,BG0 0,urban central heat,0.0
Generator,load,CH0 0,AC,0.0
Generator,load,CH0 0,EV battery,1.9178
Generator,load,CH0 0,H2,1.91752
Generator,load,CH0 0,battery,0.0
Generator,load,CH0 0,home battery,1.85086
Generator,load,CH0 0,low voltage,0.0
Generator,load,CH0 0,residential rural heat,0.0
Generator,load,CH0 0,residential urban decentral heat,0.0
Generator,load,CH0 0,services rural heat,0.0
Generator,load,CH0 0,services urban decentral heat,0.0
Generator,load,CH0 0,urban central heat,0.0
Generator,load,CZ0 0,AC,0.0
Generator,load,CZ0 0,EV battery,1.92278
Generator,load,CZ0 0,H2,1.91726
Generator,load,CZ0 0,battery,0.0
Generator,load,CZ0 0,home battery,1.85931
Generator,load,CZ0 0,low voltage,0.0
Generator,load,CZ0 0,residential rural heat,0.0
Generator,load,CZ0 0,residential urban decentral heat,0.0
Generator,load,CZ0 0,services rural heat,0.0
Generator,load,CZ0 0,services urban decentral heat,0.0
Generator,load,CZ0 0,urban central heat,0.0
Generator,load,DE0 0,AC,0.0
Generator,load,DE0 0,EV battery,1.92562
Generator,load,DE0 0,H2,1.91724
Generator,load,DE0 0,battery,0.0
Generator,load,DE0 0,home battery,0.0
Generator,load,DE0 0,low voltage,0.0
Generator,load,DE0 0,residential rural heat,0.0
Generator,load,DE0 0,residential urban decentral heat,0.0
Generator,load,DE0 0,services rural heat,0.0
Generator,load,DE0 0,services urban decentral heat,0.0
Generator,load,DE0 0,urban central heat,0.0
Generator,load,DE0 1,AC,0.0
Generator,load,DE0 1,EV battery,1.92437
Generator,load,DE0 1,H2,1.91728
Generator,load,DE0 1,battery,0.0
Generator,load,DE0 1,home battery,0.0
Generator,load,DE0 1,low voltage,0.0
Generator,load,DE0 1,residential rural heat,0.0
Generator,load,DE0 1,residential urban decentral heat,0.0
Generator,load,DE0 1,services rural heat,0.0
Generator,load,DE0 1,services urban decentral heat,0.0
Generator,load,DE0 1,urban central heat,0.0
Generator,load,DK0 0,AC,1.72742
Generator,load,DK0 0,EV battery,1.91692
Generator,load,DK0 0,H2,1.91716
Generator,load,DK0 0,battery,1.83777
Generator,load,DK0 0,home battery,1.85453
Generator,load,DK0 0,low voltage,1.76912
Generator,load,DK0 0,residential rural heat,0.0
Generator,load,DK0 0,residential urban decentral heat,0.0
Generator,load,DK0 0,services rural heat,0.0
Generator,load,DK0 0,services urban decentral heat,0.0
Generator,load,DK0 0,urban central heat,0.0
Generator,load,DK1 0,AC,1.88705
Generator,load,DK1 0,EV battery,1.90792
Generator,load,DK1 0,H2,1.91718
Generator,load,DK1 0,battery,1.90218
Generator,load,DK1 0,home battery,1.90629
Generator,load,DK1 0,low voltage,1.8928
Generator,load,DK1 0,residential rural heat,0.0
Generator,load,DK1 0,residential urban decentral heat,0.0
Generator,load,DK1 0,services rural heat,0.0
Generator,load,DK1 0,services urban decentral heat,0.0
Generator,load,DK1 0,urban central heat,0.0
Generator,load,EE0 0,AC,1.86845
Generator,load,EE0 0,EV battery,1.87941
Generator,load,EE0 0,H2,1.91725
Generator,load,EE0 0,battery,1.89462
Generator,load,EE0 0,home battery,1.89771
Generator,load,EE0 0,low voltage,1.88585
Generator,load,EE0 0,residential rural heat,0.0
Generator,load,EE0 0,residential urban decentral heat,0.0
Generator,load,EE0 0,services rural heat,0.0
Generator,load,EE0 0,services urban decentral heat,0.0
Generator,load,EE0 0,urban central heat,0.0
Generator,load,ES0 0,AC,0.0
Generator,load,ES0 0,EV battery,1.92452
Generator,load,ES0 0,H2,1.91721
Generator,load,ES0 0,battery,0.0
Generator,load,ES0 0,home battery,0.0
Generator,load,ES0 0,low voltage,0.0
Generator,load,ES0 0,residential rural heat,0.0
Generator,load,ES0 0,residential urban decentral heat,0.0
Generator,load,ES0 0,services rural heat,0.0
Generator,load,ES0 0,services urban decentral heat,0.0
Generator,load,ES0 0,urban central heat,0.0
Generator,load,ES6 0,AC,0.0
Generator,load,ES6 0,EV battery,1.81757
Generator,load,ES6 0,H2,1.91721
Generator,load,ES6 0,battery,0.0
Generator,load,ES6 0,home battery,0.0
Generator,load,ES6 0,low voltage,0.0
Generator,load,ES6 0,residential rural heat,0.0
Generator,load,ES6 0,residential urban decentral heat,0.0
Generator,load,ES6 0,services rural heat,0.0
Generator,load,ES6 0,services urban decentral heat,0.0
Generator,load,ES6 0,urban central heat,0.0
Generator,load,EU,agriculture machinery oil,2.36828
Generator,load,EU,biogas,0.0
Generator,load,EU,co2,0.0
Generator,load,EU,co2 sequestered,8.7431
Generator,load,EU,co2 stored,8.04035
Generator,load,EU,coal,0.0
Generator,load,EU,coal for industry,18.5734
Generator,load,EU,gas,0.0
Generator,load,EU,gas for industry,1.88158
Generator,load,EU,industry methanol,1.79345
Generator,load,EU,kerosene for aviation,3.3673
Generator,load,EU,land transport oil,6.30608
Generator,load,EU,methanol,1.92377
Generator,load,EU,naphtha for industry,1.00106
Generator,load,EU,non-sequestered HVC,8.56233
Generator,load,EU,none,0.0
Generator,load,EU,oil,1.93142
Generator,load,EU,oil primary,0.0
Generator,load,EU,process emissions,2.15312
Generator,load,EU,shipping methanol,1.83805
Generator,load,EU,shipping oil,1.42396
Generator,load,EU,solid biomass,1.14409
Generator,load,EU,solid biomass for industry,1.93014
Generator,load,FI1 0,AC,0.0
Generator,load,FI1 0,EV battery,1.91846
Generator,load,FI1 0,H2,1.91726
Generator,load,FI1 0,battery,0.0
Generator,load,FI1 0,home battery,0.0
Generator,load,FI1 0,low voltage,0.0
Generator,load,FI1 0,residential rural heat,0.0
Generator,load,FI1 0,residential urban decentral heat,0.0
Generator,load,FI1 0,services rural heat,0.0
Generator,load,FI1 0,services urban decentral heat,0.0
Generator,load,FI1 0,urban central heat,0.0
Generator,load,FR0 0,AC,1.68624
Generator,load,FR0 0,EV battery,1.92658
Generator,load,FR0 0,H2,1.91732
Generator,load,FR0 0,battery,1.7871
Generator,load,FR0 0,home battery,1.84834
Generator,load,FR0 0,low voltage,1.75082
Generator,load,FR0 0,residential rural heat,0.0
Generator,load,FR0 0,residential urban decentral heat,0.0
Generator,load,FR0 0,services rural heat,0.0
Generator,load,FR0 0,services urban decentral heat,0.0
Generator,load,FR0 0,urban central heat,0.0
Generator,load,FR5 0,AC,1.1933
Generator,load,FR5 0,EV battery,1.74687
Generator,load,FR5 0,H2,1.89113
Generator,load,FR5 0,battery,1.18895
Generator,load,FR5 0,home battery,1.17324
Generator,load,FR5 0,low voltage,1.17424
Generator,load,FR5 0,residential rural heat,0.0
Generator,load,FR5 0,residential urban decentral heat,0.0
Generator,load,FR5 0,services rural heat,0.0
Generator,load,FR5 0,services urban decentral heat,0.0
Generator,load,GB2 0,AC,1.6722
Generator,load,GB2 0,EV battery,1.92603
Generator,load,GB2 0,H2,1.91716
Generator,load,GB2 0,battery,1.78605
Generator,load,GB2 0,home battery,1.86155
Generator,load,GB2 0,low voltage,1.76535
Generator,load,GB2 0,residential rural heat,0.0
Generator,load,GB2 0,residential urban decentral heat,0.0
Generator,load,GB2 0,services rural heat,0.0
Generator,load,GB2 0,services urban decentral heat,0.0
Generator,load,GB2 0,urban central heat,0.0
Generator,load,GB3 0,AC,1.79457
Generator,load,GB3 0,EV battery,1.89034
Generator,load,GB3 0,H2,1.91705
Generator,load,GB3 0,battery,1.87047
Generator,load,GB3 0,home battery,1.8896
Generator,load,GB3 0,low voltage,1.84536
Generator,load,GB3 0,residential rural heat,0.0
Generator,load,GB3 0,residential urban decentral heat,0.0
Generator,load,GB3 0,services rural heat,0.0
Generator,load,GB3 0,services urban decentral heat,0.0
Generator,load,GB3 0,urban central heat,0.0
Generator,load,GR0 0,AC,1.81899
Generator,load,GR0 0,EV battery,1.92026
Generator,load,GR0 0,H2,1.91728
Generator,load,GR0 0,battery,1.80578
Generator,load,GR0 0,home battery,1.87281
Generator,load,GR0 0,low voltage,1.80108
Generator,load,GR0 0,residential rural heat,0.0
Generator,load,GR0 0,residential urban decentral heat,0.0
Generator,load,GR0 0,services rural heat,0.0
Generator,load,GR0 0,services urban decentral heat,0.0
Generator,load,GR0 0,urban central heat,0.0
Generator,load,HR0 0,AC,1.89178
Generator,load,HR0 0,EV battery,1.91118
Generator,load,HR0 0,H2,1.91719
Generator,load,HR0 0,battery,1.90378
Generator,load,HR0 0,home battery,1.90774
Generator,load,HR0 0,low voltage,1.89753
Generator,load,HR0 0,residential rural heat,0.0
Generator,load,HR0 0,residential urban decentral heat,0.0
Generator,load,HR0 0,services rural heat,0.0
Generator,load,HR0 0,services urban decentral heat,0.0
Generator,load,HR0 0,urban central heat,0.0
Generator,load,HU0 0,AC,0.0
Generator,load,HU0 0,EV battery,1.92011
Generator,load,HU0 0,H2,1.9172
Generator,load,HU0 0,battery,0.0
Generator,load,HU0 0,home battery,0.0
Generator,load,HU0 0,low voltage,0.0
Generator,load,HU0 0,residential rural heat,0.0
Generator,load,HU0 0,residential urban decentral heat,0.0
Generator,load,HU0 0,services rural heat,0.0
Generator,load,HU0 0,services urban decentral heat,0.0
Generator,load,HU0 0,urban central heat,0.0
Generator,load,IE3 0,AC,1.79168
Generator,load,IE3 0,EV battery,1.91792
Generator,load,IE3 0,H2,1.91709
Generator,load,IE3 0,battery,1.86884
Generator,load,IE3 0,home battery,1.89157
Generator,load,IE3 0,low voltage,1.84431
Generator,load,IE3 0,residential rural heat,0.0
Generator,load,IE3 0,residential urban decentral heat,0.0
Generator,load,IE3 0,services rural heat,0.0
Generator,load,IE3 0,services urban decentral heat,0.0
Generator,load,IE3 0,urban central heat,0.0
Generator,load,IT0 0,AC,0.0
Generator,load,IT0 0,EV battery,1.92569
Generator,load,IT0 0,H2,1.9183
Generator,load,IT0 0,battery,0.0
Generator,load,IT0 0,home battery,0.0
Generator,load,IT0 0,low voltage,0.0
Generator,load,IT0 0,residential rural heat,0.0
Generator,load,IT0 0,residential urban decentral heat,0.0
Generator,load,IT0 0,services rural heat,0.0
Generator,load,IT0 0,services urban decentral heat,0.0
Generator,load,IT0 0,urban central heat,0.0
Generator,load,IT4 0,AC,1.85142
Generator,load,IT4 0,EV battery,1.88868
Generator,load,IT4 0,H2,1.91764
Generator,load,IT4 0,battery,1.88794
Generator,load,IT4 0,home battery,1.89686
Generator,load,IT4 0,low voltage,1.86834
Generator,load,IT4 0,residential rural heat,0.0
Generator,load,IT4 0,residential urban decentral heat,0.0
Generator,load,IT4 0,services rural heat,0.0
Generator,load,IT4 0,services urban decentral heat,0.0
Generator,load,IT4 0,urban central heat,0.0
Generator,load,LT0 0,AC,0.0
Generator,load,LT0 0,EV battery,1.91117
Generator,load,LT0 0,H2,1.9172
Generator,load,LT0 0,battery,0.0
Generator,load,LT0 0,home battery,0.0
Generator,load,LT0 0,low voltage,0.0
Generator,load,LT0 0,residential rural heat,0.0
Generator,load,LT0 0,residential urban decentral heat,0.0
Generator,load,LT0 0,services rural heat,0.0
Generator,load,LT0 0,services urban decentral heat,0.0
Generator,load,LT0 0,urban central heat,0.0
Generator,load,LU0 0,AC,1.90268
Generator,load,LU0 0,EV battery,1.89489
Generator,load,LU0 0,H2,1.91715
Generator,load,LU0 0,battery,1.91003
Generator,load,LU0 0,home battery,1.9167
Generator,load,LU0 0,low voltage,1.90697
Generator,load,LU0 0,residential rural heat,0.0
Generator,load,LU0 0,residential urban decentral heat,0.0
Generator,load,LU0 0,services rural heat,0.0
Generator,load,LU0 0,services urban decentral heat,0.0
Generator,load,LU0 0,urban central heat,0.0
Generator,load,LV0 0,AC,1.87347
Generator,load,LV0 0,EV battery,1.89417
Generator,load,LV0 0,H2,1.9172
Generator,load,LV0 0,battery,1.89509
Generator,load,LV0 0,home battery,1.90523
Generator,load,LV0 0,low voltage,1.88803
Generator,load,LV0 0,residential rural heat,0.0
Generator,load,LV0 0,residential urban decentral heat,0.0
Generator,load,LV0 0,services rural heat,0.0
Generator,load,LV0 0,services urban decentral heat,0.0
Generator,load,LV0 0,urban central heat,0.0
Generator,load,ME0 0,AC,1.89136
Generator,load,ME0 0,EV battery,1.75982
Generator,load,ME0 0,H2,1.91722
Generator,load,ME0 0,battery,1.9026
Generator,load,ME0 0,home battery,1.90607
Generator,load,ME0 0,low voltage,1.89782
Generator,load,ME0 0,residential rural heat,0.0
Generator,load,ME0 0,residential urban decentral heat,0.0
Generator,load,ME0 0,services rural heat,0.0
Generator,load,ME0 0,services urban decentral heat,0.0
Generator,load,ME0 0,urban central heat,0.0
Generator,load,MK0 0,AC,1.89469
Generator,load,MK0 0,EV battery,1.86786
Generator,load,MK0 0,H2,1.91703
Generator,load,MK0 0,battery,1.90871
Generator,load,MK0 0,home battery,1.9138
Generator,load,MK0 0,low voltage,1.90535
Generator,load,MK0 0,residential rural heat,0.0
Generator,load,MK0 0,residential urban decentral heat,0.0
Generator,load,MK0 0,services rural heat,0.0
Generator,load,MK0 0,services urban decentral heat,0.0
Generator,load,MK0 0,urban central heat,0.0
Generator,load,NL0 0,AC,0.0
Generator,load,NL0 0,EV battery,1.92532
Generator,load,NL0 0,H2,1.91718
Generator,load,NL0 0,battery,0.0
Generator,load,NL0 0,home battery,0.0
Generator,load,NL0 0,low voltage,0.0
Generator,load,NL0 0,residential rural heat,0.0
Generator,load,NL0 0,residential urban decentral heat,0.0
Generator,load,NL0 0,services rural heat,0.0
Generator,load,NL0 0,services urban decentral heat,0.0
Generator,load,NL0 0,urban central heat,0.0
Generator,load,NO1 0,AC,1.86928
Generator,load,NO1 0,EV battery,1.91405
Generator,load,NO1 0,H2,1.91724
Generator,load,NO1 0,battery,1.86698
Generator,load,NO1 0,home battery,1.8898
Generator,load,NO1 0,low voltage,1.86449
Generator,load,NO1 0,residential rural heat,0.0
Generator,load,NO1 0,residential urban decentral heat,0.0
Generator,load,NO1 0,services rural heat,0.0
Generator,load,NO1 0,services urban decentral heat,0.0
Generator,load,NO1 0,urban central heat,0.0
Generator,load,PL0 0,AC,1.65101
Generator,load,PL0 0,EV battery,1.92677
Generator,load,PL0 0,H2,1.91728
Generator,load,PL0 0,battery,1.77167
Generator,load,PL0 0,home battery,1.858
Generator,load,PL0 0,low voltage,1.76093
Generator,load,PL0 0,residential rural heat,0.0
Generator,load,PL0 0,residential urban decentral heat,0.0
Generator,load,PL0 0,services rural heat,0.0
Generator,load,PL0 0,services urban decentral heat,0.0
Generator,load,PL0 0,urban central heat,0.0
Generator,load,PT0 0,AC,1.86866
Generator,load,PT0 0,EV battery,1.9222
Generator,load,PT0 0,H2,1.91724
Generator,load,PT0 0,battery,1.86626
Generator,load,PT0 0,home battery,1.89272
Generator,load,PT0 0,low voltage,1.8648
Generator,load,PT0 0,residential rural heat,0.0
Generator,load,PT0 0,residential urban decentral heat,0.0
Generator,load,PT0 0,services rural heat,0.0
Generator,load,PT0 0,services urban decentral heat,0.0
Generator,load,PT0 0,urban central heat,0.0
Generator,load,RO0 0,AC,0.0
Generator,load,RO0 0,EV battery,1.92261
Generator,load,RO0 0,H2,1.91711
Generator,load,RO0 0,battery,0.0
Generator,load,RO0 0,home battery,0.0
Generator,load,RO0 0,low voltage,0.0
Generator,load,RO0 0,residential rural heat,0.0
Generator,load,RO0 0,residential urban decentral heat,0.0
Generator,load,RO0 0,services rural heat,0.0
Generator,load,RO0 0,services urban decentral heat,0.0
Generator,load,RO0 0,urban central heat,0.0
Generator,load,RS0 0,AC,1.90158
Generator,load,RS0 0,EV battery,1.90636
Generator,load,RS0 0,H2,1.91708
Generator,load,RS0 0,battery,1.90578
Generator,load,RS0 0,home battery,1.91434
Generator,load,RS0 0,low voltage,1.90573
Generator,load,RS0 0,residential rural heat,0.0
Generator,load,RS0 0,residential urban decentral heat,0.0
Generator,load,RS0 0,services rural heat,0.0
Generator,load,RS0 0,services urban decentral heat,0.0
Generator,load,RS0 0,urban central heat,0.0
Generator,load,SE1 0,AC,0.0
Generator,load,SE1 0,EV battery,1.92262
Generator,load,SE1 0,H2,1.91722
Generator,load,SE1 0,battery,0.0
Generator,load,SE1 0,home battery,1.84684
Generator,load,SE1 0,low voltage,1.76037
Generator,load,SE1 0,residential rural heat,0.0
Generator,load,SE1 0,residential urban decentral heat,0.0
Generator,load,SE1 0,services rural heat,0.0
Generator,load,SE1 0,services urban decentral heat,0.0
Generator,load,SE1 0,urban central heat,0.0
Generator,load,SI0 0,AC,0.0
Generator,load,SI0 0,EV battery,1.90572
Generator,load,SI0 0,H2,1.91738
Generator,load,SI0 0,battery,0.0
Generator,load,SI0 0,home battery,0.0
Generator,load,SI0 0,low voltage,0.0
Generator,load,SI0 0,residential rural heat,0.0
Generator,load,SI0 0,residential urban decentral heat,0.0
Generator,load,SI0 0,services rural heat,0.0
Generator,load,SI0 0,services urban decentral heat,0.0
Generator,load,SI0 0,urban central heat,0.0
Generator,load,SK0 0,AC,0.0
Generator,load,SK0 0,EV battery,1.91419
Generator,load,SK0 0,H2,1.9172
Generator,load,SK0 0,battery,0.0
Generator,load,SK0 0,home battery,0.0
Generator,load,SK0 0,low voltage,0.0
Generator,load,SK0 0,residential rural heat,0.0
Generator,load,SK0 0,residential urban decentral heat,0.0
Generator,load,SK0 0,services rural heat,0.0
Generator,load,SK0 0,services urban decentral heat,0.0
Generator,load,SK0 0,urban central heat,0.0
Generator,load,XK0 0,AC,1.89543
Generator,load,XK0 0,EV battery,1.81105
Generator,load,XK0 0,H2,1.91702
Generator,load,XK0 0,battery,1.90786
Generator,load,XK0 0,home battery,1.91501
Generator,load,XK0 0,low voltage,1.90567
Generator,load,XK0 0,residential rural heat,0.0
Generator,load,XK0 0,residential urban decentral heat,0.0
Generator,load,XK0 0,services rural heat,0.0
Generator,load,XK0 0,services urban decentral heat,0.0
Generator,load,XK0 0,urban central heat,0.0
Generator,nuclear,BE0 0,AC,32919608.98832
Generator,nuclear,BG0 0,AC,10477796.85078
Generator,nuclear,CH0 0,AC,15946989.78341
Generator,nuclear,CZ0 0,AC,23891099.15012
Generator,nuclear,DE0 0,AC,96245577.69355
Generator,nuclear,DE0 1,AC,48495892.84546
Generator,nuclear,ES0 0,AC,20101740.89758
Generator,nuclear,ES6 0,AC,12800339.44401
Generator,nuclear,FI1 0,AC,29126730.34477
Generator,nuclear,FR0 0,AC,228864123.57545
Generator,nuclear,GB2 0,AC,63599373.55252
Generator,nuclear,GB3 0,AC,13207614.38724
Generator,nuclear,HU0 0,AC,10313993.56027
Generator,nuclear,IT0 0,AC,8163006.30775
Generator,nuclear,LT0 0,AC,17551129.69999
Generator,nuclear,NL0 0,AC,340056.26906
Generator,nuclear,RO0 0,AC,7012929.81635
Generator,nuclear,SE1 0,AC,59369588.64881
Generator,nuclear,SI0 0,AC,3630159.43553
Generator,nuclear,SK0 0,AC,11343599.25735
Generator,offwind-ac,AL0 0,AC,11199.35581
Generator,offwind-ac,BA0 0,AC,774.90358
Generator,offwind-ac,BE0 0,AC,9754123.37477
Generator,offwind-ac,BG0 0,AC,684347.62517
Generator,offwind-ac,DE0 0,AC,33481154.69557
Generator,offwind-ac,DE0 1,AC,9322144.12881
Generator,offwind-ac,DK0 0,AC,6626113.77233
Generator,offwind-ac,DK1 0,AC,4508717.64562
Generator,offwind-ac,EE0 0,AC,20270.49923
Generator,offwind-ac,ES0 0,AC,53307.20212
Generator,offwind-ac,ES6 0,AC,4691.21668
Generator,offwind-ac,FI1 0,AC,290038.15358
Generator,offwind-ac,FR0 0,AC,134903019.86027
Generator,offwind-ac,FR5 0,AC,5774.76606
Generator,offwind-ac,GB2 0,AC,499172632.6997
Generator,offwind-ac,GB3 0,AC,27943651.26936
Generator,offwind-ac,GR0 0,AC,13112.63467
Generator,offwind-ac,HR0 0,AC,5516.06404
Generator,offwind-ac,IE3 0,AC,8396849.70142
Generator,offwind-ac,IT0 0,AC,50188.29294
Generator,offwind-ac,IT4 0,AC,11712.23893
Generator,offwind-ac,LT0 0,AC,168599.79378
Generator,offwind-ac,LV0 0,AC,29718.72647
Generator,offwind-ac,ME0 0,AC,4289.09755
Generator,offwind-ac,NL0 0,AC,24802500.79719
Generator,offwind-ac,NO1 0,AC,507009.27313
Generator,offwind-ac,PL0 0,AC,27799057.13394
Generator,offwind-ac,PT0 0,AC,87895.32921
Generator,offwind-ac,RO0 0,AC,5375419.80724
Generator,offwind-ac,SE1 0,AC,811024.87871
Generator,offwind-ac,SI0 0,AC,1226.97675
Generator,offwind-dc,AL0 0,AC,10031912.4356
Generator,offwind-dc,BE0 0,AC,3995916.24451
Generator,offwind-dc,BG0 0,AC,98200.93138
Generator,offwind-dc,DE0 0,AC,110038297.55331
Generator,offwind-dc,DE0 1,AC,1227519.63689
Generator,offwind-dc,DK0 0,AC,42507.54434
Generator,offwind-dc,DK1 0,AC,27874.73756
Generator,offwind-dc,EE0 0,AC,16138.13422
Generator,offwind-dc,ES0 0,AC,43465.80771
Generator,offwind-dc,ES6 0,AC,8676.95054
Generator,offwind-dc,FI1 0,AC,69827911.19981
Generator,offwind-dc,FR0 0,AC,665663291.86505
Generator,offwind-dc,FR5 0,AC,15547.47775
Generator,offwind-dc,GB2 0,AC,42200.87005
Generator,offwind-dc,GB3 0,AC,36778.59202
Generator,offwind-dc,GR0 0,AC,25097.3504
Generator,offwind-dc,HR0 0,AC,11682.45716
Generator,offwind-dc,IE3 0,AC,29001800.47925
Generator,offwind-dc,IT0 0,AC,305408.41258
Generator,offwind-dc,IT4 0,AC,36111.4553
Generator,offwind-dc,LT0 0,AC,7591860.43954
Generator,offwind-dc,LV0 0,AC,66476.8608
Generator,offwind-dc,ME0 0,AC,16155.11416
Generator,offwind-dc,NL0 0,AC,78108.7767
Generator,offwind-dc,NO1 0,AC,2210795.40227
Generator,offwind-dc,PL0 0,AC,80408072.97687
Generator,offwind-dc,PT0 0,AC,46537.91474
Generator,offwind-dc,RO0 0,AC,79318261.53811
Generator,offwind-dc,SE1 0,AC,144549.80889
Generator,oil primary,EU,oil primary,1423643863.96417
Generator,onwind,AL0 0,AC,107117.78872
Generator,onwind,AT0 0,AC,3545865.53522
Generator,onwind,BA0 0,AC,165491.28427
Generator,onwind,BE0 0,AC,37520847.85642
Generator,onwind,BG0 0,AC,735342.1066
Generator,onwind,CH0 0,AC,27862.33355
Generator,onwind,CZ0 0,AC,488074.69081
Generator,onwind,DE0 0,AC,64445910.89645
Generator,onwind,DE0 1,AC,41582603.95162
Generator,onwind,DK0 0,AC,222303039.13065
Generator,onwind,DK1 0,AC,63384033.13262
Generator,onwind,EE0 0,AC,25373126.18499
Generator,onwind,ES0 0,AC,124597229.38584
Generator,onwind,ES6 0,AC,2478275.15223
Generator,onwind,FI1 0,AC,17517183.01941
Generator,onwind,FR0 0,AC,44955232.54284
Generator,onwind,FR5 0,AC,19781.20933
Generator,onwind,GB2 0,AC,750033114.88445
Generator,onwind,GB3 0,AC,5719523.9976
Generator,onwind,GR0 0,AC,6466416.38557
Generator,onwind,HR0 0,AC,940443.30428
Generator,onwind,HU0 0,AC,424012.69195
Generator,onwind,IE3 0,AC,14011572.84764
Generator,onwind,IT0 0,AC,9218107.56434
Generator,onwind,IT4 0,AC,42939746.88024
Generator,onwind,LT0 0,AC,2325896.82708
Generator,onwind,LU0 0,AC,287203.79631
Generator,onwind,LV0 0,AC,196838.98602
Generator,onwind,ME0 0,AC,37888.49295
Generator,onwind,MK0 0,AC,15756.21209
Generator,onwind,NL0 0,AC,136575905.65429
Generator,onwind,NO1 0,AC,9791702.99308
Generator,onwind,PL0 0,AC,101174282.81985
Generator,onwind,PT0 0,AC,7873242.22495
Generator,onwind,RO0 0,AC,6010762.8724
Generator,onwind,RS0 0,AC,718704.35935
Generator,onwind,SE1 0,AC,32236846.2539
Generator,onwind,SI0 0,AC,1247.53242
Generator,onwind,SK0 0,AC,9277.20229
Generator,onwind,XK0 0,AC,44955.46367
Generator,residential rural solar thermal,AL0 0,residential rural heat,1215.55088
Generator,residential rural solar thermal,AT0 0,residential rural heat,1143.10516
Generator,residential rural solar thermal,BA0 0,residential rural heat,1209.48338
Generator,residential rural solar thermal,BE0 0,residential rural heat,403.6882
Generator,residential rural solar thermal,BG0 0,residential rural heat,1079.75994
Generator,residential rural solar thermal,CH0 0,residential rural heat,1205.78417
Generator,residential rural solar thermal,CZ0 0,residential rural heat,551.46852
Generator,residential rural solar thermal,DE0 0,residential rural heat,669.96349
Generator,residential rural solar thermal,DE0 1,residential rural heat,778.13689
Generator,residential rural solar thermal,DK0 0,residential rural heat,438.25788
Generator,residential rural solar thermal,DK1 0,residential rural heat,429.17542
Generator,residential rural solar thermal,EE0 0,residential rural heat,494.46576
Generator,residential rural solar thermal,ES0 0,residential rural heat,4036.848
Generator,residential rural solar thermal,ES6 0,residential rural heat,1355.10312
Generator,residential rural solar thermal,FI1 0,residential rural heat,116.62582
Generator,residential rural solar thermal,FR0 0,residential rural heat,1752.79697
Generator,residential rural solar thermal,FR5 0,residential rural heat,1124.7011
Generator,residential rural solar thermal,GB2 0,residential rural heat,752.04924
Generator,residential rural solar thermal,GB3 0,residential rural heat,367.56064
Generator,residential rural solar thermal,GR0 0,residential rural heat,2360.83228
Generator,residential rural solar thermal,HR0 0,residential rural heat,1113.27315
Generator,residential rural solar thermal,HU0 0,residential rural heat,902.05994
Generator,residential rural solar thermal,IE3 0,residential rural heat,500.67621
Generator,residential rural solar thermal,IT0 0,residential rural heat,3261.34121
Generator,residential rural solar thermal,IT4 0,residential rural heat,3177.76083
Generator,residential rural solar thermal,LT0 0,residential rural heat,464.48993
Generator,residential rural solar thermal,LU0 0,residential rural heat,312.84951
Generator,residential rural solar thermal,LV0 0,residential rural heat,546.40633
Generator,residential rural solar thermal,ME0 0,residential rural heat,1451.09289
Generator,residential rural solar thermal,MK0 0,residential rural heat,1090.39059
Generator,residential rural solar thermal,NL0 0,residential rural heat,447.68285
Generator,residential rural solar thermal,NO1 0,residential rural heat,193.09922
Generator,residential rural solar thermal,PL0 0,residential rural heat,834.86688
Generator,residential rural solar thermal,PT0 0,residential rural heat,1663.45357
Generator,residential rural solar thermal,RO0 0,residential rural heat,1335.77142
Generator,residential rural solar thermal,RS0 0,residential rural heat,944.90396
Generator,residential rural solar thermal,SE1 0,residential rural heat,302.25266
Generator,residential rural solar thermal,SI0 0,residential rural heat,764.77768
Generator,residential rural solar thermal,SK0 0,residential rural heat,675.04136
Generator,residential rural solar thermal,XK0 0,residential rural heat,872.82613
Generator,residential urban decentral solar thermal,AL0 0,residential urban decentral heat,1238.65822
Generator,residential urban decentral solar thermal,AT0 0,residential urban decentral heat,1198.35896
Generator,residential urban decentral solar thermal,BA0 0,residential urban decentral heat,1237.49607
Generator,residential urban decentral solar thermal,BE0 0,residential urban decentral heat,679.53244
Generator,residential urban decentral solar thermal,BG0 0,residential urban decentral heat,1280.36229
Generator,residential urban decentral solar thermal,CH0 0,residential urban decentral heat,1657.02993
Generator,residential urban decentral solar thermal,CZ0 0,residential urban decentral heat,651.60839
Generator,residential urban decentral solar thermal,DE0 0,residential urban decentral heat,903.56639
Generator,residential urban decentral solar thermal,DE0 1,residential urban decentral heat,846.11912
Generator,residential urban decentral solar thermal,DK0 0,residential urban decentral heat,621.55744
Generator,residential urban decentral solar thermal,DK1 0,residential urban decentral heat,595.92537
Generator,residential urban decentral solar thermal,EE0 0,residential urban decentral heat,522.40436
Generator,residential urban decentral solar thermal,ES0 0,residential urban decentral heat,5347.65901
Generator,residential urban decentral solar thermal,ES6 0,residential urban decentral heat,1424.82311
Generator,residential urban decentral solar thermal,FI1 0,residential urban decentral heat,159.64201
Generator,residential urban decentral solar thermal,FR0 0,residential urban decentral heat,2179.21864
Generator,residential urban decentral solar thermal,FR5 0,residential urban decentral heat,0.0
Generator,residential urban decentral solar thermal,GB2 0,residential urban decentral heat,946.45582
Generator,residential urban decentral solar thermal,GB3 0,residential urban decentral heat,342.76198
Generator,residential urban decentral solar thermal,GR0 0,residential urban decentral heat,3224.45209
Generator,residential urban decentral solar thermal,HR0 0,residential urban decentral heat,1164.33815
Generator,residential urban decentral solar thermal,HU0 0,residential urban decentral heat,1016.51665
Generator,residential urban decentral solar thermal,IE3 0,residential urban decentral heat,589.80552
Generator,residential urban decentral solar thermal,IT0 0,residential urban decentral heat,3928.12697
Generator,residential urban decentral solar thermal,IT4 0,residential urban decentral heat,2913.68773
Generator,residential urban decentral solar thermal,LT0 0,residential urban decentral heat,490.19786
Generator,residential urban decentral solar thermal,LU0 0,residential urban decentral heat,340.07724
Generator,residential urban decentral solar thermal,LV0 0,residential urban decentral heat,570.96947
Generator,residential urban decentral solar thermal,ME0 0,residential urban decentral heat,1566.89018
Generator,residential urban decentral solar thermal,MK0 0,residential urban decentral heat,1069.49896
Generator,residential urban decentral solar thermal,NL0 0,residential urban decentral heat,763.08274
Generator,residential urban decentral solar thermal,NO1 0,residential urban decentral heat,290.28146
Generator,residential urban decentral solar thermal,PL0 0,residential urban decentral heat,873.79682
Generator,residential urban decentral solar thermal,PT0 0,residential urban decentral heat,1898.87957
Generator,residential urban decentral solar thermal,RO0 0,residential urban decentral heat,1366.9147
Generator,residential urban decentral solar thermal,RS0 0,residential urban decentral heat,949.46788
Generator,residential urban decentral solar thermal,SE1 0,residential urban decentral heat,426.24837
Generator,residential urban decentral solar thermal,SI0 0,residential urban decentral heat,794.34647
Generator,residential urban decentral solar thermal,SK0 0,residential urban decentral heat,697.4555
Generator,residential urban decentral solar thermal,XK0 0,residential urban decentral heat,882.98966
Generator,ror,AL0 0,AC,147330.2298
Generator,ror,AT0 0,AC,18563954.86277
Generator,ror,BE0 0,AC,274192.03899
Generator,ror,BG0 0,AC,192306.92628
Generator,ror,CH0 0,AC,9332862.68399
Generator,ror,CZ0 0,AC,141794.26898
Generator,ror,DE0 0,AC,6733705.86943
Generator,ror,DE0 1,AC,14869930.41662
Generator,ror,ES0 0,AC,267207.78037
Generator,ror,ES6 0,AC,305501.50172
Generator,ror,FI1 0,AC,6947642.20501
Generator,ror,FR0 0,AC,28547848.92667
Generator,ror,FR5 0,AC,549829.07555
Generator,ror,GB2 0,AC,2414489.435
Generator,ror,GB3 0,AC,1590486.89482
Generator,ror,GR0 0,AC,211159.14576
Generator,ror,HR0 0,AC,1169413.80289
Generator,ror,HU0 0,AC,70747.34001
Generator,ror,IE3 0,AC,531315.66016
Generator,ror,IT0 0,AC,30690076.4358
Generator,ror,IT4 0,AC,453457.74012
Generator,ror,LT0 0,AC,490848.30852
Generator,ror,LV0 0,AC,2756240.77512
Generator,ror,ME0 0,AC,23584.94495
Generator,ror,MK0 0,AC,455585.39978
Generator,ror,NO1 0,AC,4355946.8098
Generator,ror,PL0 0,AC,1143438.49709
Generator,ror,PT0 0,AC,6384118.09294
Generator,ror,RO0 0,AC,6306275.52611
Generator,ror,RS0 0,AC,6601080.77999
Generator,ror,SE1 0,AC,6376557.7872
Generator,ror,SI0 0,AC,2000466.69559
Generator,ror,SK0 0,AC,3447920.62498
Generator,ror,XK0 0,AC,56175.92409
Generator,services rural solar thermal,AL0 0,services rural heat,2149.12424
Generator,services rural solar thermal,AT0 0,services rural heat,903.33175
Generator,services rural solar thermal,BA0 0,services rural heat,1047.05843
Generator,services rural solar thermal,BE0 0,services rural heat,529.91082
Generator,services rural solar thermal,BG0 0,services rural heat,1091.65659
Generator,services rural solar thermal,CH0 0,services rural heat,814.64627
Generator,services rural solar thermal,CZ0 0,services rural heat,542.80368
Generator,services rural solar thermal,DE0 0,services rural heat,742.63596
Generator,services rural solar thermal,DE0 1,services rural heat,751.08285
Generator,services rural solar thermal,DK0 0,services rural heat,487.01324
Generator,services rural solar thermal,DK1 0,services rural heat,484.05138
Generator,services rural solar thermal,EE0 0,services rural heat,471.94657
Generator,services rural solar thermal,ES0 0,services rural heat,2532.11487
Generator,services rural solar thermal,ES6 0,services rural heat,1212.39114
Generator,services rural solar thermal,FI1 0,services rural heat,132.39468
Generator,services rural solar thermal,FR0 0,services rural heat,1583.06986
Generator,services rural solar thermal,FR5 0,services rural heat,1112.75428
Generator,services rural solar thermal,GB2 0,services rural heat,618.83622
Generator,services rural solar thermal,GB3 0,services rural heat,311.78916
Generator,services rural solar thermal,GR0 0,services rural heat,2584.0665
Generator,services rural solar thermal,HR0 0,services rural heat,966.61323
Generator,services rural solar thermal,HU0 0,services rural heat,1001.32136
Generator,services rural solar thermal,IE3 0,services rural heat,461.48839
Generator,services rural solar thermal,IT0 0,services rural heat,2485.17142
Generator,services rural solar thermal,IT4 0,services rural heat,3055.79696
Generator,services rural solar thermal,LT0 0,services rural heat,456.30545
Generator,services rural solar thermal,LU0 0,services rural heat,302.99887
Generator,services rural solar thermal,LV0 0,services rural heat,496.42277
Generator,services rural solar thermal,ME0 0,services rural heat,1091.07399
Generator,services rural solar thermal,MK0 0,services rural heat,1436.25311
Generator,services rural solar thermal,NL0 0,services rural heat,820.05756
Generator,services rural solar thermal,NO1 0,services rural heat,187.78052
Generator,services rural solar thermal,PL0 0,services rural heat,969.0923
Generator,services rural solar thermal,PT0 0,services rural heat,1888.46778
Generator,services rural solar thermal,RO0 0,services rural heat,1223.59877
Generator,services rural solar thermal,RS0 0,services rural heat,899.00714
Generator,services rural solar thermal,SE1 0,services rural heat,306.87743
Generator,services rural solar thermal,SI0 0,services rural heat,597.00484
Generator,services rural solar thermal,SK0 0,services rural heat,643.01828
Generator,services rural solar thermal,XK0 0,services rural heat,967.44427
Generator,services urban decentral solar thermal,AL0 0,services urban decentral heat,2271.14561
Generator,services urban decentral solar thermal,AT0 0,services urban decentral heat,827.12029
Generator,services urban decentral solar thermal,BA0 0,services urban decentral heat,1061.31482
Generator,services urban decentral solar thermal,BE0 0,services urban decentral heat,587.60374
Generator,services urban decentral solar thermal,BG0 0,services urban decentral heat,1098.09561
Generator,services urban decentral solar thermal,CH0 0,services urban decentral heat,1117.38648
Generator,services urban decentral solar thermal,CZ0 0,services urban decentral heat,521.04583
Generator,services urban decentral solar thermal,DE0 0,services urban decentral heat,771.30098
Generator,services urban decentral solar thermal,DE0 1,services urban decentral heat,690.25905
Generator,services urban decentral solar thermal,DK0 0,services urban decentral heat,467.30997
Generator,services urban decentral solar thermal,DK1 0,services urban decentral heat,464.06172
Generator,services urban decentral solar thermal,EE0 0,services urban decentral heat,444.22417
Generator,services urban decentral solar thermal,ES0 0,services urban decentral heat,2390.39169
Generator,services urban decentral solar thermal,ES6 0,services urban decentral heat,1174.84982
Generator,services urban decentral solar thermal,FI1 0,services urban decentral heat,127.75295
Generator,services urban decentral solar thermal,FR0 0,services urban decentral heat,1479.07952
Generator,services urban decentral solar thermal,FR5 0,services urban decentral heat,986.59513
Generator,services urban decentral solar thermal,GB2 0,services urban decentral heat,839.70702
Generator,services urban decentral solar thermal,GB3 0,services urban decentral heat,293.82626
Generator,services urban decentral solar thermal,GR0 0,services urban decentral heat,2798.87748
Generator,services urban decentral solar thermal,HR0 0,services urban decentral heat,859.1013
Generator,services urban decentral solar thermal,HU0 0,services urban decentral heat,898.83286
Generator,services urban decentral solar thermal,IE3 0,services urban decentral heat,489.57243
Generator,services urban decentral solar thermal,IT0 0,services urban decentral heat,2387.78069
Generator,services urban decentral solar thermal,IT4 0,services urban decentral heat,2593.6365
Generator,services urban decentral solar thermal,LT0 0,services urban decentral heat,422.66316
Generator,services urban decentral solar thermal,LU0 0,services urban decentral heat,325.15522
Generator,services urban decentral solar thermal,LV0 0,services urban decentral heat,443.60889
Generator,services urban decentral solar thermal,ME0 0,services urban decentral heat,1193.37142
Generator,services urban decentral solar thermal,MK0 0,services urban decentral heat,1406.72809
Generator,services urban decentral solar thermal,NL0 0,services urban decentral heat,668.23736
Generator,services urban decentral solar thermal,NO1 0,services urban decentral heat,273.22683
Generator,services urban decentral solar thermal,PL0 0,services urban decentral heat,672.30428
Generator,services urban decentral solar thermal,PT0 0,services urban decentral heat,1887.40858
Generator,services urban decentral solar thermal,RO0 0,services urban decentral heat,1078.83485
Generator,services urban decentral solar thermal,RS0 0,services urban decentral heat,892.35493
Generator,services urban decentral solar thermal,SE1 0,services urban decentral heat,337.55158
Generator,services urban decentral solar thermal,SI0 0,services urban decentral heat,572.88999
Generator,services urban decentral solar thermal,SK0 0,services urban decentral heat,624.77841
Generator,services urban decentral solar thermal,XK0 0,services urban decentral heat,954.65301
Generator,solar,AL0 0,AC,22422715.07034
Generator,solar,AT0 0,AC,129124691.76319
Generator,solar,BA0 0,AC,3843919.17235
Generator,solar,BE0 0,AC,49179532.64495
Generator,solar,BG0 0,AC,19544686.14686
Generator,solar,CH0 0,AC,140591115.22359
Generator,solar,CZ0 0,AC,2032653.95676
Generator,solar,DE0 0,AC,40784270.68833
Generator,solar,DE0 1,AC,140133138.59875
Generator,solar,DK0 0,AC,1450545.20129
Generator,solar,DK1 0,AC,4379946.94676
Generator,solar,EE0 0,AC,1054630.64256
Generator,solar,ES0 0,AC,770252343.84285
Generator,solar,ES6 0,AC,297580.21134
Generator,solar,FI1 0,AC,282972.04153
Generator,solar,FR0 0,AC,330703542.48571
Generator,solar,FR5 0,AC,14300384.75452
Generator,solar,GB2 0,AC,33746273.8496
Generator,solar,GB3 0,AC,271849.28488
Generator,solar,GR0 0,AC,189990916.32506
Generator,solar,HR0 0,AC,7601360.67249
Generator,solar,HU0 0,AC,2874760.15784
Generator,solar,IE3 0,AC,6837949.68971
Generator,solar,IT0 0,AC,808729841.58354
Generator,solar,IT4 0,AC,52876394.57784
Generator,solar,LT0 0,AC,4706595.22564
Generator,solar,LU0 0,AC,5508698.91296
Generator,solar,LV0 0,AC,15239706.42794
Generator,solar,ME0 0,AC,14705375.77943
Generator,solar,MK0 0,AC,30091004.70084
Generator,solar,NL0 0,AC,68681106.47758
Generator,solar,NO1 0,AC,133654.528
Generator,solar,PL0 0,AC,23230033.02049
Generator,solar,PT0 0,AC,63310965.35081
Generator,solar,RO0 0,AC,34828113.13874
Generator,solar,RS0 0,AC,1107056.2656
Generator,solar,SE1 0,AC,29131331.28687
Generator,solar,SI0 0,AC,350593.54958
Generator,solar,SK0 0,AC,14577162.30656
Generator,solar,XK0 0,AC,166419.33701
Generator,solar rooftop,AL0 0,low voltage,1828084.32447
Generator,solar rooftop,AT0 0,low voltage,5938242.54503
Generator,solar rooftop,BA0 0,low voltage,1648183.29668
Generator,solar rooftop,BE0 0,low voltage,29380.86409
Generator,solar rooftop,BG0 0,low voltage,7182329.98505
Generator,solar rooftop,CH0 0,low voltage,18744991.91335
Generator,solar rooftop,CZ0 0,low voltage,17433.92295
Generator,solar rooftop,DE0 0,low voltage,50133.74623
Generator,solar rooftop,DE0 1,low voltage,135324.46259
Generator,solar rooftop,DK0 0,low voltage,9638.93225
Generator,solar rooftop,DK1 0,low voltage,38092.11992
Generator,solar rooftop,EE0 0,low voltage,1641473.02849
Generator,solar rooftop,ES0 0,low voltage,99876850.40288
Generator,solar rooftop,ES6 0,low voltage,1582288.05365
Generator,solar rooftop,FI1 0,low voltage,20497.04095
Generator,solar rooftop,FR0 0,low voltage,29417131.39233
Generator,solar rooftop,FR5 0,low voltage,597126.65475
Generator,solar rooftop,GB2 0,low voltage,141402.15414
Generator,solar rooftop,GB3 0,low voltage,9400.22232
Generator,solar rooftop,GR0 0,low voltage,10194284.41596
Generator,solar rooftop,HR0 0,low voltage,1080664.14098
Generator,solar rooftop,HU0 0,low voltage,1362599.15996
Generator,solar rooftop,IE3 0,low voltage,1188573.10319
Generator,solar rooftop,IT0 0,low voltage,139511600.81774
Generator,solar rooftop,IT4 0,low voltage,3411480.44068
Generator,solar rooftop,LT0 0,low voltage,59493.41506
Generator,solar rooftop,LU0 0,low voltage,199205.89678
Generator,solar rooftop,LV0 0,low voltage,753637.06698
Generator,solar rooftop,ME0 0,low voltage,442876.57845
Generator,solar rooftop,MK0 0,low voltage,1669251.37655
Generator,solar rooftop,NL0 0,low voltage,33216.13026
Generator,solar rooftop,NO1 0,low voltage,10711.96982
Generator,solar rooftop,PL0 0,low voltage,36473.42161
Generator,solar rooftop,PT0 0,low voltage,18431743.13113
Generator,solar rooftop,RO0 0,low voltage,75893.04741
Generator,solar rooftop,RS0 0,low voltage,143888.67836
Generator,solar rooftop,SE1 0,low voltage,49180.51439
Generator,solar rooftop,SI0 0,low voltage,16262.6549
Generator,solar rooftop,SK0 0,low voltage,279045.05092
Generator,solar rooftop,XK0 0,low voltage,679834.06349
Generator,solar-hsat,AL0 0,AC,44935.75824
Generator,solar-hsat,AT0 0,AC,58476.15568
Generator,solar-hsat,BA0 0,AC,41634.82814
Generator,solar-hsat,BE0 0,AC,53863.84691
Generator,solar-hsat,BG0 0,AC,48249.84332
Generator,solar-hsat,CH0 0,AC,110277.5259
Generator,solar-hsat,CZ0 0,AC,31280.37229
Generator,solar-hsat,DE0 0,AC,66402.42322
Generator,solar-hsat,DE0 1,AC,54823.60311
Generator,solar-hsat,DK0 0,AC,27800.08987
Generator,solar-hsat,DK1 0,AC,72633.63807
Generator,solar-hsat,EE0 0,AC,76258.40925
Generator,solar-hsat,ES0 0,AC,114988.27307
Generator,solar-hsat,ES6 0,AC,19420.11339
Generator,solar-hsat,FI1 0,AC,49309.63658
Generator,solar-hsat,FR0 0,AC,73781.76635
Generator,solar-hsat,FR5 0,AC,31781.48103
Generator,solar-hsat,GB2 0,AC,63254.68717
Generator,solar-hsat,GB3 0,AC,18553.17203
Generator,solar-hsat,GR0 0,AC,52190.21569
Generator,solar-hsat,HR0 0,AC,41820.15055
Generator,solar-hsat,HU0 0,AC,39177.78798
Generator,solar-hsat,IE3 0,AC,65562.53558
Generator,solar-hsat,IT0 0,AC,68906.86359
Generator,solar-hsat,IT4 0,AC,45978.13668
Generator,solar-hsat,LT0 0,AC,54494.98859
Generator,solar-hsat,LU0 0,AC,39672.43382
Generator,solar-hsat,LV0 0,AC,58887.2032
Generator,solar-hsat,ME0 0,AC,36639.47668
Generator,solar-hsat,MK0 0,AC,36619.23561
Generator,solar-hsat,NL0 0,AC,46964.19465
Generator,solar-hsat,NO1 0,AC,75064.08208
Generator,solar-hsat,PL0 0,AC,75903.70587
Generator,solar-hsat,PT0 0,AC,82474.18636
Generator,solar-hsat,RO0 0,AC,45023.71726
Generator,solar-hsat,RS0 0,AC,35574.29218
Generator,solar-hsat,SE1 0,AC,244336.45558
Generator,solar-hsat,SI0 0,AC,10566.56333
Generator,solar-hsat,SK0 0,AC,44484.59631
Generator,solar-hsat,XK0 0,AC,25382.38569
Generator,solid biomass,EU,solid biomass,697087912.69976
Generator,urban central solar thermal,AL0 0,urban central heat,3824.86934
Generator,urban central solar thermal,AT0 0,urban central heat,1913.88156
Generator,urban central solar thermal,BA0 0,urban central heat,1961.97314
Generator,urban central solar thermal,BE0 0,urban central heat,703.44843
Generator,urban central solar thermal,BG0 0,urban central heat,1550.12355
Generator,urban central solar thermal,CH0 0,urban central heat,1989.69676
Generator,urban central solar thermal,CZ0 0,urban central heat,1101.35618
Generator,urban central solar thermal,DE0 0,urban central heat,1475.33832
Generator,urban central solar thermal,DE0 1,urban central heat,1382.78065
Generator,urban central solar thermal,DK0 0,urban central heat,792.20202
Generator,urban central solar thermal,DK1 0,urban central heat,736.73297
Generator,urban central solar thermal,EE0 0,urban central heat,825.99047
Generator,urban central solar thermal,ES0 0,urban central heat,14347.78289
Generator,urban central solar thermal,ES6 0,urban central heat,741.22558
Generator,urban central solar thermal,FI1 0,urban central heat,305.21742
Generator,urban central solar thermal,FR0 0,urban central heat,3412.90811
Generator,urban central solar thermal,GB2 0,urban central heat,1081.75638
Generator,urban central solar thermal,GB3 0,urban central heat,306.54063
Generator,urban central solar thermal,GR0 0,urban central heat,3969.00302
Generator,urban central solar thermal,HR0 0,urban central heat,1699.58502
Generator,urban central solar thermal,HU0 0,urban central heat,1612.3783
Generator,urban central solar thermal,IE3 0,urban central heat,650.28701
Generator,urban central solar thermal,IT0 0,urban central heat,6223.54811
Generator,urban central solar thermal,IT4 0,urban central heat,3872.70394
Generator,urban central solar thermal,LT0 0,urban central heat,744.95291
Generator,urban central solar thermal,LU0 0,urban central heat,285.93528
Generator,urban central solar thermal,LV0 0,urban central heat,909.9509
Generator,urban central solar thermal,ME0 0,urban central heat,1925.07185
Generator,urban central solar thermal,MK0 0,urban central heat,1589.28542
Generator,urban central solar thermal,NL0 0,urban central heat,1198.59956
Generator,urban central solar thermal,NO1 0,urban central heat,477.05094
Generator,urban central solar thermal,PL0 0,urban central heat,1599.64394
Generator,urban central solar thermal,PT0 0,urban central heat,3066.89338
Generator,urban central solar thermal,RO0 0,urban central heat,2360.44701
Generator,urban central solar thermal,RS0 0,urban central heat,1916.56513
Generator,urban central solar thermal,SE1 0,urban central heat,770.6653
Generator,urban central solar thermal,SI0 0,urban central heat,1223.88725
Generator,urban central solar thermal,SK0 0,urban central heat,1022.588
Generator,urban central solar thermal,XK0 0,urban central heat,847.79968
Line,AC,AL0 0,AC,-25260679.6284
Line,AC,AT0 0,AC,-53629089.3914
Line,AC,BA0 0,AC,4459403.95616
Line,AC,BE0 0,AC,17176624.75152
Line,AC,BG0 0,AC,26916975.50636
Line,AC,CH0 0,AC,-61155979.71282
Line,AC,CZ0 0,AC,70304869.02466
Line,AC,DE0 0,AC,76322919.66064
Line,AC,DE0 1,AC,29787520.10066
Line,AC,DK0 0,AC,-30186263.38669
Line,AC,DK1 0,AC,-5576200.31535
Line,AC,EE0 0,AC,-3842756.57404
Line,AC,ES0 0,AC,-72836112.0799
Line,AC,FI1 0,AC,1073889.99392
Line,AC,FR0 0,AC,-32353903.83836
Line,AC,GB3 0,AC,-20374308.18032
Line,AC,GR0 0,AC,-83466410.29477
Line,AC,HR0 0,AC,13193378.3135
Line,AC,HU0 0,AC,59693659.24299
Line,AC,IE3 0,AC,19446149.01881
Line,AC,IT0 0,AC,-11112991.05083
Line,AC,LT0 0,AC,-5790212.82644
Line,AC,LU0 0,AC,5850629.18845
Line,AC,LV0 0,AC,-4082798.44284
Line,AC,ME0 0,AC,-13182489.89597
Line,AC,MK0 0,AC,-18313278.32548
Line,AC,NL0 0,AC,-24883102.56374
Line,AC,NO1 0,AC,-4538626.48093
Line,AC,PL0 0,AC,27699659.42167
Line,AC,PT0 0,AC,42768701.32142
Line,AC,RO0 0,AC,-6609125.041
Line,AC,RS0 0,AC,38234666.70995
Line,AC,SE1 0,AC,8770848.20671
Line,AC,SI0 0,AC,-42211398.11437
Line,AC,SK0 0,AC,11793936.72594
Line,AC,XK0 0,AC,10265293.08109
Link,BEV charger,AL0 0,EV battery,1446046.49026
Link,BEV charger,AL0 0,low voltage,-1606718.32251
Link,BEV charger,AT0 0,EV battery,15356269.19305
Link,BEV charger,AT0 0,low voltage,-17062521.32561
Link,BEV charger,BA0 0,EV battery,2415759.42452
Link,BEV charger,BA0 0,low voltage,-2684177.13835
Link,BEV charger,BE0 0,EV battery,20507974.83236
Link,BEV charger,BE0 0,low voltage,-22786638.70262
Link,BEV charger,BG0 0,EV battery,5727068.06106
Link,BEV charger,BG0 0,low voltage,-6363408.95673
Link,BEV charger,CH0 0,EV battery,9063200.4789
Link,BEV charger,CH0 0,low voltage,-10070222.75433
Link,BEV charger,CZ0 0,EV battery,14491145.02902
Link,BEV charger,CZ0 0,low voltage,-16101272.25446
Link,BEV charger,DE0 0,EV battery,74115530.20243
Link,BEV charger,DE0 0,low voltage,-82350589.11381
Link,BEV charger,DE0 1,EV battery,43348783.03399
Link,BEV charger,DE0 1,low voltage,-48165314.48221
Link,BEV charger,DK0 0,EV battery,6069366.94979
Link,BEV charger,DK0 0,low voltage,-6743741.05532
Link,BEV charger,DK1 0,EV battery,3504060.9463
Link,BEV charger,DK1 0,low voltage,-3893401.05145
Link,BEV charger,EE0 0,EV battery,1720588.43241
Link,BEV charger,EE0 0,low voltage,-1911764.92491
Link,BEV charger,ES0 0,EV battery,56621942.13528
Link,BEV charger,ES0 0,low voltage,-62913269.0392
Link,BEV charger,ES6 0,EV battery,923208.71627
Link,BEV charger,ES6 0,low voltage,-1025787.46252
Link,BEV charger,FI1 0,EV battery,9504608.18432
Link,BEV charger,FI1 0,low voltage,-10560675.76036
Link,BEV charger,FR0 0,EV battery,94585491.90211
Link,BEV charger,FR0 0,low voltage,-105094991.00235
Link,BEV charger,FR5 0,EV battery,386940.81448
Link,BEV charger,FR5 0,low voltage,-429934.23831
Link,BEV charger,GB2 0,EV battery,70899645.17718
Link,BEV charger,GB2 0,low voltage,-78777383.5302
Link,BEV charger,GB3 0,EV battery,1919923.52593
Link,BEV charger,GB3 0,low voltage,-2133248.36214
Link,BEV charger,GR0 0,EV battery,10943359.68031
Link,BEV charger,GR0 0,low voltage,-12159288.53368
Link,BEV charger,HR0 0,EV battery,4563322.82744
Link,BEV charger,HR0 0,low voltage,-5070358.69716
Link,BEV charger,HU0 0,EV battery,9813709.56574
Link,BEV charger,HU0 0,low voltage,-10904121.73971
Link,BEV charger,IE3 0,EV battery,7657688.13841
Link,BEV charger,IE3 0,low voltage,-8508542.37601
Link,BEV charger,IT0 0,EV battery,73196831.02449
Link,BEV charger,IT0 0,low voltage,-81329812.24944
Link,BEV charger,IT4 0,EV battery,1828208.84406
Link,BEV charger,IT4 0,low voltage,-2031343.16007
Link,BEV charger,LT0 0,EV battery,4827130.9471
Link,BEV charger,LT0 0,low voltage,-5363478.83011
Link,BEV charger,LU0 0,EV battery,2153530.34497
Link,BEV charger,LU0 0,low voltage,-2392811.49441
Link,BEV charger,LV0 0,EV battery,2297131.08705
Link,BEV charger,LV0 0,low voltage,-2552367.8745
Link,BEV charger,ME0 0,EV battery,485685.46784
Link,BEV charger,ME0 0,low voltage,-539650.51982
Link,BEV charger,MK0 0,EV battery,1385184.57654
Link,BEV charger,MK0 0,low voltage,-1539093.97393
Link,BEV charger,NL0 0,EV battery,25258834.92667
Link,BEV charger,NL0 0,low voltage,-28065372.14075
Link,BEV charger,NO1 0,EV battery,6506734.6743
Link,BEV charger,NO1 0,low voltage,-7229705.19367
Link,BEV charger,PL0 0,EV battery,44885322.87841
Link,BEV charger,PL0 0,low voltage,-49872580.97601
Link,BEV charger,PT0 0,EV battery,13613224.87812
Link,BEV charger,PT0 0,low voltage,-15125805.42013
Link,BEV charger,RO0 0,EV battery,14285302.04352
Link,BEV charger,RO0 0,low voltage,-15872557.82613
Link,BEV charger,RS0 0,EV battery,4131794.02253
Link,BEV charger,RS0 0,low voltage,-4590882.24725
Link,BEV charger,SE1 0,EV battery,14805265.3499
Link,BEV charger,SE1 0,low voltage,-16450294.83322
Link,BEV charger,SI0 0,EV battery,4047339.98166
Link,BEV charger,SI0 0,low voltage,-4497044.42407
Link,BEV charger,SK0 0,EV battery,6268762.18348
Link,BEV charger,SK0 0,low voltage,-6965291.31498
Link,BEV charger,XK0 0,EV battery,782031.52439
Link,BEV charger,XK0 0,low voltage,-868923.91599
Link,CCGT,AL0 0,AC,6553.3441
Link,CCGT,AT0 0,AC,33114.35095
Link,CCGT,BA0 0,AC,8311.67697
Link,CCGT,BE0 0,AC,4076773.71683
Link,CCGT,BG0 0,AC,5346.91465
Link,CCGT,CH0 0,AC,4871.03813
Link,CCGT,CZ0 0,AC,5007793.09674
Link,CCGT,DE0 0,AC,24976948.52819
Link,CCGT,DE0 1,AC,24731664.48633
Link,CCGT,DK0 0,AC,65170.04542
Link,CCGT,DK1 0,AC,526769.58326
Link,CCGT,EE0 0,AC,450534.82599
Link,CCGT,ES0 0,AC,2586.90224
Link,CCGT,ES6 0,AC,1988.82129
Link,CCGT,EU,co2,30565875.11878
Link,CCGT,EU,gas,-154373106.66053
Link,CCGT,FI1 0,AC,645701.4309
Link,CCGT,FR0 0,AC,4084.79771
Link,CCGT,FR5 0,AC,3595.70238
Link,CCGT,GB2 0,AC,6434.94184
Link,CCGT,GB3 0,AC,4399.44254
Link,CCGT,GR0 0,AC,5250.84402
Link,CCGT,HR0 0,AC,312528.14763
Link,CCGT,HU0 0,AC,1721457.93855
Link,CCGT,IE3 0,AC,5338.58207
Link,CCGT,IT0 0,AC,23280.31136
Link,CCGT,IT4 0,AC,3060.77378
Link,CCGT,LT0 0,AC,253981.55834
Link,CCGT,LU0 0,AC,126874.21033
Link,CCGT,LV0 0,AC,812006.96167
Link,CCGT,ME0 0,AC,7835.77715
Link,CCGT,MK0 0,AC,6737.0482
Link,CCGT,NL0 0,AC,9942637.52723
Link,CCGT,NO1 0,AC,7134.20571
Link,CCGT,PL0 0,AC,16780580.79315
Link,CCGT,PT0 0,AC,2664.765
Link,CCGT,RO0 0,AC,5772.52808
Link,CCGT,RS0 0,AC,9603.63771
Link,CCGT,SE1 0,AC,420674.298
Link,CCGT,SI0 0,AC,150215.13863
Link,CCGT,SK0 0,AC,1456352.59897
Link,CCGT,XK0 0,AC,7232.70428
Link,DC,BE0 0,AC,14243807.45675
Link,DC,CH0 0,AC,1254966.07465
Link,DC,DE0 0,AC,186342994.86074
Link,DC,DE0 1,AC,40839208.22877
Link,DC,DK0 0,AC,-43079437.6321
Link,DC,DK1 0,AC,-21816880.1992
Link,DC,EE0 0,AC,-260440.08898
Link,DC,ES0 0,AC,-178634841.93368
Link,DC,ES6 0,AC,-2660418.53394
Link,DC,FI1 0,AC,-346877.54132
Link,DC,FR0 0,AC,2738161.5437
Link,DC,FR5 0,AC,66430196.06649
Link,DC,GB2 0,AC,-110361560.21915
Link,DC,GB3 0,AC,104113.76678
Link,DC,GR0 0,AC,-759326.98607
Link,DC,IE3 0,AC,1998310.05335
Link,DC,IT0 0,AC,-63319582.22435
Link,DC,IT4 0,AC,-68828032.41242
Link,DC,LT0 0,AC,52951.5663
Link,DC,ME0 0,AC,2212615.10274
Link,DC,NL0 0,AC,51125525.23855
Link,DC,NO1 0,AC,13910194.57684
Link,DC,PL0 0,AC,599694.10724
Link,DC,SE1 0,AC,4858203.05383
Link,DC,SI0 0,AC,55617966.73609
Link,Fischer-Tropsch,AL0 0,H2,-121470.10787
Link,Fischer-Tropsch,AL0 0,urban central heat,4585.49657
Link,Fischer-Tropsch,AT0 0,H2,-1551761.94405
Link,Fischer-Tropsch,AT0 0,urban central heat,58579.01339
Link,Fischer-Tropsch,BA0 0,H2,-3185621.84657
Link,Fischer-Tropsch,BA0 0,urban central heat,120257.22471
Link,Fischer-Tropsch,BE0 0,H2,-163281673.4513
Link,Fischer-Tropsch,BE0 0,urban central heat,6163883.17279
Link,Fischer-Tropsch,BG0 0,H2,-27104025.49274
Link,Fischer-Tropsch,BG0 0,urban central heat,1023176.96235
Link,Fischer-Tropsch,CH0 0,H2,-60251363.07336
Link,Fischer-Tropsch,CH0 0,urban central heat,2274488.95602
Link,Fischer-Tropsch,CZ0 0,H2,-157639.41943
Link,Fischer-Tropsch,CZ0 0,urban central heat,5950.88808
Link,Fischer-Tropsch,DE0 0,H2,-537673041.00437
Link,Fischer-Tropsch,DE0 0,urban central heat,20297157.29792
Link,Fischer-Tropsch,DE0 1,H2,-237790.1191
Link,Fischer-Tropsch,DE0 1,urban central heat,8976.577
Link,Fischer-Tropsch,DK0 0,H2,-301000.26129
Link,Fischer-Tropsch,DK0 0,urban central heat,11362.75986
Link,Fischer-Tropsch,DK1 0,H2,-40515179.97003
Link,Fischer-Tropsch,DK1 0,urban central heat,1529448.04387
Link,Fischer-Tropsch,EE0 0,H2,-2505685.64607
Link,Fischer-Tropsch,EE0 0,urban central heat,94589.63314
Link,Fischer-Tropsch,ES0 0,H2,-63238.56358
Link,Fischer-Tropsch,ES0 0,urban central heat,2387.25578
Link,Fischer-Tropsch,ES6 0,H2,-11667.61977
Link,Fischer-Tropsch,ES6 0,urban central heat,440.45265
Link,Fischer-Tropsch,EU,co2 stored,-297223732.89407
Link,Fischer-Tropsch,EU,oil,1156062749.49076
Link,Fischer-Tropsch,FI1 0,H2,-6062056.19593
Link,Fischer-Tropsch,FI1 0,urban central heat,228842.6214
Link,Fischer-Tropsch,FR0 0,H2,-7285552.29942
Link,Fischer-Tropsch,FR0 0,urban central heat,275029.5993
Link,Fischer-Tropsch,FR5 0,H2,-9738760.90932
Link,Fischer-Tropsch,GB2 0,H2,-107469810.80956
Link,Fischer-Tropsch,GB2 0,urban central heat,4056985.35806
Link,Fischer-Tropsch,GB3 0,H2,-472386.95952
Link,Fischer-Tropsch,GB3 0,urban central heat,17832.60772
Link,Fischer-Tropsch,GR0 0,H2,-42450.18473
Link,Fischer-Tropsch,GR0 0,urban central heat,1602.49447
Link,Fischer-Tropsch,HR0 0,H2,-339854.89184
Link,Fischer-Tropsch,HR0 0,urban central heat,12829.52217
Link,Fischer-Tropsch,HU0 0,H2,-144286.99645
Link,Fischer-Tropsch,HU0 0,urban central heat,5446.83412
Link,Fischer-Tropsch,IE3 0,H2,-9487371.85287
Link,Fischer-Tropsch,IE3 0,urban central heat,358148.28745
Link,Fischer-Tropsch,IT0 0,H2,-169405312.56825
Link,Fischer-Tropsch,IT0 0,urban central heat,6395050.54945
Link,Fischer-Tropsch,IT4 0,H2,-29967.20287
Link,Fischer-Tropsch,IT4 0,urban central heat,1131.26191
Link,Fischer-Tropsch,LT0 0,H2,-89235.55233
Link,Fischer-Tropsch,LT0 0,urban central heat,3368.6421
Link,Fischer-Tropsch,LU0 0,H2,-7996800.3849
Link,Fischer-Tropsch,LU0 0,urban central heat,301879.21453
Link,Fischer-Tropsch,LV0 0,H2,-152194.60967
Link,Fischer-Tropsch,LV0 0,urban central heat,5745.34651
Link,Fischer-Tropsch,ME0 0,H2,-614786.76608
Link,Fischer-Tropsch,ME0 0,urban central heat,23208.20042
Link,Fischer-Tropsch,MK0 0,H2,-102407.90679
Link,Fischer-Tropsch,MK0 0,urban central heat,3865.89848
Link,Fischer-Tropsch,NL0 0,H2,-245452186.69684
Link,Fischer-Tropsch,NL0 0,urban central heat,9265820.04781
Link,Fischer-Tropsch,NO1 0,H2,-4541136.70102
Link,Fischer-Tropsch,NO1 0,urban central heat,171427.91046
Link,Fischer-Tropsch,PL0 0,H2,-87303.4364
Link,Fischer-Tropsch,PL0 0,urban central heat,3295.70472
Link,Fischer-Tropsch,PT0 0,H2,-218432.33899
Link,Fischer-Tropsch,PT0 0,urban central heat,8245.8208
Link,Fischer-Tropsch,RO0 0,H2,-19338544.84687
Link,Fischer-Tropsch,RO0 0,urban central heat,730030.06797
Link,Fischer-Tropsch,RS0 0,H2,-717305.38282
Link,Fischer-Tropsch,RS0 0,urban central heat,27078.2782
Link,Fischer-Tropsch,SE1 0,H2,-19279844.75903
Link,Fischer-Tropsch,SE1 0,urban central heat,727814.13965
Link,Fischer-Tropsch,SI0 0,H2,-588161.12943
Link,Fischer-Tropsch,SI0 0,urban central heat,22203.08264
Link,Fischer-Tropsch,SK0 0,H2,-74279.28963
Link,Fischer-Tropsch,SK0 0,urban central heat,2804.04318
Link,Fischer-Tropsch,XK0 0,H2,-195456.47942
Link,Fischer-Tropsch,XK0 0,urban central heat,7378.4821
Link,H2 Electrolysis,AL0 0,AC,-6576254.52645
Link,H2 Electrolysis,AL0 0,H2,4599432.4158
Link,H2 Electrolysis,AL0 0,urban central heat,231155.3466
Link,H2 Electrolysis,AT0 0,AC,-117848.17893
Link,H2 Electrolysis,AT0 0,H2,82423.01635
Link,H2 Electrolysis,AT0 0,urban central heat,4142.36349
Link,H2 Electrolysis,BA0 0,AC,-184401.27168
Link,H2 Electrolysis,BA0 0,H2,128970.24942
Link,H2 Electrolysis,BA0 0,urban central heat,6481.7047
Link,H2 Electrolysis,BE0 0,AC,-141541.29789
Link,H2 Electrolysis,BE0 0,H2,98993.98375
Link,H2 Electrolysis,BE0 0,urban central heat,4975.17662
Link,H2 Electrolysis,BG0 0,AC,-19560250.9984
Link,H2 Electrolysis,BG0 0,H2,13680439.54828
Link,H2 Electrolysis,BG0 0,urban central heat,687542.82259
Link,H2 Electrolysis,CH0 0,AC,-60700559.90282
Link,H2 Electrolysis,CH0 0,H2,42453971.59603
Link,H2 Electrolysis,CH0 0,urban central heat,2133624.68058
Link,H2 Electrolysis,CZ0 0,AC,-18899.17805
Link,H2 Electrolysis,CZ0 0,H2,13218.08513
Link,H2 Electrolysis,CZ0 0,urban central heat,664.30611
Link,H2 Electrolysis,DE0 0,AC,-48767.46129
Link,H2 Electrolysis,DE0 0,H2,34107.96242
Link,H2 Electrolysis,DE0 0,urban central heat,1714.17626
Link,H2 Electrolysis,DE0 1,AC,-35027.50764
Link,H2 Electrolysis,DE0 1,H2,24498.23885
Link,H2 Electrolysis,DE0 1,urban central heat,1231.21689
Link,H2 Electrolysis,DK0 0,AC,-113800607.08264
Link,H2 Electrolysis,DK0 0,H2,79592144.5936
Link,H2 Electrolysis,DK0 0,urban central heat,4000091.33895
Link,H2 Electrolysis,DK1 0,AC,-18339795.15714
Link,H2 Electrolysis,DK1 0,H2,12826852.7329
Link,H2 Electrolysis,DK1 0,urban central heat,644643.79977
Link,H2 Electrolysis,EE0 0,AC,-11526292.1109
Link,H2 Electrolysis,EE0 0,H2,8061488.70236
Link,H2 Electrolysis,EE0 0,urban central heat,405149.1677
Link,H2 Electrolysis,ES0 0,AC,-381286607.13134
Link,H2 Electrolysis,ES0 0,H2,266671853.02766
Link,H2 Electrolysis,ES0 0,urban central heat,13402224.24067
Link,H2 Electrolysis,ES6 0,AC,-6118905.81438
Link,H2 Electrolysis,ES6 0,H2,4279562.72658
Link,H2 Electrolysis,ES6 0,urban central heat,215079.53938
Link,H2 Electrolysis,FI1 0,AC,-11185054.92107
Link,H2 Electrolysis,FI1 0,H2,7822827.41179
Link,H2 Electrolysis,FI1 0,urban central heat,393154.68048
Link,H2 Electrolysis,FR0 0,AC,-698808523.50297
Link,H2 Electrolysis,FR0 0,H2,488746681.33797
Link,H2 Electrolysis,FR0 0,urban central heat,24563119.60113
Link,H2 Electrolysis,FR5 0,AC,-70626548.22755
Link,H2 Electrolysis,FR5 0,H2,49396207.83035
Link,H2 Electrolysis,GB2 0,AC,-676728197.56526
Link,H2 Electrolysis,GB2 0,H2,473303701.37714
Link,H2 Electrolysis,GB2 0,urban central heat,23786996.14442
Link,H2 Electrolysis,GB3 0,AC,-10673928.04588
Link,H2 Electrolysis,GB3 0,H2,7465345.27529
Link,H2 Electrolysis,GB3 0,urban central heat,375188.57081
Link,H2 Electrolysis,GR0 0,AC,-59267567.9189
Link,H2 Electrolysis,GR0 0,H2,41451737.00248
Link,H2 Electrolysis,GR0 0,urban central heat,2083255.01235
Link,H2 Electrolysis,HR0 0,AC,-31920.9408
Link,H2 Electrolysis,HR0 0,H2,22325.506
Link,H2 Electrolysis,HR0 0,urban central heat,1122.02107
Link,H2 Electrolysis,HU0 0,AC,-29110.3526
Link,H2 Electrolysis,HU0 0,H2,20359.78061
Link,H2 Electrolysis,HU0 0,urban central heat,1023.22889
Link,H2 Electrolysis,IE3 0,AC,-34275323.63599
Link,H2 Electrolysis,IE3 0,H2,23972161.35101
Link,H2 Electrolysis,IE3 0,urban central heat,1204777.62581
Link,H2 Electrolysis,IT0 0,AC,-386868635.86079
Link,H2 Electrolysis,IT0 0,H2,270575923.92104
Link,H2 Electrolysis,IT0 0,urban central heat,13598432.55051
Link,H2 Electrolysis,IT4 0,AC,-13973942.08282
Link,H2 Electrolysis,IT4 0,H2,9773375.09273
Link,H2 Electrolysis,IT4 0,urban central heat,491184.06421
Link,H2 Electrolysis,LT0 0,AC,-5954486.99738
Link,H2 Electrolysis,LT0 0,H2,4164568.20597
Link,H2 Electrolysis,LT0 0,urban central heat,209300.21796
Link,H2 Electrolysis,LU0 0,AC,-32394.6684
Link,H2 Electrolysis,LU0 0,H2,22656.83108
Link,H2 Electrolysis,LU0 0,urban central heat,1138.67259
Link,H2 Electrolysis,LV0 0,AC,-220376.39772
Link,H2 Electrolysis,LV0 0,H2,154131.25256
Link,H2 Electrolysis,LV0 0,urban central heat,7746.23038
Link,H2 Electrolysis,ME0 0,AC,-1510410.71057
Link,H2 Electrolysis,ME0 0,H2,1056381.25097
Link,H2 Electrolysis,ME0 0,urban central heat,53090.93648
Link,H2 Electrolysis,MK0 0,AC,-4214900.92926
Link,H2 Electrolysis,MK0 0,H2,2947901.70992
Link,H2 Electrolysis,MK0 0,urban central heat,148153.76766
Link,H2 Electrolysis,NL0 0,AC,-22506992.67587
Link,H2 Electrolysis,NL0 0,H2,15741390.6775
Link,H2 Electrolysis,NL0 0,urban central heat,791120.79256
Link,H2 Electrolysis,NO1 0,AC,-9771517.47864
Link,H2 Electrolysis,NO1 0,H2,6834199.32456
Link,H2 Electrolysis,NO1 0,urban central heat,343468.83937
Link,H2 Electrolysis,PL0 0,AC,-932193.17118
Link,H2 Electrolysis,PL0 0,H2,651975.90393
Link,H2 Electrolysis,PL0 0,urban central heat,32766.58997
Link,H2 Electrolysis,PT0 0,AC,-52276054.86583
Link,H2 Electrolysis,PT0 0,H2,36561872.77316
Link,H2 Electrolysis,PT0 0,urban central heat,1837503.32853
Link,H2 Electrolysis,RO0 0,AC,-35247555.44722
Link,H2 Electrolysis,RO0 0,H2,24652140.27978
Link,H2 Electrolysis,RO0 0,urban central heat,1238951.57397
Link,H2 Electrolysis,RS0 0,AC,-203581.45013
Link,H2 Electrolysis,RS0 0,H2,142384.86622
Link,H2 Electrolysis,RS0 0,urban central heat,7155.88797
Link,H2 Electrolysis,SE1 0,AC,-17168573.56237
Link,H2 Electrolysis,SE1 0,H2,12007700.34952
Link,H2 Electrolysis,SE1 0,urban central heat,603475.36072
Link,H2 Electrolysis,SI0 0,AC,-42805.23756
Link,H2 Electrolysis,SI0 0,H2,29937.98315
Link,H2 Electrolysis,SI0 0,urban central heat,1504.6041
Link,H2 Electrolysis,SK0 0,AC,-22200.44283
Link,H2 Electrolysis,SK0 0,H2,15526.98972
Link,H2 Electrolysis,SK0 0,urban central heat,780.34557
Link,H2 Electrolysis,XK0 0,AC,-2506866.85605
Link,H2 Electrolysis,XK0 0,H2,1753302.67912
Link,H2 Electrolysis,XK0 0,urban central heat,88116.36999
Link,H2 pipeline,AL0 0,AC,-30418.55974
Link,H2 pipeline,AL0 0,H2,-4149082.71753
Link,H2 pipeline,AT0 0,AC,-87200.06577
Link,H2 pipeline,AT0 0,H2,7919641.7637
Link,H2 pipeline,BA0 0,AC,-21320.80306
Link,H2 pipeline,BA0 0,H2,3585449.10737
Link,H2 pipeline,BE0 0,AC,-391816.59993
Link,H2 pipeline,BE0 0,H2,171584050.88268
Link,H2 pipeline,BG0 0,AC,-19644.07382
Link,H2 pipeline,BG0 0,H2,17179833.68565
Link,H2 pipeline,CH0 0,AC,-506955.35103
Link,H2 pipeline,CH0 0,H2,18951850.29408
Link,H2 pipeline,CZ0 0,AC,-42602.87015
Link,H2 pipeline,CZ0 0,H2,2059366.92267
Link,H2 pipeline,DE0 0,AC,-153544.60855
Link,H2 pipeline,DE0 0,H2,559080258.81596
Link,H2 pipeline,DE0 1,AC,-112026.08795
Link,H2 pipeline,DE0 1,H2,7827253.209
Link,H2 pipeline,DK0 0,AC,-640486.91247
Link,H2 pipeline,DK0 0,H2,-79159925.99276
Link,H2 pipeline,DK1 0,AC,-84787.43539
Link,H2 pipeline,DK1 0,H2,27787628.40953
Link,H2 pipeline,EE0 0,AC,-28208.41408
Link,H2 pipeline,EE0 0,H2,-5313609.88311
Link,H2 pipeline,ES0 0,AC,-4214565.55842
Link,H2 pipeline,ES0 0,H2,-260982995.31273
Link,H2 pipeline,ES6 0,AC,-41535.25171
Link,H2 pipeline,ES6 0,H2,-4235130.4411
Link,H2 pipeline,FI1 0,AC,-13771.90831
Link,H2 pipeline,FI1 0,H2,-155382.74365
Link,H2 pipeline,FR0 0,AC,-6271665.2049
Link,H2 pipeline,FR0 0,H2,-420705737.53553
Link,H2 pipeline,FR5 0,AC,-18964.87928
Link,H2 pipeline,FR5 0,H2,23507311.72207
Link,H2 pipeline,GB2 0,AC,-2773317.19965
Link,H2 pipeline,GB2 0,H2,-269768664.92485
Link,H2 pipeline,GB3 0,AC,-18424.81067
Link,H2 pipeline,GB3 0,H2,-2061024.94263
Link,H2 pipeline,GR0 0,AC,-452169.12083
Link,H2 pipeline,GR0 0,H2,-40229414.93605
Link,H2 pipeline,HR0 0,AC,-20167.74993
Link,H2 pipeline,HR0 0,H2,3217342.34197
Link,H2 pipeline,HU0 0,AC,-62730.62511
Link,H2 pipeline,HU0 0,H2,3502242.92198
Link,H2 pipeline,IE3 0,AC,-100189.32385
Link,H2 pipeline,IE3 0,H2,-7554139.32815
Link,H2 pipeline,IT0 0,AC,-651695.00109
Link,H2 pipeline,IT0 0,H2,-38115938.12378
Link,H2 pipeline,IT4 0,AC,-56240.02015
Link,H2 pipeline,IT4 0,H2,-9704161.1836
Link,H2 pipeline,LT0 0,AC,-43158.72764
Link,H2 pipeline,LT0 0,H2,2197683.46918
Link,H2 pipeline,LU0 0,AC,-370411.06776
Link,H2 pipeline,LU0 0,H2,8041271.72715
Link,H2 pipeline,LV0 0,AC,-19672.72287
Link,H2 pipeline,LV0 0,H2,52747.31499
Link,H2 pipeline,ME0 0,AC,-48015.56301
Link,H2 pipeline,ME0 0,H2,185071.65285
Link,H2 pipeline,MK0 0,AC,-51122.23043
Link,H2 pipeline,MK0 0,H2,-1479888.48849
Link,H2 pipeline,NL0 0,AC,-192720.96681
Link,H2 pipeline,NL0 0,H2,247787644.51051
Link,H2 pipeline,NO1 0,AC,-19451.4467
Link,H2 pipeline,NO1 0,H2,984058.54524
Link,H2 pipeline,PL0 0,AC,-27002.61178
Link,H2 pipeline,PL0 0,H2,16832431.93086
Link,H2 pipeline,PT0 0,AC,-44817.92661
Link,H2 pipeline,PT0 0,H2,7056210.31727
Link,H2 pipeline,RO0 0,AC,-62021.51787
Link,H2 pipeline,RO0 0,H2,-634665.46542
Link,H2 pipeline,RS0 0,AC,-66812.9397
Link,H2 pipeline,RS0 0,H2,1386774.69977
Link,H2 pipeline,SE1 0,AC,-36335.46897
Link,H2 pipeline,SE1 0,H2,8728232.25463
Link,H2 pipeline,SI0 0,AC,-37550.91546
Link,H2 pipeline,SI0 0,H2,646829.83937
Link,H2 pipeline,SK0 0,AC,-56904.1722
Link,H2 pipeline,SK0 0,H2,4803575.70163
Link,H2 pipeline,XK0 0,AC,-25795.05973
Link,H2 pipeline,XK0 0,H2,-655000.02074
Link,HVC to air,EU,co2,5591.19713
Link,HVC to air,EU,non-sequestered HVC,-21747.16891
Link,agriculture machinery oil,EU,agriculture machinery oil,51423816.98613
Link,agriculture machinery oil,EU,co2,13221063.34713
Link,agriculture machinery oil,EU,oil,-51423816.98613
Link,battery charger,AL0 0,AC,-6050771.28654
Link,battery charger,AL0 0,battery,5928520.88092
Link,battery charger,AT0 0,AC,-9148045.53989
Link,battery charger,AT0 0,battery,8963217.48659
Link,battery charger,BA0 0,AC,-108276.35219
Link,battery charger,BA0 0,battery,106088.72564
Link,battery charger,BE0 0,AC,-113354.38581
Link,battery charger,BE0 0,battery,111064.16214
Link,battery charger,BG0 0,AC,-268420.61361
Link,battery charger,BG0 0,battery,262997.41592
Link,battery charger,CH0 0,AC,-7587329.27545
Link,battery charger,CH0 0,battery,7434034.09413
Link,battery charger,CZ0 0,AC,-101042.5675
Link,battery charger,CZ0 0,battery,99001.09307
Link,battery charger,DE0 0,AC,-102915.17594
Link,battery charger,DE0 0,battery,100835.86714
Link,battery charger,DE0 1,AC,-109287.444
Link,battery charger,DE0 1,battery,107079.38923
Link,battery charger,DK0 0,AC,-116403.29831
Link,battery charger,DK0 0,battery,114051.47409
Link,battery charger,DK1 0,AC,-98758.07856
Link,battery charger,DK1 0,battery,96762.76018
Link,battery charger,EE0 0,AC,-104590.56765
Link,battery charger,EE0 0,battery,102477.40906
Link,battery charger,ES0 0,AC,-256587098.07598
Link,battery charger,ES0 0,battery,251402985.94705
Link,battery charger,ES6 0,AC,-132868.58629
Link,battery charger,ES6 0,battery,130184.09571
Link,battery charger,FI1 0,AC,-105995.64254
Link,battery charger,FI1 0,battery,103854.09567
Link,battery charger,FR0 0,AC,-160441.28205
Link,battery charger,FR0 0,battery,157199.70988
Link,battery charger,FR5 0,AC,-2179550.33781
Link,battery charger,FR5 0,battery,2135514.47854
Link,battery charger,GB2 0,AC,-141012.5861
Link,battery charger,GB2 0,battery,138163.5533
Link,battery charger,GB3 0,AC,-123425.16727
Link,battery charger,GB3 0,battery,120931.4725
Link,battery charger,GR0 0,AC,-63287398.0267
Link,battery charger,GR0 0,battery,62008732.92553
Link,battery charger,HR0 0,AC,-120268.37009
Link,battery charger,HR0 0,battery,117838.45556
Link,battery charger,HU0 0,AC,-119895.09818
Link,battery charger,HU0 0,battery,117472.72528
Link,battery charger,IE3 0,AC,-145092.81292
Link,battery charger,IE3 0,battery,142161.34279
Link,battery charger,IT0 0,AC,-222663641.11242
Link,battery charger,IT0 0,battery,218164921.99825
Link,battery charger,IT4 0,AC,-15830916.87124
Link,battery charger,IT4 0,battery,15511067.39798
Link,battery charger,LT0 0,AC,-96881.42897
Link,battery charger,LT0 0,battery,94924.02661
Link,battery charger,LU0 0,AC,-64864.27646
Link,battery charger,LU0 0,battery,63553.75195
Link,battery charger,LV0 0,AC,-101491.1711
Link,battery charger,LV0 0,battery,99440.63303
Link,battery charger,ME0 0,AC,-818024.13615
Link,battery charger,ME0 0,battery,801496.69234
Link,battery charger,MK0 0,AC,-7327414.61694
Link,battery charger,MK0 0,battery,7179370.77813
Link,battery charger,NL0 0,AC,-108449.94053
Link,battery charger,NL0 0,battery,106258.80677
Link,battery charger,NO1 0,AC,-139033.88466
Link,battery charger,NO1 0,battery,136224.82975
Link,battery charger,PL0 0,AC,-132943.61885
Link,battery charger,PL0 0,battery,130257.6123
Link,battery charger,PT0 0,AC,-15333951.10307
Link,battery charger,PT0 0,battery,15024142.37733
Link,battery charger,RO0 0,AC,-153113.97336
Link,battery charger,RO0 0,battery,150020.44288
Link,battery charger,RS0 0,AC,-122720.10733
Link,battery charger,RS0 0,battery,120240.65765
Link,battery charger,SE1 0,AC,-104342.30104
Link,battery charger,SE1 0,battery,102234.15846
Link,battery charger,SI0 0,AC,-154545.38493
Link,battery charger,SI0 0,battery,151422.93408
Link,battery charger,SK0 0,AC,-111082.56513
Link,battery charger,SK0 0,battery,108838.24156
Link,battery charger,XK0 0,AC,-257605.30784
Link,battery charger,XK0 0,battery,252400.6237
Link,battery discharger,AL0 0,AC,5808742.1906
Link,battery discharger,AL0 0,battery,-5928522.67264
Link,battery discharger,AT0 0,AC,8782125.47875
Link,battery discharger,AT0 0,battery,-8963219.28335
Link,battery discharger,BA0 0,AC,103947.05104
Link,battery discharger,BA0 0,battery,-106090.51471
Link,battery discharger,BE0 0,AC,108820.21154
Link,battery discharger,BE0 0,battery,-111064.16332
Link,battery discharger,BG0 0,AC,257683.79023
Link,battery discharger,BG0 0,battery,-262997.41711
Link,battery discharger,CH0 0,AC,7283836.10675
Link,battery discharger,CH0 0,battery,-7434034.0965
Link,battery discharger,CZ0 0,AC,97000.86596
Link,battery discharger,CZ0 0,battery,-99001.09426
Link,battery discharger,DE0 0,AC,98798.57006
Link,battery discharger,DE0 0,battery,-100835.86832
Link,battery discharger,DE0 1,AC,104916.00473
Link,battery discharger,DE0 1,battery,-107079.44893
Link,battery discharger,DK0 0,AC,111748.85349
Link,battery discharger,DK0 0,battery,-114053.196
Link,battery discharger,DK1 0,AC,94809.50569
Link,battery discharger,DK1 0,battery,-96764.54655
Link,battery discharger,EE0 0,AC,100408.68783
Link,battery discharger,EE0 0,battery,-102479.18789
Link,battery discharger,ES0 0,AC,246323614.15519
Link,battery discharger,ES0 0,battery,-251402985.94934
Link,battery discharger,ES6 0,AC,127553.84517
Link,battery discharger,ES6 0,battery,-130184.09808
Link,battery discharger,FI1 0,AC,101755.81917
Link,battery discharger,FI1 0,battery,-103854.09805
Link,battery discharger,FR0 0,AC,154025.26825
Link,battery discharger,FR0 0,battery,-157201.38113
Link,battery discharger,FR5 0,AC,2092369.43244
Link,battery discharger,FR5 0,battery,-2135515.60953
Link,battery discharger,GB2 0,AC,135373.71911
Link,battery discharger,GB2 0,battery,-138165.2235
Link,battery discharger,GB3 0,AC,118489.8798
Link,battery discharger,GB3 0,battery,-120933.22716
Link,battery discharger,GR0 0,AC,60755903.76256
Link,battery discharger,GR0 0,battery,-62008734.61663
Link,battery discharger,HR0 0,AC,115459.38719
Link,battery discharger,HR0 0,battery,-117840.2436
Link,battery discharger,HU0 0,AC,115099.29541
Link,battery discharger,HU0 0,battery,-117472.72647
Link,battery discharger,IE3 0,AC,139290.81798
Link,battery discharger,IE3 0,battery,-142163.0958
Link,battery discharger,IT0 0,AC,213757095.46902
Link,battery discharger,IT0 0,battery,-218164921.99937
Link,battery discharger,IT4 0,AC,15197681.93275
Link,battery discharger,IT4 0,battery,-15511069.17015
Link,battery discharger,LT0 0,AC,93006.17297
Link,battery discharger,LT0 0,battery,-94924.02779
Link,battery discharger,LU0 0,AC,62271.46337
Link,battery discharger,LU0 0,battery,-63555.54616
Link,battery discharger,LV0 0,AC,97433.26772
Link,battery discharger,LV0 0,battery,-99442.41245
Link,battery discharger,ME0 0,AC,785304.92139
Link,battery discharger,ME0 0,battery,-801498.47913
Link,battery discharger,MK0 0,AC,7034319.81706
Link,battery discharger,MK0 0,battery,-7179372.59973
Link,battery discharger,NL0 0,AC,104111.94407
Link,battery discharger,NL0 0,battery,-106258.80796
Link,battery discharger,NO1 0,AC,133474.24614
Link,battery discharger,NO1 0,battery,-136226.58202
Link,battery discharger,PL0 0,AC,127627.49645
Link,battery discharger,PL0 0,battery,-130259.2681
Link,battery discharger,PT0 0,AC,14720594.77513
Link,battery discharger,PT0 0,battery,-15024144.1289
Link,battery discharger,RO0 0,AC,146989.41559
Link,battery discharger,RO0 0,battery,-150020.44407
Link,battery discharger,RS0 0,AC,117813.05682
Link,battery discharger,RS0 0,battery,-120242.4476
Link,battery discharger,SE1 0,AC,100168.61132
Link,battery discharger,SE1 0,battery,-102234.16082
Link,battery discharger,SI0 0,AC,148363.5707
Link,battery discharger,SI0 0,battery,-151422.93527
Link,battery discharger,SK0 0,AC,106639.26369
Link,battery discharger,SK0 0,battery,-108838.24275
Link,battery discharger,XK0 0,AC,247302.87949
Link,battery discharger,XK0 0,battery,-252402.44444
Link,co2 sequestered,EU,co2 sequestered,179996304.13412
Link,co2 sequestered,EU,co2 stored,-179996304.13412
Link,coal for industry,EU,co2,35647405.06961
Link,coal for industry,EU,coal,-106061901.42699
Link,coal for industry,EU,coal for industry,106061901.42699
Link,electricity distribution grid,AL0 0,AC,-5923177.13834
Link,electricity distribution grid,AL0 0,low voltage,5733922.82309
Link,electricity distribution grid,AT0 0,AC,-114230450.87993
Link,electricity distribution grid,AT0 0,low voltage,110767463.51291
Link,electricity distribution grid,BA0 0,AC,-14641440.43758
Link,electricity distribution grid,BA0 0,low voltage,14183270.58121
Link,electricity distribution grid,BE0 0,AC,-168379350.17666
Link,electricity distribution grid,BE0 0,low voltage,163286922.55576
Link,electricity distribution grid,BG0 0,AC,-41394292.52802
Link,electricity distribution grid,BG0 0,low voltage,40103092.08691
Link,electricity distribution grid,CH0 0,AC,-63907756.02918
Link,electricity distribution grid,CH0 0,low voltage,61929861.62158
Link,electricity distribution grid,CZ0 0,AC,-110359030.9309
Link,electricity distribution grid,CZ0 0,low voltage,107029090.10539
Link,electricity distribution grid,DE0 0,AC,-641169470.97503
Link,electricity distribution grid,DE0 0,low voltage,621901852.6935
Link,electricity distribution grid,DE0 1,AC,-361723470.57249
Link,electricity distribution grid,DE0 1,low voltage,350836801.30236
Link,electricity distribution grid,DK0 0,AC,-42777615.74384
Link,electricity distribution grid,DK0 0,low voltage,41441100.78524
Link,electricity distribution grid,DK1 0,AC,-27060386.94953
Link,electricity distribution grid,DK1 0,low voltage,26219382.5384
Link,electricity distribution grid,EE0 0,AC,-11621972.0141
Link,electricity distribution grid,EE0 0,low voltage,11251595.08471
Link,electricity distribution grid,ES0 0,AC,-290164929.35536
Link,electricity distribution grid,ES0 0,low voltage,281380325.62372
Link,electricity distribution grid,ES6 0,AC,-8963674.97294
Link,electricity distribution grid,ES6 0,low voltage,8662680.86925
Link,electricity distribution grid,FI1 0,AC,-122694153.295
Link,electricity distribution grid,FI1 0,low voltage,119000159.67616
Link,electricity distribution grid,FR0 0,AC,-710138060.87939
Link,electricity distribution grid,FR0 0,low voltage,688781833.60395
Link,electricity distribution grid,FR5 0,AC,-5001138.0216
Link,electricity distribution grid,FR5 0,low voltage,4819149.32255
Link,electricity distribution grid,GB2 0,AC,-537961674.55327
Link,electricity distribution grid,GB2 0,low voltage,521744405.59264
Link,electricity distribution grid,GB3 0,AC,-16664932.44182
Link,electricity distribution grid,GB3 0,low voltage,16132214.71845
Link,electricity distribution grid,GR0 0,AC,-55226145.55782
Link,electricity distribution grid,GR0 0,low voltage,53437701.81168
Link,electricity distribution grid,HR0 0,AC,-29535732.10441
Link,electricity distribution grid,HR0 0,low voltage,28629677.73068
Link,electricity distribution grid,HU0 0,AC,-77604052.11287
Link,electricity distribution grid,HU0 0,low voltage,75249039.55288
Link,electricity distribution grid,IE3 0,AC,-44119101.69065
Link,electricity distribution grid,IE3 0,low voltage,42741638.7164
Link,electricity distribution grid,IT0 0,AC,-383622205.28122
Link,electricity distribution grid,IT0 0,low voltage,372042477.14646
Link,electricity distribution grid,IT4 0,AC,-12720207.07859
Link,electricity distribution grid,IT4 0,low voltage,12279391.89414
Link,electricity distribution grid,LT0 0,AC,-21503575.1673
Link,electricity distribution grid,LT0 0,low voltage,20837672.74699
Link,electricity distribution grid,LU0 0,AC,-11063815.18652
Link,electricity distribution grid,LU0 0,low voltage,10720185.88695
Link,electricity distribution grid,LV0 0,AC,-15452105.58098
Link,electricity distribution grid,LV0 0,low voltage,14967624.29931
Link,electricity distribution grid,ME0 0,AC,-3622095.09107
Link,electricity distribution grid,ME0 0,low voltage,3504961.89061
Link,electricity distribution grid,MK0 0,AC,-8374163.61799
Link,electricity distribution grid,MK0 0,low voltage,8102561.19558
Link,electricity distribution grid,NL0 0,AC,-244023522.97767
Link,electricity distribution grid,NL0 0,low voltage,236652241.13283
Link,electricity distribution grid,NO1 0,AC,-127290893.29224
Link,electricity distribution grid,NO1 0,low voltage,123456519.76106
Link,electricity distribution grid,PL0 0,AC,-291931003.5565
Link,electricity distribution grid,PL0 0,low voltage,283133142.6811
Link,electricity distribution grid,PT0 0,AC,-59066059.18929
Link,electricity distribution grid,PT0 0,low voltage,57238398.8894
Link,electricity distribution grid,RO0 0,AC,-104461513.54568
Link,electricity distribution grid,RO0 0,low voltage,101281003.34641
Link,electricity distribution grid,RS0 0,AC,-48890738.61626
Link,electricity distribution grid,RS0 0,low voltage,47393279.82568
Link,electricity distribution grid,SE1 0,AC,-174039950.89014
Link,electricity distribution grid,SE1 0,low voltage,168806664.56799
Link,electricity distribution grid,SI0 0,AC,-21613387.84016
Link,electricity distribution grid,SI0 0,low voltage,20936004.11086
Link,electricity distribution grid,SK0 0,AC,-44971151.31835
Link,electricity distribution grid,SK0 0,low voltage,43601190.78084
Link,electricity distribution grid,XK0 0,AC,-7904012.37101
Link,electricity distribution grid,XK0 0,low voltage,7650830.5859
Link,gas for industry,EU,co2,9465.80068
Link,gas for industry,EU,gas,-47807.07415
Link,gas for industry,EU,gas for industry,47807.07415
Link,gas for industry CC,EU,co2,5619924.11256
Link,gas for industry CC,EU,co2 stored,106778558.13865
Link,gas for industry CC,EU,gas,-567669102.27885
Link,gas for industry CC,EU,gas for industry,510902192.05097
Link,home battery charger,AL0 0,home battery,50097.42823
Link,home battery charger,AL0 0,low voltage,-51130.47357
Link,home battery charger,AT0 0,home battery,69625.75576
Link,home battery charger,AT0 0,low voltage,-71061.4894
Link,home battery charger,BA0 0,home battery,48880.81492
Link,home battery charger,BA0 0,low voltage,-49888.77282
Link,home battery charger,BE0 0,home battery,105978.2523
Link,home battery charger,BE0 0,low voltage,-108163.60082
Link,home battery charger,BG0 0,home battery,87450.52124
Link,home battery charger,BG0 0,low voltage,-89253.81449
Link,home battery charger,CH0 0,home battery,89627.30592
Link,home battery charger,CH0 0,low voltage,-91475.48605
Link,home battery charger,CZ0 0,home battery,74704.64876
Link,home battery charger,CZ0 0,low voltage,-76245.11286
Link,home battery charger,DE0 0,home battery,85568.14951
Link,home battery charger,DE0 0,low voltage,-87332.62689
Link,home battery charger,DE0 1,home battery,92195.20549
Link,home battery charger,DE0 1,low voltage,-94096.33757
Link,home battery charger,DK0 0,home battery,104330.11339
Link,home battery charger,DK0 0,low voltage,-106481.47609
Link,home battery charger,DK1 0,home battery,90290.53809
Link,home battery charger,DK1 0,low voltage,-92152.39455
Link,home battery charger,EE0 0,home battery,77101.55758
Link,home battery charger,EE0 0,low voltage,-78691.44769
Link,home battery charger,ES0 0,home battery,385538.40428
Link,home battery charger,ES0 0,low voltage,-393488.48613
Link,home battery charger,ES6 0,home battery,102540.65133
Link,home battery charger,ES6 0,low voltage,-104655.11403
Link,home battery charger,FI1 0,home battery,81809.67161
Link,home battery charger,FI1 0,low voltage,-83496.64644
Link,home battery charger,FR0 0,home battery,101606.41115
Link,home battery charger,FR0 0,low voltage,-103701.60913
Link,home battery charger,FR5 0,home battery,82307.64874
Link,home battery charger,FR5 0,low voltage,-84004.89223
Link,home battery charger,GB2 0,home battery,100503.39262
Link,home battery charger,GB2 0,low voltage,-102575.84556
Link,home battery charger,GB3 0,home battery,95839.67001
Link,home battery charger,GB3 0,low voltage,-97815.9536
Link,home battery charger,GR0 0,home battery,216268.13355
Link,home battery charger,GR0 0,low voltage,-220727.73951
Link,home battery charger,HR0 0,home battery,73191.1235
Link,home battery charger,HR0 0,low voltage,-74700.37761
Link,home battery charger,HU0 0,home battery,84007.31581
Link,home battery charger,HU0 0,low voltage,-85739.60766
Link,home battery charger,IE3 0,home battery,102143.29438
Link,home battery charger,IE3 0,low voltage,-104249.56329
Link,home battery charger,IT0 0,home battery,89913.96772
Link,home battery charger,IT0 0,low voltage,-91768.05903
Link,home battery charger,IT4 0,home battery,331753.00469
Link,home battery charger,IT4 0,low voltage,-338593.99256
Link,home battery charger,LT0 0,home battery,74430.7443
Link,home battery charger,LT0 0,low voltage,-75965.5603
Link,home battery charger,LU0 0,home battery,54951.74404
Link,home battery charger,LU0 0,low voltage,-56084.88891
Link,home battery charger,LV0 0,home battery,67773.81997
Link,home battery charger,LV0 0,low voltage,-69171.36536
Link,home battery charger,ME0 0,home battery,83381.33489
Link,home battery charger,ME0 0,low voltage,-85100.71856
Link,home battery charger,MK0 0,home battery,71660.32389
Link,home battery charger,MK0 0,low voltage,-73138.01181
Link,home battery charger,NL0 0,home battery,95466.37001
Link,home battery charger,NL0 0,low voltage,-97434.95588
Link,home battery charger,NO1 0,home battery,109054.05646
Link,home battery charger,NO1 0,low voltage,-111302.83029
Link,home battery charger,PL0 0,home battery,91952.58551
Link,home battery charger,PL0 0,low voltage,-93848.7146
Link,home battery charger,PT0 0,home battery,105578.99714
Link,home battery charger,PT0 0,low voltage,-107756.11273
Link,home battery charger,RO0 0,home battery,86397.30862
Link,home battery charger,RO0 0,low voltage,-88178.88386
Link,home battery charger,RS0 0,home battery,174712.65965
Link,home battery charger,RS0 0,low voltage,-178315.36156
Link,home battery charger,SE1 0,home battery,85764.61256
Link,home battery charger,SE1 0,low voltage,-87533.14115
Link,home battery charger,SI0 0,home battery,91781.95786
Link,home battery charger,SI0 0,low voltage,-93674.56848
Link,home battery charger,SK0 0,home battery,79330.28593
Link,home battery charger,SK0 0,low voltage,-80966.13403
Link,home battery charger,XK0 0,home battery,80116.52716
Link,home battery charger,XK0 0,low voltage,-81768.58813
Link,home battery discharger,AL0 0,home battery,-50099.14611
Link,home battery discharger,AL0 0,low voltage,49086.93781
Link,home battery discharger,AT0 0,home battery,-69627.47853
Link,home battery discharger,AT0 0,low voltage,68220.71779
Link,home battery discharger,BA0 0,home battery,-48882.51719
Link,home battery discharger,BA0 0,low voltage,47894.88978
Link,home battery discharger,BE0 0,home battery,-105978.25827
Link,home battery discharger,BE0 0,low voltage,103837.06264
Link,home battery discharger,BG0 0,home battery,-87450.52618
Link,home battery discharger,BG0 0,low voltage,85683.66676
Link,home battery discharger,CH0 0,home battery,-89628.93993
Link,home battery discharger,CH0 0,low voltage,87818.06761
Link,home battery discharger,CZ0 0,home battery,-74706.30127
Link,home battery discharger,CZ0 0,low voltage,73196.92747
Link,home battery discharger,DE0 0,home battery,-85568.15475
Link,home battery discharger,DE0 0,low voltage,83839.32695
Link,home battery discharger,DE0 1,home battery,-92195.21065
Link,home battery discharger,DE0 1,low voltage,90332.48913
Link,home battery discharger,DK0 0,home battery,-104331.83228
Link,home battery discharger,DK0 0,low voltage,102223.90121
Link,home battery discharger,DK1 0,home battery,-90292.2884
Link,home battery discharger,DK1 0,low voltage,88468.01372
Link,home battery discharger,EE0 0,home battery,-77103.31346
Link,home battery discharger,EE0 0,low voltage,75545.51019
Link,home battery discharger,ES0 0,home battery,-385538.40927
Link,home battery discharger,ES0 0,low voltage,377748.95158
Link,home battery discharger,ES6 0,home battery,-102540.65772
Link,home battery discharger,ES6 0,low voltage,100468.91572
Link,home battery discharger,FI1 0,home battery,-81809.67444
Link,home battery discharger,FI1 0,low voltage,80156.78336
Link,home battery discharger,FR0 0,home battery,-101608.05066
Link,home battery discharger,FR0 0,low voltage,99555.15115
Link,home battery discharger,FR5 0,home battery,-82308.59215
Link,home battery discharger,FR5 0,low voltage,80645.62088
Link,home battery discharger,GB2 0,home battery,-100505.03582
Link,home battery discharger,GB2 0,low voltage,98474.42174
Link,home battery discharger,GB3 0,home battery,-95841.35086
Link,home battery discharger,GB3 0,low voltage,93904.96235
Link,home battery discharger,GR0 0,home battery,-216269.78896
Link,home battery discharger,GR0 0,low voltage,211900.2519
Link,home battery discharger,HR0 0,home battery,-73192.87904
Link,home battery discharger,HR0 0,low voltage,71714.08258
Link,home battery discharger,HU0 0,home battery,-84007.32129
Link,home battery discharger,HU0 0,low voltage,82310.02872
Link,home battery discharger,IE3 0,home battery,-102144.97491
Link,home battery discharger,IE3 0,low voltage,100081.22732
Link,home battery discharger,IT0 0,home battery,-89913.97452
Link,home battery discharger,IT0 0,low voltage,88097.34333
Link,home battery discharger,IT4 0,home battery,-331754.72818
Link,home battery discharger,IT4 0,low voltage,325051.92152
Link,home battery discharger,LT0 0,home battery,-74430.75019
Link,home battery discharger,LT0 0,low voltage,72926.94365
Link,home battery discharger,LU0 0,home battery,-54953.46593
Link,home battery discharger,LU0 0,low voltage,53843.18045
Link,home battery discharger,LV0 0,home battery,-67775.52497
Link,home battery discharger,LV0 0,low voltage,66406.18129
Link,home battery discharger,ME0 0,home battery,-83383.10228
Link,home battery discharger,ME0 0,low voltage,81698.4215
Link,home battery discharger,MK0 0,home battery,-71662.06896
Link,home battery discharger,MK0 0,low voltage,70214.20114
Link,home battery discharger,NL0 0,home battery,-95466.3749
Link,home battery discharger,NL0 0,low voltage,93537.56244
Link,home battery discharger,NO1 0,home battery,-109055.74588
Link,home battery discharger,NO1 0,low voltage,106852.37237
Link,home battery discharger,PL0 0,home battery,-91954.22517
Link,home battery discharger,PL0 0,low voltage,90096.37255
Link,home battery discharger,PT0 0,home battery,-105580.67823
Link,home battery discharger,PT0 0,low voltage,103447.51535
Link,home battery discharger,RO0 0,home battery,-86397.31287
Link,home battery discharger,RO0 0,low voltage,84651.73267
Link,home battery discharger,RS0 0,home battery,-174714.36855
Link,home battery discharger,RS0 0,low voltage,171184.42147
Link,home battery discharger,SE1 0,home battery,-85766.24727
Link,home battery discharger,SE1 0,low voltage,84033.41719
Link,home battery discharger,SI0 0,home battery,-91781.96426
Link,home battery discharger,SI0 0,low voltage,89927.59201
Link,home battery discharger,SK0 0,home battery,-79330.29263
Link,home battery discharger,SK0 0,low voltage,77727.49524
Link,home battery discharger,XK0 0,home battery,-80118.25634
Link,home battery discharger,XK0 0,low voltage,78499.53884
Link,industry methanol,EU,co2,2167604.52532
Link,industry methanol,EU,industry methanol,8739998.20655
Link,industry methanol,EU,methanol,-8739998.20655
Link,kerosene for aviation,EU,co2,191258482.82415
Link,kerosene for aviation,EU,kerosene for aviation,743906973.25613
Link,kerosene for aviation,EU,oil,-743906973.25613
Link,land transport oil,EU,co2,243551836.67081
Link,land transport oil,EU,land transport oil,947303915.48349
Link,land transport oil,EU,oil,-947303915.48349
Link,methanolisation,AL0 0,AC,-68777.92885
Link,methanolisation,AL0 0,H2,-288879.82475
Link,methanolisation,AL0 0,urban central heat,6346.21759
Link,methanolisation,AT0 0,AC,-21499.79925
Link,methanolisation,AT0 0,H2,-90303.07167
Link,methanolisation,AT0 0,urban central heat,1983.81089
Link,methanolisation,BA0 0,AC,-35426.49933
Link,methanolisation,BA0 0,H2,-148797.7479
Link,methanolisation,BA0 0,urban central heat,3268.84332
Link,methanolisation,BE0 0,AC,-19373.36208
Link,methanolisation,BE0 0,H2,-81371.64836
Link,methanolisation,BE0 0,urban central heat,1787.60212
Link,methanolisation,BG0 0,AC,-508608.4201
Link,methanolisation,BG0 0,H2,-2136247.97548
Link,methanolisation,BG0 0,urban central heat,46929.87644
Link,methanolisation,CH0 0,AC,-201052.89689
Link,methanolisation,CH0 0,H2,-844458.77611
Link,methanolisation,CH0 0,urban central heat,18551.37909
Link,methanolisation,CZ0 0,AC,-8320.07349
Link,methanolisation,CZ0 0,H2,-34945.82364
Link,methanolisation,CZ0 0,urban central heat,767.70263
Link,methanolisation,DE0 0,AC,-9839.09435
Link,methanolisation,DE0 0,H2,-41325.98784
Link,methanolisation,DE0 0,urban central heat,907.86441
Link,methanolisation,DE0 1,AC,-8085.67818
Link,methanolisation,DE0 1,H2,-33961.32067
Link,methanolisation,DE0 1,urban central heat,746.07471
Link,methanolisation,DK0 0,AC,-31241.16379
Link,methanolisation,DK0 0,H2,-131218.57653
Link,methanolisation,DK0 0,urban central heat,2882.65766
Link,methanolisation,DK1 0,AC,-23642.16781
Link,methanolisation,DK1 0,H2,-99301.40973
Link,methanolisation,DK1 0,urban central heat,2181.48967
Link,methanolisation,EE0 0,AC,-19569.01191
Link,methanolisation,EE0 0,H2,-82193.4133
Link,methanolisation,EE0 0,urban central heat,1805.65495
Link,methanolisation,ES0 0,AC,-187044.0612
Link,methanolisation,ES0 0,H2,-785619.11537
Link,methanolisation,ES0 0,urban central heat,17258.76791
Link,methanolisation,ES6 0,AC,-7800.76382
Link,methanolisation,ES6 0,H2,-32764.62846
Link,methanolisation,ES6 0,urban central heat,719.78534
Link,methanolisation,EU,co2 stored,-70775358.28158
Link,methanolisation,EU,methanol,285373322.12716
Link,methanolisation,FI1 0,AC,-15568.00006
Link,methanolisation,FI1 0,H2,-65388.43498
Link,methanolisation,FI1 0,urban central heat,1436.47704
Link,methanolisation,FR0 0,AC,-11965050.66668
Link,methanolisation,FR0 0,H2,-50255391.48233
Link,methanolisation,FR0 0,urban central heat,1104028.81112
Link,methanolisation,FR5 0,AC,-15038576.73781
Link,methanolisation,FR5 0,H2,-63164760.63075
Link,methanolisation,GB2 0,AC,-21255084.66586
Link,methanolisation,GB2 0,H2,-89275225.87494
Link,methanolisation,GB2 0,urban central heat,1961230.7969
Link,methanolisation,GB3 0,AC,-1176599.84971
Link,methanolisation,GB3 0,H2,-4941933.61254
Link,methanolisation,GB3 0,urban central heat,108566.20414
Link,methanolisation,GR0 0,AC,-97584.30383
Link,methanolisation,GR0 0,H2,-409871.84494
Link,methanolisation,GR0 0,urban central heat,9004.21452
Link,methanolisation,HR0 0,AC,-14240.61856
Link,methanolisation,HR0 0,H2,-59813.19099
Link,methanolisation,HR0 0,urban central heat,1313.99804
Link,methanolisation,HU0 0,AC,-11503.29578
Link,methanolisation,HU0 0,H2,-48315.9369
Link,methanolisation,HU0 0,urban central heat,1061.42216
Link,methanolisation,IE3 0,AC,-1650083.32086
Link,methanolisation,IE3 0,H2,-6930650.40664
Link,methanolisation,IE3 0,urban central heat,152255.06166
Link,methanolisation,IT0 0,AC,-13800514.41996
Link,methanolisation,IT0 0,H2,-57964673.4605
Link,methanolisation,IT0 0,urban central heat,1273389.13578
Link,methanolisation,IT4 0,AC,-16486.65288
Link,methanolisation,IT4 0,H2,-69246.94412
Link,methanolisation,IT4 0,urban central heat,1521.24218
Link,methanolisation,LT0 0,AC,-10241.54612
Link,methanolisation,LT0 0,H2,-43016.35854
Link,methanolisation,LT0 0,urban central heat,944.99909
Link,methanolisation,LU0 0,AC,-15982.26188
Link,methanolisation,LU0 0,H2,-67128.41005
Link,methanolisation,LU0 0,urban central heat,1474.70145
Link,methanolisation,LV0 0,AC,-13019.48242
Link,methanolisation,LV0 0,H2,-54684.19683
Link,methanolisation,LV0 0,urban central heat,1201.32243
Link,methanolisation,ME0 0,AC,-146818.96224
Link,methanolisation,ME0 0,H2,-616666.37526
Link,methanolisation,ME0 0,urban central heat,13547.15236
Link,methanolisation,MK0 0,AC,-244181.21629
Link,methanolisation,MK0 0,H2,-1025605.57067
Link,methanolisation,MK0 0,urban central heat,22530.87809
Link,methanolisation,NL0 0,AC,-18296.52059
Link,methanolisation,NL0 0,H2,-76848.71806
Link,methanolisation,NL0 0,urban central heat,1688.24073
Link,methanolisation,NO1 0,AC,-15980.52893
Link,methanolisation,NO1 0,H2,-67121.13137
Link,methanolisation,NO1 0,urban central heat,1474.54155
Link,methanolisation,PL0 0,AC,-6453.14898
Link,methanolisation,PL0 0,H2,-27104.40076
Link,methanolisation,PL0 0,urban central heat,595.43938
Link,methanolisation,PT0 0,AC,-10342325.59733
Link,methanolisation,PT0 0,H2,-43439650.71362
Link,methanolisation,PT0 0,urban central heat,954298.1264
Link,methanolisation,RO0 0,AC,-47362.28108
Link,methanolisation,RO0 0,H2,-198930.20461
Link,methanolisation,RO0 0,urban central heat,4370.17145
Link,methanolisation,RS0 0,AC,-36154.24671
Link,methanolisation,RS0 0,H2,-151854.4194
Link,methanolisation,RS0 0,urban central heat,3335.9934
Link,methanolisation,SE1 0,AC,-13353.65844
Link,methanolisation,SE1 0,H2,-56087.79697
Link,methanolisation,SE1 0,urban central heat,1232.15723
Link,methanolisation,SI0 0,AC,-21095.97098
Link,methanolisation,SI0 0,H2,-88606.91942
Link,methanolisation,SI0 0,urban central heat,1946.5492
Link,methanolisation,SK0 0,AC,-8290.98255
Link,methanolisation,SK0 0,H2,-34823.63637
Link,methanolisation,SK0 0,urban central heat,765.01837
Link,methanolisation,XK0 0,AC,-191145.62596
Link,methanolisation,XK0 0,H2,-802846.43422
Link,methanolisation,XK0 0,urban central heat,17637.22395
Link,naphtha for industry,EU,naphtha for industry,504799998.99933
Link,naphtha for industry,EU,oil,-504799998.99933
Link,naphtha for industry,EU,process emissions,16139999.96801
Link,oil refining,EU,co2,18507370.23153
Link,oil refining,EU,oil,1351658759.99087
Link,oil refining,EU,oil primary,-1423643863.96417
Link,process emissions,EU,co2,2208.89305
Link,process emissions,EU,process emissions,-2208.89305
Link,process emissions CC,EU,co2,8435389.6614
Link,process emissions CC,EU,co2 stored,160272403.56663
Link,process emissions CC,EU,process emissions,-168707793.22804
Link,residential rural air heat pump,AL0 0,low voltage,-58292.23478
Link,residential rural air heat pump,AL0 0,residential rural heat,152924.27733
Link,residential rural air heat pump,AT0 0,low voltage,-332539.7706
Link,residential rural air heat pump,AT0 0,residential rural heat,836445.61519
Link,residential rural air heat pump,BA0 0,low voltage,-131564.09821
Link,residential rural air heat pump,BA0 0,residential rural heat,312091.7273
Link,residential rural air heat pump,BE0 0,low voltage,-37334.73653
Link,residential rural air heat pump,BE0 0,residential rural heat,97047.85083
Link,residential rural air heat pump,BG0 0,low voltage,-93750.10038
Link,residential rural air heat pump,BG0 0,residential rural heat,237006.68068
Link,residential rural air heat pump,CH0 0,low voltage,-170231.2774
Link,residential rural air heat pump,CH0 0,residential rural heat,397801.25454
Link,residential rural air heat pump,CZ0 0,low voltage,-176687.25121
Link,residential rural air heat pump,CZ0 0,residential rural heat,437577.07462
Link,residential rural air heat pump,DE0 0,low voltage,-315871.88151
Link,residential rural air heat pump,DE0 0,residential rural heat,860999.21337
Link,residential rural air heat pump,DE0 1,low voltage,-654456.10143
Link,residential rural air heat pump,DE0 1,residential rural heat,1675016.92255
Link,residential rural air heat pump,DK0 0,low voltage,-41972.29678
Link,residential rural air heat pump,DK0 0,residential rural heat,104504.8231
Link,residential rural air heat pump,DK1 0,low voltage,-18128.13598
Link,residential rural air heat pump,DK1 0,residential rural heat,46408.31567
Link,residential rural air heat pump,EE0 0,low voltage,-38830.79122
Link,residential rural air heat pump,EE0 0,residential rural heat,93516.91571
Link,residential rural air heat pump,ES0 0,low voltage,-866746.8742
Link,residential rural air heat pump,ES0 0,residential rural heat,2250120.76562
Link,residential rural air heat pump,ES6 0,low voltage,-18175.36957
Link,residential rural air heat pump,ES6 0,residential rural heat,51184.41027
Link,residential rural air heat pump,FI1 0,low voltage,-83523.61787
Link,residential rural air heat pump,FI1 0,residential rural heat,213826.18725
Link,residential rural air heat pump,FR0 0,low voltage,-1019021.66986
Link,residential rural air heat pump,FR0 0,residential rural heat,2516087.678
Link,residential rural air heat pump,FR5 0,low voltage,-71066.82623
Link,residential rural air heat pump,FR5 0,residential rural heat,178580.1021
Link,residential rural air heat pump,GB2 0,low voltage,-1162985.50165
Link,residential rural air heat pump,GB2 0,residential rural heat,2801638.97035
Link,residential rural air heat pump,GB3 0,low voltage,-267356.62873
Link,residential rural air heat pump,GB3 0,residential rural heat,637837.1676
Link,residential rural air heat pump,GR0 0,low voltage,-247227.56855
Link,residential rural air heat pump,GR0 0,residential rural heat,660220.22115
Link,residential rural air heat pump,HR0 0,low voltage,-133198.00957
Link,residential rural air heat pump,HR0 0,residential rural heat,319306.06495
Link,residential rural air heat pump,HU0 0,low voltage,-281693.76401
Link,residential rural air heat pump,HU0 0,residential rural heat,653524.47803
Link,residential rural air heat pump,IE3 0,low voltage,-434337.95825
Link,residential rural air heat pump,IE3 0,residential rural heat,1040504.49765
Link,residential rural air heat pump,IT0 0,low voltage,-1672264.62197
Link,residential rural air heat pump,IT0 0,residential rural heat,4318423.69659
Link,residential rural air heat pump,IT4 0,low voltage,-305573.63676
Link,residential rural air heat pump,IT4 0,residential rural heat,783664.80755
Link,residential rural air heat pump,LT0 0,low voltage,-63405.71844
Link,residential rural air heat pump,LT0 0,residential rural heat,142446.29189
Link,residential rural air heat pump,LU0 0,low voltage,-7473.02519
Link,residential rural air heat pump,LU0 0,residential rural heat,18242.4155
Link,residential rural air heat pump,LV0 0,low voltage,-51252.74376
Link,residential rural air heat pump,LV0 0,residential rural heat,131459.99773
Link,residential rural air heat pump,ME0 0,low voltage,-23821.44465
Link,residential rural air heat pump,ME0 0,residential rural heat,58391.89392
Link,residential rural air heat pump,MK0 0,low voltage,-66358.18788
Link,residential rural air heat pump,MK0 0,residential rural heat,156346.18925
Link,residential rural air heat pump,NL0 0,low voltage,-80784.58849
Link,residential rural air heat pump,NL0 0,residential rural heat,204470.77782
Link,residential rural air heat pump,NO1 0,low voltage,-41580.80733
Link,residential rural air heat pump,NO1 0,residential rural heat,99574.05576
Link,residential rural air heat pump,PL0 0,low voltage,-1029755.70021
Link,residential rural air heat pump,PL0 0,residential rural heat,2377532.49513
Link,residential rural air heat pump,PT0 0,low voltage,-357255.5801
Link,residential rural air heat pump,PT0 0,residential rural heat,952538.261
Link,residential rural air heat pump,RO0 0,low voltage,-479541.42486
Link,residential rural air heat pump,RO0 0,residential rural heat,1148739.71832
Link,residential rural air heat pump,RS0 0,low voltage,-254776.65148
Link,residential rural air heat pump,RS0 0,residential rural heat,606176.20353
Link,residential rural air heat pump,SE1 0,low voltage,-71156.46515
Link,residential rural air heat pump,SE1 0,residential rural heat,180165.05479
Link,residential rural air heat pump,SI0 0,low voltage,-73413.62159
Link,residential rural air heat pump,SI0 0,residential rural heat,184574.57264
Link,residential rural air heat pump,SK0 0,low voltage,-137284.69486
Link,residential rural air heat pump,SK0 0,residential rural heat,320149.41165
Link,residential rural air heat pump,XK0 0,low voltage,-42609.81192
Link,residential rural air heat pump,XK0 0,residential rural heat,101286.02656
Link,residential rural ground heat pump,AL0 0,low voltage,-237501.67204
Link,residential rural ground heat pump,AL0 0,residential rural heat,859517.21813
Link,residential rural ground heat pump,AT0 0,low voltage,-6837945.07999
Link,residential rural ground heat pump,AT0 0,residential rural heat,21673906.83196
Link,residential rural ground heat pump,BA0 0,low voltage,-1101095.00186
Link,residential rural ground heat pump,BA0 0,residential rural heat,3759729.17819
Link,residential rural ground heat pump,BE0 0,low voltage,-872930.78309
Link,residential rural ground heat pump,BE0 0,residential rural heat,2899927.08195
Link,residential rural ground heat pump,BG0 0,low voltage,-783050.00805
Link,residential rural ground heat pump,BG0 0,residential rural heat,2749953.68998
Link,residential rural ground heat pump,CH0 0,low voltage,-2894382.76737
Link,residential rural ground heat pump,CH0 0,residential rural heat,9018356.27928
Link,residential rural ground heat pump,CZ0 0,low voltage,-4552556.36698
Link,residential rural ground heat pump,CZ0 0,residential rural heat,14659921.03297
Link,residential rural ground heat pump,DE0 0,low voltage,-12303745.92543
Link,residential rural ground heat pump,DE0 0,residential rural heat,40161699.64351
Link,residential rural ground heat pump,DE0 1,low voltage,-21252021.64422
Link,residential rural ground heat pump,DE0 1,residential rural heat,68739921.06322
Link,residential rural ground heat pump,DK0 0,low voltage,-726385.24207
Link,residential rural ground heat pump,DK0 0,residential rural heat,2288095.03587
Link,residential rural ground heat pump,DK1 0,low voltage,-317584.37289
Link,residential rural ground heat pump,DK1 0,residential rural heat,1000851.36505
Link,residential rural ground heat pump,EE0 0,low voltage,-629857.13305
Link,residential rural ground heat pump,EE0 0,residential rural heat,1926519.60193
Link,residential rural ground heat pump,ES0 0,low voltage,-3234268.87803
Link,residential rural ground heat pump,ES0 0,residential rural heat,12016509.73982
Link,residential rural ground heat pump,ES6 0,low voltage,-11063.09653
Link,residential rural ground heat pump,ES6 0,residential rural heat,46334.14365
Link,residential rural ground heat pump,FI1 0,low voltage,-2556043.62699
Link,residential rural ground heat pump,FI1 0,residential rural heat,7624604.45496
Link,residential rural ground heat pump,FR0 0,low voltage,-19445983.23954
Link,residential rural ground heat pump,FR0 0,residential rural heat,66800494.57865
Link,residential rural ground heat pump,FR5 0,low voltage,-368898.83757
Link,residential rural ground heat pump,FR5 0,residential rural heat,1343682.7811
Link,residential rural ground heat pump,GB2 0,low voltage,-10979124.30256
Link,residential rural ground heat pump,GB2 0,residential rural heat,36179300.1037
Link,residential rural ground heat pump,GB3 0,low voltage,-1260471.32798
Link,residential rural ground heat pump,GB3 0,residential rural heat,4179759.12239
Link,residential rural ground heat pump,GR0 0,low voltage,-734109.22468
Link,residential rural ground heat pump,GR0 0,residential rural heat,2797951.97066
Link,residential rural ground heat pump,HR0 0,low voltage,-1720592.89818
Link,residential rural ground heat pump,HR0 0,residential rural heat,5984416.88586
Link,residential rural ground heat pump,HU0 0,low voltage,-3475317.40621
Link,residential rural ground heat pump,HU0 0,residential rural heat,11904575.03562
Link,residential rural ground heat pump,IE3 0,low voltage,-1893781.98511
Link,residential rural ground heat pump,IE3 0,residential rural heat,6360726.04151
Link,residential rural ground heat pump,IT0 0,low voltage,-15603628.80001
Link,residential rural ground heat pump,IT0 0,residential rural heat,55812350.28059
Link,residential rural ground heat pump,IT4 0,low voltage,-965462.72981
Link,residential rural ground heat pump,IT4 0,residential rural heat,3712372.62347
Link,residential rural ground heat pump,LT0 0,low voltage,-1045789.54747
Link,residential rural ground heat pump,LT0 0,residential rural heat,3256503.57224
Link,residential rural ground heat pump,LU0 0,low voltage,-88041.12091
Link,residential rural ground heat pump,LU0 0,residential rural heat,287862.47175
Link,residential rural ground heat pump,LV0 0,low voltage,-921443.42929
Link,residential rural ground heat pump,LV0 0,residential rural heat,2865387.2514
Link,residential rural ground heat pump,ME0 0,low voltage,-119931.94571
Link,residential rural ground heat pump,ME0 0,residential rural heat,407555.32061
Link,residential rural ground heat pump,MK0 0,low voltage,-329113.08263
Link,residential rural ground heat pump,MK0 0,residential rural heat,1141691.98386
Link,residential rural ground heat pump,NL0 0,low voltage,-1394997.98422
Link,residential rural ground heat pump,NL0 0,residential rural heat,4609579.82244
Link,residential rural ground heat pump,NO1 0,low voltage,-1742353.62207
Link,residential rural ground heat pump,NO1 0,residential rural heat,5125869.7357
Link,residential rural ground heat pump,PL0 0,low voltage,-19613278.08938
Link,residential rural ground heat pump,PL0 0,residential rural heat,62606961.10294
Link,residential rural ground heat pump,PT0 0,low voltage,-708474.22932
Link,residential rural ground heat pump,PT0 0,residential rural heat,2746424.54534
Link,residential rural ground heat pump,RO0 0,low voltage,-6432003.11761
Link,residential rural ground heat pump,RO0 0,residential rural heat,21666072.47041
Link,residential rural ground heat pump,RS0 0,low voltage,-2202086.12855
Link,residential rural ground heat pump,RS0 0,residential rural heat,7626975.66985
Link,residential rural ground heat pump,SE1 0,low voltage,-3240549.95027
Link,residential rural ground heat pump,SE1 0,residential rural heat,9585292.5617
Link,residential rural ground heat pump,SI0 0,low voltage,-1118282.8005
Link,residential rural ground heat pump,SI0 0,residential rural heat,3715251.42759
Link,residential rural ground heat pump,SK0 0,low voltage,-2594115.49659
Link,residential rural ground heat pump,SK0 0,residential rural heat,8427004.46752
Link,residential rural ground heat pump,XK0 0,low voltage,-270367.09212
Link,residential rural ground heat pump,XK0 0,residential rural heat,938642.53908
Link,residential urban decentral air heat pump,AL0 0,low voltage,-432620.03028
Link,residential urban decentral air heat pump,AL0 0,residential urban decentral heat,1087918.07337
Link,residential urban decentral air heat pump,AT0 0,low voltage,-8263067.85633
Link,residential urban decentral air heat pump,AT0 0,residential urban decentral heat,17640267.48237
Link,residential urban decentral air heat pump,BA0 0,low voltage,-1056585.30231
Link,residential urban decentral air heat pump,BA0 0,residential urban decentral heat,2412471.32473
Link,residential urban decentral air heat pump,BE0 0,low voltage,-18415481.54069
Link,residential urban decentral air heat pump,BE0 0,residential urban decentral heat,41690708.00443
Link,residential urban decentral air heat pump,BG0 0,low voltage,-2267207.46084
Link,residential urban decentral air heat pump,BG0 0,residential urban decentral heat,5290611.08182
Link,residential urban decentral air heat pump,CH0 0,low voltage,-11487669.46922
Link,residential urban decentral air heat pump,CH0 0,residential urban decentral heat,23628739.66837
Link,residential urban decentral air heat pump,CZ0 0,low voltage,-10796529.80721
Link,residential urban decentral air heat pump,CZ0 0,residential urban decentral heat,23348628.23031
Link,residential urban decentral air heat pump,DE0 0,low voltage,-78115158.98163
Link,residential urban decentral air heat pump,DE0 0,residential urban decentral heat,174823083.84811
Link,residential urban decentral air heat pump,DE0 1,low voltage,-33229557.7039
Link,residential urban decentral air heat pump,DE0 1,residential urban decentral heat,73065021.11333
Link,residential urban decentral air heat pump,DK0 0,low voltage,-4676381.57551
Link,residential urban decentral air heat pump,DK0 0,residential urban decentral heat,10520795.86433
Link,residential urban decentral air heat pump,DK1 0,low voltage,-3054963.55435
Link,residential urban decentral air heat pump,DK1 0,residential urban decentral heat,6872415.14403
Link,residential urban decentral air heat pump,EE0 0,low voltage,-1065272.99712
Link,residential urban decentral air heat pump,EE0 0,residential urban decentral heat,2130146.96077
Link,residential urban decentral air heat pump,ES0 0,low voltage,-15630215.29633
Link,residential urban decentral air heat pump,ES0 0,residential urban decentral heat,40068822.03773
Link,residential urban decentral air heat pump,ES6 0,low voltage,-265357.3801
Link,residential urban decentral air heat pump,ES6 0,residential urban decentral heat,757270.26745
Link,residential urban decentral air heat pump,FI1 0,low voltage,-11789510.25578
Link,residential urban decentral air heat pump,FI1 0,residential urban decentral heat,22222138.02529
Link,residential urban decentral air heat pump,FR0 0,low voltage,-81865382.0868
Link,residential urban decentral air heat pump,FR0 0,residential urban decentral heat,191747278.41639
Link,residential urban decentral air heat pump,FR5 0,low voltage,0.0
Link,residential urban decentral air heat pump,FR5 0,residential urban decentral heat,0.0
Link,residential urban decentral air heat pump,GB2 0,low voltage,-66426415.73139
Link,residential urban decentral air heat pump,GB2 0,residential urban decentral heat,157922682.70076
Link,residential urban decentral air heat pump,GB3 0,low voltage,-746025.59326
Link,residential urban decentral air heat pump,GB3 0,residential urban decentral heat,1804146.21285
Link,residential urban decentral air heat pump,GR0 0,low voltage,-3977156.02884
Link,residential urban decentral air heat pump,GR0 0,residential urban decentral heat,10333196.953
Link,residential urban decentral air heat pump,HR0 0,low voltage,-2378147.82596
Link,residential urban decentral air heat pump,HR0 0,residential urban decentral heat,5507836.27428
Link,residential urban decentral air heat pump,HU0 0,low voltage,-8354658.06237
Link,residential urban decentral air heat pump,HU0 0,residential urban decentral heat,18773201.58421
Link,residential urban decentral air heat pump,IE3 0,low voltage,-3910582.01985
Link,residential urban decentral air heat pump,IE3 0,residential urban decentral heat,9528658.37282
Link,residential urban decentral air heat pump,IT0 0,low voltage,-44893770.19623
Link,residential urban decentral air heat pump,IT0 0,residential urban decentral heat,109514635.35315
Link,residential urban decentral air heat pump,IT4 0,low voltage,-326442.54055
Link,residential urban decentral air heat pump,IT4 0,residential urban decentral heat,848308.0025
Link,residential urban decentral air heat pump,LT0 0,low voltage,-1579953.80504
Link,residential urban decentral air heat pump,LT0 0,residential urban decentral heat,3182643.88823
Link,residential urban decentral air heat pump,LU0 0,low voltage,-960151.98237
Link,residential urban decentral air heat pump,LU0 0,residential urban decentral heat,2107388.92599
Link,residential urban decentral air heat pump,LV0 0,low voltage,-1380887.7218
Link,residential urban decentral air heat pump,LV0 0,residential urban decentral heat,2799173.16901
Link,residential urban decentral air heat pump,ME0 0,low voltage,-249870.71112
Link,residential urban decentral air heat pump,ME0 0,residential urban decentral heat,578681.55399
Link,residential urban decentral air heat pump,MK0 0,low voltage,-414376.3604
Link,residential urban decentral air heat pump,MK0 0,residential urban decentral heat,951624.4721
Link,residential urban decentral air heat pump,NL0 0,low voltage,-22904778.87984
Link,residential urban decentral air heat pump,NL0 0,residential urban decentral heat,52630407.23884
Link,residential urban decentral air heat pump,NO1 0,low voltage,-8788330.80258
Link,residential urban decentral air heat pump,NO1 0,residential urban decentral heat,17143297.10134
Link,residential urban decentral air heat pump,PL0 0,low voltage,-24146787.05738
Link,residential urban decentral air heat pump,PL0 0,residential urban decentral heat,51662509.34623
Link,residential urban decentral air heat pump,PT0 0,low voltage,-1794261.19937
Link,residential urban decentral air heat pump,PT0 0,residential urban decentral heat,4857416.06916
Link,residential urban decentral air heat pump,RO0 0,low voltage,-7370256.61347
Link,residential urban decentral air heat pump,RO0 0,residential urban decentral heat,16250554.10659
Link,residential urban decentral air heat pump,RS0 0,low voltage,-2177331.42105
Link,residential urban decentral air heat pump,RS0 0,residential urban decentral heat,4973449.55121
Link,residential urban decentral air heat pump,SE1 0,low voltage,-16700453.20434
Link,residential urban decentral air heat pump,SE1 0,residential urban decentral heat,32297038.42866
Link,residential urban decentral air heat pump,SI0 0,low voltage,-1403236.31787
Link,residential urban decentral air heat pump,SI0 0,residential urban decentral heat,3148086.47193
Link,residential urban decentral air heat pump,SK0 0,low voltage,-3154624.85211
Link,residential urban decentral air heat pump,SK0 0,residential urban decentral heat,6788859.5892
Link,residential urban decentral air heat pump,XK0 0,low voltage,-478748.73419
Link,residential urban decentral air heat pump,XK0 0,residential urban decentral heat,1085639.14778
Link,services rural air heat pump,AL0 0,low voltage,-28897.96278
Link,services rural air heat pump,AL0 0,services rural heat,75179.5387
Link,services rural air heat pump,AT0 0,low voltage,-166692.1161
Link,services rural air heat pump,AT0 0,services rural heat,435376.14058
Link,services rural air heat pump,BA0 0,low voltage,-38863.13823
Link,services rural air heat pump,BA0 0,services rural heat,93936.06157
Link,services rural air heat pump,BE0 0,low voltage,-30482.82253
Link,services rural air heat pump,BE0 0,services rural heat,86106.71326
Link,services rural air heat pump,BG0 0,low voltage,-65085.13503
Link,services rural air heat pump,BG0 0,services rural heat,189771.58631
Link,services rural air heat pump,CH0 0,low voltage,-83263.06856
Link,services rural air heat pump,CH0 0,services rural heat,193797.35938
Link,services rural air heat pump,CZ0 0,low voltage,-109609.82188
Link,services rural air heat pump,CZ0 0,services rural heat,314742.98898
Link,services rural air heat pump,DE0 0,low voltage,-273777.71463
Link,services rural air heat pump,DE0 0,services rural heat,778415.85512
Link,services rural air heat pump,DE0 1,low voltage,-454985.1644
Link,services rural air heat pump,DE0 1,services rural heat,1238521.29428
Link,services rural air heat pump,DK0 0,low voltage,-22760.71285
Link,services rural air heat pump,DK0 0,services rural heat,58327.91334
Link,services rural air heat pump,DK1 0,low voltage,-12215.06932
Link,services rural air heat pump,DK1 0,services rural heat,31949.69149
Link,services rural air heat pump,EE0 0,low voltage,-23420.82954
Link,services rural air heat pump,EE0 0,services rural heat,63008.93961
Link,services rural air heat pump,ES0 0,low voltage,-556548.04665
Link,services rural air heat pump,ES0 0,services rural heat,1552980.29735
Link,services rural air heat pump,ES6 0,low voltage,-35484.58756
Link,services rural air heat pump,ES6 0,services rural heat,112322.23991
Link,services rural air heat pump,FI1 0,low voltage,-68571.40883
Link,services rural air heat pump,FI1 0,services rural heat,190453.09134
Link,services rural air heat pump,FR0 0,low voltage,-726367.03843
Link,services rural air heat pump,FR0 0,services rural heat,2079792.2898
Link,services rural air heat pump,FR5 0,low voltage,-31132.00292
Link,services rural air heat pump,FR5 0,services rural heat,83718.56346
Link,services rural air heat pump,GB2 0,low voltage,-494553.36
Link,services rural air heat pump,GB2 0,services rural heat,1199880.6087
Link,services rural air heat pump,GB3 0,low voltage,-105454.31461
Link,services rural air heat pump,GB3 0,services rural heat,252920.58115
Link,services rural air heat pump,GR0 0,low voltage,-246980.49581
Link,services rural air heat pump,GR0 0,services rural heat,761348.87458
Link,services rural air heat pump,HR0 0,low voltage,-57942.13628
Link,services rural air heat pump,HR0 0,services rural heat,166053.04227
Link,services rural air heat pump,HU0 0,low voltage,-168545.09363
Link,services rural air heat pump,HU0 0,services rural heat,481896.92402
Link,services rural air heat pump,IE3 0,low voltage,-225716.75762
Link,services rural air heat pump,IE3 0,services rural heat,549864.29996
Link,services rural air heat pump,IT0 0,low voltage,-1384374.50062
Link,services rural air heat pump,IT0 0,services rural heat,3849539.23023
Link,services rural air heat pump,IT4 0,low voltage,-162858.82708
Link,services rural air heat pump,IT4 0,services rural heat,429744.56152
Link,services rural air heat pump,LT0 0,low voltage,-28234.67704
Link,services rural air heat pump,LT0 0,services rural heat,75911.78278
Link,services rural air heat pump,LU0 0,low voltage,-7800.31004
Link,services rural air heat pump,LU0 0,services rural heat,20425.48639
Link,services rural air heat pump,LV0 0,low voltage,-32725.01037
Link,services rural air heat pump,LV0 0,services rural heat,90992.01026
Link,services rural air heat pump,ME0 0,low voltage,-5142.71083
Link,services rural air heat pump,ME0 0,services rural heat,12954.06332
Link,services rural air heat pump,MK0 0,low voltage,-24054.71761
Link,services rural air heat pump,MK0 0,services rural heat,59133.59651
Link,services rural air heat pump,NL0 0,low voltage,-90788.86697
Link,services rural air heat pump,NL0 0,services rural heat,248270.78706
Link,services rural air heat pump,NO1 0,low voltage,-39263.81642
Link,services rural air heat pump,NO1 0,services rural heat,90585.23599
Link,services rural air heat pump,PL0 0,low voltage,-571433.10777
Link,services rural air heat pump,PL0 0,services rural heat,1554009.21877
Link,services rural air heat pump,PT0 0,low voltage,-525702.903
Link,services rural air heat pump,PT0 0,services rural heat,1426475.0206
Link,services rural air heat pump,RO0 0,low voltage,-173312.2981
Link,services rural air heat pump,RO0 0,services rural heat,497319.69962
Link,services rural air heat pump,RS0 0,low voltage,-75452.89099
Link,services rural air heat pump,RS0 0,services rural heat,184460.37889
Link,services rural air heat pump,SE1 0,low voltage,-34229.07665
Link,services rural air heat pump,SE1 0,services rural heat,85971.18168
Link,services rural air heat pump,SI0 0,low voltage,-40808.74626
Link,services rural air heat pump,SI0 0,services rural heat,111172.1202
Link,services rural air heat pump,SK0 0,low voltage,-101567.81446
Link,services rural air heat pump,SK0 0,services rural heat,255064.25107
Link,services rural air heat pump,XK0 0,low voltage,-15270.93222
Link,services rural air heat pump,XK0 0,services rural heat,38996.97049
Link,services rural ground heat pump,AL0 0,low voltage,-107559.65595
Link,services rural ground heat pump,AL0 0,services rural heat,387877.78225
Link,services rural ground heat pump,AT0 0,low voltage,-3281174.90958
Link,services rural ground heat pump,AT0 0,services rural heat,10506240.36876
Link,services rural ground heat pump,BA0 0,low voltage,-311261.48771
Link,services rural ground heat pump,BA0 0,services rural heat,1062673.95652
Link,services rural ground heat pump,BE0 0,low voltage,-2282734.32823
Link,services rural ground heat pump,BE0 0,services rural heat,7857177.32606
Link,services rural ground heat pump,BG0 0,low voltage,-630753.32499
Link,services rural ground heat pump,BG0 0,services rural heat,2267081.59127
Link,services rural ground heat pump,CH0 0,low voltage,-1292667.44551
Link,services rural ground heat pump,CH0 0,services rural heat,4024300.7402
Link,services rural ground heat pump,CZ0 0,low voltage,-2747988.57302
Link,services rural ground heat pump,CZ0 0,services rural heat,9016610.48864
Link,services rural ground heat pump,DE0 0,low voltage,-9242512.27026
Link,services rural ground heat pump,DE0 0,services rural heat,30794637.03587
Link,services rural ground heat pump,DE0 1,low voltage,-10558869.15422
Link,services rural ground heat pump,DE0 1,services rural heat,34486475.37007
Link,services rural ground heat pump,DK0 0,low voltage,-1081753.51224
Link,services rural ground heat pump,DK0 0,services rural heat,3577401.26503
Link,services rural ground heat pump,DK1 0,low voltage,-589478.17088
Link,services rural ground heat pump,DK1 0,services rural heat,1978890.09655
Link,services rural ground heat pump,EE0 0,low voltage,-444644.27485
Link,services rural ground heat pump,EE0 0,services rural heat,1403774.04987
Link,services rural ground heat pump,ES0 0,low voltage,-6191747.11164
Link,services rural ground heat pump,ES0 0,services rural heat,23538565.11873
Link,services rural ground heat pump,ES6 0,low voltage,-56469.71588
Link,services rural ground heat pump,ES6 0,services rural heat,243545.91719
Link,services rural ground heat pump,FI1 0,low voltage,-2852446.68221
Link,services rural ground heat pump,FI1 0,services rural heat,8664471.36434
Link,services rural ground heat pump,FR0 0,low voltage,-15273279.66364
Link,services rural ground heat pump,FR0 0,services rural heat,53558299.42128
Link,services rural ground heat pump,FR5 0,low voltage,-161457.34203
Link,services rural ground heat pump,FR5 0,services rural heat,594514.11469
Link,services rural ground heat pump,GB2 0,low voltage,-4174427.77341
Link,services rural ground heat pump,GB2 0,services rural heat,13764294.07215
Link,services rural ground heat pump,GB3 0,low voltage,-443964.1061
Link,services rural ground heat pump,GB3 0,services rural heat,1469743.31392
Link,services rural ground heat pump,GR0 0,low voltage,-1208771.72431
Link,services rural ground heat pump,GR0 0,services rural heat,4749272.12766
Link,services rural ground heat pump,HR0 0,low voltage,-839468.52497
Link,services rural ground heat pump,HR0 0,services rural heat,3010713.44568
Link,services rural ground heat pump,HU0 0,low voltage,-2383033.29203
Link,services rural ground heat pump,HU0 0,services rural heat,8407788.92487
Link,services rural ground heat pump,IE3 0,low voltage,-1208835.27741
Link,services rural ground heat pump,IE3 0,services rural heat,4088969.62903
Link,services rural ground heat pump,IT0 0,low voltage,-12771326.91237
Link,services rural ground heat pump,IT0 0,services rural heat,46346422.19522
Link,services rural ground heat pump,IT4 0,low voltage,-624431.45118
Link,services rural ground heat pump,IT4 0,services rural heat,2415164.81168
Link,services rural ground heat pump,LT0 0,low voltage,-537216.35671
Link,services rural ground heat pump,LT0 0,services rural heat,1723725.51379
Link,services rural ground heat pump,LU0 0,low voltage,-104271.05729
Link,services rural ground heat pump,LU0 0,services rural heat,347125.95751
Link,services rural ground heat pump,LV0 0,low voltage,-803033.73982
Link,services rural ground heat pump,LV0 0,services rural heat,2563259.07616
Link,services rural ground heat pump,ME0 0,low voltage,-13510.17249
Link,services rural ground heat pump,ME0 0,services rural heat,46528.81257
Link,services rural ground heat pump,MK0 0,low voltage,-114523.53395
Link,services rural ground heat pump,MK0 0,services rural heat,398576.29634
Link,services rural ground heat pump,NL0 0,low voltage,-10341022.75297
Link,services rural ground heat pump,NL0 0,services rural heat,35725207.49526
Link,services rural ground heat pump,NO1 0,low voltage,-1517137.90282
Link,services rural ground heat pump,NO1 0,services rural heat,4469018.26274
Link,services rural ground heat pump,PL0 0,low voltage,-13990185.0761
Link,services rural ground heat pump,PL0 0,services rural heat,46186944.64498
Link,services rural ground heat pump,PT0 0,low voltage,-1326341.64611
Link,services rural ground heat pump,PT0 0,services rural heat,5177234.54893
Link,services rural ground heat pump,RO0 0,low voltage,-2289801.42958
Link,services rural ground heat pump,RO0 0,services rural heat,7901089.85141
Link,services rural ground heat pump,RS0 0,low voltage,-592990.42726
Link,services rural ground heat pump,RS0 0,services rural heat,2056308.25629
Link,services rural ground heat pump,SE1 0,low voltage,-2415556.4519
Link,services rural ground heat pump,SE1 0,services rural heat,7296609.7769
Link,services rural ground heat pump,SI0 0,low voltage,-474704.06473
Link,services rural ground heat pump,SI0 0,services rural heat,1597399.53269
Link,services rural ground heat pump,SK0 0,low voltage,-1634655.68938
Link,services rural ground heat pump,SK0 0,services rural heat,5341629.61563
Link,services rural ground heat pump,XK0 0,low voltage,-78181.08307
Link,services rural ground heat pump,XK0 0,services rural heat,272898.91186
Link,services urban decentral air heat pump,AL0 0,low voltage,-167089.3788
Link,services urban decentral air heat pump,AL0 0,services urban decentral heat,405395.37857
Link,services urban decentral air heat pump,AT0 0,low voltage,-2675027.35924
Link,services urban decentral air heat pump,AT0 0,services urban decentral heat,5690616.88441
Link,services urban decentral air heat pump,BA0 0,low voltage,-290683.68378
Link,services urban decentral air heat pump,BA0 0,services urban decentral heat,659169.57712
Link,services urban decentral air heat pump,BE0 0,low voltage,-8218953.35816
Link,services urban decentral air heat pump,BE0 0,services urban decentral heat,18558214.46986
Link,services urban decentral air heat pump,BG0 0,low voltage,-849662.77799
Link,services urban decentral air heat pump,BG0 0,services urban decentral heat,1971353.96616
Link,services urban decentral air heat pump,CH0 0,low voltage,-5180430.0356
Link,services urban decentral air heat pump,CH0 0,services urban decentral heat,10585133.97325
Link,services urban decentral air heat pump,CZ0 0,low voltage,-3466685.99179
Link,services urban decentral air heat pump,CZ0 0,services urban decentral heat,7439638.07359
Link,services urban decentral air heat pump,DE0 0,low voltage,-29270838.57738
Link,services urban decentral air heat pump,DE0 0,services urban decentral heat,65045057.3734
Link,services urban decentral air heat pump,DE0 1,low voltage,-12455982.94947
Link,services urban decentral air heat pump,DE0 1,services urban decentral heat,27184537.30746
Link,services urban decentral air heat pump,DK0 0,low voltage,-1263960.33434
Link,services urban decentral air heat pump,DK0 0,services urban decentral heat,2805555.22421
Link,services urban decentral air heat pump,DK1 0,low voltage,-826058.15283
Link,services urban decentral air heat pump,DK1 0,services urban decentral heat,1832542.1926
Link,services urban decentral air heat pump,EE0 0,low voltage,-366601.79381
Link,services urban decentral air heat pump,EE0 0,services urban decentral heat,727597.76033
Link,services urban decentral air heat pump,ES0 0,low voltage,-6836995.56409
Link,services urban decentral air heat pump,ES0 0,services urban decentral heat,17377699.77257
Link,services urban decentral air heat pump,ES6 0,low voltage,-115678.77911
Link,services urban decentral air heat pump,ES6 0,services urban decentral heat,327869.74875
Link,services urban decentral air heat pump,FI1 0,low voltage,-4062919.2625
Link,services urban decentral air heat pump,FI1 0,services urban decentral heat,7587971.29524
Link,services urban decentral air heat pump,FR0 0,low voltage,-29658464.54239
Link,services urban decentral air heat pump,FR0 0,services urban decentral heat,69544087.50989
Link,services urban decentral air heat pump,FR5 0,low voltage,-6613.19292
Link,services urban decentral air heat pump,FR5 0,services urban decentral heat,19013.40487
Link,services urban decentral air heat pump,GB2 0,low voltage,-23397089.73333
Link,services urban decentral air heat pump,GB2 0,services urban decentral heat,55308226.59291
Link,services urban decentral air heat pump,GB3 0,low voltage,-262562.89778
Link,services urban decentral air heat pump,GB3 0,services urban decentral heat,631686.33326
Link,services urban decentral air heat pump,GR0 0,low voltage,-1907168.22619
Link,services urban decentral air heat pump,GR0 0,services urban decentral heat,4943259.92239
Link,services urban decentral air heat pump,HR0 0,low voltage,-525794.74017
Link,services urban decentral air heat pump,HR0 0,services urban decentral heat,1233962.9733
Link,services urban decentral air heat pump,HU0 0,low voltage,-2706773.71654
Link,services urban decentral air heat pump,HU0 0,services urban decentral heat,6060508.67722
Link,services urban decentral air heat pump,IE3 0,low voltage,-1622430.92721
Link,services urban decentral air heat pump,IE3 0,services urban decentral heat,3922994.82363
Link,services urban decentral air heat pump,IT0 0,low voltage,-23932745.39349
Link,services urban decentral air heat pump,IT0 0,services urban decentral heat,57947977.66117
Link,services urban decentral air heat pump,IT4 0,low voltage,-173755.64345
Link,services urban decentral air heat pump,IT4 0,services urban decentral heat,447819.57614
Link,services urban decentral air heat pump,LT0 0,low voltage,-416918.02984
Link,services urban decentral air heat pump,LT0 0,services urban decentral heat,848185.78224
Link,services urban decentral air heat pump,LU0 0,low voltage,-639092.28191
Link,services urban decentral air heat pump,LU0 0,services urban decentral heat,1407276.54956
Link,services urban decentral air heat pump,LV0 0,low voltage,-542478.8371
Link,services urban decentral air heat pump,LV0 0,services urban decentral heat,1078621.67343
Link,services urban decentral air heat pump,ME0 0,low voltage,-27882.90807
Link,services urban decentral air heat pump,ME0 0,services urban decentral heat,67231.03009
Link,services urban decentral air heat pump,MK0 0,low voltage,-138098.50516
Link,services urban decentral air heat pump,MK0 0,services urban decentral heat,317778.61913
Link,services urban decentral air heat pump,NL0 0,low voltage,-12425980.72921
Link,services urban decentral air heat pump,NL0 0,services urban decentral heat,28375583.25682
Link,services urban decentral air heat pump,NO1 0,low voltage,-7097602.23386
Link,services urban decentral air heat pump,NO1 0,services urban decentral heat,13789892.29457
Link,services urban decentral air heat pump,PL0 0,low voltage,-6801054.71054
Link,services urban decentral air heat pump,PL0 0,services urban decentral heat,14444519.46663
Link,services urban decentral air heat pump,PT0 0,low voltage,-1786858.82297
Link,services urban decentral air heat pump,PT0 0,services urban decentral heat,4678222.13243
Link,services urban decentral air heat pump,RO0 0,low voltage,-1451887.79276
Link,services urban decentral air heat pump,RO0 0,services urban decentral heat,3222605.91164
Link,services urban decentral air heat pump,RS0 0,low voltage,-552538.59381
Link,services urban decentral air heat pump,RS0 0,services urban decentral heat,1251506.64691
Link,services urban decentral air heat pump,SE1 0,low voltage,-4962304.84157
Link,services urban decentral air heat pump,SE1 0,services urban decentral heat,9607991.2319
Link,services urban decentral air heat pump,SI0 0,low voltage,-422699.79256
Link,services urban decentral air heat pump,SI0 0,services urban decentral heat,942881.63466
Link,services urban decentral air heat pump,SK0 0,low voltage,-1710542.07347
Link,services urban decentral air heat pump,SK0 0,services urban decentral heat,3659179.76001
Link,services urban decentral air heat pump,XK0 0,low voltage,-124214.56816
Link,services urban decentral air heat pump,XK0 0,services urban decentral heat,283586.643
Link,shipping methanol,EU,co2,68607756.67379
Link,shipping methanol,EU,methanol,-276633335.68439
Link,shipping methanol,EU,shipping methanol,276633335.68439
Link,shipping oil,EU,co2,66919741.60175
Link,shipping oil,EU,oil,-260286820.69915
Link,shipping oil,EU,shipping oil,260286820.69915
Link,solid biomass for industry,EU,solid biomass,-8762.89303
Link,solid biomass for industry,EU,solid biomass for industry,8762.89303
Link,solid biomass for industry CC,EU,co2,-242837978.35983
Link,solid biomass for industry CC,EU,co2 stored,242837978.35983
Link,solid biomass for industry CC,EU,solid biomass,-697079150.77526
Link,solid biomass for industry CC,EU,solid biomass for industry,627371235.69774
Link,urban central air heat pump,AL0 0,low voltage,-218973.70217
Link,urban central air heat pump,AL0 0,urban central heat,643420.10346
Link,urban central air heat pump,AT0 0,low voltage,-3474791.25152
Link,urban central air heat pump,AT0 0,urban central heat,10036188.76395
Link,urban central air heat pump,BA0 0,low voltage,-820899.99908
Link,urban central air heat pump,BA0 0,urban central heat,2329286.27121
Link,urban central air heat pump,BE0 0,low voltage,-11118240.40987
Link,urban central air heat pump,BE0 0,urban central heat,31057029.42132
Link,urban central air heat pump,BG0 0,low voltage,-1821139.87516
Link,urban central air heat pump,BG0 0,urban central heat,5073637.99405
Link,urban central air heat pump,CH0 0,low voltage,-6921633.86437
Link,urban central air heat pump,CH0 0,urban central heat,17973388.61179
Link,urban central air heat pump,CZ0 0,low voltage,-2597000.67059
Link,urban central air heat pump,CZ0 0,urban central heat,7188762.82599
Link,urban central air heat pump,DE0 0,low voltage,-54158039.28353
Link,urban central air heat pump,DE0 0,urban central heat,149481805.10039
Link,urban central air heat pump,DE0 1,low voltage,-12043998.75129
Link,urban central air heat pump,DE0 1,urban central heat,35069943.13202
Link,urban central air heat pump,DK0 0,low voltage,-5288230.92273
Link,urban central air heat pump,DK0 0,urban central heat,18221957.31007
Link,urban central air heat pump,DK1 0,low voltage,-2869187.84686
Link,urban central air heat pump,DK1 0,urban central heat,9848834.08377
Link,urban central air heat pump,EE0 0,low voltage,-1081358.053
Link,urban central air heat pump,EE0 0,urban central heat,2846263.6028
Link,urban central air heat pump,ES0 0,low voltage,-7390274.01887
Link,urban central air heat pump,ES0 0,urban central heat,22545245.83733
Link,urban central air heat pump,ES6 0,low voltage,-125461.641
Link,urban central air heat pump,ES6 0,urban central heat,425671.11094
Link,urban central air heat pump,FI1 0,low voltage,-12269567.8108
Link,urban central air heat pump,FI1 0,urban central heat,31102843.45963
Link,urban central air heat pump,FR0 0,low voltage,-52579196.67891
Link,urban central air heat pump,FR0 0,urban central heat,148741180.74946
Link,urban central air heat pump,GB2 0,low voltage,-36057551.10491
Link,urban central air heat pump,GB2 0,urban central heat,104125872.90517
Link,urban central air heat pump,GB3 0,low voltage,-375025.45606
Link,urban central air heat pump,GB3 0,urban central heat,1102577.83224
Link,urban central air heat pump,GR0 0,low voltage,-2297253.62622
Link,urban central air heat pump,GR0 0,urban central heat,7103258.5162
Link,urban central air heat pump,HR0 0,low voltage,-1714365.50465
Link,urban central air heat pump,HR0 0,urban central heat,4992232.89379
Link,urban central air heat pump,HU0 0,low voltage,-3703720.33117
Link,urban central air heat pump,HU0 0,urban central heat,10566061.438
Link,urban central air heat pump,IE3 0,low voltage,-2103142.99056
Link,urban central air heat pump,IE3 0,urban central heat,6257426.06932
Link,urban central air heat pump,IT0 0,low voltage,-28776983.75909
Link,urban central air heat pump,IT0 0,urban central heat,95873890.0673
Link,urban central air heat pump,IT4 0,low voltage,-208362.24656
Link,urban central air heat pump,IT4 0,urban central heat,752189.23576
Link,urban central air heat pump,LT0 0,low voltage,-1765783.53282
Link,urban central air heat pump,LT0 0,urban central heat,4718436.77108
Link,urban central air heat pump,LU0 0,low voltage,-762744.83571
Link,urban central air heat pump,LU0 0,urban central heat,2089667.38752
Link,urban central air heat pump,LV0 0,low voltage,-1287060.04905
Link,urban central air heat pump,LV0 0,urban central heat,3561729.83773
Link,urban central air heat pump,ME0 0,low voltage,-99310.86505
Link,urban central air heat pump,ME0 0,urban central heat,277917.01544
Link,urban central air heat pump,MK0 0,low voltage,-489147.33719
Link,urban central air heat pump,MK0 0,urban central heat,1372952.64987
Link,urban central air heat pump,NL0 0,low voltage,-15988256.90158
Link,urban central air heat pump,NL0 0,urban central heat,45200705.27877
Link,urban central air heat pump,NO1 0,low voltage,-7861047.85991
Link,urban central air heat pump,NO1 0,urban central heat,20302458.88273
Link,urban central air heat pump,PL0 0,low voltage,-9448933.9915
Link,urban central air heat pump,PL0 0,urban central heat,24714824.90634
Link,urban central air heat pump,PT0 0,low voltage,-1298988.45021
Link,urban central air heat pump,PT0 0,urban central heat,4172332.77747
Link,urban central air heat pump,RO0 0,low voltage,-5603020.6355
Link,urban central air heat pump,RO0 0,urban central heat,15428508.75184
Link,urban central air heat pump,RS0 0,low voltage,-2955220.93827
Link,urban central air heat pump,RS0 0,urban central heat,8461406.84468
Link,urban central air heat pump,SE1 0,low voltage,-22352609.63403
Link,urban central air heat pump,SE1 0,urban central heat,59242607.17927
Link,urban central air heat pump,SI0 0,low voltage,-1149957.74753
Link,urban central air heat pump,SI0 0,urban central heat,3253948.73935
Link,urban central air heat pump,SK0 0,low voltage,-1174726.77924
Link,urban central air heat pump,SK0 0,urban central heat,3400617.40244
Link,urban central air heat pump,XK0 0,low voltage,-271623.14063
Link,urban central air heat pump,XK0 0,urban central heat,753342.67957
Link,waste CHP,AL0 0,AC,2122.46845
Link,waste CHP,AL0 0,urban central heat,7475.20643
Link,waste CHP,AT0 0,AC,103549.55423
Link,waste CHP,AT0 0,urban central heat,364695.31223
Link,waste CHP,BA0 0,AC,4204.63322
Link,waste CHP,BA0 0,urban central heat,14808.46574
Link,waste CHP,BE0 0,AC,15605.06311
Link,waste CHP,BE0 0,urban central heat,54960.09526
Link,waste CHP,BG0 0,AC,3362.24062
Link,waste CHP,BG0 0,urban central heat,11841.60958
Link,waste CHP,CH0 0,AC,4282.05225
Link,waste CHP,CH0 0,urban central heat,15081.1309
Link,waste CHP,CZ0 0,AC,1109101.10451
Link,waste CHP,CZ0 0,urban central heat,3906187.49278
Link,waste CHP,DE0 0,AC,56484.45939
Link,waste CHP,DE0 0,urban central heat,198934.8743
Link,waste CHP,DE0 1,AC,2784517.12693
Link,waste CHP,DE0 1,urban central heat,9806902.12141
Link,waste CHP,DK0 0,AC,2233.77048
Link,waste CHP,DK0 0,urban central heat,7867.2055
Link,waste CHP,DK1 0,AC,2532.15797
Link,waste CHP,DK1 0,urban central heat,8918.10831
Link,waste CHP,EE0 0,AC,260783.40309
Link,waste CHP,EE0 0,urban central heat,918463.48662
Link,waste CHP,ES0 0,AC,1474.64016
Link,waste CHP,ES0 0,urban central heat,5193.59408
Link,waste CHP,ES6 0,AC,481.47549
Link,waste CHP,ES6 0,urban central heat,1695.72778
Link,waste CHP,EU,co2,14475947.46311
Link,waste CHP,EU,non-sequestered HVC,-56304735.36799
Link,waste CHP,FI1 0,AC,2562363.01196
Link,waste CHP,FI1 0,urban central heat,9024488.66799
Link,waste CHP,FR0 0,AC,2649.30671
Link,waste CHP,FR0 0,urban central heat,9330.69915
Link,waste CHP,FR5 0,AC,767.18347
Link,waste CHP,GB2 0,AC,2980.47789
Link,waste CHP,GB2 0,urban central heat,10497.06415
Link,waste CHP,GB3 0,AC,1391.59704
Link,waste CHP,GB3 0,urban central heat,4901.1212
Link,waste CHP,GR0 0,AC,1962.48466
Link,waste CHP,GR0 0,urban central heat,6911.75313
Link,waste CHP,HR0 0,AC,7363.7188
Link,waste CHP,HR0 0,urban central heat,25934.57546
Link,waste CHP,HU0 0,AC,23253.17798
Link,waste CHP,HU0 0,urban central heat,81896.29658
Link,waste CHP,IE3 0,AC,1978.93743
Link,waste CHP,IE3 0,urban central heat,6969.6988
Link,waste CHP,IT0 0,AC,2667.53943
Link,waste CHP,IT0 0,urban central heat,9394.91371
Link,waste CHP,IT4 0,AC,904.96753
Link,waste CHP,IT4 0,urban central heat,3187.2413
Link,waste CHP,LT0 0,AC,321234.78695
Link,waste CHP,LT0 0,urban central heat,1131369.63073
Link,waste CHP,LU0 0,AC,21009.22242
Link,waste CHP,LU0 0,urban central heat,73993.21982
Link,waste CHP,LV0 0,AC,330130.29698
Link,waste CHP,LV0 0,urban central heat,1162699.08291
Link,waste CHP,ME0 0,AC,2796.73251
Link,waste CHP,ME0 0,urban central heat,9849.92396
Link,waste CHP,MK0 0,AC,2853.51614
Link,waste CHP,MK0 0,urban central heat,10049.91249
Link,waste CHP,NL0 0,AC,13813.34378
Link,waste CHP,NL0 0,urban central heat,48649.76735
Link,waste CHP,NO1 0,AC,5055.42086
Link,waste CHP,NO1 0,urban central heat,17804.8887
Link,waste CHP,PL0 0,AC,4317628.23294
Link,waste CHP,PL0 0,urban central heat,15206427.37929
Link,waste CHP,PT0 0,AC,1229.35235
Link,waste CHP,PT0 0,urban central heat,4329.70515
Link,waste CHP,RO0 0,AC,5340.56704
Link,waste CHP,RO0 0,urban central heat,18809.15642
Link,waste CHP,RS0 0,AC,4872.51932
Link,waste CHP,RS0 0,urban central heat,17160.72048
Link,waste CHP,SE1 0,AC,8295.95432
Link,waste CHP,SE1 0,urban central heat,29217.85297
Link,waste CHP,SI0 0,AC,6703.91179
Link,waste CHP,SI0 0,urban central heat,23610.7748
Link,waste CHP,SK0 0,AC,186954.08118
Link,waste CHP,SK0 0,urban central heat,658441.04805
Link,waste CHP,XK0 0,AC,3040.71581
Link,waste CHP,XK0 0,urban central heat,10709.21849
Link,waste CHP CC,AL0 0,AC,3129.06386
Link,waste CHP CC,AL0 0,urban central heat,11020.37502
Link,waste CHP CC,AT0 0,AC,3492134.98678
Link,waste CHP CC,AT0 0,urban central heat,12299089.73403
Link,waste CHP CC,BA0 0,AC,9478.2402
Link,waste CHP CC,BA0 0,urban central heat,33381.79284
Link,waste CHP CC,BE0 0,AC,14485.13317
Link,waste CHP CC,BE0 0,urban central heat,51015.76926
Link,waste CHP CC,BG0 0,AC,5438.7934
Link,waste CHP CC,BG0 0,urban central heat,19155.10376
Link,waste CHP CC,CH0 0,AC,7981.69356
Link,waste CHP CC,CH0 0,urban central heat,28111.04546
Link,waste CHP CC,CZ0 0,AC,5277299.99247
Link,waste CHP CC,CZ0 0,urban central heat,18586333.69173
Link,waste CHP CC,DE0 0,AC,2787132.97749
Link,waste CHP CC,DE0 0,urban central heat,9816114.98999
Link,waste CHP CC,DE0 1,AC,8844500.61913
Link,waste CHP CC,DE0 1,urban central heat,31149800.10202
Link,waste CHP CC,DK0 0,AC,2895.2733
Link,waste CHP CC,DK0 0,urban central heat,10196.97872
Link,waste CHP CC,DK1 0,AC,3131.44025
Link,waste CHP CC,DK1 0,urban central heat,11028.74454
Link,waste CHP CC,EE0 0,AC,51676.52954
Link,waste CHP CC,EE0 0,urban central heat,182001.63405
Link,waste CHP CC,ES0 0,AC,1835.49379
Link,waste CHP CC,ES0 0,urban central heat,6464.49892
Link,waste CHP CC,ES6 0,AC,501.87073
Link,waste CHP CC,ES6 0,urban central heat,1767.55859
Link,waste CHP CC,EU,co2,4234050.45987
Link,waste CHP CC,EU,co2 stored,38106454.13885
Link,waste CHP CC,EU,non-sequestered HVC,-164684965.37816
Link,waste CHP CC,FI1 0,AC,883653.21108
Link,waste CHP CC,FI1 0,urban central heat,3112173.5494
Link,waste CHP CC,FR0 0,AC,4003.72589
Link,waste CHP CC,FR0 0,urban central heat,14100.88219
Link,waste CHP CC,FR5 0,AC,903.63708
Link,waste CHP CC,GB2 0,AC,4716.40769
Link,waste CHP CC,GB2 0,urban central heat,16610.90469
Link,waste CHP CC,GB3 0,AC,1843.31251
Link,waste CHP CC,GB3 0,urban central heat,6492.03599
Link,waste CHP CC,GR0 0,AC,2436.42841
Link,waste CHP CC,GR0 0,urban central heat,8580.95457
Link,waste CHP CC,HR0 0,AC,47778.7201
Link,waste CHP CC,HR0 0,urban central heat,168273.78326
Link,waste CHP CC,HU0 0,AC,2442596.35377
Link,waste CHP CC,HU0 0,urban central heat,8602677.68938
Link,waste CHP CC,IE3 0,AC,2737.637
Link,waste CHP CC,IE3 0,urban central heat,9641.79311
Link,waste CHP CC,IT0 0,AC,4418.93877
Link,waste CHP CC,IT0 0,urban central heat,15563.23702
Link,waste CHP CC,IT4 0,AC,1061.46593
Link,waste CHP CC,IT4 0,urban central heat,3738.41929
Link,waste CHP CC,LT0 0,AC,150899.38599
Link,waste CHP CC,LT0 0,urban central heat,531458.57651
Link,waste CHP CC,LU0 0,AC,22907.06249
Link,waste CHP CC,LU0 0,urban central heat,80677.29861
Link,waste CHP CC,LV0 0,AC,302022.68154
Link,waste CHP CC,LV0 0,urban central heat,1063705.74906
Link,waste CHP CC,ME0 0,AC,5077.23894
Link,waste CHP CC,ME0 0,urban central heat,17881.73069
Link,waste CHP CC,MK0 0,AC,4291.50688
Link,waste CHP CC,MK0 0,urban central heat,15114.42955
Link,waste CHP CC,NL0 0,AC,22355.60898
Link,waste CHP CC,NL0 0,urban central heat,78735.11246
Link,waste CHP CC,NO1 0,AC,8375.72528
Link,waste CHP CC,NO1 0,urban central heat,29498.80151
Link,waste CHP CC,PL0 0,AC,9417456.67905
Link,waste CHP CC,PL0 0,urban central heat,33167716.94124
Link,waste CHP CC,PT0 0,AC,1499.52583
Link,waste CHP CC,PT0 0,urban central heat,5281.23992
Link,waste CHP CC,RO0 0,AC,12790.6826
Link,waste CHP CC,RO0 0,urban central heat,45048.01607
Link,waste CHP CC,RS0 0,AC,10664.1195
Link,waste CHP CC,RS0 0,urban central heat,37558.38853
Link,waste CHP CC,SE1 0,AC,10838.11384
Link,waste CHP CC,SE1 0,urban central heat,38171.18617
Link,waste CHP CC,SI0 0,AC,50208.03027
Link,waste CHP CC,SI0 0,urban central heat,176829.66782
Link,waste CHP CC,SK0 0,AC,1732021.72817
Link,waste CHP CC,SK0 0,urban central heat,6100076.52531
Link,waste CHP CC,XK0 0,AC,5114.9691
Link,waste CHP CC,XK0 0,urban central heat,18014.61404
Load,H2 for industry,AL0 0,H2,-40000.0
Load,H2 for industry,AT0 0,H2,-6360000.0
Load,H2 for industry,BA0 0,H2,-380000.0
Load,H2 for industry,BE0 0,H2,-8320000.0
Load,H2 for industry,BG0 0,H2,-1620000.0
Load,H2 for industry,CH0 0,H2,-310000.0
Load,H2 for industry,CZ0 0,H2,-1880000.0
Load,H2 for industry,DE0 0,H2,-21400000.0
Load,H2 for industry,DE0 1,H2,-7580000.0
Load,H2 for industry,DK0 0,H2,0.0
Load,H2 for industry,DK1 0,H2,0.0
Load,H2 for industry,EE0 0,H2,-160000.0
Load,H2 for industry,ES0 0,H2,-4840000.0
Load,H2 for industry,ES6 0,H2,0.0
Load,H2 for industry,FI1 0,H2,-1540000.0
Load,H2 for industry,FR0 0,H2,-10500000.0
Load,H2 for industry,FR5 0,H2,0.0
Load,H2 for industry,GB2 0,H2,-6790000.0
Load,H2 for industry,GB3 0,H2,10000.0
Load,H2 for industry,GR0 0,H2,-770000.0
Load,H2 for industry,HR0 0,H2,-2840000.0
Load,H2 for industry,HU0 0,H2,-3330000.0
Load,H2 for industry,IE3 0,H2,0.0
Load,H2 for industry,IT0 0,H2,-5090000.0
Load,H2 for industry,IT4 0,H2,30000.0
Load,H2 for industry,LT0 0,H2,-6230000.0
Load,H2 for industry,LU0 0,H2,0.0
Load,H2 for industry,LV0 0,H2,0.0
Load,H2 for industry,ME0 0,H2,-10000.0
Load,H2 for industry,MK0 0,H2,-340000.0
Load,H2 for industry,NL0 0,H2,-18000000.0
Load,H2 for industry,NO1 0,H2,-3210000.0
Load,H2 for industry,PL0 0,H2,-17370000.0
Load,H2 for industry,PT0 0,H2,40000.0
Load,H2 for industry,RO0 0,H2,-4480000.0
Load,H2 for industry,RS0 0,H2,-660000.0
Load,H2 for industry,SE1 0,H2,-1400000.0
Load,H2 for industry,SI0 0,H2,0.0
Load,H2 for industry,SK0 0,H2,-4710000.0
Load,H2 for industry,XK0 0,H2,-100000.0
Load,agriculture electricity,AL0 0,low voltage,-85798.76348
Load,agriculture electricity,AT0 0,low voltage,-714494.79218
Load,agriculture electricity,BA0 0,low voltage,-43545.30092
Load,agriculture electricity,BE0 0,low voltage,-1205990.47002
Load,agriculture electricity,BG0 0,low voltage,-230887.1039
Load,agriculture electricity,CH0 0,low voltage,0.0
Load,agriculture electricity,CZ0 0,low voltage,-709493.13383
Load,agriculture electricity,DE0 0,low voltage,-2349612.61315
Load,agriculture electricity,DE0 1,low voltage,-1372353.14023
Load,agriculture electricity,DK0 0,low voltage,-705298.73519
Load,agriculture electricity,DK1 0,low voltage,-407442.45602
Load,agriculture electricity,EE0 0,low voltage,-103098.23217
Load,agriculture electricity,ES0 0,low voltage,-3652592.73631
Load,agriculture electricity,ES6 0,low voltage,-60705.91973
Load,agriculture electricity,FI1 0,low voltage,-951485.88405
Load,agriculture electricity,FR0 0,low voltage,-5689059.88603
Load,agriculture electricity,FR5 0,low voltage,-23657.82342
Load,agriculture electricity,GB2 0,low voltage,-1312365.50001
Load,agriculture electricity,GB3 0,low voltage,-35596.06384
Load,agriculture electricity,GR0 0,low voltage,-961118.06212
Load,agriculture electricity,HR0 0,low voltage,-119437.90737
Load,agriculture electricity,HU0 0,low voltage,-741103.49213
Load,agriculture electricity,IE3 0,low voltage,-358929.60966
Load,agriculture electricity,IT0 0,low voltage,-3915329.56151
Load,agriculture electricity,IT4 0,low voltage,-99540.597
Load,agriculture electricity,LT0 0,low voltage,-142711.73871
Load,agriculture electricity,LU0 0,low voltage,-23787.06055
Load,agriculture electricity,LV0 0,low voltage,-148380.95546
Load,agriculture electricity,ME0 0,low voltage,-5456.65404
Load,agriculture electricity,MK0 0,low voltage,-23892.88991
Load,agriculture electricity,NL0 0,low voltage,-7161190.83362
Load,agriculture electricity,NO1 0,low voltage,-356330.41298
Load,agriculture electricity,PL0 0,low voltage,-1473035.8883
Load,agriculture electricity,PT0 0,low voltage,-667296.12856
Load,agriculture electricity,RO0 0,low voltage,-554892.92974
Load,agriculture electricity,RS0 0,low voltage,-168577.67396
Load,agriculture electricity,SE1 0,low voltage,-702605.47146
Load,agriculture electricity,SI0 0,low voltage,-13990.7192
Load,agriculture electricity,SK0 0,low voltage,-194501.53782
Load,agriculture electricity,XK0 0,low voltage,-40295.12016
Load,agriculture heat,AL0 0,services rural heat,-85798.76348
Load,agriculture heat,AT0 0,services rural heat,-3679919.14599
Load,agriculture heat,BA0 0,services rural heat,-43545.30092
Load,agriculture heat,BE0 0,services rural heat,-6609539.22088
Load,agriculture heat,BG0 0,services rural heat,-1344209.21661
Load,agriculture heat,CH0 0,services rural heat,0.0
Load,agriculture heat,CZ0 0,services rural heat,-4520959.97279
Load,agriculture heat,DE0 0,services rural heat,-16310449.20947
Load,agriculture heat,DE0 1,services rural heat,-9526547.51083
Load,agriculture heat,DK0 0,services rural heat,-2998001.65899
Load,agriculture heat,DK1 0,services rural heat,-1731908.90349
Load,agriculture heat,EE0 0,services rural heat,-776846.56686
Load,agriculture heat,ES0 0,services rural heat,-18904916.1813
Load,agriculture heat,ES6 0,services rural heat,-314198.81905
Load,agriculture heat,FI1 0,services rural heat,-6178480.46013
Load,agriculture heat,FR0 0,services rural heat,-30498623.46344
Load,agriculture heat,FR5 0,services rural heat,-126827.81739
Load,agriculture heat,GB2 0,services rural heat,-1312365.50001
Load,agriculture heat,GB3 0,services rural heat,-35596.06384
Load,agriculture heat,GR0 0,services rural heat,-3857312.45687
Load,agriculture heat,HR0 0,services rural heat,-1764526.9869
Load,agriculture heat,HU0 0,services rural heat,-4835912.03061
Load,agriculture heat,IE3 0,services rural heat,-1591774.945
Load,agriculture heat,IT0 0,services rural heat,-18379280.59196
Load,agriculture heat,IT4 0,services rural heat,-467261.95937
Load,agriculture heat,LT0 0,services rural heat,-893825.58993
Load,agriculture heat,LU0 0,services rural heat,-163219.81114
Load,agriculture heat,LV0 0,services rural heat,-1499504.77398
Load,agriculture heat,ME0 0,services rural heat,-5456.65404
Load,agriculture heat,MK0 0,services rural heat,-23892.88991
Load,agriculture heat,NL0 0,services rural heat,-33378547.14769
Load,agriculture heat,NO1 0,services rural heat,-356330.41298
Load,agriculture heat,PL0 0,services rural heat,-29571886.61201
Load,agriculture heat,PT0 0,services rural heat,-3041446.18069
Load,agriculture heat,RO0 0,services rural heat,-3873886.60377
Load,agriculture heat,RS0 0,services rural heat,-168577.67396
Load,agriculture heat,SE1 0,services rural heat,-4477624.51413
Load,agriculture heat,SI0 0,services rural heat,-540489.59035
Load,agriculture heat,SK0 0,services rural heat,-881956.30939
Load,agriculture heat,XK0 0,services rural heat,-40295.12016
Load,agriculture machinery electric,AL0 0,low voltage,-18385.44932
Load,agriculture machinery electric,AT0 0,low voltage,-357420.01325
Load,agriculture machinery electric,BA0 0,low voltage,-9331.13591
Load,agriculture machinery electric,BE0 0,low voltage,-664842.28052
Load,agriculture machinery electric,BG0 0,low voltage,-153340.43132
Load,agriculture machinery electric,CH0 0,low voltage,0.0
Load,agriculture machinery electric,CZ0 0,low voltage,-490237.69144
Load,agriculture machinery electric,DE0 0,low voltage,-1753990.07644
Load,agriculture machinery electric,DE0 1,low voltage,-1024464.10777
Load,agriculture machinery electric,DK0 0,low voltage,-339157.85151
Load,agriculture machinery electric,DK1 0,low voltage,-195927.34412
Load,agriculture machinery electric,EE0 0,low voltage,-94104.68592
Load,agriculture machinery electric,ES0 0,low voltage,-2345631.57277
Load,agriculture machinery electric,ES6 0,low voltage,-38984.28658
Load,agriculture machinery electric,FI1 0,low voltage,-606144.14053
Load,agriculture machinery electric,FR0 0,low voltage,-3658066.23289
Load,agriculture machinery electric,FR5 0,low voltage,-15211.98348
Load,agriculture machinery electric,GB2 0,low voltage,-281221.17857
Load,agriculture machinery electric,GB3 0,low voltage,-7627.72797
Load,agriculture machinery electric,GR0 0,low voltage,-247346.46022
Load,agriculture machinery electric,HR0 0,low voltage,-206266.73694
Load,agriculture machinery electric,HU0 0,low voltage,-532127.88798
Load,agriculture machinery electric,IE3 0,low voltage,-211292.024
Load,agriculture machinery electric,IT0 0,low voltage,-2340605.15574
Load,agriculture machinery electric,IT4 0,low voltage,-59505.90643
Load,agriculture machinery electric,LT0 0,low voltage,-81069.35815
Load,agriculture machinery electric,LU0 0,low voltage,-20614.09892
Load,agriculture machinery electric,LV0 0,low voltage,-166309.77226
Load,agriculture machinery electric,ME0 0,low voltage,-1169.28301
Load,agriculture machinery electric,MK0 0,low voltage,-5119.90498
Load,agriculture machinery electric,NL0 0,low voltage,-1650261.004
Load,agriculture machinery electric,NO1 0,low voltage,-76356.51707
Load,agriculture machinery electric,PL0 0,low voltage,-2853179.46422
Load,agriculture machinery electric,PT0 0,low voltage,-394925.50516
Load,agriculture machinery electric,RO0 0,low voltage,-440005.17139
Load,agriculture machinery electric,RS0 0,low voltage,-36123.78728
Load,agriculture machinery electric,SE1 0,low voltage,-497979.64594
Load,agriculture machinery electric,SI0 0,low voltage,-64084.0051
Load,agriculture machinery electric,SK0 0,low voltage,-91715.1756
Load,agriculture machinery electric,XK0 0,low voltage,-8634.66861
Load,agriculture machinery oil,EU,agriculture machinery oil,-51423819.35442
Load,coal for industry,EU,coal for industry,-106061920.0
Load,electricity,AL0 0,low voltage,-3688128.45575
Load,electricity,AT0 0,low voltage,-31307192.84121
Load,electricity,BA0 0,low voltage,-5621455.72685
Load,electricity,BE0 0,low voltage,-36208347.64067
Load,electricity,BG0 0,low voltage,-19943566.99285
Load,electricity,CH0 0,low voltage,-27370695.6871
Load,electricity,CZ0 0,low voltage,-27415414.5278
Load,electricity,DE0 0,low voltage,-138724356.93798
Load,electricity,DE0 1,low voltage,-100676358.99621
Load,electricity,DK0 0,low voltage,-8946841.78615
Load,electricity,DK1 0,low voltage,-10699406.12813
Load,electricity,EE0 0,low voltage,-4340970.47174
Load,electricity,ES0 0,low voltage,-141033147.59372
Load,electricity,ES6 0,low voltage,-7607614.7087
Load,electricity,FI1 0,low voltage,-24636428.6686
Load,electricity,FR0 0,low voltage,-225205008.41863
Load,electricity,FR5 0,low voltage,-3974945.85382
Load,electricity,GB2 0,low voltage,-188358590.4946
Load,electricity,GB3 0,low voltage,-7920373.44187
Load,electricity,GR0 0,low voltage,-24406740.72144
Load,electricity,HR0 0,low voltage,-10221784.60559
Load,electricity,HU0 0,low voltage,-16157114.54792
Load,electricity,IE3 0,low voltage,-11048453.5268
Load,electricity,IT0 0,low voltage,-136059566.27593
Load,electricity,IT4 0,low voltage,-4770055.51228
Load,electricity,LT0 0,low voltage,-6019566.14902
Load,electricity,LU0 0,low voltage,-1840364.82962
Load,electricity,LV0 0,low voltage,-4252558.05139
Load,electricity,ME0 0,low voltage,-2208690.9719
Load,electricity,MK0 0,low voltage,-4675112.31259
Load,electricity,NL0 0,low voltage,-64048125.38123
Load,electricity,NO1 0,low voltage,-58893074.1169
Load,electricity,PL0 0,low voltage,-70995641.6039
Load,electricity,PT0 0,low voltage,-26399925.53495
Load,electricity,RO0 0,low voltage,-26416090.23154
Load,electricity,RS0 0,low voltage,-25244058.84176
Load,electricity,SE1 0,low voltage,-49094607.69077
Load,electricity,SI0 0,low voltage,-4000297.75502
Load,electricity,SK0 0,low voltage,-9517971.96242
Load,electricity,XK0 0,low voltage,-5018528.57961
Load,gas for industry,EU,gas for industry,-510950000.0
Load,industry electricity,AL0 0,low voltage,-910000.0
Load,industry electricity,AT0 0,low voltage,-42230000.0
Load,industry electricity,BA0 0,low voltage,-3720000.0
Load,industry electricity,BE0 0,low voltage,-61470000.0
Load,industry electricity,BG0 0,low voltage,-14080000.0
Load,industry electricity,CH0 0,low voltage,-15200000.0
Load,industry electricity,CZ0 0,low voltage,-37880000.0
Load,industry electricity,DE0 0,low voltage,-213090000.0
Load,industry electricity,DE0 1,low voltage,-109080000.0
Load,industry electricity,DK0 0,low voltage,-11610000.0
Load,industry electricity,DK1 0,low voltage,-3370000.0
Load,industry electricity,EE0 0,low voltage,-2790000.0
Load,industry electricity,ES0 0,low voltage,-130590000.0
Load,industry electricity,ES6 0,low voltage,-880000.0
Load,industry electricity,FI1 0,low voltage,-48580000.0
Load,industry electricity,FR0 0,low voltage,-177980000.0
Load,industry electricity,FR5 0,low voltage,-330000.0
Load,industry electricity,GB2 0,low voltage,-110460000.0
Load,industry electricity,GB3 0,low voltage,-2580000.0
Load,industry electricity,GR0 0,low voltage,-15230000.0
Load,industry electricity,HR0 0,low voltage,-6720000.0
Load,industry electricity,HU0 0,low voltage,-27200000.0
Load,industry electricity,IE3 0,low voltage,-12400000.0
Load,industry electricity,IT0 0,low voltage,-158870000.0
Load,industry electricity,IT4 0,low voltage,-5950000.0
Load,industry electricity,LT0 0,low voltage,-3850000.0
Load,industry electricity,LU0 0,low voltage,-4070000.0
Load,industry electricity,LV0 0,low voltage,-3580000.0
Load,industry electricity,ME0 0,low voltage,-650000.0
Load,industry electricity,MK0 0,low voltage,-1950000.0
Load,industry electricity,NL0 0,low voltage,-72530000.0
Load,industry electricity,NO1 0,low voltage,-29820000.0
Load,industry electricity,PL0 0,low voltage,-82370000.0
Load,industry electricity,PT0 0,low voltage,-25280000.0
Load,industry electricity,RO0 0,low voltage,-34270000.0
Load,industry electricity,RS0 0,low voltage,-8680000.0
Load,industry electricity,SE1 0,low voltage,-52330000.0
Load,industry electricity,SI0 0,low voltage,-7690000.0
Load,industry electricity,SK0 0,low voltage,-16600000.0
Load,industry electricity,XK0 0,low voltage,-1110000.0
Load,industry methanol,EU,industry methanol,-8740000.0
Load,kerosene for aviation,EU,kerosene for aviation,-743906976.62384
Load,land transport EV,AL0 0,EV battery,-1446048.16295
Load,land transport EV,AT0 0,EV battery,-15356270.87118
Load,land transport EV,BA0 0,EV battery,-2415761.0898
Load,land transport EV,BE0 0,EV battery,-20507976.55555
Load,land transport EV,BG0 0,EV battery,-5727069.72466
Load,land transport EV,CH0 0,EV battery,-9063202.11877
Load,land transport EV,CZ0 0,EV battery,-14491146.68024
Load,land transport EV,DE0 0,EV battery,-74115531.88934
Load,land transport EV,DE0 1,EV battery,-43348784.71778
Load,land transport EV,DK0 0,EV battery,-6069368.68103
Load,land transport EV,DK1 0,EV battery,-3504062.66837
Load,land transport EV,EE0 0,EV battery,-1720590.0809
Load,land transport EV,ES0 0,EV battery,-56621943.82116
Load,land transport EV,ES6 0,EV battery,-923210.32336
Load,land transport EV,FI1 0,EV battery,-9504609.82483
Load,land transport EV,FR0 0,EV battery,-94585493.59158
Load,land transport EV,FR5 0,EV battery,-386942.22367
Load,land transport EV,GB2 0,EV battery,-70899646.86859
Load,land transport EV,GB3 0,EV battery,-1919925.1962
Load,land transport EV,GR0 0,EV battery,-10943361.36674
Load,land transport EV,HR0 0,EV battery,-4563324.53635
Load,land transport EV,HU0 0,EV battery,-9813711.27417
Load,land transport EV,IE3 0,EV battery,-7657689.83698
Load,land transport EV,IT0 0,EV battery,-73196832.7606
Load,land transport EV,IT4 0,EV battery,-1828210.54796
Load,land transport EV,LT0 0,EV battery,-4827132.63926
Load,land transport EV,LU0 0,EV battery,-2153532.03119
Load,land transport EV,LV0 0,EV battery,-2297132.75346
Load,land transport EV,ME0 0,EV battery,-485687.01385
Load,land transport EV,MK0 0,EV battery,-1385186.24365
Load,land transport EV,NL0 0,EV battery,-25258836.64723
Load,land transport EV,NO1 0,EV battery,-6506736.32197
Load,land transport EV,PL0 0,EV battery,-44885324.53341
Load,land transport EV,PT0 0,EV battery,-13613226.5725
Load,land transport EV,RO0 0,EV battery,-14285303.72947
Load,land transport EV,RS0 0,EV battery,-4131795.69651
Load,land transport EV,SE1 0,EV battery,-14805267.00141
Load,land transport EV,SI0 0,EV battery,-4047341.66531
Load,land transport EV,SK0 0,EV battery,-6268763.88473
Load,land transport EV,XK0 0,EV battery,-782033.13139
Load,land transport oil,EU,land transport oil,-947303921.78965
Load,low-temperature heat for industry,AL0 0,urban central heat,-60000.0
Load,low-temperature heat for industry,AT0 0,urban central heat,-1840000.0
Load,low-temperature heat for industry,BA0 0,urban central heat,-130000.0
Load,low-temperature heat for industry,BE0 0,urban central heat,-2700000.0
Load,low-temperature heat for industry,BG0 0,urban central heat,-680000.0
Load,low-temperature heat for industry,CH0 0,urban central heat,-1010000.0
Load,low-temperature heat for industry,CZ0 0,urban central heat,-2750000.0
Load,low-temperature heat for industry,DE0 0,urban central heat,-14340000.0
Load,low-temperature heat for industry,DE0 1,urban central heat,-6870000.0
Load,low-temperature heat for industry,DK0 0,urban central heat,-520000.0
Load,low-temperature heat for industry,DK1 0,urban central heat,-160000.0
Load,low-temperature heat for industry,EE0 0,urban central heat,-210000.0
Load,low-temperature heat for industry,ES0 0,urban central heat,-3450000.0
Load,low-temperature heat for industry,ES6 0,urban central heat,-30000.0
Load,low-temperature heat for industry,FI1 0,urban central heat,-5300000.0
Load,low-temperature heat for industry,FR0 0,urban central heat,-9750000.0
Load,low-temperature heat for industry,FR5 0,services urban decentral heat,-20000.0
Load,low-temperature heat for industry,GB2 0,urban central heat,-7280000.0
Load,low-temperature heat for industry,GB3 0,urban central heat,-170000.0
Load,low-temperature heat for industry,GR0 0,urban central heat,-380000.0
Load,low-temperature heat for industry,HR0 0,urban central heat,-480000.0
Load,low-temperature heat for industry,HU0 0,urban central heat,-1720000.0
Load,low-temperature heat for industry,IE3 0,urban central heat,-370000.0
Load,low-temperature heat for industry,IT0 0,urban central heat,-14080000.0
Load,low-temperature heat for industry,IT4 0,urban central heat,-460000.0
Load,low-temperature heat for industry,LT0 0,urban central heat,-220000.0
Load,low-temperature heat for industry,LU0 0,urban central heat,-90000.0
Load,low-temperature heat for industry,LV0 0,urban central heat,-420000.0
Load,low-temperature heat for industry,ME0 0,urban central heat,-30000.0
Load,low-temperature heat for industry,MK0 0,urban central heat,-60000.0
Load,low-temperature heat for industry,NL0 0,urban central heat,-5430000.0
Load,low-temperature heat for industry,NO1 0,urban central heat,-1580000.0
Load,low-temperature heat for industry,PL0 0,urban central heat,-4730000.0
Load,low-temperature heat for industry,PT0 0,urban central heat,-1570000.0
Load,low-temperature heat for industry,RO0 0,urban central heat,-1730000.0
Load,low-temperature heat for industry,RS0 0,urban central heat,-480000.0
Load,low-temperature heat for industry,SE1 0,urban central heat,-3050000.0
Load,low-temperature heat for industry,SI0 0,urban central heat,-350000.0
Load,low-temperature heat for industry,SK0 0,urban central heat,-640000.0
Load,low-temperature heat for industry,XK0 0,urban central heat,-40000.0
Load,naphtha for industry,EU,naphtha for industry,-504800000.0
Load,process emissions,EU,process emissions,152570000.0
Load,residential rural heat,AL0 0,residential rural heat,-1013656.48029
Load,residential rural heat,AT0 0,residential rural heat,-22511495.07671
Load,residential rural heat,BA0 0,residential rural heat,-4073029.85851
Load,residential rural heat,BE0 0,residential rural heat,-2997378.26427
Load,residential rural heat,BG0 0,residential rural heat,-2988039.50833
Load,residential rural heat,CH0 0,residential rural heat,-9417362.81377
Load,residential rural heat,CZ0 0,residential rural heat,-15098049.14152
Load,residential rural heat,DE0 0,residential rural heat,-41023368.41438
Load,residential rural heat,DE0 1,residential rural heat,-70415715.70823
Load,residential rural heat,DK0 0,residential rural heat,-2393037.77711
Load,residential rural heat,DK1 0,residential rural heat,-1047688.51452
Load,residential rural heat,EE0 0,residential rural heat,-2020530.57366
Load,residential rural heat,ES0 0,residential rural heat,-14270666.60967
Load,residential rural heat,ES6 0,residential rural heat,-98872.92478
Load,residential rural heat,FI1 0,residential rural heat,-7838546.98039
Load,residential rural heat,FR0 0,residential rural heat,-69318334.49592
Load,residential rural heat,FR5 0,residential rural heat,-1523386.76343
Load,residential rural heat,GB2 0,residential rural heat,-38981690.72935
Load,residential rural heat,GB3 0,residential rural heat,-4817963.54502
Load,residential rural heat,GR0 0,residential rural heat,-3460532.27892
Load,residential rural heat,HR0 0,residential rural heat,-6304835.72086
Load,residential rural heat,HU0 0,residential rural heat,-12559001.04641
Load,residential rural heat,IE3 0,residential rural heat,-7401730.86094
Load,residential rural heat,IT0 0,residential rural heat,-60134034.74067
Load,residential rural heat,IT4 0,residential rural heat,-4499214.58596
Load,residential rural heat,LT0 0,residential rural heat,-3399413.98131
Load,residential rural heat,LU0 0,residential rural heat,-306417.4232
Load,residential rural heat,LV0 0,residential rural heat,-2997393.28366
Load,residential rural heat,ME0 0,residential rural heat,-467397.76874
Load,residential rural heat,MK0 0,residential rural heat,-1299128.00926
Load,residential rural heat,NL0 0,residential rural heat,-4814497.91171
Load,residential rural heat,NO1 0,residential rural heat,-5225636.59602
Load,residential rural heat,PL0 0,residential rural heat,-64985327.99762
Load,residential rural heat,PT0 0,residential rural heat,-3700625.53669
Load,residential rural heat,RO0 0,residential rural heat,-22816147.39623
Load,residential rural heat,RS0 0,residential rural heat,-8234096.20701
Load,residential rural heat,SE1 0,residential rural heat,-9765759.5222
Load,residential rural heat,SI0 0,residential rural heat,-3900590.29007
Load,residential rural heat,SK0 0,residential rural heat,-8747828.46656
Load,residential rural heat,XK0 0,residential rural heat,-1040800.87635
Load,residential urban decentral heat,AL0 0,residential urban decentral heat,-1089156.73159
Load,residential urban decentral heat,AT0 0,residential urban decentral heat,-17641465.84133
Load,residential urban decentral heat,BA0 0,residential urban decentral heat,-2413708.82079
Load,residential urban decentral heat,BE0 0,residential urban decentral heat,-41691387.53687
Load,residential urban decentral heat,BG0 0,residential urban decentral heat,-5291891.44411
Load,residential urban decentral heat,CH0 0,residential urban decentral heat,-23630396.6983
Load,residential urban decentral heat,CZ0 0,residential urban decentral heat,-23349279.8387
Load,residential urban decentral heat,DE0 0,residential urban decentral heat,-174823987.4145
Load,residential urban decentral heat,DE0 1,residential urban decentral heat,-73065867.23246
Load,residential urban decentral heat,DK0 0,residential urban decentral heat,-10521417.42176
Load,residential urban decentral heat,DK1 0,residential urban decentral heat,-6873011.0694
Load,residential urban decentral heat,EE0 0,residential urban decentral heat,-2130669.36512
Load,residential urban decentral heat,ES0 0,residential urban decentral heat,-40074169.69673
Load,residential urban decentral heat,ES6 0,residential urban decentral heat,-758695.09056
Load,residential urban decentral heat,FI1 0,residential urban decentral heat,-22222297.6673
Load,residential urban decentral heat,FR0 0,residential urban decentral heat,-191749457.63505
Load,residential urban decentral heat,FR5 0,residential urban decentral heat,0.0
Load,residential urban decentral heat,GB2 0,residential urban decentral heat,-157923629.1566
Load,residential urban decentral heat,GB3 0,residential urban decentral heat,-1804488.97484
Load,residential urban decentral heat,GR0 0,residential urban decentral heat,-10336421.4051
Load,residential urban decentral heat,HR0 0,residential urban decentral heat,-5509000.61243
Load,residential urban decentral heat,HU0 0,residential urban decentral heat,-18774218.10087
Load,residential urban decentral heat,IE3 0,residential urban decentral heat,-9529248.17834
Load,residential urban decentral heat,IT0 0,residential urban decentral heat,-109518563.48014
Load,residential urban decentral heat,IT4 0,residential urban decentral heat,-851221.69023
Load,residential urban decentral heat,LT0 0,residential urban decentral heat,-3183134.08609
Load,residential urban decentral heat,LU0 0,residential urban decentral heat,-2107729.00324
Load,residential urban decentral heat,LV0 0,residential urban decentral heat,-2799744.13848
Load,residential urban decentral heat,ME0 0,residential urban decentral heat,-580248.44417
Load,residential urban decentral heat,MK0 0,residential urban decentral heat,-952693.97106
Load,residential urban decentral heat,NL0 0,residential urban decentral heat,-52631170.32156
Load,residential urban decentral heat,NO1 0,residential urban decentral heat,-17143587.3828
Load,residential urban decentral heat,PL0 0,residential urban decentral heat,-51663383.14305
Load,residential urban decentral heat,PT0 0,residential urban decentral heat,-4859314.94873
Load,residential urban decentral heat,RO0 0,residential urban decentral heat,-16251921.02129
Load,residential urban decentral heat,RS0 0,residential urban decentral heat,-4974399.01909
Load,residential urban decentral heat,SE1 0,residential urban decentral heat,-32297464.67702
Load,residential urban decentral heat,SI0 0,residential urban decentral heat,-3148880.8184
Load,residential urban decentral heat,SK0 0,residential urban decentral heat,-6789557.0447
Load,residential urban decentral heat,XK0 0,residential urban decentral heat,-1086522.13744
Load,services rural heat,AL0 0,services rural heat,-379407.11566
Load,services rural heat,AT0 0,services rural heat,-7262600.21948
Load,services rural heat,BA0 0,services rural heat,-1114111.24374
Load,services rural heat,BE0 0,services rural heat,-1334274.37254
Load,services rural heat,BG0 0,services rural heat,-1113734.99459
Load,services rural heat,CH0 0,services rural heat,-4218912.24109
Load,services rural heat,CZ0 0,services rural heat,-4810935.8739
Load,services rural heat,DE0 0,services rural heat,-15263345.91146
Load,services rural heat,DE0 1,services rural heat,-26199199.82194
Load,services rural heat,DK0 0,services rural heat,-638214.19287
Load,services rural heat,DK1 0,services rural heat,-279414.59432
Load,services rural heat,EE0 0,services rural heat,-690407.95943
Load,services rural heat,ES0 0,services rural heat,-6189160.60538
Load,services rural heat,ES6 0,services rural heat,-42880.99693
Load,services rural heat,FI1 0,services rural heat,-2676576.1026
Load,services rural heat,FR0 0,services rural heat,-25141050.75973
Load,services rural heat,FR5 0,services rural heat,-552516.79407
Load,services rural heat,GB2 0,services rural heat,-13652427.62307
Load,services rural heat,GB3 0,services rural heat,-1687379.3147
Load,services rural heat,GR0 0,services rural heat,-1655891.86621
Load,services rural heat,HR0 0,services rural heat,-1413205.56532
Load,services rural heat,HU0 0,services rural heat,-4054774.63044
Load,services rural heat,IE3 0,services rural heat,-3047520.11841
Load,services rural heat,IT0 0,services rural heat,-31819165.42712
Load,services rural heat,IT4 0,services rural heat,-2380702.60578
Load,services rural heat,LT0 0,services rural heat,-906267.63935
Load,services rural heat,LU0 0,services rural heat,-204634.31808
Load,services rural heat,LV0 0,services rural heat,-1155242.3614
Load,services rural heat,ME0 0,services rural heat,-55116.75717
Load,services rural heat,MK0 0,services rural heat,-435252.70162
Load,services rural heat,NL0 0,services rural heat,-2595750.82078
Load,services rural heat,NO1 0,services rural heat,-4203460.57128
Load,services rural heat,PL0 0,services rural heat,-18170035.87671
Load,services rural heat,PT0 0,services rural heat,-3564151.13339
Load,services rural heat,RO0 0,services rural heat,-4525745.9865
Load,services rural heat,RS0 0,services rural heat,-2073089.39857
Load,services rural heat,SE1 0,services rural heat,-2905262.97491
Load,services rural heat,SI0 0,services rural heat,-1168678.57827
Load,services rural heat,SK0 0,services rural heat,-4715380.12163
Load,services rural heat,XK0 0,services rural heat,-272567.69102
Load,services urban decentral heat,AL0 0,services urban decentral heat,-407666.52418
Load,services urban decentral heat,AT0 0,services urban decentral heat,-5691444.0047
Load,services urban decentral heat,BA0 0,services urban decentral heat,-660230.89193
Load,services urban decentral heat,BE0 0,services urban decentral heat,-18558802.0736
Load,services urban decentral heat,BG0 0,services urban decentral heat,-1972452.06177
Load,services urban decentral heat,CH0 0,services urban decentral heat,-10586251.35973
Load,services urban decentral heat,CZ0 0,services urban decentral heat,-7440159.11942
Load,services urban decentral heat,DE0 0,services urban decentral heat,-65045828.67438
Load,services urban decentral heat,DE0 1,services urban decentral heat,-27185227.56651
Load,services urban decentral heat,DK0 0,services urban decentral heat,-2806022.53418
Load,services urban decentral heat,DK1 0,services urban decentral heat,-1833006.25432
Load,services urban decentral heat,EE0 0,services urban decentral heat,-728041.9845
Load,services urban decentral heat,ES0 0,services urban decentral heat,-17380090.16426
Load,services urban decentral heat,ES6 0,services urban decentral heat,-329044.59858
Load,services urban decentral heat,FI1 0,services urban decentral heat,-7588099.04819
Load,services urban decentral heat,FR0 0,services urban decentral heat,-69545566.58942
Load,services urban decentral heat,FR5 0,services urban decentral heat,0.0
Load,services urban decentral heat,GB2 0,services urban decentral heat,-55309066.29993
Load,services urban decentral heat,GB3 0,services urban decentral heat,-631980.15952
Load,services urban decentral heat,GR0 0,services urban decentral heat,-4946058.79987
Load,services urban decentral heat,HR0 0,services urban decentral heat,-1234822.0746
Load,services urban decentral heat,HU0 0,services urban decentral heat,-6061407.51007
Load,services urban decentral heat,IE3 0,services urban decentral heat,-3923484.39606
Load,services urban decentral heat,IT0 0,services urban decentral heat,-57950365.44186
Load,services urban decentral heat,IT4 0,services urban decentral heat,-450413.21264
Load,services urban decentral heat,LT0 0,services urban decentral heat,-848608.4454
Load,services urban decentral heat,LU0 0,services urban decentral heat,-1407601.70478
Load,services urban decentral heat,LV0 0,services urban decentral heat,-1079065.28232
Load,services urban decentral heat,ME0 0,services urban decentral heat,-68424.40151
Load,services urban decentral heat,MK0 0,services urban decentral heat,-319185.34722
Load,services urban decentral heat,NL0 0,services urban decentral heat,-28376251.49419
Load,services urban decentral heat,NO1 0,services urban decentral heat,-13790165.5214
Load,services urban decentral heat,PL0 0,services urban decentral heat,-14445191.77092
Load,services urban decentral heat,PT0 0,services urban decentral heat,-4680109.54101
Load,services urban decentral heat,RO0 0,services urban decentral heat,-3223684.7465
Load,services urban decentral heat,RS0 0,services urban decentral heat,-1252399.00184
Load,services urban decentral heat,SE1 0,services urban decentral heat,-9608328.78348
Load,services urban decentral heat,SI0 0,services urban decentral heat,-943454.52465
Load,services urban decentral heat,SK0 0,services urban decentral heat,-3659804.53842
Load,services urban decentral heat,XK0 0,services urban decentral heat,-284541.29601
Load,shipping methanol,EU,shipping methanol,-276633337.52217
Load,shipping oil,EU,shipping oil,-260286822.12313
Load,solid biomass for industry,EU,solid biomass for industry,-627380000.0
Load,urban central heat,AL0 0,urban central heat,-847827.50085
Load,urban central heat,AT0 0,urban central heat,-20926592.76626
Load,urban central heat,BA0 0,urban central heat,-2379446.16202
Load,urban central heat,BE0 0,urban central heat,-34634354.57627
Load,urban central heat,BG0 0,urban central heat,-6183834.33379
Load,urban central heat,CH0 0,urban central heat,-21435235.34733
Load,urban central heat,CZ0 0,urban central heat,-26939768.11415
Load,urban central heat,DE0 0,urban central heat,-165458109.49196
Load,urban central heat,DE0 1,urban central heat,-69168981.85934
Load,urban central heat,DK0 0,urban central heat,-21735150.30387
Load,urban central heat,DK1 0,urban central heat,-11885790.85393
Load,urban central heat,EE0 0,urban central heat,-4239099.06001
Load,urban central heat,ES0 0,urban central heat,-32543121.81679
Load,urban central heat,ES6 0,urban central heat,-616115.24183
Load,urban central heat,FI1 0,urban central heat,-38563244.53285
Load,urban central heat,FR0 0,urban central heat,-164960203.0971
Load,urban central heat,GB2 0,urban central heat,-126679274.77818
Load,urban central heat,GB3 0,urban central heat,-1445864.76691
Load,urban central heat,GR0 0,urban central heat,-8836581.78851
Load,urban central heat,HR0 0,urban central heat,-4723406.26496
Load,urban central heat,HU0 0,urban central heat,-17539779.17472
Load,urban central heat,IE3 0,urban central heat,-7619868.67461
Load,urban central heat,IT0 0,urban central heat,-103091943.88547
Load,urban central heat,IT4 0,urban central heat,-796824.00779
Load,urban central heat,LT0 0,urban central heat,-6375623.6806
Load,urban central heat,LU0 0,urban central heat,-2459116.32214
Load,urban central heat,LV0 0,urban central heat,-5383737.41012
Load,urban central heat,ME0 0,urban central heat,-367419.91781
Load,urban central heat,MK0 0,urban central heat,-1514256.70849
Load,urban central heat,NL0 0,urban central heat,-49957917.72918
Load,urban central heat,NO1 0,urban central heat,-19286610.77243
Load,urban central heat,PL0 0,urban central heat,-68397226.45788
Load,urban central heat,PT0 0,urban central heat,-5415057.7331
Load,urban central heat,RO0 0,urban central heat,-15738078.02671
Load,urban central heat,RS0 0,urban central heat,-8075612.52129
Load,urban central heat,SE1 0,urban central heat,-57593288.39629
Load,urban central heat,SI0 0,urban central heat,-3131267.19341
Load,urban central heat,SK0 0,urban central heat,-9524506.85929
Load,urban central heat,XK0 0,urban central heat,-856046.27541
StorageUnit,PHS,AT0 0,AC,-4199555.37101
StorageUnit,PHS,BA0 0,AC,-91573.12608
StorageUnit,PHS,BE0 0,AC,-346633.76869
StorageUnit,PHS,BG0 0,AC,-618314.95679
StorageUnit,PHS,CH0 0,AC,-3586729.66864
StorageUnit,PHS,CZ0 0,AC,-146025.67287
StorageUnit,PHS,DE0 0,AC,-896061.33798
StorageUnit,PHS,DE0 1,AC,-790482.17359
StorageUnit,PHS,ES0 0,AC,-7171340.24327
StorageUnit,PHS,ES6 0,AC,-1002064.61255
StorageUnit,PHS,FR0 0,AC,-2885213.35433
StorageUnit,PHS,GB3 0,AC,-229054.18365
StorageUnit,PHS,GR0 0,AC,-448434.73201
StorageUnit,PHS,HR0 0,AC,-167098.91754
StorageUnit,PHS,IE3 0,AC,-150927.82974
StorageUnit,PHS,IT0 0,AC,-4919596.11857
StorageUnit,PHS,IT4 0,AC,-536047.51662
StorageUnit,PHS,LT0 0,AC,-362941.61518
StorageUnit,PHS,LU0 0,AC,-371800.71139
StorageUnit,PHS,ME0 0,AC,-152002.25795
StorageUnit,PHS,NO1 0,AC,-212003.1963
StorageUnit,PHS,PL0 0,AC,-713028.73455
StorageUnit,PHS,PT0 0,AC,-3271432.73115
StorageUnit,PHS,RS0 0,AC,-262945.49501
StorageUnit,PHS,SE1 0,AC,-80704.9067
StorageUnit,PHS,SI0 0,AC,-74638.92205
StorageUnit,PHS,SK0 0,AC,-261069.96409
StorageUnit,hydro,AL0 0,AC,5324319.92109
StorageUnit,hydro,AT0 0,AC,17729775.03293
StorageUnit,hydro,BA0 0,AC,6445271.27197
StorageUnit,hydro,BE0 0,AC,57868.77973
StorageUnit,hydro,BG0 0,AC,3399794.4008
StorageUnit,hydro,CH0 0,AC,23081318.80405
StorageUnit,hydro,CZ0 0,AC,2294955.12614
StorageUnit,hydro,ES0 0,AC,29322744.79426
StorageUnit,hydro,ES6 0,AC,2882258.81321
StorageUnit,hydro,FI1 0,AC,5052272.07004
StorageUnit,hydro,FR0 0,AC,25969091.67628
StorageUnit,hydro,FR5 0,AC,9413846.43755
StorageUnit,hydro,GB3 0,AC,241975.83597
StorageUnit,hydro,GR0 0,AC,5480590.11693
StorageUnit,hydro,HR0 0,AC,6442682.48838
StorageUnit,hydro,HU0 0,AC,108534.1336
StorageUnit,hydro,IE3 0,AC,1861.24347
StorageUnit,hydro,IT0 0,AC,15945863.4566
StorageUnit,hydro,IT4 0,AC,395761.10318
StorageUnit,hydro,ME0 0,AC,1642292.2885
StorageUnit,hydro,MK0 0,AC,877891.69644
StorageUnit,hydro,NO1 0,AC,110849097.89302
StorageUnit,hydro,PL0 0,AC,969188.53843
StorageUnit,hydro,PT0 0,AC,5054717.49302
StorageUnit,hydro,RO0 0,AC,7513012.51697
StorageUnit,hydro,RS0 0,AC,2742914.87313
StorageUnit,hydro,SE1 0,AC,48959997.63714
StorageUnit,hydro,SI0 0,AC,2187704.26267
StorageUnit,hydro,SK0 0,AC,732351.22071
StorageUnit,hydro,XK0 0,AC,64505.90995
Store,EV battery,AL0 0,EV battery,-0.19914
Store,EV battery,AT0 0,EV battery,-0.2472
Store,EV battery,BA0 0,EV battery,-0.2291
Store,EV battery,BE0 0,EV battery,-0.20214
Store,EV battery,BG0 0,EV battery,-0.24864
Store,EV battery,CH0 0,EV battery,-0.27792
Store,EV battery,CZ0 0,EV battery,-0.27155
Store,EV battery,DE0 0,EV battery,-0.23871
Store,EV battery,DE0 1,EV battery,-0.24057
Store,EV battery,DK0 0,EV battery,-0.18567
Store,EV battery,DK1 0,EV battery,-0.18585
Store,EV battery,EE0 0,EV battery,-0.23092
Store,EV battery,ES0 0,EV battery,-0.23864
Store,EV battery,ES6 0,EV battery,-0.21048
Store,EV battery,FI1 0,EV battery,-0.27795
Store,EV battery,FR0 0,EV battery,-0.23712
Store,EV battery,FR5 0,EV battery,-0.33769
Store,EV battery,GB2 0,EV battery,-0.23463
Store,EV battery,GB3 0,EV battery,-0.22007
Store,EV battery,GR0 0,EV battery,-0.23383
Store,EV battery,HR0 0,EV battery,-0.20227
Store,EV battery,HU0 0,EV battery,-0.21169
Store,EV battery,IE3 0,EV battery,-0.21936
Store,EV battery,IT0 0,EV battery,-0.18958
Store,EV battery,IT4 0,EV battery,-0.18478
Store,EV battery,LT0 0,EV battery,-0.21901
Store,EV battery,LU0 0,EV battery,-0.20867
Store,EV battery,LV0 0,EV battery,-0.22776
Store,EV battery,ME0 0,EV battery,-0.21381
Store,EV battery,MK0 0,EV battery,-0.20075
Store,EV battery,NL0 0,EV battery,-0.20476
Store,EV battery,NO1 0,EV battery,-0.26638
Store,EV battery,PL0 0,EV battery,-0.27177
Store,EV battery,PT0 0,EV battery,-0.22782
Store,EV battery,RO0 0,EV battery,-0.23666
Store,EV battery,RS0 0,EV battery,-0.23239
Store,EV battery,SE1 0,EV battery,-0.2711
Store,EV battery,SI0 0,EV battery,-0.22207
Store,EV battery,SK0 0,EV battery,-0.21294
Store,EV battery,XK0 0,EV battery,-0.20405
Store,H2 Store,AT0 0,H2,-0.0
Store,H2 Store,BE0 0,H2,-0.0
Store,H2 Store,BG0 0,H2,-0.0
Store,H2 Store,CH0 0,H2,0.0
Store,H2 Store,CZ0 0,H2,0.0
Store,H2 Store,EE0 0,H2,-0.0
Store,H2 Store,ES6 0,H2,0.0
Store,H2 Store,FI1 0,H2,-0.0
Store,H2 Store,FR5 0,H2,0.0
Store,H2 Store,HR0 0,H2,0.0
Store,H2 Store,HU0 0,H2,0.0
Store,H2 Store,IE3 0,H2,-0.0
Store,H2 Store,IT0 0,H2,0.0
Store,H2 Store,IT4 0,H2,0.0
Store,H2 Store,LT0 0,H2,-0.0
Store,H2 Store,LU0 0,H2,0.0
Store,H2 Store,LV0 0,H2,-0.0
Store,H2 Store,ME0 0,H2,-0.0
Store,H2 Store,MK0 0,H2,0.0
Store,H2 Store,RS0 0,H2,0.0
Store,H2 Store,SE1 0,H2,0.0
Store,H2 Store,SI0 0,H2,0.0
Store,H2 Store,SK0 0,H2,0.0
Store,H2 Store,XK0 0,H2,-0.0
Store,battery,AL0 0,battery,-0.0
Store,battery,AT0 0,battery,-0.0
Store,battery,BA0 0,battery,0.0
Store,battery,BE0 0,battery,0.00118
Store,battery,BG0 0,battery,0.00119
Store,battery,CH0 0,battery,0.00236
Store,battery,CZ0 0,battery,0.00118
Store,battery,DE0 0,battery,0.00118
Store,battery,DE0 1,battery,0.0597
Store,battery,DK0 0,battery,-0.0
Store,battery,DK1 0,battery,0.0
Store,battery,EE0 0,battery,0.0
Store,battery,ES0 0,battery,0.00236
Store,battery,ES6 0,battery,0.00237
Store,battery,FI1 0,battery,0.00238
Store,battery,FR0 0,battery,0.0
Store,battery,FR5 0,battery,-0.0
Store,battery,GB2 0,battery,0.0
Store,battery,GB3 0,battery,0.0
Store,battery,GR0 0,battery,-0.0
Store,battery,HR0 0,battery,0.0
Store,battery,HU0 0,battery,0.00119
Store,battery,IE3 0,battery,0.0
Store,battery,IT0 0,battery,0.00118
Store,battery,IT4 0,battery,-0.0
Store,battery,LT0 0,battery,0.00118
Store,battery,LU0 0,battery,-0.0
Store,battery,LV0 0,battery,0.0
Store,battery,ME0 0,battery,-0.0
Store,battery,MK0 0,battery,0.0
Store,battery,NL0 0,battery,0.00119
Store,battery,NO1 0,battery,0.0
Store,battery,PL0 0,battery,-0.0
Store,battery,PT0 0,battery,-0.0
Store,battery,RO0 0,battery,0.00119
Store,battery,RS0 0,battery,0.0
Store,battery,SE1 0,battery,0.00236
Store,battery,SI0 0,battery,0.00119
Store,battery,SK0 0,battery,0.00119
Store,battery,XK0 0,battery,0.0
Store,co2,EU,co2,-460391735.29083
Store,co2 sequestered,EU,co2 sequestered,-179996312.87722
Store,co2 stored,EU,co2 stored,0.0
Store,coal,EU,coal,-0.05628
Store,gas,EU,gas,0.0
Store,home battery,AL0 0,home battery,0.0
Store,home battery,AT0 0,home battery,0.0
Store,home battery,BA0 0,home battery,0.0
Store,home battery,BE0 0,home battery,0.00597
Store,home battery,BG0 0,home battery,0.00494
Store,home battery,CH0 0,home battery,-0.0
Store,home battery,CZ0 0,home battery,-0.0
Store,home battery,DE0 0,home battery,0.00525
Store,home battery,DE0 1,home battery,0.00516
Store,home battery,DK0 0,home battery,0.0
Store,home battery,DK1 0,home battery,0.0
Store,home battery,EE0 0,home battery,-0.0
Store,home battery,ES0 0,home battery,0.005
Store,home battery,ES6 0,home battery,0.00639
Store,home battery,FI1 0,home battery,0.00284
Store,home battery,FR0 0,home battery,0.0
Store,home battery,FR5 0,home battery,0.0
Store,home battery,GB2 0,home battery,-0.0
Store,home battery,GB3 0,home battery,-0.0
Store,home battery,GR0 0,home battery,-0.0
Store,home battery,HR0 0,home battery,0.0
Store,home battery,HU0 0,home battery,0.00548
Store,home battery,IE3 0,home battery,0.0
Store,home battery,IT0 0,home battery,0.0068
Store,home battery,IT4 0,home battery,0.0
Store,home battery,LT0 0,home battery,0.00589
Store,home battery,LU0 0,home battery,0.0
Store,home battery,LV0 0,home battery,-0.0
Store,home battery,ME0 0,home battery,0.0
Store,home battery,MK0 0,home battery,0.0
Store,home battery,NL0 0,home battery,0.00489
Store,home battery,NO1 0,home battery,0.0
Store,home battery,PL0 0,home battery,0.0
Store,home battery,PT0 0,home battery,0.0
Store,home battery,RO0 0,home battery,0.00425
Store,home battery,RS0 0,home battery,-0.0
Store,home battery,SE1 0,home battery,-0.0
Store,home battery,SI0 0,home battery,0.0064
Store,home battery,SK0 0,home battery,0.0067
Store,home battery,XK0 0,home battery,-0.0
Store,methanol,EU,methanol,0.0
Store,non-sequestered HVC,EU,non-sequestered HVC,221011435.239
Store,oil,EU,oil,0.0
