cost,component,location,carrier,0
capital,Generator,AL0 0,load,0.0
capital,Generator,AL0 0,offwind-ac,1622627.81801
capital,Generator,AL0 0,offwind-dc,3690039.95798
capital,Generator,AL0 0,onwind,403395.78099
capital,Generator,AL0 0,ror,14853811.92575
capital,Generator,AL0 0,solar,1336637972.40559
capital,Generator,AL0 0,solar rooftop,24195690.71036
capital,Generator,AL0 0,solar-hsat,1355671.68185
capital,Generator,AT0 0,load,0.0
capital,Generator,AT0 0,onwind,902036.87672
capital,Generator,AT0 0,ror,1376929988.78063
capital,Generator,AT0 0,solar,5164150916.11274
capital,Generator,AT0 0,solar rooftop,632853335.616
capital,Generator,AT0 0,solar-hsat,2028518.77473
capital,Generator,BA0 0,load,0.0
capital,Generator,BA0 0,offwind-ac,245445.25686
capital,Generator,BA0 0,onwind,246065.42269
capital,Generator,BA0 0,solar,446747314.33733
capital,Generator,BA0 0,solar rooftop,2726425.67804
capital,Generator,BA0 0,solar-hsat,1481479.5868
capital,Generator,BE0 0,load,0.0
capital,Generator,BE0 0,offwind-ac,154056908.0421
capital,Generator,BE0 0,offwind-dc,177041495.63795
capital,Generator,BE0 0,onwind,1434043747.54562
capital,Generator,BE0 0,ror,18186779.19648
capital,Generator,BE0 0,solar,3121733908.11157
capital,Generator,BE0 0,solar rooftop,1877833.50498
capital,Generator,BE0 0,solar-hsat,1830196.52009
capital,Generator,BG0 0,load,0.0
capital,Generator,BG0 0,offwind-ac,2845357.10555
capital,Generator,BG0 0,offwind-dc,6405975.97408
capital,Generator,BG0 0,onwind,1061409.20675
capital,Generator,BG0 0,ror,34022009.05814
capital,Generator,BG0 0,solar,1974140023.65411
capital,Generator,BG0 0,solar rooftop,15608080.79753
capital,Generator,BG0 0,solar-hsat,1894569.25159
capital,Generator,CH0 0,load,0.0
capital,Generator,CH0 0,onwind,182749.36853
capital,Generator,CH0 0,ror,1295123214.9052
capital,Generator,CH0 0,solar,3676536084.03002
capital,Generator,CH0 0,solar rooftop,565627699.89046
capital,Generator,CH0 0,solar-hsat,2598351.95939
capital,Generator,CZ0 0,load,0.0
capital,Generator,CZ0 0,onwind,4615850.95633
capital,Generator,CZ0 0,ror,12396579.18494
capital,Generator,CZ0 0,solar,792567065.31282
capital,Generator,CZ0 0,solar rooftop,1763522.18143
capital,Generator,CZ0 0,solar-hsat,1957069.7734
capital,Generator,DE0 0,load,0.0
capital,Generator,DE0 0,offwind-ac,391017236.25912
capital,Generator,DE0 0,offwind-dc,4737759618.46002
capital,Generator,DE0 0,onwind,6631665063.36556
capital,Generator,DE0 0,ror,506429478.63486
capital,Generator,DE0 0,solar,842681867.79945
capital,Generator,DE0 0,solar rooftop,2745766.11091
capital,Generator,DE0 0,solar-hsat,2477825.50978
capital,Generator,DE0 1,load,0.0
capital,Generator,DE0 1,offwind-ac,419732865.60032
capital,Generator,DE0 1,offwind-dc,55570935.67728
capital,Generator,DE0 1,onwind,2047290.41942
capital,Generator,DE0 1,ror,1107467645.73254
capital,Generator,DE0 1,solar,11061486776.93221
capital,Generator,DE0 1,solar rooftop,2969842.54606
capital,Generator,DE0 1,solar-hsat,2104582.79719
capital,Generator,DK0 0,load,0.0
capital,Generator,DK0 0,offwind-ac,1265504.10321
capital,Generator,DK0 0,offwind-dc,2445682.47128
capital,Generator,DK0 0,onwind,6073923751.92538
capital,Generator,DK0 0,solar,1634367.60815
capital,Generator,DK0 0,solar rooftop,543956.76621
capital,Generator,DK0 0,solar-hsat,1149856.78754
capital,Generator,DK1 0,load,0.0
capital,Generator,DK1 0,offwind-ac,4562606.01419
capital,Generator,DK1 0,offwind-dc,1754394.36417
capital,Generator,DK1 0,onwind,1509423174.84023
capital,Generator,DK1 0,solar,28912665.51299
capital,Generator,DK1 0,solar rooftop,1099536.88511
capital,Generator,DK1 0,solar-hsat,1383663.95726
capital,Generator,EE0 0,load,0.0
capital,Generator,EE0 0,offwind-ac,1734887.03282
capital,Generator,EE0 0,offwind-dc,1411895.06152
capital,Generator,EE0 0,onwind,870402818.59236
capital,Generator,EE0 0,solar,243990492.19411
capital,Generator,EE0 0,solar rooftop,2349977.19974
capital,Generator,EE0 0,solar-hsat,1912279.93664
capital,Generator,ES0 0,load,0.0
capital,Generator,ES0 0,offwind-ac,930762.46146
capital,Generator,ES0 0,offwind-dc,828488.70654
capital,Generator,ES0 0,onwind,5450443.45917
capital,Generator,ES0 0,ror,40062148.34745
capital,Generator,ES0 0,solar,25495702205.6659
capital,Generator,ES0 0,solar rooftop,2912491029.04075
capital,Generator,ES0 0,solar-hsat,2289141.41996
capital,Generator,ES6 0,load,0.0
capital,Generator,ES6 0,offwind-ac,531074.8915
capital,Generator,ES6 0,offwind-dc,662211.81223
capital,Generator,ES6 0,onwind,183562178.1348
capital,Generator,ES6 0,ror,45303586.30495
capital,Generator,ES6 0,solar,3240061.84281
capital,Generator,ES6 0,solar rooftop,47882506.45077
capital,Generator,ES6 0,solar-hsat,888428.50009
capital,Generator,EU,biogas,0.0
capital,Generator,EU,load,0.0
capital,Generator,EU,solid biomass,0.0
capital,Generator,FI1 0,load,0.0
capital,Generator,FI1 0,offwind-ac,3649849.81845
capital,Generator,FI1 0,offwind-dc,8138927691.55912
capital,Generator,FI1 0,onwind,1161623.6462
capital,Generator,FI1 0,ror,453195348.92122
capital,Generator,FI1 0,solar,2862323.31208
capital,Generator,FI1 0,solar rooftop,925423.73029
capital,Generator,FI1 0,solar-hsat,1682692.19321
capital,Generator,FR0 0,load,0.0
capital,Generator,FR0 0,offwind-ac,91700372.79128
capital,Generator,FR0 0,offwind-dc,29846314876.44322
capital,Generator,FR0 0,onwind,1649547.76593
capital,Generator,FR0 0,ror,2104829751.47617
capital,Generator,FR0 0,solar,23096585038.96408
capital,Generator,FR0 0,solar rooftop,21651335.5124
capital,Generator,FR0 0,solar-hsat,2031029.70266
capital,Generator,FR5 0,load,0.0
capital,Generator,FR5 0,offwind-ac,815014.6803
capital,Generator,FR5 0,offwind-dc,1493618.12531
capital,Generator,FR5 0,onwind,1116439.61396
capital,Generator,FR5 0,ror,45627745.23532
capital,Generator,FR5 0,solar,322014615.95608
capital,Generator,FR5 0,solar rooftop,18467961.29053
capital,Generator,FR5 0,solar-hsat,850213.22435
capital,Generator,GB2 0,load,0.0
capital,Generator,GB2 0,offwind-ac,21550246242.09238
capital,Generator,GB2 0,offwind-dc,1186519.32813
capital,Generator,GB2 0,onwind,27533221699.77438
capital,Generator,GB2 0,ror,678984076.15559
capital,Generator,GB2 0,solar,2580272.35172
capital,Generator,GB2 0,solar rooftop,1507900.21029
capital,Generator,GB2 0,solar-hsat,1417577.95959
capital,Generator,GB3 0,load,0.0
capital,Generator,GB3 0,offwind-ac,1095313383.8996
capital,Generator,GB3 0,offwind-dc,1694817.43086
capital,Generator,GB3 0,onwind,1690648372.04356
capital,Generator,GB3 0,ror,441577325.90046
capital,Generator,GB3 0,solar,730115.34843
capital,Generator,GB3 0,solar rooftop,340652.49087
capital,Generator,GB3 0,solar-hsat,599607.00473
capital,Generator,GR0 0,load,0.0
capital,Generator,GR0 0,offwind-ac,1008887.7261
capital,Generator,GR0 0,offwind-dc,1036173.71949
capital,Generator,GR0 0,onwind,4817882.51786
capital,Generator,GR0 0,ror,31772365.34325
capital,Generator,GR0 0,solar,6306995074.34238
capital,Generator,GR0 0,solar rooftop,566751080.35356
capital,Generator,GR0 0,solar-hsat,1993817.3422
capital,Generator,HR0 0,load,0.0
capital,Generator,HR0 0,offwind-ac,1777055.90767
capital,Generator,HR0 0,offwind-dc,2242580.18279
capital,Generator,HR0 0,onwind,1198787.67266
capital,Generator,HR0 0,ror,85877138.08148
capital,Generator,HR0 0,solar,137621946.72635
capital,Generator,HR0 0,solar rooftop,3457127.0204
capital,Generator,HR0 0,solar-hsat,1367933.00822
capital,Generator,HU0 0,load,0.0
capital,Generator,HU0 0,onwind,869747244.81428
capital,Generator,HU0 0,ror,6070956.3265
capital,Generator,HU0 0,solar,1188543527.4347
capital,Generator,HU0 0,solar rooftop,2931641.13597
capital,Generator,HU0 0,solar-hsat,1762992.56486
capital,Generator,IE3 0,load,0.0
capital,Generator,IE3 0,offwind-ac,2591014068.55845
capital,Generator,IE3 0,offwind-dc,9125302.26529
capital,Generator,IE3 0,onwind,2247268.77089
capital,Generator,IE3 0,ror,66564800.33115
capital,Generator,IE3 0,solar,2171056.70692
capital,Generator,IE3 0,solar rooftop,807151.52353
capital,Generator,IE3 0,solar-hsat,1462285.25647
capital,Generator,IT0 0,load,0.0
capital,Generator,IT0 0,offwind-ac,1249589.90303
capital,Generator,IT0 0,offwind-dc,6811491160.04286
capital,Generator,IT0 0,onwind,2373157.74367
capital,Generator,IT0 0,ror,2385990614.24019
capital,Generator,IT0 0,solar,21289824638.10404
capital,Generator,IT0 0,solar rooftop,3673784581.86598
capital,Generator,IT0 0,solar-hsat,1836570.94076
capital,Generator,IT4 0,load,0.0
capital,Generator,IT4 0,offwind-ac,1234789.07946
capital,Generator,IT4 0,offwind-dc,2266551.8311
capital,Generator,IT4 0,onwind,946341845.148
capital,Generator,IT4 0,ror,39784795.01274
capital,Generator,IT4 0,solar,1142394082.37213
capital,Generator,IT4 0,solar rooftop,93394041.26734
capital,Generator,IT4 0,solar-hsat,1181802.52095
capital,Generator,LT0 0,load,0.0
capital,Generator,LT0 0,offwind-ac,207781602.16497
capital,Generator,LT0 0,offwind-dc,801449932.79499
capital,Generator,LT0 0,onwind,4932486.83408
capital,Generator,LT0 0,ror,31125207.56225
capital,Generator,LT0 0,solar,350028272.57145
capital,Generator,LT0 0,solar rooftop,2107630.52132
capital,Generator,LT0 0,solar-hsat,2294613.10291
capital,Generator,LU0 0,load,0.0
capital,Generator,LU0 0,onwind,3114621.00167
capital,Generator,LU0 0,solar,174379407.10233
capital,Generator,LU0 0,solar rooftop,1980182.30514
capital,Generator,LU0 0,solar-hsat,1116866.24056
capital,Generator,LV0 0,load,0.0
capital,Generator,LV0 0,offwind-ac,2690013.97762
capital,Generator,LV0 0,offwind-dc,7003828.96193
capital,Generator,LV0 0,onwind,5029590.98752
capital,Generator,LV0 0,ror,473380508.2809
capital,Generator,LV0 0,solar,1065255071.26319
capital,Generator,LV0 0,solar rooftop,9508801.74365
capital,Generator,LV0 0,solar-hsat,2002356.67977
capital,Generator,ME0 0,load,0.0
capital,Generator,ME0 0,offwind-ac,1066395.0465
capital,Generator,ME0 0,offwind-dc,2243873.55569
capital,Generator,ME0 0,onwind,203441.75933
capital,Generator,ME0 0,ror,1651793.1934
capital,Generator,ME0 0,solar,447655202.25226
capital,Generator,ME0 0,solar rooftop,30779662.20309
capital,Generator,ME0 0,solar-hsat,1006261.81848
capital,Generator,MK0 0,load,0.0
capital,Generator,MK0 0,onwind,147646.26021
capital,Generator,MK0 0,ror,59045443.2567
capital,Generator,MK0 0,solar,1240276158.91679
capital,Generator,MK0 0,solar rooftop,21425359.51726
capital,Generator,MK0 0,solar-hsat,1174428.49915
capital,Generator,NL0 0,load,0.0
capital,Generator,NL0 0,offwind-ac,713026642.07204
capital,Generator,NL0 0,offwind-dc,73065074.46271
capital,Generator,NL0 0,onwind,4410053078.80673
capital,Generator,NL0 0,solar,3528808144.20069
capital,Generator,NL0 0,solar rooftop,2031125.93776
capital,Generator,NL0 0,solar-hsat,2062454.18457
capital,Generator,NO1 0,load,0.0
capital,Generator,NO1 0,offwind-ac,28930825.69406
capital,Generator,NO1 0,offwind-dc,9315773.49951
capital,Generator,NO1 0,onwind,1546564.26919
capital,Generator,NO1 0,ror,340682346.13927
capital,Generator,NO1 0,solar,1543716.33102
capital,Generator,NO1 0,solar rooftop,618818.69506
capital,Generator,NO1 0,solar-hsat,1443863.99292
capital,Generator,PL0 0,load,0.0
capital,Generator,PL0 0,offwind-ac,1294995031.52419
capital,Generator,PL0 0,offwind-dc,3584417196.72334
capital,Generator,PL0 0,onwind,8357426540.24605
capital,Generator,PL0 0,ror,56210389.48212
capital,Generator,PL0 0,solar,53850309.25975
capital,Generator,PL0 0,solar rooftop,3013878.6718
capital,Generator,PL0 0,solar-hsat,2520036.72897
capital,Generator,PT0 0,load,0.0
capital,Generator,PT0 0,offwind-ac,1362285.09555
capital,Generator,PT0 0,offwind-dc,970511.37683
capital,Generator,PT0 0,onwind,1711335.88088
capital,Generator,PT0 0,ror,788238177.25466
capital,Generator,PT0 0,solar,1557962302.77906
capital,Generator,PT0 0,solar rooftop,368237373.9993
capital,Generator,PT0 0,solar-hsat,1887344.95308
capital,Generator,RO0 0,load,0.0
capital,Generator,RO0 0,offwind-ac,308105044.53189
capital,Generator,RO0 0,offwind-dc,1550854551.18886
capital,Generator,RO0 0,onwind,1062615.53921
capital,Generator,RO0 0,ror,1085206556.13942
capital,Generator,RO0 0,solar,4968726273.89134
capital,Generator,RO0 0,solar rooftop,8188663.843
capital,Generator,RO0 0,solar-hsat,1691444.6409
capital,Generator,RS0 0,load,0.0
capital,Generator,RS0 0,onwind,1365808.41367
capital,Generator,RS0 0,ror,526478263.35986
capital,Generator,RS0 0,solar,62767125.14319
capital,Generator,RS0 0,solar rooftop,3746161.35663
capital,Generator,RS0 0,solar-hsat,1640124.72933
capital,Generator,SE1 0,load,0.0
capital,Generator,SE1 0,offwind-ac,19531125.8459
capital,Generator,SE1 0,offwind-dc,5170445296.21597
capital,Generator,SE1 0,onwind,1520489.2538
capital,Generator,SE1 0,ror,428664987.31771
capital,Generator,SE1 0,solar,11041066.53716
capital,Generator,SE1 0,solar rooftop,1445278.4833
capital,Generator,SE1 0,solar-hsat,2563252.71401
capital,Generator,SI0 0,load,0.0
capital,Generator,SI0 0,offwind-ac,356080.26223
capital,Generator,SI0 0,onwind,357526.80019
capital,Generator,SI0 0,ror,155445758.14368
capital,Generator,SI0 0,solar,946525.05505
capital,Generator,SI0 0,solar rooftop,1285418.28118
capital,Generator,SI0 0,solar-hsat,537771.21142
capital,Generator,SK0 0,load,0.0
capital,Generator,SK0 0,onwind,1893743.13317
capital,Generator,SK0 0,ror,375255980.16312
capital,Generator,SK0 0,solar,1389647922.71454
capital,Generator,SK0 0,solar rooftop,3688533.27746
capital,Generator,SK0 0,solar-hsat,1551043.76018
capital,Generator,XK0 0,load,0.0
capital,Generator,XK0 0,onwind,233893.17949
capital,Generator,XK0 0,ror,9306745.23148
capital,Generator,XK0 0,solar,249278531.14351
capital,Generator,XK0 0,solar rooftop,12068680.4974
capital,Generator,XK0 0,solar-hsat,1047914.91246
capital,Line,AL0 0,AC,136180998.08329
capital,Line,AT0 0,AC,796985128.25434
capital,Line,BA0 0,AC,159739640.95752
capital,Line,BE0 0,AC,356430812.46639
capital,Line,BG0 0,AC,341929860.08267
capital,Line,CH0 0,AC,1372017442.58426
capital,Line,CZ0 0,AC,481485313.75165
capital,Line,DE0 0,AC,1536265993.84565
capital,Line,DE0 1,AC,267668278.56526
capital,Line,DK1 0,AC,151232884.32807
capital,Line,EE0 0,AC,60602189.64343
capital,Line,ES0 0,AC,500819468.53404
capital,Line,FI1 0,AC,269069551.07981
capital,Line,FR0 0,AC,229880598.00175
capital,Line,GB3 0,AC,73696020.52104
capital,Line,GR0 0,AC,80785780.5939
capital,Line,HR0 0,AC,194115075.6763
capital,Line,HU0 0,AC,400961631.52003
capital,Line,IT0 0,AC,48552211.40815
capital,Line,LT0 0,AC,168295101.38682
capital,Line,ME0 0,AC,72276151.19058
capital,Line,MK0 0,AC,80997434.56607
capital,Line,NO1 0,AC,128930343.98927
capital,Line,PL0 0,AC,198926152.76649
capital,Line,RO0 0,AC,110191973.45132
capital,Line,RS0 0,AC,47177772.70194
capital,Link,AL0 0,BEV charger,0.0
capital,Link,AL0 0,Fischer-Tropsch,489002.93946
capital,Link,AL0 0,H2 Electrolysis,222163272.0997
capital,Link,AL0 0,Sabatier,524371.6194
capital,Link,AL0 0,V2G,0.0
capital,Link,AL0 0,battery charger,257536.32173
capital,Link,AL0 0,battery discharger,0.0
capital,Link,AL0 0,electricity distribution grid,53940467.44989
capital,Link,AL0 0,home battery charger,259510.18374
capital,Link,AL0 0,home battery discharger,0.0
capital,Link,AL0 0,methanolisation,3473842.46192
capital,Link,AL0 0,residential rural air heat pump,9508019.91826
capital,Link,AL0 0,residential rural ground heat pump,29023336.27397
capital,Link,AL0 0,residential urban decentral air heat pump,20025368.3756
capital,Link,AL0 0,services rural air heat pump,4808527.37909
capital,Link,AL0 0,services rural ground heat pump,13785340.86751
capital,Link,AL0 0,services urban decentral air heat pump,9084477.5025
capital,Link,AL0 0,urban central air heat pump,39475418.46026
capital,Link,AT0 0,BEV charger,0.0
capital,Link,AT0 0,Fischer-Tropsch,457205.81458
capital,Link,AT0 0,H2 Electrolysis,199515204.56682
capital,Link,AT0 0,Sabatier,1119696.94642
capital,Link,AT0 0,V2G,0.0
capital,Link,AT0 0,battery charger,266972.78027
capital,Link,AT0 0,battery discharger,0.0
capital,Link,AT0 0,electricity distribution grid,1043890131.80103
capital,Link,AT0 0,home battery charger,269069.8954
capital,Link,AT0 0,home battery discharger,0.0
capital,Link,AT0 0,methanolisation,319022.58048
capital,Link,AT0 0,residential rural air heat pump,96343663.69542
capital,Link,AT0 0,residential rural ground heat pump,694098204.39194
capital,Link,AT0 0,residential urban decentral air heat pump,343438041.66101
capital,Link,AT0 0,services rural air heat pump,31427116.56261
capital,Link,AT0 0,services rural ground heat pump,280058432.65307
capital,Link,AT0 0,services urban decentral air heat pump,111524990.16548
capital,Link,AT0 0,urban central air heat pump,645541218.45201
capital,Link,BA0 0,BEV charger,0.0
capital,Link,BA0 0,Fischer-Tropsch,1613301.68156
capital,Link,BA0 0,H2 Electrolysis,222766908.6667
capital,Link,BA0 0,Sabatier,22173747.86015
capital,Link,BA0 0,V2G,0.0
capital,Link,BA0 0,battery charger,267440.94251
capital,Link,BA0 0,battery discharger,0.0
capital,Link,BA0 0,electricity distribution grid,142940258.25246
capital,Link,BA0 0,home battery charger,269862.62852
capital,Link,BA0 0,home battery discharger,0.0
capital,Link,BA0 0,methanolisation,2080802.70066
capital,Link,BA0 0,residential rural air heat pump,30769105.66173
capital,Link,BA0 0,residential rural ground heat pump,139604501.85163
capital,Link,BA0 0,residential urban decentral air heat pump,53619053.06723
capital,Link,BA0 0,services rural air heat pump,8712230.85706
capital,Link,BA0 0,services rural ground heat pump,39399128.5411
capital,Link,BA0 0,services urban decentral air heat pump,14950755.44088
capital,Link,BA0 0,urban central air heat pump,92791531.64297
capital,Link,BE0 0,BEV charger,0.0
capital,Link,BE0 0,DC,287173733.57579
capital,Link,BE0 0,Fischer-Tropsch,467623.86578
capital,Link,BE0 0,H2 Electrolysis,222142208.31501
capital,Link,BE0 0,Sabatier,821468.98183
capital,Link,BE0 0,V2G,0.0
capital,Link,BE0 0,battery charger,255021.78321
capital,Link,BE0 0,battery discharger,0.0
capital,Link,BE0 0,electricity distribution grid,1693372751.2493
capital,Link,BE0 0,home battery charger,255779.63928
capital,Link,BE0 0,home battery discharger,0.0
capital,Link,BE0 0,methanolisation,313742.28209
capital,Link,BE0 0,residential rural air heat pump,7961152.75546
capital,Link,BE0 0,residential rural ground heat pump,124119077.854
capital,Link,BE0 0,residential urban decentral air heat pump,841203688.12535
capital,Link,BE0 0,services rural air heat pump,3582325.60032
capital,Link,BE0 0,services rural ground heat pump,153976399.69102
capital,Link,BE0 0,services urban decentral air heat pump,376059346.56772
capital,Link,BE0 0,urban central air heat pump,1732555830.49614
capital,Link,BG0 0,BEV charger,0.0
capital,Link,BG0 0,Fischer-Tropsch,1180321.00255
capital,Link,BG0 0,H2 Electrolysis,926754502.67262
capital,Link,BG0 0,Sabatier,6147360.88956
capital,Link,BG0 0,V2G,0.0
capital,Link,BG0 0,battery charger,275738.93479
capital,Link,BG0 0,battery discharger,0.0
capital,Link,BG0 0,electricity distribution grid,434711214.62234
capital,Link,BG0 0,home battery charger,278592.80787
capital,Link,BG0 0,home battery discharger,0.0
capital,Link,BG0 0,methanolisation,119282709.23539
capital,Link,BG0 0,residential rural air heat pump,32696064.71663
capital,Link,BG0 0,residential rural ground heat pump,104611583.80381
capital,Link,BG0 0,residential urban decentral air heat pump,136776511.54769
capital,Link,BG0 0,services rural air heat pump,12572330.8972
capital,Link,BG0 0,services rural ground heat pump,59332137.93622
capital,Link,BG0 0,services urban decentral air heat pump,51735366.74244
capital,Link,BG0 0,urban central air heat pump,264363435.73646
capital,Link,CH0 0,BEV charger,0.0
capital,Link,CH0 0,DC,0.0
capital,Link,CH0 0,Fischer-Tropsch,67431514.3896
capital,Link,CH0 0,H2 Electrolysis,1387704995.57677
capital,Link,CH0 0,Sabatier,299611958.90866
capital,Link,CH0 0,V2G,0.0
capital,Link,CH0 0,battery charger,273235.77199
capital,Link,CH0 0,battery discharger,0.0
capital,Link,CH0 0,electricity distribution grid,761447762.23552
capital,Link,CH0 0,home battery charger,275921.70721
capital,Link,CH0 0,home battery discharger,0.0
capital,Link,CH0 0,methanolisation,6220279.68218
capital,Link,CH0 0,residential rural air heat pump,29637798.01581
capital,Link,CH0 0,residential rural ground heat pump,290990950.18639
capital,Link,CH0 0,residential urban decentral air heat pump,383440215.13176
capital,Link,CH0 0,services rural air heat pump,13547518.13472
capital,Link,CH0 0,services rural ground heat pump,132961004.87603
capital,Link,CH0 0,services urban decentral air heat pump,175210409.78833
capital,Link,CH0 0,urban central air heat pump,746327675.53172
capital,Link,CZ0 0,BEV charger,0.0
capital,Link,CZ0 0,Fischer-Tropsch,110425.83809
capital,Link,CZ0 0,H2 Electrolysis,76197004.62252
capital,Link,CZ0 0,Sabatier,227762.90137
capital,Link,CZ0 0,V2G,0.0
capital,Link,CZ0 0,battery charger,264690.41451
capital,Link,CZ0 0,battery discharger,0.0
capital,Link,CZ0 0,electricity distribution grid,1020428899.06094
capital,Link,CZ0 0,home battery charger,266593.83204
capital,Link,CZ0 0,home battery discharger,0.0
capital,Link,CZ0 0,methanolisation,115172.03079
capital,Link,CZ0 0,residential rural air heat pump,80307321.47823
capital,Link,CZ0 0,residential rural ground heat pump,523288102.26695
capital,Link,CZ0 0,residential urban decentral air heat pump,513853823.08104
capital,Link,CZ0 0,services rural air heat pump,26837174.30935
capital,Link,CZ0 0,services rural ground heat pump,238746774.86627
capital,Link,CZ0 0,services urban decentral air heat pump,168856591.23903
capital,Link,CZ0 0,urban central air heat pump,385105741.24298
capital,Link,DE0 0,BEV charger,0.0
capital,Link,DE0 0,DC,1260219192.48313
capital,Link,DE0 0,Fischer-Tropsch,384914.43848
capital,Link,DE0 0,H2 Electrolysis,672306816.47774
capital,Link,DE0 0,Sabatier,359091.44801
capital,Link,DE0 0,V2G,0.0
capital,Link,DE0 0,battery charger,294234.37913
capital,Link,DE0 0,battery discharger,0.0
capital,Link,DE0 0,electricity distribution grid,6024358666.71675
capital,Link,DE0 0,home battery charger,274006.05145
capital,Link,DE0 0,home battery discharger,0.0
capital,Link,DE0 0,methanolisation,271100.21803
capital,Link,DE0 0,residential rural air heat pump,52053449.51239
capital,Link,DE0 0,residential rural ground heat pump,1518220377.22275
capital,Link,DE0 0,residential urban decentral air heat pump,3239056297.24174
capital,Link,DE0 0,services rural air heat pump,21490324.19672
capital,Link,DE0 0,services rural ground heat pump,823434065.9819
capital,Link,DE0 0,services urban decentral air heat pump,1242424756.1322
capital,Link,DE0 0,urban central air heat pump,5501402748.52025
capital,Link,DE0 1,BEV charger,0.0
capital,Link,DE0 1,DC,0.0
capital,Link,DE0 1,Fischer-Tropsch,224341.15055
capital,Link,DE0 1,H2 Electrolysis,164374220.88767
capital,Link,DE0 1,Sabatier,367148.22618
capital,Link,DE0 1,V2G,0.0
capital,Link,DE0 1,battery charger,273891.78561
capital,Link,DE0 1,battery discharger,0.0
capital,Link,DE0 1,electricity distribution grid,3366149269.7502
capital,Link,DE0 1,home battery charger,269646.02613
capital,Link,DE0 1,home battery discharger,0.0
capital,Link,DE0 1,methanolisation,220299.90599
capital,Link,DE0 1,residential rural air heat pump,218548522.71944
capital,Link,DE0 1,residential rural ground heat pump,2528650912.73121
capital,Link,DE0 1,residential urban decentral air heat pump,1401237475.60682
capital,Link,DE0 1,services rural air heat pump,85106479.09471
capital,Link,DE0 1,services rural ground heat pump,1108473615.55663
capital,Link,DE0 1,services urban decentral air heat pump,536611817.39474
capital,Link,DE0 1,urban central air heat pump,1952331796.6698
capital,Link,DK0 0,BEV charger,0.0
capital,Link,DK0 0,DC,1296029177.78223
capital,Link,DK0 0,Fischer-Tropsch,185699933.2431
capital,Link,DK0 0,H2 Electrolysis,1540244625.14702
capital,Link,DK0 0,Sabatier,5493262.38082
capital,Link,DK0 0,V2G,0.0
capital,Link,DK0 0,battery charger,300060.49723
capital,Link,DK0 0,battery discharger,0.0
capital,Link,DK0 0,electricity distribution grid,448007043.53821
capital,Link,DK0 0,home battery charger,272252.04093
capital,Link,DK0 0,home battery discharger,0.0
capital,Link,DK0 0,methanolisation,1897942.62091
capital,Link,DK0 0,residential rural air heat pump,3698323.79524
capital,Link,DK0 0,residential rural ground heat pump,87954485.89728
capital,Link,DK0 0,residential urban decentral air heat pump,295521558.64885
capital,Link,DK0 0,services rural air heat pump,1735189.45618
capital,Link,DK0 0,services rural ground heat pump,68965597.47461
capital,Link,DK0 0,services urban decentral air heat pump,84603012.95946
capital,Link,DK0 0,urban central air heat pump,534548630.10816
capital,Link,DK1 0,BEV charger,0.0
capital,Link,DK1 0,DC,885021005.31251
capital,Link,DK1 0,Fischer-Tropsch,2377789.98141
capital,Link,DK1 0,H2 Electrolysis,219781789.38534
capital,Link,DK1 0,Sabatier,45269558.70877
capital,Link,DK1 0,V2G,0.0
capital,Link,DK1 0,battery charger,270216.31766
capital,Link,DK1 0,battery discharger,0.0
capital,Link,DK1 0,electricity distribution grid,276815757.47542
capital,Link,DK1 0,home battery charger,261716.28162
capital,Link,DK1 0,home battery discharger,0.0
capital,Link,DK1 0,methanolisation,708370.48786
capital,Link,DK1 0,residential rural air heat pump,2162921.02614
capital,Link,DK1 0,residential rural ground heat pump,37776098.12463
capital,Link,DK1 0,residential urban decentral air heat pump,174586135.47809
capital,Link,DK1 0,services rural air heat pump,1003665.29189
capital,Link,DK1 0,services rural ground heat pump,36119636.61572
capital,Link,DK1 0,services urban decentral air heat pump,49981324.963
capital,Link,DK1 0,urban central air heat pump,316822564.18433
capital,Link,EE0 0,BEV charger,0.0
capital,Link,EE0 0,DC,144082999.2808
capital,Link,EE0 0,Fischer-Tropsch,3214957.30559
capital,Link,EE0 0,H2 Electrolysis,227823463.23434
capital,Link,EE0 0,Sabatier,35115693.70662
capital,Link,EE0 0,V2G,0.0
capital,Link,EE0 0,battery charger,323370.52387
capital,Link,EE0 0,battery discharger,0.0
capital,Link,EE0 0,electricity distribution grid,142320279.60779
capital,Link,EE0 0,home battery charger,287561.02127
capital,Link,EE0 0,home battery discharger,0.0
capital,Link,EE0 0,methanolisation,728024.77448
capital,Link,EE0 0,residential rural air heat pump,19382922.59889
capital,Link,EE0 0,residential rural ground heat pump,73901504.62888
capital,Link,EE0 0,residential urban decentral air heat pump,72101894.85887
capital,Link,EE0 0,services rural air heat pump,6874603.50171
capital,Link,EE0 0,services rural ground heat pump,37279441.03241
capital,Link,EE0 0,services urban decentral air heat pump,25202964.80617
capital,Link,EE0 0,urban central air heat pump,92045963.8102
capital,Link,ES0 0,BEV charger,0.0
capital,Link,ES0 0,DC,1592786930.07629
capital,Link,ES0 0,Fischer-Tropsch,21942979.99915
capital,Link,ES0 0,H2 Electrolysis,6530190193.38368
capital,Link,ES0 0,Sabatier,939954.02052
capital,Link,ES0 0,V2G,0.0
capital,Link,ES0 0,battery charger,282992.46462
capital,Link,ES0 0,battery discharger,0.0
capital,Link,ES0 0,electricity distribution grid,2509181272.81791
capital,Link,ES0 0,home battery charger,284089.80791
capital,Link,ES0 0,home battery discharger,0.0
capital,Link,ES0 0,methanolisation,1992858207.4631
capital,Link,ES0 0,residential rural air heat pump,133126537.13142
capital,Link,ES0 0,residential rural ground heat pump,355767575.36593
capital,Link,ES0 0,residential urban decentral air heat pump,669349683.64157
capital,Link,ES0 0,services rural air heat pump,60946011.20534
capital,Link,ES0 0,services rural ground heat pump,439214247.69884
capital,Link,ES0 0,services urban decentral air heat pump,299599710.23151
capital,Link,ES0 0,urban central air heat pump,1263199096.69536
capital,Link,ES6 0,BEV charger,0.0
capital,Link,ES6 0,DC,0.0
capital,Link,ES6 0,Fischer-Tropsch,19884137.99501
capital,Link,ES6 0,H2 Electrolysis,92719441.27591
capital,Link,ES6 0,Sabatier,209954.76832
capital,Link,ES6 0,V2G,0.0
capital,Link,ES6 0,battery charger,313974.62251
capital,Link,ES6 0,battery discharger,0.0
capital,Link,ES6 0,electricity distribution grid,79201076.90384
capital,Link,ES6 0,home battery charger,311954.83426
capital,Link,ES6 0,home battery discharger,0.0
capital,Link,ES6 0,methanolisation,7066427.54077
capital,Link,ES6 0,residential rural air heat pump,5697636.99343
capital,Link,ES6 0,residential rural ground heat pump,1535564.94062
capital,Link,ES6 0,residential urban decentral air heat pump,31348977.4954
capital,Link,ES6 0,services rural air heat pump,3811615.90156
capital,Link,ES6 0,services rural ground heat pump,3745107.33719
capital,Link,ES6 0,services urban decentral air heat pump,14228409.39458
capital,Link,ES6 0,urban central air heat pump,61089588.60858
capital,Link,EU,CCGT,18684573952.93021
capital,Link,EU,HVC to air,0.0
capital,Link,EU,SMR,8809434734.29723
capital,Link,EU,SMR CC,26913707.52763
capital,Link,EU,agriculture machinery oil,0.0
capital,Link,EU,biogas to gas,7234818853.46348
capital,Link,EU,biomass to liquid,117186.34578
capital,Link,EU,co2 sequestered,0.0
capital,Link,EU,electrobiofuels,5323544947.19765
capital,Link,EU,gas for industry,0.0
capital,Link,EU,gas for industry CC,660695328.68973
capital,Link,EU,industry methanol,0.0
capital,Link,EU,kerosene for aviation,0.0
capital,Link,EU,naphtha for industry,0.0
capital,Link,EU,process emissions,0.0
capital,Link,EU,process emissions CC,3186183113.67101
capital,Link,EU,shipping methanol,0.0
capital,Link,EU,solid biomass for industry,0.0
capital,Link,EU,solid biomass for industry CC,7254620770.37596
capital,Link,EU,waste CHP,10635070083.41608
capital,Link,EU,waste CHP CC,836377038.33553
capital,Link,FI1 0,BEV charger,0.0
capital,Link,FI1 0,DC,39499484.9267
capital,Link,FI1 0,Fischer-Tropsch,179796168.55127
capital,Link,FI1 0,H2 Electrolysis,894953117.1803
capital,Link,FI1 0,Sabatier,52460796.65735
capital,Link,FI1 0,V2G,0.0
capital,Link,FI1 0,battery charger,318915.19759
capital,Link,FI1 0,battery discharger,0.0
capital,Link,FI1 0,electricity distribution grid,1112674415.28548
capital,Link,FI1 0,home battery charger,294212.08058
capital,Link,FI1 0,home battery discharger,0.0
capital,Link,FI1 0,methanolisation,1002513.63245
capital,Link,FI1 0,residential rural air heat pump,15060503.8165
capital,Link,FI1 0,residential rural ground heat pump,267407237.4396
capital,Link,FI1 0,residential urban decentral air heat pump,518285439.69328
capital,Link,FI1 0,services rural air heat pump,5431044.21704
capital,Link,FI1 0,services rural ground heat pump,186164969.01244
capital,Link,FI1 0,services urban decentral air heat pump,182645060.4343
capital,Link,FI1 0,urban central air heat pump,778747095.06882
capital,Link,FR0 0,BEV charger,0.0
capital,Link,FR0 0,DC,2296785672.67472
capital,Link,FR0 0,Fischer-Tropsch,2576938257.1038
capital,Link,FR0 0,H2 Electrolysis,9346243944.43068
capital,Link,FR0 0,Sabatier,2539583.65265
capital,Link,FR0 0,V2G,0.0
capital,Link,FR0 0,battery charger,274287.51119
capital,Link,FR0 0,battery discharger,0.0
capital,Link,FR0 0,electricity distribution grid,7705388029.18031
capital,Link,FR0 0,home battery charger,278134.66845
capital,Link,FR0 0,home battery discharger,0.0
capital,Link,FR0 0,methanolisation,17826456.65055
capital,Link,FR0 0,residential rural air heat pump,539505139.18677
capital,Link,FR0 0,residential rural ground heat pump,2497692755.40959
capital,Link,FR0 0,residential urban decentral air heat pump,4126885424.64175
capital,Link,FR0 0,services rural air heat pump,189494750.75443
capital,Link,FR0 0,services rural ground heat pump,1343749141.91361
capital,Link,FR0 0,services urban decentral air heat pump,1464727911.66873
capital,Link,FR0 0,urban central air heat pump,7636512419.58225
capital,Link,FR5 0,BEV charger,0.0
capital,Link,FR5 0,DC,177094227.24258
capital,Link,FR5 0,Fischer-Tropsch,6189027.98274
capital,Link,FR5 0,H2 Electrolysis,1191440064.23465
capital,Link,FR5 0,Sabatier,20919890.6791
capital,Link,FR5 0,V2G,0.0
capital,Link,FR5 0,battery charger,284483.72807
capital,Link,FR5 0,battery discharger,0.0
capital,Link,FR5 0,electricity distribution grid,48963104.54246
capital,Link,FR5 0,home battery charger,289746.35309
capital,Link,FR5 0,home battery discharger,0.0
capital,Link,FR5 0,methanolisation,342228203.84529
capital,Link,FR5 0,residential rural air heat pump,21864106.44123
capital,Link,FR5 0,residential rural ground heat pump,60179642.57325
capital,Link,FR5 0,residential urban decentral air heat pump,0.0
capital,Link,FR5 0,services rural air heat pump,7723092.32398
capital,Link,FR5 0,services rural ground heat pump,23160329.2485
capital,Link,FR5 0,services urban decentral air heat pump,111499.45666
capital,Link,GB2 0,BEV charger,0.0
capital,Link,GB2 0,DC,7909191079.44452
capital,Link,GB2 0,Fischer-Tropsch,2470565904.92288
capital,Link,GB2 0,H2 Electrolysis,12609791034.15461
capital,Link,GB2 0,Sabatier,5108394.73315
capital,Link,GB2 0,V2G,0.0
capital,Link,GB2 0,battery charger,406405.07691
capital,Link,GB2 0,battery discharger,0.0
capital,Link,GB2 0,electricity distribution grid,4736371139.99875
capital,Link,GB2 0,home battery charger,283536.68269
capital,Link,GB2 0,home battery discharger,0.0
capital,Link,GB2 0,methanolisation,1112471680.18332
capital,Link,GB2 0,residential rural air heat pump,112755473.08443
capital,Link,GB2 0,residential rural ground heat pump,1179656156.34594
capital,Link,GB2 0,residential urban decentral air heat pump,2445788840.67977
capital,Link,GB2 0,services rural air heat pump,41865475.31474
capital,Link,GB2 0,services rural ground heat pump,445143569.54961
capital,Link,GB2 0,services urban decentral air heat pump,885277463.83786
capital,Link,GB2 0,urban central air heat pump,4659886919.8797
capital,Link,GB3 0,BEV charger,0.0
capital,Link,GB3 0,DC,322083131.45033
capital,Link,GB3 0,Fischer-Tropsch,3881794.93071
capital,Link,GB3 0,H2 Electrolysis,221495736.28606
capital,Link,GB3 0,Sabatier,1932938.97925
capital,Link,GB3 0,V2G,0.0
capital,Link,GB3 0,battery charger,336758.31865
capital,Link,GB3 0,battery discharger,0.0
capital,Link,GB3 0,electricity distribution grid,140158633.76871
capital,Link,GB3 0,home battery charger,310433.44528
capital,Link,GB3 0,home battery discharger,0.0
capital,Link,GB3 0,methanolisation,23035577.55036
capital,Link,GB3 0,residential rural air heat pump,29390142.3486
capital,Link,GB3 0,residential rural ground heat pump,123269675.68402
capital,Link,GB3 0,residential urban decentral air heat pump,27617703.57292
capital,Link,GB3 0,services rural air heat pump,10915120.40199
capital,Link,GB3 0,services rural ground heat pump,44762517.92112
capital,Link,GB3 0,services urban decentral air heat pump,9993500.07263
capital,Link,GB3 0,urban central air heat pump,47861559.59343
capital,Link,GR0 0,BEV charger,0.0
capital,Link,GR0 0,DC,0.0
capital,Link,GR0 0,Fischer-Tropsch,377782.44359
capital,Link,GR0 0,H2 Electrolysis,1634230671.4373
capital,Link,GR0 0,Sabatier,593137.33804
capital,Link,GR0 0,V2G,0.0
capital,Link,GR0 0,battery charger,283119.88323
capital,Link,GR0 0,battery discharger,0.0
capital,Link,GR0 0,electricity distribution grid,503107381.18384
capital,Link,GR0 0,home battery charger,290838.25476
capital,Link,GR0 0,home battery discharger,0.0
capital,Link,GR0 0,methanolisation,287470387.40248
capital,Link,GR0 0,residential rural air heat pump,70940750.11417
capital,Link,GR0 0,residential rural ground heat pump,109494788.8207
capital,Link,GR0 0,residential urban decentral air heat pump,274436070.16009
capital,Link,GR0 0,services rural air heat pump,33808603.69194
capital,Link,GR0 0,services rural ground heat pump,109759097.81079
capital,Link,GR0 0,services urban decentral air heat pump,130897168.83655
capital,Link,GR0 0,urban central air heat pump,562236906.78964
capital,Link,HR0 0,BEV charger,0.0
capital,Link,HR0 0,Fischer-Tropsch,327073.23297
capital,Link,HR0 0,H2 Electrolysis,65668128.79969
capital,Link,HR0 0,Sabatier,836858.78038
capital,Link,HR0 0,V2G,0.0
capital,Link,HR0 0,battery charger,262805.04094
capital,Link,HR0 0,battery discharger,0.0
capital,Link,HR0 0,electricity distribution grid,291183349.30027
capital,Link,HR0 0,home battery charger,265633.86743
capital,Link,HR0 0,home battery discharger,0.0
capital,Link,HR0 0,methanolisation,373607.63447
capital,Link,HR0 0,residential rural air heat pump,56625780.4612
capital,Link,HR0 0,residential rural ground heat pump,233987910.84282
capital,Link,HR0 0,residential urban decentral air heat pump,130278225.74847
capital,Link,HR0 0,services rural air heat pump,11521142.47884
capital,Link,HR0 0,services rural ground heat pump,75309344.90092
capital,Link,HR0 0,services urban decentral air heat pump,27095211.60323
capital,Link,HR0 0,urban central air heat pump,224729146.54412
capital,Link,HU0 0,BEV charger,0.0
capital,Link,HU0 0,Fischer-Tropsch,288964.25669
capital,Link,HU0 0,H2 Electrolysis,87172428.14104
capital,Link,HU0 0,Sabatier,802530.95925
capital,Link,HU0 0,V2G,0.0
capital,Link,HU0 0,battery charger,272733.41259
capital,Link,HU0 0,battery discharger,0.0
capital,Link,HU0 0,electricity distribution grid,818375517.62358
capital,Link,HU0 0,home battery charger,274242.56725
capital,Link,HU0 0,home battery discharger,0.0
capital,Link,HU0 0,methanolisation,254926.84158
capital,Link,HU0 0,residential rural air heat pump,62537503.50881
capital,Link,HU0 0,residential rural ground heat pump,473339585.77386
capital,Link,HU0 0,residential urban decentral air heat pump,402099202.40976
capital,Link,HU0 0,services rural air heat pump,20397732.13997
capital,Link,HU0 0,services rural ground heat pump,225748312.42656
capital,Link,HU0 0,services urban decentral air heat pump,130629759.03016
capital,Link,HU0 0,urban central air heat pump,758552515.96977
capital,Link,IE3 0,BEV charger,0.0
capital,Link,IE3 0,DC,301746939.45953
capital,Link,IE3 0,Fischer-Tropsch,212586031.92247
capital,Link,IE3 0,H2 Electrolysis,871741479.79276
capital,Link,IE3 0,Sabatier,1625807.92092
capital,Link,IE3 0,V2G,0.0
capital,Link,IE3 0,battery charger,287550.62105
capital,Link,IE3 0,battery discharger,0.0
capital,Link,IE3 0,electricity distribution grid,388356684.76429
capital,Link,IE3 0,home battery charger,275208.53425
capital,Link,IE3 0,home battery discharger,0.0
capital,Link,IE3 0,methanolisation,31068608.81176
capital,Link,IE3 0,residential rural air heat pump,54161524.57742
capital,Link,IE3 0,residential rural ground heat pump,187954900.74538
capital,Link,IE3 0,residential urban decentral air heat pump,149694272.90348
capital,Link,IE3 0,services rural air heat pump,24395006.47997
capital,Link,IE3 0,services rural ground heat pump,104092602.81387
capital,Link,IE3 0,services urban decentral air heat pump,64956361.83762
capital,Link,IE3 0,urban central air heat pump,280109112.60656
capital,Link,IT0 0,BEV charger,0.0
capital,Link,IT0 0,DC,1588087866.7053
capital,Link,IT0 0,Fischer-Tropsch,512734420.24085
capital,Link,IT0 0,H2 Electrolysis,8291771505.49955
capital,Link,IT0 0,Sabatier,479340516.43838
capital,Link,IT0 0,V2G,0.0
capital,Link,IT0 0,battery charger,285382.89541
capital,Link,IT0 0,battery discharger,0.0
capital,Link,IT0 0,electricity distribution grid,4371458113.73177
capital,Link,IT0 0,home battery charger,286081.44264
capital,Link,IT0 0,home battery discharger,0.0
capital,Link,IT0 0,methanolisation,929903109.4598
capital,Link,IT0 0,residential rural air heat pump,579518079.47494
capital,Link,IT0 0,residential rural ground heat pump,2085884342.46446
capital,Link,IT0 0,residential urban decentral air heat pump,2393310930.79115
capital,Link,IT0 0,services rural air heat pump,315131942.93991
capital,Link,IT0 0,services rural ground heat pump,1402498206.90855
capital,Link,IT0 0,services urban decentral air heat pump,1296651528.75317
capital,Link,IT0 0,urban central air heat pump,4996025938.41178
capital,Link,IT4 0,BEV charger,0.0
capital,Link,IT4 0,DC,330667717.53865
capital,Link,IT4 0,Fischer-Tropsch,1052517.48175
capital,Link,IT4 0,H2 Electrolysis,102410461.52586
capital,Link,IT4 0,Sabatier,459846.82126
capital,Link,IT4 0,V2G,0.0
capital,Link,IT4 0,battery charger,282865.14636
capital,Link,IT4 0,battery discharger,0.0
capital,Link,IT4 0,electricity distribution grid,135514721.13212
capital,Link,IT4 0,home battery charger,285811.99485
capital,Link,IT4 0,home battery discharger,0.0
capital,Link,IT4 0,methanolisation,29473114.49588
capital,Link,IT4 0,residential rural air heat pump,94371973.37213
capital,Link,IT4 0,residential rural ground heat pump,170215798.08515
capital,Link,IT4 0,residential urban decentral air heat pump,25708632.48898
capital,Link,IT4 0,services rural air heat pump,51580422.22477
capital,Link,IT4 0,services rural ground heat pump,99473516.9414
capital,Link,IT4 0,services urban decentral air heat pump,14005842.42277
capital,Link,IT4 0,urban central air heat pump,54569726.6684
capital,Link,LT0 0,BEV charger,0.0
capital,Link,LT0 0,DC,66066790.34171
capital,Link,LT0 0,Fischer-Tropsch,231403.02926
capital,Link,LT0 0,H2 Electrolysis,132530930.05719
capital,Link,LT0 0,Sabatier,449553.74603
capital,Link,LT0 0,V2G,0.0
capital,Link,LT0 0,battery charger,281149.67788
capital,Link,LT0 0,battery discharger,0.0
capital,Link,LT0 0,electricity distribution grid,236193411.88559
capital,Link,LT0 0,home battery charger,275991.60471
capital,Link,LT0 0,home battery discharger,0.0
capital,Link,LT0 0,methanolisation,238942.50701
capital,Link,LT0 0,residential rural air heat pump,18661646.47731
capital,Link,LT0 0,residential rural ground heat pump,137573525.29591
capital,Link,LT0 0,residential urban decentral air heat pump,108148631.67782
capital,Link,LT0 0,services rural air heat pump,5326084.41524
capital,Link,LT0 0,services rural ground heat pump,47298811.81982
capital,Link,LT0 0,services urban decentral air heat pump,27346223.08557
capital,Link,LT0 0,urban central air heat pump,136354783.41611
capital,Link,LU0 0,BEV charger,0.0
capital,Link,LU0 0,Fischer-Tropsch,400064.23479
capital,Link,LU0 0,H2 Electrolysis,5396674.95559
capital,Link,LU0 0,Sabatier,645761.97398
capital,Link,LU0 0,V2G,0.0
capital,Link,LU0 0,battery charger,248175.15722
capital,Link,LU0 0,battery discharger,0.0
capital,Link,LU0 0,electricity distribution grid,105722931.69357
capital,Link,LU0 0,home battery charger,254775.34476
capital,Link,LU0 0,home battery discharger,0.0
capital,Link,LU0 0,methanolisation,264566.9133
capital,Link,LU0 0,residential rural air heat pump,592704.25205
capital,Link,LU0 0,residential rural ground heat pump,11593819.26856
capital,Link,LU0 0,residential urban decentral air heat pump,40991291.01329
capital,Link,LU0 0,services rural air heat pump,458397.16909
capital,Link,LU0 0,services rural ground heat pump,9880089.92986
capital,Link,LU0 0,services urban decentral air heat pump,26668775.70101
capital,Link,LU0 0,urban central air heat pump,90953092.89244
capital,Link,LV0 0,BEV charger,0.0
capital,Link,LV0 0,Fischer-Tropsch,637044.76611
capital,Link,LV0 0,H2 Electrolysis,14103604.56949
capital,Link,LV0 0,Sabatier,2180491.96099
capital,Link,LV0 0,V2G,0.0
capital,Link,LV0 0,battery charger,297493.41095
capital,Link,LV0 0,battery discharger,0.0
capital,Link,LV0 0,electricity distribution grid,183961650.69083
capital,Link,LV0 0,home battery charger,287125.75091
capital,Link,LV0 0,home battery discharger,0.0
capital,Link,LV0 0,methanolisation,382498.2275
capital,Link,LV0 0,residential rural air heat pump,18010319.5212
capital,Link,LV0 0,residential rural ground heat pump,115344779.88744
capital,Link,LV0 0,residential urban decentral air heat pump,85995376.01371
capital,Link,LV0 0,services rural air heat pump,7965126.16262
capital,Link,LV0 0,services rural ground heat pump,69708797.10084
capital,Link,LV0 0,services urban decentral air heat pump,35777345.23023
capital,Link,LV0 0,urban central air heat pump,120689274.46478
capital,Link,ME0 0,BEV charger,0.0
capital,Link,ME0 0,DC,0.0
capital,Link,ME0 0,Fischer-Tropsch,976303.70152
capital,Link,ME0 0,H2 Electrolysis,69477932.1641
capital,Link,ME0 0,Sabatier,1014128.33653
capital,Link,ME0 0,V2G,0.0
capital,Link,ME0 0,battery charger,264370.36124
capital,Link,ME0 0,battery discharger,0.0
capital,Link,ME0 0,electricity distribution grid,28085983.20896
capital,Link,ME0 0,home battery charger,269462.17709
capital,Link,ME0 0,home battery discharger,0.0
capital,Link,ME0 0,methanolisation,3240605.11755
capital,Link,ME0 0,residential rural air heat pump,4067766.16715
capital,Link,ME0 0,residential rural ground heat pump,13663824.13882
capital,Link,ME0 0,residential urban decentral air heat pump,10589051.56657
capital,Link,ME0 0,services rural air heat pump,379941.74499
capital,Link,ME0 0,services rural ground heat pump,1282292.25228
capital,Link,ME0 0,services urban decentral air heat pump,943612.46018
capital,Link,ME0 0,urban central air heat pump,15334677.01486
capital,Link,MK0 0,BEV charger,0.0
capital,Link,MK0 0,Fischer-Tropsch,316375.1352
capital,Link,MK0 0,H2 Electrolysis,109375401.83514
capital,Link,MK0 0,Sabatier,375493.664
capital,Link,MK0 0,V2G,0.0
capital,Link,MK0 0,battery charger,260429.75774
capital,Link,MK0 0,battery discharger,0.0
capital,Link,MK0 0,electricity distribution grid,79678551.65528
capital,Link,MK0 0,home battery charger,266674.87815
capital,Link,MK0 0,home battery discharger,0.0
capital,Link,MK0 0,methanolisation,1390625.63876
capital,Link,MK0 0,residential rural air heat pump,13456726.48051
capital,Link,MK0 0,residential rural ground heat pump,47804977.75428
capital,Link,MK0 0,residential urban decentral air heat pump,29382254.03655
capital,Link,MK0 0,services rural air heat pump,4354497.35561
capital,Link,MK0 0,services rural ground heat pump,15929180.53274
capital,Link,MK0 0,services urban decentral air heat pump,9553443.81106
capital,Link,MK0 0,urban central air heat pump,54094255.69407
capital,Link,NL0 0,BEV charger,0.0
capital,Link,NL0 0,DC,70482512.35277
capital,Link,NL0 0,Fischer-Tropsch,823030.05025
capital,Link,NL0 0,H2 Electrolysis,604008103.52336
capital,Link,NL0 0,Sabatier,4038254.47269
capital,Link,NL0 0,V2G,0.0
capital,Link,NL0 0,battery charger,270726.47658
capital,Link,NL0 0,battery discharger,0.0
capital,Link,NL0 0,electricity distribution grid,2389296998.76102
capital,Link,NL0 0,home battery charger,269017.57867
capital,Link,NL0 0,home battery discharger,0.0
capital,Link,NL0 0,methanolisation,703877.75373
capital,Link,NL0 0,residential rural air heat pump,13422192.1166
capital,Link,NL0 0,residential rural ground heat pump,196295147.00598
capital,Link,NL0 0,residential urban decentral air heat pump,1076555609.85643
capital,Link,NL0 0,services rural air heat pump,7556806.26289
capital,Link,NL0 0,services rural ground heat pump,606025892.08212
capital,Link,NL0 0,services urban decentral air heat pump,595965245.25007
capital,Link,NL0 0,urban central air heat pump,2381205549.0056
capital,Link,NO1 0,BEV charger,0.0
capital,Link,NO1 0,DC,238974778.37551
capital,Link,NO1 0,Fischer-Tropsch,774402.56978
capital,Link,NO1 0,H2 Electrolysis,93901749.80717
capital,Link,NO1 0,Sabatier,771531.68395
capital,Link,NO1 0,V2G,0.0
capital,Link,NO1 0,battery charger,279033.95967
capital,Link,NO1 0,battery discharger,0.0
capital,Link,NO1 0,electricity distribution grid,1063874854.33153
capital,Link,NO1 0,home battery charger,286347.28612
capital,Link,NO1 0,home battery discharger,0.0
capital,Link,NO1 0,methanolisation,308050.51931
capital,Link,NO1 0,residential rural air heat pump,13143994.80167
capital,Link,NO1 0,residential rural ground heat pump,151389525.94336
capital,Link,NO1 0,residential urban decentral air heat pump,255773712.89937
capital,Link,NO1 0,services rural air heat pump,10844824.56571
capital,Link,NO1 0,services rural ground heat pump,128574070.24073
capital,Link,NO1 0,services urban decentral air heat pump,208541710.49854
capital,Link,NO1 0,urban central air heat pump,660141884.84691
capital,Link,PL0 0,BEV charger,0.0
capital,Link,PL0 0,DC,343978964.84558
capital,Link,PL0 0,Fischer-Tropsch,186852.5206
capital,Link,PL0 0,H2 Electrolysis,403020155.69147
capital,Link,PL0 0,Sabatier,486841.80694
capital,Link,PL0 0,V2G,0.0
capital,Link,PL0 0,battery charger,294796.73365
capital,Link,PL0 0,battery discharger,0.0
capital,Link,PL0 0,electricity distribution grid,2888310082.55856
capital,Link,PL0 0,home battery charger,283373.58936
capital,Link,PL0 0,home battery discharger,0.0
capital,Link,PL0 0,methanolisation,238690.18602
capital,Link,PL0 0,residential rural air heat pump,252483382.60207
capital,Link,PL0 0,residential rural ground heat pump,2527452438.80942
capital,Link,PL0 0,residential urban decentral air heat pump,1294641880.26092
capital,Link,PL0 0,services rural air heat pump,73470677.08337
capital,Link,PL0 0,services rural ground heat pump,1165136122.77324
capital,Link,PL0 0,services urban decentral air heat pump,371705196.7037
capital,Link,PL0 0,urban central air heat pump,1185394143.43951
capital,Link,PT0 0,BEV charger,0.0
capital,Link,PT0 0,Fischer-Tropsch,255354062.09017
capital,Link,PT0 0,H2 Electrolysis,973371100.9113
capital,Link,PT0 0,Sabatier,633814.54123
capital,Link,PT0 0,V2G,0.0
capital,Link,PT0 0,battery charger,290546.65375
capital,Link,PT0 0,battery discharger,0.0
capital,Link,PT0 0,electricity distribution grid,520054344.01896
capital,Link,PT0 0,home battery charger,295820.6074
capital,Link,PT0 0,home battery discharger,0.0
capital,Link,PT0 0,methanolisation,26124255.86225
capital,Link,PT0 0,residential rural air heat pump,50925539.08325
capital,Link,PT0 0,residential rural ground heat pump,75298730.92701
capital,Link,PT0 0,residential urban decentral air heat pump,84138886.4864
capital,Link,PT0 0,services rural air heat pump,68709168.92073
capital,Link,PT0 0,services rural ground heat pump,125610673.18971
capital,Link,PT0 0,services urban decentral air heat pump,101011353.72911
capital,Link,PT0 0,urban central air heat pump,234486765.27335
capital,Link,RO0 0,BEV charger,0.0
capital,Link,RO0 0,Fischer-Tropsch,1033396.74899
capital,Link,RO0 0,H2 Electrolysis,1944559176.96476
capital,Link,RO0 0,Sabatier,103589944.73495
capital,Link,RO0 0,V2G,0.0
capital,Link,RO0 0,battery charger,289478.46397
capital,Link,RO0 0,battery discharger,0.0
capital,Link,RO0 0,electricity distribution grid,1087920485.39416
capital,Link,RO0 0,home battery charger,290429.33053
capital,Link,RO0 0,home battery discharger,0.0
capital,Link,RO0 0,methanolisation,2001146.31803
capital,Link,RO0 0,residential rural air heat pump,257418731.95034
capital,Link,RO0 0,residential rural ground heat pump,812868632.89079
capital,Link,RO0 0,residential urban decentral air heat pump,419866558.50042
capital,Link,RO0 0,services rural air heat pump,47863217.21411
capital,Link,RO0 0,services rural ground heat pump,213316176.41963
capital,Link,RO0 0,services urban decentral air heat pump,79676090.77444
capital,Link,RO0 0,urban central air heat pump,699809298.37098
capital,Link,RS0 0,BEV charger,0.0
capital,Link,RS0 0,Fischer-Tropsch,1215412.42693
capital,Link,RS0 0,H2 Electrolysis,532066322.81302
capital,Link,RS0 0,Sabatier,107807877.78537
capital,Link,RS0 0,V2G,0.0
capital,Link,RS0 0,battery charger,275240.8747
capital,Link,RS0 0,battery discharger,0.0
capital,Link,RS0 0,electricity distribution grid,433774970.59141
capital,Link,RS0 0,home battery charger,279290.27467
capital,Link,RS0 0,home battery discharger,0.0
capital,Link,RS0 0,methanolisation,1722283.9445
capital,Link,RS0 0,residential rural air heat pump,62820725.00842
capital,Link,RS0 0,residential rural ground heat pump,307992922.95775
capital,Link,RS0 0,residential urban decentral air heat pump,150759015.13897
capital,Link,RS0 0,services rural air heat pump,16569737.13804
capital,Link,RS0 0,services rural ground heat pump,81675219.34487
capital,Link,RS0 0,services urban decentral air heat pump,38966200.36336
capital,Link,RS0 0,urban central air heat pump,252577226.42493
capital,Link,SE1 0,BEV charger,0.0
capital,Link,SE1 0,DC,346544682.70934
capital,Link,SE1 0,Fischer-Tropsch,2402072.55704
capital,Link,SE1 0,H2 Electrolysis,76917067.31232
capital,Link,SE1 0,Sabatier,2702713.52375
capital,Link,SE1 0,V2G,0.0
capital,Link,SE1 0,battery charger,278562.64424
capital,Link,SE1 0,battery discharger,0.0
capital,Link,SE1 0,electricity distribution grid,1593914462.93125
capital,Link,SE1 0,home battery charger,276605.95
capital,Link,SE1 0,home battery discharger,0.0
capital,Link,SE1 0,methanolisation,604467.93251
capital,Link,SE1 0,residential rural air heat pump,21413342.03496
capital,Link,SE1 0,residential rural ground heat pump,317489760.35583
capital,Link,SE1 0,residential urban decentral air heat pump,751825766.94233
capital,Link,SE1 0,services rural air heat pump,6220944.54534
capital,Link,SE1 0,services rural ground heat pump,159831667.81863
capital,Link,SE1 0,services urban decentral air heat pump,220269741.26893
capital,Link,SE1 0,urban central air heat pump,1383703828.70431
capital,Link,SI0 0,BEV charger,0.0
capital,Link,SI0 0,DC,0.0
capital,Link,SI0 0,Fischer-Tropsch,1302175.55633
capital,Link,SI0 0,H2 Electrolysis,203763692.63355
capital,Link,SI0 0,Sabatier,54296082.97176
capital,Link,SI0 0,V2G,0.0
capital,Link,SI0 0,battery charger,264687.4554
capital,Link,SI0 0,battery discharger,0.0
capital,Link,SI0 0,electricity distribution grid,192972511.49094
capital,Link,SI0 0,home battery charger,270817.90743
capital,Link,SI0 0,home battery discharger,0.0
capital,Link,SI0 0,methanolisation,1019716.77426
capital,Link,SI0 0,residential rural air heat pump,28726958.00365
capital,Link,SI0 0,residential rural ground heat pump,135106386.88747
capital,Link,SI0 0,residential urban decentral air heat pump,69796763.62509
capital,Link,SI0 0,services rural air heat pump,8828742.04442
capital,Link,SI0 0,services rural ground heat pump,49100458.09814
capital,Link,SI0 0,services urban decentral air heat pump,21257831.3489
capital,Link,SI0 0,urban central air heat pump,122531485.11777
capital,Link,SK0 0,BEV charger,0.0
capital,Link,SK0 0,Fischer-Tropsch,168680.02611
capital,Link,SK0 0,H2 Electrolysis,131187448.30779
capital,Link,SK0 0,Sabatier,391369.86998
capital,Link,SK0 0,V2G,0.0
capital,Link,SK0 0,battery charger,268565.93936
capital,Link,SK0 0,battery discharger,0.0
capital,Link,SK0 0,electricity distribution grid,431560124.51409
capital,Link,SK0 0,home battery charger,272709.25941
capital,Link,SK0 0,home battery discharger,0.0
capital,Link,SK0 0,methanolisation,168518.4221
capital,Link,SK0 0,residential rural air heat pump,49043321.34835
capital,Link,SK0 0,residential rural ground heat pump,314088240.93444
capital,Link,SK0 0,residential urban decentral air heat pump,158048582.30103
capital,Link,SK0 0,services rural air heat pump,26803135.57068
capital,Link,SK0 0,services rural ground heat pump,185143871.52421
capital,Link,SK0 0,services urban decentral air heat pump,86519031.9162
capital,Link,SK0 0,urban central air heat pump,288378920.24078
capital,Link,XK0 0,BEV charger,0.0
capital,Link,XK0 0,Fischer-Tropsch,725250.45193
capital,Link,XK0 0,H2 Electrolysis,91061265.66722
capital,Link,XK0 0,Sabatier,797204.31359
capital,Link,XK0 0,V2G,0.0
capital,Link,XK0 0,battery charger,257677.56431
capital,Link,XK0 0,battery discharger,0.0
capital,Link,XK0 0,electricity distribution grid,70837280.2548
capital,Link,XK0 0,home battery charger,264733.54108
capital,Link,XK0 0,home battery discharger,0.0
capital,Link,XK0 0,methanolisation,3639530.31297
capital,Link,XK0 0,residential rural air heat pump,8830081.0487
capital,Link,XK0 0,residential rural ground heat pump,37357662.57166
capital,Link,XK0 0,residential urban decentral air heat pump,23692776.14465
capital,Link,XK0 0,services rural air heat pump,2363898.23492
capital,Link,XK0 0,services rural ground heat pump,9681539.03237
capital,Link,XK0 0,services urban decentral air heat pump,5898438.43442
capital,Link,XK0 0,urban central air heat pump,40974082.22081
capital,StorageUnit,AL0 0,hydro,308888750.57444
capital,StorageUnit,AT0 0,PHS,968906199.16096
capital,StorageUnit,AT0 0,hydro,795309515.52648
capital,StorageUnit,BA0 0,PHS,80387443.22041
capital,StorageUnit,BA0 0,hydro,324016205.79865
capital,StorageUnit,BE0 0,PHS,238969944.84614
capital,StorageUnit,BE0 0,hydro,2326790.57208
capital,StorageUnit,BG0 0,PHS,157851706.68736
capital,StorageUnit,BG0 0,hydro,351720641.91216
capital,StorageUnit,CH0 0,PHS,933142921.86461
capital,StorageUnit,CH0 0,hydro,1974036076.42945
capital,StorageUnit,CZ0 0,PHS,214672758.22305
capital,StorageUnit,CZ0 0,hydro,122953307.34807
capital,StorageUnit,DE0 0,PHS,768968011.97303
capital,StorageUnit,DE0 1,PHS,595672050.45568
capital,StorageUnit,ES0 0,PHS,1369939056.52681
capital,StorageUnit,ES0 0,hydro,2495507959.01041
capital,StorageUnit,ES6 0,PHS,250735743.35386
capital,StorageUnit,ES6 0,hydro,245465798.35455
capital,StorageUnit,FI1 0,hydro,213940218.20706
capital,StorageUnit,FR0 0,PHS,956665383.94331
capital,StorageUnit,FR0 0,hydro,1174055117.17553
capital,StorageUnit,FR5 0,hydro,441059997.29543
capital,StorageUnit,GB3 0,PHS,80387443.22041
capital,StorageUnit,GB3 0,hydro,40467769.7121
capital,StorageUnit,GR0 0,PHS,127706415.4797
capital,StorageUnit,GR0 0,hydro,468804952.96269
capital,StorageUnit,HR0 0,PHS,44889079.08922
capital,StorageUnit,HR0 0,hydro,265352456.70155
capital,StorageUnit,HU0 0,hydro,5115564.56857
capital,StorageUnit,IE3 0,PHS,71617903.96001
capital,StorageUnit,IE3 0,hydro,182698.73459
capital,StorageUnit,IT0 0,PHS,1233563586.09072
capital,StorageUnit,IT0 0,hydro,747749380.93753
capital,StorageUnit,IT4 0,PHS,149812962.36532
capital,StorageUnit,IT4 0,hydro,18635270.92837
capital,StorageUnit,LT0 0,PHS,164428861.13267
capital,StorageUnit,LU0 0,PHS,236412162.56186
capital,StorageUnit,ME0 0,PHS,56088511.5197
capital,StorageUnit,ME0 0,hydro,63023938.18354
capital,StorageUnit,MK0 0,hydro,67781230.53358
capital,StorageUnit,NO1 0,PHS,42806313.51487
capital,StorageUnit,NO1 0,hydro,5680394149.44865
capital,StorageUnit,PL0 0,PHS,465516375.74004
capital,StorageUnit,PL0 0,hydro,26949227.03851
capital,StorageUnit,PT0 0,PHS,716727135.80383
capital,StorageUnit,PT0 0,hydro,326921115.67866
capital,StorageUnit,RO0 0,hydro,812998407.00966
capital,StorageUnit,RS0 0,PHS,112177023.0394
capital,StorageUnit,RS0 0,hydro,144350270.20102
capital,StorageUnit,SE1 0,PHS,16808283.58245
capital,StorageUnit,SE1 0,hydro,2159259090.9128
capital,StorageUnit,SI0 0,PHS,32885772.22653
capital,StorageUnit,SI0 0,hydro,105269183.88448
capital,StorageUnit,SK0 0,PHS,150273363.17649
capital,StorageUnit,SK0 0,hydro,51594122.64874
capital,StorageUnit,XK0 0,hydro,6394455.71071
capital,Store,AL0 0,EV battery,0.0
capital,Store,AL0 0,battery,337885.95556
capital,Store,AL0 0,home battery,231754.63781
capital,Store,AT0 0,EV battery,0.0
capital,Store,AT0 0,H2 Store,324316.49529
capital,Store,AT0 0,battery,522068.70084
capital,Store,AT0 0,home battery,308452.73072
capital,Store,BA0 0,EV battery,0.0
capital,Store,BA0 0,battery,339422.11397
capital,Store,BA0 0,home battery,251573.08616
capital,Store,BE0 0,EV battery,0.0
capital,Store,BE0 0,H2 Store,1052915.14812
capital,Store,BE0 0,battery,1258874.88675
capital,Store,BE0 0,home battery,396539.97535
capital,Store,BG0 0,EV battery,0.0
capital,Store,BG0 0,H2 Store,2600395.75256
capital,Store,BG0 0,battery,303682.56726
capital,Store,BG0 0,home battery,283756.68683
capital,Store,CH0 0,EV battery,0.0
capital,Store,CH0 0,H2 Store,127736561.35867
capital,Store,CH0 0,battery,412656.55553
capital,Store,CH0 0,home battery,279959.76335
capital,Store,CZ0 0,EV battery,0.0
capital,Store,CZ0 0,H2 Store,308473.50002
capital,Store,CZ0 0,battery,635889.62109
capital,Store,CZ0 0,home battery,329292.8958
capital,Store,DE0 0,EV battery,0.0
capital,Store,DE0 0,battery,909427.68011
capital,Store,DE0 0,home battery,346291.87388
capital,Store,DE0 1,EV battery,0.0
capital,Store,DE0 1,battery,833446.80796
capital,Store,DE0 1,home battery,342445.70308
capital,Store,DK0 0,EV battery,0.0
capital,Store,DK0 0,battery,3093600.46953
capital,Store,DK0 0,home battery,455826.10169
capital,Store,DK1 0,EV battery,0.0
capital,Store,DK1 0,battery,1946691.94286
capital,Store,DK1 0,home battery,481068.83448
capital,Store,EE0 0,EV battery,0.0
capital,Store,EE0 0,H2 Store,2187042.9815
capital,Store,EE0 0,battery,3631638.56567
capital,Store,EE0 0,home battery,1504605.95998
capital,Store,ES0 0,EV battery,0.0
capital,Store,ES0 0,battery,292778.02813
capital,Store,ES0 0,home battery,267776.78425
capital,Store,ES6 0,EV battery,0.0
capital,Store,ES6 0,H2 Store,268870.14632
capital,Store,ES6 0,battery,190339.04099
capital,Store,ES6 0,home battery,207000.44076
capital,Store,EU,co2,0.0
capital,Store,EU,co2 sequestered,2786975716.61643
capital,Store,EU,co2 stored,176967.53252
capital,Store,EU,gas,2957347341.37342
capital,Store,EU,methanol,433213301.72245
capital,Store,EU,non-sequestered HVC,0.0
capital,Store,EU,oil,344956228.75456
capital,Store,FI1 0,EV battery,0.0
capital,Store,FI1 0,H2 Store,87590138.64955
capital,Store,FI1 0,battery,2913649.21598
capital,Store,FI1 0,home battery,421635.54043
capital,Store,FR0 0,EV battery,0.0
capital,Store,FR0 0,battery,732206.62092
capital,Store,FR0 0,home battery,359182.52481
capital,Store,FR5 0,EV battery,0.0
capital,Store,FR5 0,H2 Store,33083071.86909
capital,Store,FR5 0,battery,268119.30481
capital,Store,FR5 0,home battery,298943.13667
capital,Store,GB2 0,EV battery,0.0
capital,Store,GB2 0,battery,5749694.34975
capital,Store,GB2 0,home battery,454587.72087
capital,Store,GB3 0,EV battery,0.0
capital,Store,GB3 0,battery,3112666.01604
capital,Store,GB3 0,home battery,421114.74949
capital,Store,GR0 0,EV battery,0.0
capital,Store,GR0 0,battery,347801.19309
capital,Store,GR0 0,home battery,305991.56598
capital,Store,HR0 0,EV battery,0.0
capital,Store,HR0 0,H2 Store,529326.03845
capital,Store,HR0 0,battery,402576.2812
capital,Store,HR0 0,home battery,278809.25942
capital,Store,HU0 0,EV battery,0.0
capital,Store,HU0 0,H2 Store,301079.49748
capital,Store,HU0 0,battery,510367.28296
capital,Store,HU0 0,home battery,308754.65782
capital,Store,IE3 0,EV battery,0.0
capital,Store,IE3 0,H2 Store,119194889.41776
capital,Store,IE3 0,battery,2437049.24991
capital,Store,IE3 0,home battery,410020.19564
capital,Store,IT0 0,EV battery,0.0
capital,Store,IT0 0,H2 Store,50395771.56425
capital,Store,IT0 0,battery,368673.61954
capital,Store,IT0 0,home battery,264841.37915
capital,Store,IT4 0,EV battery,0.0
capital,Store,IT4 0,H2 Store,8463415.37448
capital,Store,IT4 0,battery,290851.34061
capital,Store,IT4 0,home battery,259058.79327
capital,Store,LT0 0,EV battery,0.0
capital,Store,LT0 0,H2 Store,878831.69583
capital,Store,LT0 0,battery,1818694.58425
capital,Store,LT0 0,home battery,396586.68286
capital,Store,LU0 0,EV battery,0.0
capital,Store,LU0 0,H2 Store,329509.67364
capital,Store,LU0 0,battery,857404.20593
capital,Store,LU0 0,home battery,353892.21728
capital,Store,LV0 0,EV battery,0.0
capital,Store,LV0 0,H2 Store,915667.4583
capital,Store,LV0 0,battery,2291745.22019
capital,Store,LV0 0,home battery,1332065.65573
capital,Store,ME0 0,EV battery,0.0
capital,Store,ME0 0,H2 Store,803395.64829
capital,Store,ME0 0,battery,330343.90557
capital,Store,ME0 0,home battery,248046.23686
capital,Store,MK0 0,EV battery,0.0
capital,Store,MK0 0,H2 Store,2464398.30571
capital,Store,MK0 0,battery,344121.3953
capital,Store,MK0 0,home battery,247626.57982
capital,Store,NL0 0,EV battery,0.0
capital,Store,NL0 0,battery,1457707.03113
capital,Store,NL0 0,home battery,385604.50196
capital,Store,NO1 0,EV battery,0.0
capital,Store,NO1 0,battery,752911.04337
capital,Store,NO1 0,home battery,347884.43649
capital,Store,PL0 0,EV battery,0.0
capital,Store,PL0 0,battery,1908752.57244
capital,Store,PL0 0,home battery,382303.25352
capital,Store,PT0 0,EV battery,0.0
capital,Store,PT0 0,battery,283452.37101
capital,Store,PT0 0,home battery,228884.98693
capital,Store,RO0 0,EV battery,0.0
capital,Store,RO0 0,battery,280969.15586
capital,Store,RO0 0,home battery,264829.98729
capital,Store,RS0 0,EV battery,0.0
capital,Store,RS0 0,H2 Store,823872.26292
capital,Store,RS0 0,battery,315144.0924
capital,Store,RS0 0,home battery,292599.95373
capital,Store,SE1 0,EV battery,0.0
capital,Store,SE1 0,H2 Store,2776283.76841
capital,Store,SE1 0,battery,1327640.08312
capital,Store,SE1 0,home battery,381486.47307
capital,Store,SI0 0,EV battery,0.0
capital,Store,SI0 0,H2 Store,632428.83702
capital,Store,SI0 0,battery,390595.50344
capital,Store,SI0 0,home battery,273184.20343
capital,Store,SK0 0,EV battery,0.0
capital,Store,SK0 0,H2 Store,349474.76453
capital,Store,SK0 0,battery,558515.96135
capital,Store,SK0 0,home battery,317861.8997
capital,Store,XK0 0,EV battery,0.0
capital,Store,XK0 0,H2 Store,2021633.85861
capital,Store,XK0 0,battery,328043.57484
capital,Store,XK0 0,home battery,242722.40248
marginal,Generator,AL0 0,load,787287.2018
marginal,Generator,AL0 0,offwind-ac,352.22839
marginal,Generator,AL0 0,offwind-dc,1043.6605
marginal,Generator,AL0 0,onwind,36.19061
marginal,Generator,AL0 0,ror,1384.64776
marginal,Generator,AL0 0,solar,1063337.71394
marginal,Generator,AL0 0,solar rooftop,14924.45251
marginal,Generator,AL0 0,solar-hsat,787.91111
marginal,Generator,AT0 0,load,628274.53788
marginal,Generator,AT0 0,onwind,210.1581
marginal,Generator,AT0 0,ror,160603.31431
marginal,Generator,AT0 0,solar,3608963.74709
marginal,Generator,AT0 0,solar rooftop,365287.84949
marginal,Generator,AT0 0,solar-hsat,956.11722
marginal,Generator,BA0 0,load,763616.67625
marginal,Generator,BA0 0,offwind-ac,31.89758
marginal,Generator,BA0 0,onwind,16.58556
marginal,Generator,BA0 0,solar,327166.59969
marginal,Generator,BA0 0,solar rooftop,1235.06644
marginal,Generator,BA0 0,solar-hsat,765.52818
marginal,Generator,BE0 0,load,632887.03939
marginal,Generator,BE0 0,offwind-ac,83390.6018
marginal,Generator,BE0 0,offwind-dc,92512.61589
marginal,Generator,BE0 0,onwind,917441.58609
marginal,Generator,BE0 0,ror,2378.31437
marginal,Generator,BE0 0,solar,2007555.40283
marginal,Generator,BE0 0,solar rooftop,696.7586
marginal,Generator,BE0 0,solar-hsat,796.8309
marginal,Generator,BG0 0,load,706841.39471
marginal,Generator,BG0 0,offwind-ac,840.9034
marginal,Generator,BG0 0,offwind-dc,1888.95362
marginal,Generator,BG0 0,onwind,230.63316
marginal,Generator,BG0 0,ror,1684.54016
marginal,Generator,BG0 0,solar,1695219.62271
marginal,Generator,BG0 0,solar rooftop,7588.67708
marginal,Generator,BG0 0,solar-hsat,1014.99108
marginal,Generator,CH0 0,load,645008.42406
marginal,Generator,CH0 0,onwind,9.33166
marginal,Generator,CH0 0,ror,89450.41917
marginal,Generator,CH0 0,solar,2911050.79715
marginal,Generator,CH0 0,solar rooftop,356708.3034
marginal,Generator,CH0 0,solar-hsat,1450.47297
marginal,Generator,CZ0 0,load,630872.71023
marginal,Generator,CZ0 0,onwind,1514.94003
marginal,Generator,CZ0 0,ror,1300.59862
marginal,Generator,CZ0 0,solar,488014.52379
marginal,Generator,CZ0 0,solar rooftop,649.71649
marginal,Generator,CZ0 0,solar-hsat,898.80177
marginal,Generator,DE0 0,load,659768.83819
marginal,Generator,DE0 0,offwind-ac,213641.95394
marginal,Generator,DE0 0,offwind-dc,2610746.65326
marginal,Generator,DE0 0,onwind,3725173.79592
marginal,Generator,DE0 0,ror,61444.33947
marginal,Generator,DE0 0,solar,532180.29067
marginal,Generator,DE0 0,solar rooftop,1077.7997
marginal,Generator,DE0 0,solar-hsat,1161.61861
marginal,Generator,DE0 1,load,661607.28496
marginal,Generator,DE0 1,offwind-ac,205637.65267
marginal,Generator,DE0 1,offwind-dc,26243.34486
marginal,Generator,DE0 1,onwind,703.4892
marginal,Generator,DE0 1,ror,142257.57547
marginal,Generator,DE0 1,solar,7250448.42049
marginal,Generator,DE0 1,solar rooftop,1135.33055
marginal,Generator,DE0 1,solar-hsat,883.77545
marginal,Generator,DK0 0,load,742865.70371
marginal,Generator,DK0 0,offwind-ac,536.98508
marginal,Generator,DK0 0,offwind-dc,1005.43061
marginal,Generator,DK0 0,onwind,5388698.74734
marginal,Generator,DK0 0,solar,746.6599
marginal,Generator,DK0 0,solar rooftop,191.41398
marginal,Generator,DK0 0,solar-hsat,511.36578
marginal,Generator,DK1 0,load,765207.48555
marginal,Generator,DK1 0,offwind-ac,1928.83846
marginal,Generator,DK1 0,offwind-dc,664.91382
marginal,Generator,DK1 0,onwind,1508151.87407
marginal,Generator,DK1 0,solar,15362.72095
marginal,Generator,DK1 0,solar rooftop,425.11791
marginal,Generator,DK1 0,solar-hsat,628.56422
marginal,Generator,EE0 0,load,767466.80886
marginal,Generator,EE0 0,offwind-ac,596.94722
marginal,Generator,EE0 0,offwind-dc,484.77027
marginal,Generator,EE0 0,onwind,530963.00835
marginal,Generator,EE0 0,solar,137844.52293
marginal,Generator,EE0 0,solar rooftop,942.81739
marginal,Generator,EE0 0,solar-hsat,884.50381
marginal,Generator,ES0 0,load,629750.24789
marginal,Generator,ES0 0,offwind-ac,288.48613
marginal,Generator,ES0 0,offwind-dc,290.33945
marginal,Generator,ES0 0,onwind,1902.51564
marginal,Generator,ES0 0,ror,2213.04498
marginal,Generator,ES0 0,solar,22675286.33164
marginal,Generator,ES0 0,solar rooftop,2544243.16748
marginal,Generator,ES0 0,solar-hsat,1542.43253
marginal,Generator,ES6 0,load,767976.32518
marginal,Generator,ES6 0,offwind-ac,142.31491
marginal,Generator,ES6 0,offwind-dc,176.1376
marginal,Generator,ES6 0,onwind,102212.25114
marginal,Generator,ES6 0,ror,2846.56536
marginal,Generator,ES6 0,solar,2416.62173
marginal,Generator,ES6 0,solar rooftop,37411.7116
marginal,Generator,ES6 0,solar-hsat,590.78501
marginal,Generator,EU,biogas,21688503877.47883
marginal,Generator,EU,load,2331776.16166
marginal,Generator,EU,solid biomass,14328448193.28577
marginal,Generator,FI1 0,load,662613.1961
marginal,Generator,FI1 0,offwind-ac,1389.46894
marginal,Generator,FI1 0,offwind-dc,4478713.3369
marginal,Generator,FI1 0,onwind,366.01883
marginal,Generator,FI1 0,ror,61078.67514
marginal,Generator,FI1 0,solar,1335.19984
marginal,Generator,FI1 0,solar rooftop,347.89767
marginal,Generator,FI1 0,solar-hsat,725.80086
marginal,Generator,FR0 0,load,636496.82498
marginal,Generator,FR0 0,offwind-ac,40159.37147
marginal,Generator,FR0 0,offwind-dc,14048944.45008
marginal,Generator,FR0 0,onwind,596.95091
marginal,Generator,FR0 0,ror,260135.82093
marginal,Generator,FR0 0,solar,18017185.74978
marginal,Generator,FR0 0,solar rooftop,9916.04053
marginal,Generator,FR0 0,solar-hsat,986.47759
marginal,Generator,FR5 0,load,775246.03026
marginal,Generator,FR5 0,offwind-ac,181.35911
marginal,Generator,FR5 0,offwind-dc,413.40398
marginal,Generator,FR5 0,onwind,312.77541
marginal,Generator,FR5 0,ror,5175.19865
marginal,Generator,FR5 0,solar,293977.50592
marginal,Generator,FR5 0,solar rooftop,11819.49627
marginal,Generator,FR5 0,solar-hsat,501.6135
marginal,Generator,GB2 0,load,630334.29432
marginal,Generator,GB2 0,offwind-ac,12560228.44572
marginal,Generator,GB2 0,offwind-dc,413.85028
marginal,Generator,GB2 0,onwind,22075205.95453
marginal,Generator,GB2 0,ror,24588.53426
marginal,Generator,GB2 0,solar,1213.01915
marginal,Generator,GB2 0,solar rooftop,563.75689
marginal,Generator,GB2 0,solar-hsat,613.2203
marginal,Generator,GB3 0,load,762668.34935
marginal,Generator,GB3 0,offwind-ac,589873.23528
marginal,Generator,GB3 0,offwind-dc,578.89125
marginal,Generator,GB3 0,onwind,1156532.4221
marginal,Generator,GB3 0,ror,15305.71597
marginal,Generator,GB3 0,solar,272.48765
marginal,Generator,GB3 0,solar rooftop,103.97378
marginal,Generator,GB3 0,solar-hsat,226.62409
marginal,Generator,GR0 0,load,675966.84197
marginal,Generator,GR0 0,offwind-ac,250.17815
marginal,Generator,GR0 0,offwind-dc,296.00523
marginal,Generator,GR0 0,onwind,1516.28457
marginal,Generator,GR0 0,ror,1895.76103
marginal,Generator,GR0 0,solar,4620108.57966
marginal,Generator,GR0 0,solar rooftop,382508.70782
marginal,Generator,GR0 0,solar-hsat,1222.66
marginal,Generator,HR0 0,load,764902.23199
marginal,Generator,HR0 0,offwind-ac,362.35342
marginal,Generator,HR0 0,offwind-dc,521.41364
marginal,Generator,HR0 0,onwind,216.8578
marginal,Generator,HR0 0,ror,10168.93535
marginal,Generator,HR0 0,solar,93945.95096
marginal,Generator,HR0 0,solar rooftop,1465.7011
marginal,Generator,HR0 0,solar-hsat,710.94899
marginal,Generator,HU0 0,load,672646.7934
marginal,Generator,HU0 0,onwind,285549.89891
marginal,Generator,HU0 0,ror,622.00658
marginal,Generator,HU0 0,solar,864082.38331
marginal,Generator,HU0 0,solar rooftop,1148.34139
marginal,Generator,HU0 0,solar-hsat,814.54121
marginal,Generator,IE3 0,load,713263.66976
marginal,Generator,IE3 0,offwind-ac,1649577.5226
marginal,Generator,IE3 0,offwind-dc,3701.91368
marginal,Generator,IE3 0,onwind,1214.09829
marginal,Generator,IE3 0,ror,4977.922
marginal,Generator,IE3 0,solar,966.39552
marginal,Generator,IE3 0,solar rooftop,275.66073
marginal,Generator,IE3 0,solar-hsat,618.27202
marginal,Generator,IT0 0,load,641915.38516
marginal,Generator,IT0 0,offwind-ac,245.13568
marginal,Generator,IT0 0,offwind-dc,1905102.10198
marginal,Generator,IT0 0,onwind,548.73409
marginal,Generator,IT0 0,ror,293222.43432
marginal,Generator,IT0 0,solar,17416086.77428
marginal,Generator,IT0 0,solar rooftop,2828779.26637
marginal,Generator,IT0 0,solar-hsat,1161.92854
marginal,Generator,IT4 0,load,775605.98657
marginal,Generator,IT4 0,offwind-ac,327.44927
marginal,Generator,IT4 0,offwind-dc,689.16008
marginal,Generator,IT4 0,onwind,335807.21451
marginal,Generator,IT4 0,ror,3458.23423
marginal,Generator,IT4 0,solar,947713.51944
marginal,Generator,IT4 0,solar rooftop,63514.1439
marginal,Generator,IT4 0,solar-hsat,757.75091
marginal,Generator,LT0 0,load,752601.75347
marginal,Generator,LT0 0,offwind-ac,97797.12707
marginal,Generator,LT0 0,offwind-dc,396728.79329
marginal,Generator,LT0 0,onwind,2013.21189
marginal,Generator,LT0 0,ror,4390.38256
marginal,Generator,LT0 0,solar,205526.67558
marginal,Generator,LT0 0,solar rooftop,762.56497
marginal,Generator,LT0 0,solar-hsat,959.92203
marginal,Generator,LU0 0,load,777893.4021
marginal,Generator,LU0 0,onwind,1268.25439
marginal,Generator,LU0 0,solar,99853.09118
marginal,Generator,LU0 0,solar rooftop,755.86868
marginal,Generator,LU0 0,solar-hsat,482.35023
marginal,Generator,LV0 0,load,769523.25784
marginal,Generator,LV0 0,offwind-ac,963.10892
marginal,Generator,LV0 0,offwind-dc,2646.29953
marginal,Generator,LV0 0,onwind,2134.36101
marginal,Generator,LV0 0,ror,26116.63076
marginal,Generator,LV0 0,solar,630253.94716
marginal,Generator,LV0 0,solar rooftop,4027.02774
marginal,Generator,LV0 0,solar-hsat,862.18536
marginal,Generator,ME0 0,load,760300.72093
marginal,Generator,ME0 0,offwind-ac,187.34155
marginal,Generator,ME0 0,offwind-dc,540.33705
marginal,Generator,ME0 0,onwind,12.11493
marginal,Generator,ME0 0,ror,195.07825
marginal,Generator,ME0 0,solar,372700.68826
marginal,Generator,ME0 0,solar rooftop,18872.09125
marginal,Generator,ME0 0,solar-hsat,553.12669
marginal,Generator,MK0 0,load,766552.78416
marginal,Generator,MK0 0,onwind,5.30843
marginal,Generator,MK0 0,ror,3566.66458
marginal,Generator,MK0 0,solar,1036453.70167
marginal,Generator,MK0 0,solar rooftop,11579.14587
marginal,Generator,MK0 0,solar-hsat,705.96075
marginal,Generator,NL0 0,load,640119.00022
marginal,Generator,NL0 0,offwind-ac,394802.94754
marginal,Generator,NL0 0,offwind-dc,32822.53434
marginal,Generator,NL0 0,onwind,3250700.26124
marginal,Generator,NL0 0,solar,2336205.70238
marginal,Generator,NL0 0,solar rooftop,736.52951
marginal,Generator,NL0 0,solar-hsat,875.3409
marginal,Generator,NO1 0,load,693594.1719
marginal,Generator,NO1 0,offwind-ac,11968.36766
marginal,Generator,NO1 0,offwind-dc,3799.49709
marginal,Generator,NO1 0,onwind,583.25246
marginal,Generator,NO1 0,ror,40673.332
marginal,Generator,NO1 0,solar,638.7125
marginal,Generator,NO1 0,solar rooftop,193.32397
marginal,Generator,NO1 0,solar-hsat,633.08934
marginal,Generator,PL0 0,load,638696.05953
marginal,Generator,PL0 0,offwind-ac,637842.40171
marginal,Generator,PL0 0,offwind-dc,1911933.35666
marginal,Generator,PL0 0,onwind,4398172.87799
marginal,Generator,PL0 0,ror,11182.76458
marginal,Generator,PL0 0,solar,28139.16767
marginal,Generator,PL0 0,solar rooftop,1211.21115
marginal,Generator,PL0 0,solar-hsat,1081.64002
marginal,Generator,PT0 0,load,680746.05645
marginal,Generator,PT0 0,offwind-ac,520.63838
marginal,Generator,PT0 0,offwind-dc,348.88418
marginal,Generator,PT0 0,onwind,560.87091
marginal,Generator,PT0 0,ror,58609.14284
marginal,Generator,PT0 0,solar,1505748.71123
marginal,Generator,PT0 0,solar rooftop,271920.49611
marginal,Generator,PT0 0,solar-hsat,1203.71974
marginal,Generator,RO0 0,load,664672.75865
marginal,Generator,RO0 0,offwind-ac,117618.92133
marginal,Generator,RO0 0,offwind-dc,542640.67767
marginal,Generator,RO0 0,onwind,228.85165
marginal,Generator,RO0 0,ror,50071.80168
marginal,Generator,RO0 0,solar,3948217.40164
marginal,Generator,RO0 0,solar rooftop,3619.43239
marginal,Generator,RO0 0,solar-hsat,763.54792
marginal,Generator,RS0 0,load,715826.02708
marginal,Generator,RS0 0,onwind,284.36992
marginal,Generator,RS0 0,ror,65655.57876
marginal,Generator,RS0 0,solar,38241.35672
marginal,Generator,RS0 0,solar rooftop,1714.42964
marginal,Generator,RS0 0,solar-hsat,848.82112
marginal,Generator,SE1 0,load,647697.4398
marginal,Generator,SE1 0,offwind-ac,8693.87098
marginal,Generator,SE1 0,offwind-dc,2866641.23772
marginal,Generator,SE1 0,onwind,535.06839
marginal,Generator,SE1 0,ror,64420.36514
marginal,Generator,SE1 0,solar,5748.50956
marginal,Generator,SE1 0,solar rooftop,599.68405
marginal,Generator,SE1 0,solar-hsat,1301.82379
marginal,Generator,SI0 0,load,755691.0554
marginal,Generator,SI0 0,offwind-ac,53.67947
marginal,Generator,SI0 0,onwind,33.65244
marginal,Generator,SI0 0,ror,17922.54293
marginal,Generator,SI0 0,solar,436.13922
marginal,Generator,SI0 0,solar rooftop,487.28166
marginal,Generator,SI0 0,solar-hsat,240.37672
marginal,Generator,SK0 0,load,722836.60399
marginal,Generator,SK0 0,onwind,502.87785
marginal,Generator,SK0 0,ror,33030.30999
marginal,Generator,SK0 0,solar,964547.13971
marginal,Generator,SK0 0,solar rooftop,1461.6649
marginal,Generator,SK0 0,solar-hsat,697.48841
marginal,Generator,XK0 0,load,756637.76227
marginal,Generator,XK0 0,onwind,14.49595
marginal,Generator,XK0 0,ror,454.98841
marginal,Generator,XK0 0,solar,198096.77546
marginal,Generator,XK0 0,solar rooftop,5983.42289
marginal,Generator,XK0 0,solar-hsat,582.67044
marginal,Link,AL0 0,BEV charger,44235.77838
marginal,Link,AL0 0,Fischer-Tropsch,126096.25032
marginal,Link,AL0 0,H2 Electrolysis,113738.78972
marginal,Link,AL0 0,Sabatier,666.14549
marginal,Link,AL0 0,V2G,19167.63905
marginal,Link,AL0 0,battery charger,695.03027
marginal,Link,AL0 0,battery discharger,688.32397
marginal,Link,AL0 0,electricity distribution grid,89055.21669
marginal,Link,AL0 0,home battery charger,547.88632
marginal,Link,AL0 0,home battery discharger,576.26288
marginal,Link,AL0 0,methanolisation,4044.22802
marginal,Link,AL0 0,residential rural air heat pump,-1548.7141
marginal,Link,AL0 0,residential rural ground heat pump,-8182.28969
marginal,Link,AL0 0,residential urban decentral air heat pump,-7001.81868
marginal,Link,AL0 0,services rural air heat pump,-813.49643
marginal,Link,AL0 0,services rural ground heat pump,-3814.78574
marginal,Link,AL0 0,services urban decentral air heat pump,-2264.30398
marginal,Link,AL0 0,urban central air heat pump,-10995.31066
marginal,Link,AT0 0,BEV charger,266497.17474
marginal,Link,AT0 0,Fischer-Tropsch,110986.63309
marginal,Link,AT0 0,H2 Electrolysis,103328.91785
marginal,Link,AT0 0,Sabatier,1259.69317
marginal,Link,AT0 0,V2G,27532.71383
marginal,Link,AT0 0,battery charger,814.01822
marginal,Link,AT0 0,battery discharger,741.49469
marginal,Link,AT0 0,electricity distribution grid,1309426.71434
marginal,Link,AT0 0,home battery charger,568.09773
marginal,Link,AT0 0,home battery discharger,524.87055
marginal,Link,AT0 0,methanolisation,334.77573
marginal,Link,AT0 0,residential rural air heat pump,-12652.28458
marginal,Link,AT0 0,residential rural ground heat pump,-191062.46434
marginal,Link,AT0 0,residential urban decentral air heat pump,-129321.11151
marginal,Link,AT0 0,services rural air heat pump,-6134.5756
marginal,Link,AT0 0,services rural ground heat pump,-96168.70097
marginal,Link,AT0 0,services urban decentral air heat pump,-38888.17786
marginal,Link,AT0 0,urban central air heat pump,-278828.32981
marginal,Link,BA0 0,BEV charger,70735.70471
marginal,Link,BA0 0,Fischer-Tropsch,405980.96707
marginal,Link,BA0 0,H2 Electrolysis,104424.83383
marginal,Link,BA0 0,Sabatier,26354.57725
marginal,Link,BA0 0,V2G,25881.60966
marginal,Link,BA0 0,battery charger,776.32183
marginal,Link,BA0 0,battery discharger,749.95502
marginal,Link,BA0 0,electricity distribution grid,192335.64418
marginal,Link,BA0 0,home battery charger,538.69666
marginal,Link,BA0 0,home battery discharger,572.0016
marginal,Link,BA0 0,methanolisation,2274.87749
marginal,Link,BA0 0,residential rural air heat pump,-3071.03158
marginal,Link,BA0 0,residential rural ground heat pump,-33875.7184
marginal,Link,BA0 0,residential urban decentral air heat pump,-17311.52727
marginal,Link,BA0 0,services rural air heat pump,-1099.08371
marginal,Link,BA0 0,services rural ground heat pump,-10697.04401
marginal,Link,BA0 0,services urban decentral air heat pump,-4808.97045
marginal,Link,BA0 0,urban central air heat pump,-32485.24891
marginal,Link,BE0 0,BEV charger,336359.65935
marginal,Link,BE0 0,DC,617206.08501
marginal,Link,BE0 0,Fischer-Tropsch,114412.82878
marginal,Link,BE0 0,H2 Electrolysis,120472.11756
marginal,Link,BE0 0,Sabatier,1021.81834
marginal,Link,BE0 0,V2G,18879.15068
marginal,Link,BE0 0,battery charger,734.72141
marginal,Link,BE0 0,battery discharger,712.43346
marginal,Link,BE0 0,electricity distribution grid,1966760.76843
marginal,Link,BE0 0,home battery charger,472.67189
marginal,Link,BE0 0,home battery discharger,457.33858
marginal,Link,BE0 0,methanolisation,343.23355
marginal,Link,BE0 0,residential rural air heat pump,-985.93922
marginal,Link,BE0 0,residential rural ground heat pump,-30172.57546
marginal,Link,BE0 0,residential urban decentral air heat pump,-267756.76953
marginal,Link,BE0 0,services rural air heat pump,-701.43578
marginal,Link,BE0 0,services rural ground heat pump,-82300.00021
marginal,Link,BE0 0,services urban decentral air heat pump,-120446.93344
marginal,Link,BE0 0,urban central air heat pump,-675593.49177
marginal,Link,BG0 0,BEV charger,122065.24205
marginal,Link,BG0 0,Fischer-Tropsch,300712.62306
marginal,Link,BG0 0,H2 Electrolysis,419056.49601
marginal,Link,BG0 0,Sabatier,7014.00166
marginal,Link,BG0 0,V2G,32229.2631
marginal,Link,BG0 0,battery charger,910.18656
marginal,Link,BG0 0,battery discharger,869.99603
marginal,Link,BG0 0,electricity distribution grid,588450.79745
marginal,Link,BG0 0,home battery charger,690.77743
marginal,Link,BG0 0,home battery discharger,632.76547
marginal,Link,BG0 0,methanolisation,129299.13063
marginal,Link,BG0 0,residential rural air heat pump,-3246.3707
marginal,Link,BG0 0,residential rural ground heat pump,-29134.13729
marginal,Link,BG0 0,residential urban decentral air heat pump,-40198.09445
marginal,Link,BG0 0,services rural air heat pump,-2580.47294
marginal,Link,BG0 0,services rural ground heat pump,-22876.36669
marginal,Link,BG0 0,services urban decentral air heat pump,-12801.89161
marginal,Link,BG0 0,urban central air heat pump,-78257.97268
marginal,Link,CH0 0,BEV charger,189846.35134
marginal,Link,CH0 0,DC,139823.91861
marginal,Link,CH0 0,Fischer-Tropsch,17178383.34162
marginal,Link,CH0 0,H2 Electrolysis,724728.79854
marginal,Link,CH0 0,Sabatier,369875.85601
marginal,Link,CH0 0,V2G,26709.72081
marginal,Link,CH0 0,battery charger,814.02578
marginal,Link,CH0 0,battery discharger,879.00734
marginal,Link,CH0 0,electricity distribution grid,728512.73717
marginal,Link,CH0 0,home battery charger,632.96118
marginal,Link,CH0 0,home battery discharger,581.82445
marginal,Link,CH0 0,methanolisation,7017.46118
marginal,Link,CH0 0,residential rural air heat pump,-4635.27621
marginal,Link,CH0 0,residential rural ground heat pump,-88961.95595
marginal,Link,CH0 0,residential urban decentral air heat pump,-151792.09006
marginal,Link,CH0 0,services rural air heat pump,-1940.40708
marginal,Link,CH0 0,services rural ground heat pump,-38103.99621
marginal,Link,CH0 0,services urban decentral air heat pump,-71706.41579
marginal,Link,CH0 0,urban central air heat pump,-305182.91443
marginal,Link,CZ0 0,BEV charger,264755.47035
marginal,Link,CZ0 0,Fischer-Tropsch,25167.19749
marginal,Link,CZ0 0,H2 Electrolysis,42488.31485
marginal,Link,CZ0 0,Sabatier,260.72878
marginal,Link,CZ0 0,V2G,14491.95696
marginal,Link,CZ0 0,battery charger,764.46765
marginal,Link,CZ0 0,battery discharger,721.76542
marginal,Link,CZ0 0,electricity distribution grid,1345878.75958
marginal,Link,CZ0 0,home battery charger,622.99431
marginal,Link,CZ0 0,home battery discharger,570.42914
marginal,Link,CZ0 0,methanolisation,119.24282
marginal,Link,CZ0 0,residential rural air heat pump,-6295.36515
marginal,Link,CZ0 0,residential rural ground heat pump,-140811.27157
marginal,Link,CZ0 0,residential urban decentral air heat pump,-174502.4962
marginal,Link,CZ0 0,services rural air heat pump,-3720.19308
marginal,Link,CZ0 0,services rural ground heat pump,-89962.0608
marginal,Link,CZ0 0,services urban decentral air heat pump,-55031.78902
marginal,Link,CZ0 0,urban central air heat pump,-215119.55684
marginal,Link,DE0 0,BEV charger,1156042.0914
marginal,Link,DE0 0,DC,791687.4803
marginal,Link,DE0 0,Fischer-Tropsch,93656.42731
marginal,Link,DE0 0,H2 Electrolysis,346761.35615
marginal,Link,DE0 0,Sabatier,396.28168
marginal,Link,DE0 0,V2G,14533.81482
marginal,Link,DE0 0,battery charger,1114.68504
marginal,Link,DE0 0,battery discharger,946.04709
marginal,Link,DE0 0,electricity distribution grid,7242003.07472
marginal,Link,DE0 0,home battery charger,606.72485
marginal,Link,DE0 0,home battery discharger,582.31549
marginal,Link,DE0 0,methanolisation,305.62611
marginal,Link,DE0 0,residential rural air heat pump,-8998.34771
marginal,Link,DE0 0,residential rural ground heat pump,-405424.49597
marginal,Link,DE0 0,residential urban decentral air heat pump,-1170903.50721
marginal,Link,DE0 0,services rural air heat pump,-4378.93693
marginal,Link,DE0 0,services rural ground heat pump,-313994.20801
marginal,Link,DE0 0,services urban decentral air heat pump,-419572.24263
marginal,Link,DE0 0,urban central air heat pump,-2411454.40258
marginal,Link,DE0 1,BEV charger,725910.87594
marginal,Link,DE0 1,DC,688956.30244
marginal,Link,DE0 1,Fischer-Tropsch,54247.48968
marginal,Link,DE0 1,H2 Electrolysis,83363.32316
marginal,Link,DE0 1,Sabatier,453.33452
marginal,Link,DE0 1,V2G,17843.84024
marginal,Link,DE0 1,battery charger,883.42995
marginal,Link,DE0 1,battery discharger,907.02512
marginal,Link,DE0 1,electricity distribution grid,4394751.71118
marginal,Link,DE0 1,home battery charger,550.11483
marginal,Link,DE0 1,home battery discharger,589.04918
marginal,Link,DE0 1,methanolisation,234.62235
marginal,Link,DE0 1,residential rural air heat pump,-25943.34902
marginal,Link,DE0 1,residential rural ground heat pump,-728550.96881
marginal,Link,DE0 1,residential urban decentral air heat pump,-477451.75583
marginal,Link,DE0 1,services rural air heat pump,-12014.05849
marginal,Link,DE0 1,services rural ground heat pump,-359204.7001
marginal,Link,DE0 1,services urban decentral air heat pump,-189003.08219
marginal,Link,DE0 1,urban central air heat pump,-1002558.0234
marginal,Link,DK0 0,BEV charger,117999.01174
marginal,Link,DK0 0,DC,1491712.24792
marginal,Link,DK0 0,Fischer-Tropsch,48636150.9263
marginal,Link,DK0 0,H2 Electrolysis,755182.74826
marginal,Link,DK0 0,Sabatier,7419.69206
marginal,Link,DK0 0,V2G,25448.95297
marginal,Link,DK0 0,battery charger,1029.0061
marginal,Link,DK0 0,battery discharger,1010.37712
marginal,Link,DK0 0,electricity distribution grid,533750.67206
marginal,Link,DK0 0,home battery charger,603.49561
marginal,Link,DK0 0,home battery discharger,590.89924
marginal,Link,DK0 0,methanolisation,2014.84989
marginal,Link,DK0 0,residential rural air heat pump,-654.64119
marginal,Link,DK0 0,residential rural ground heat pump,-23959.27564
marginal,Link,DK0 0,residential urban decentral air heat pump,-106192.87738
marginal,Link,DK0 0,services rural air heat pump,-419.04333
marginal,Link,DK0 0,services rural ground heat pump,-34965.49576
marginal,Link,DK0 0,services urban decentral air heat pump,-29207.4243
marginal,Link,DK0 0,urban central air heat pump,-192125.28043
marginal,Link,DK1 0,BEV charger,77923.77118
marginal,Link,DK1 0,DC,955390.00974
marginal,Link,DK1 0,Fischer-Tropsch,611649.18014
marginal,Link,DK1 0,H2 Electrolysis,108583.64072
marginal,Link,DK1 0,Sabatier,51761.76493
marginal,Link,DK1 0,V2G,23006.77651
marginal,Link,DK1 0,battery charger,897.76965
marginal,Link,DK1 0,battery discharger,888.75269
marginal,Link,DK1 0,electricity distribution grid,320625.80853
marginal,Link,DK1 0,home battery charger,541.17078
marginal,Link,DK1 0,home battery discharger,493.14073
marginal,Link,DK1 0,methanolisation,760.81326
marginal,Link,DK1 0,residential rural air heat pump,-416.57629
marginal,Link,DK1 0,residential rural ground heat pump,-9557.06818
marginal,Link,DK1 0,residential urban decentral air heat pump,-62724.20699
marginal,Link,DK1 0,services rural air heat pump,-242.64003
marginal,Link,DK1 0,services rural ground heat pump,-21053.64003
marginal,Link,DK1 0,services urban decentral air heat pump,-15687.76397
marginal,Link,DK1 0,urban central air heat pump,-138574.35986
marginal,Link,EE0 0,BEV charger,50042.08479
marginal,Link,EE0 0,DC,108270.41342
marginal,Link,EE0 0,Fischer-Tropsch,832685.62154
marginal,Link,EE0 0,H2 Electrolysis,120722.49803
marginal,Link,EE0 0,Sabatier,45097.4653
marginal,Link,EE0 0,V2G,21853.24179
marginal,Link,EE0 0,battery charger,1204.24585
marginal,Link,EE0 0,battery discharger,1014.60702
marginal,Link,EE0 0,electricity distribution grid,169496.81944
marginal,Link,EE0 0,home battery charger,703.56537
marginal,Link,EE0 0,home battery discharger,643.40777
marginal,Link,EE0 0,methanolisation,761.72199
marginal,Link,EE0 0,residential rural air heat pump,-1814.62324
marginal,Link,EE0 0,residential rural ground heat pump,-19570.63953
marginal,Link,EE0 0,residential urban decentral air heat pump,-17720.68106
marginal,Link,EE0 0,services rural air heat pump,-1137.95428
marginal,Link,EE0 0,services rural ground heat pump,-13863.35589
marginal,Link,EE0 0,services urban decentral air heat pump,-6875.74726
marginal,Link,EE0 0,urban central air heat pump,-35795.55549
marginal,Link,ES0 0,BEV charger,894026.79047
marginal,Link,ES0 0,DC,3049230.06263
marginal,Link,ES0 0,Fischer-Tropsch,5938362.65317
marginal,Link,ES0 0,H2 Electrolysis,3778563.43461
marginal,Link,ES0 0,Sabatier,1187.19539
marginal,Link,ES0 0,V2G,26077.35773
marginal,Link,ES0 0,battery charger,925.85048
marginal,Link,ES0 0,battery discharger,1007.47315
marginal,Link,ES0 0,electricity distribution grid,3180684.9244
marginal,Link,ES0 0,home battery charger,648.02833
marginal,Link,ES0 0,home battery discharger,644.67522
marginal,Link,ES0 0,methanolisation,2597706.48888
marginal,Link,ES0 0,residential rural air heat pump,-27144.99941
marginal,Link,ES0 0,residential rural ground heat pump,-106648.53274
marginal,Link,ES0 0,residential urban decentral air heat pump,-240019.67384
marginal,Link,ES0 0,services rural air heat pump,-20309.09454
marginal,Link,ES0 0,services rural ground heat pump,-208591.08547
marginal,Link,ES0 0,services urban decentral air heat pump,-106820.31993
marginal,Link,ES0 0,urban central air heat pump,-459278.36088
marginal,Link,ES6 0,BEV charger,37548.01029
marginal,Link,ES6 0,DC,24022.90105
marginal,Link,ES6 0,Fischer-Tropsch,5796479.44285
marginal,Link,ES6 0,H2 Electrolysis,63636.03671
marginal,Link,ES6 0,Sabatier,242.21891
marginal,Link,ES6 0,V2G,18841.62638
marginal,Link,ES6 0,battery charger,1321.33176
marginal,Link,ES6 0,battery discharger,1350.13239
marginal,Link,ES6 0,electricity distribution grid,104222.87345
marginal,Link,ES6 0,home battery charger,921.10033
marginal,Link,ES6 0,home battery discharger,856.50802
marginal,Link,ES6 0,methanolisation,8382.7696
marginal,Link,ES6 0,residential rural air heat pump,-612.2083
marginal,Link,ES6 0,residential rural ground heat pump,-368.61197
marginal,Link,ES6 0,residential urban decentral air heat pump,-4794.63714
marginal,Link,ES6 0,services rural air heat pump,-1914.7518
marginal,Link,ES6 0,services rural ground heat pump,-1820.15839
marginal,Link,ES6 0,services urban decentral air heat pump,-1896.46306
marginal,Link,ES6 0,urban central air heat pump,-8106.33798
marginal,Link,EU,CCGT,260704059.25625
marginal,Link,EU,HVC to air,35.14154
marginal,Link,EU,SMR,1243994.53208
marginal,Link,EU,SMR CC,6160.75078
marginal,Link,EU,agriculture machinery oil,558677.47971
marginal,Link,EU,biogas to gas,940987332.15088
marginal,Link,EU,biomass to liquid,1253.40075
marginal,Link,EU,co2 sequestered,899777.49494
marginal,Link,EU,electrobiofuels,378726412.86211
marginal,Link,EU,gas for industry,999643.10039
marginal,Link,EU,gas for industry CC,1408738.14499
marginal,Link,EU,industry methanol,92101.37931
marginal,Link,EU,kerosene for aviation,7769607.31924
marginal,Link,EU,naphtha for industry,2600440.20779
marginal,Link,EU,process emissions,16.44508
marginal,Link,EU,process emissions CC,1464068.28584
marginal,Link,EU,shipping methanol,4639935.83543
marginal,Link,EU,solid biomass for industry,81.75666
marginal,Link,EU,solid biomass for industry CC,7830609.33903
marginal,Link,EU,waste CHP,2823497860.19627
marginal,Link,EU,waste CHP CC,353129323.2508
marginal,Link,FI1 0,BEV charger,183448.23045
marginal,Link,FI1 0,DC,130393.2783
marginal,Link,FI1 0,Fischer-Tropsch,46676200.80713
marginal,Link,FI1 0,H2 Electrolysis,472931.14906
marginal,Link,FI1 0,Sabatier,59023.44874
marginal,Link,FI1 0,V2G,17415.86937
marginal,Link,FI1 0,battery charger,1281.22897
marginal,Link,FI1 0,battery discharger,1194.91246
marginal,Link,FI1 0,electricity distribution grid,1360013.79579
marginal,Link,FI1 0,home battery charger,728.76676
marginal,Link,FI1 0,home battery discharger,695.53136
marginal,Link,FI1 0,methanolisation,1129.04506
marginal,Link,FI1 0,residential rural air heat pump,-2425.34269
marginal,Link,FI1 0,residential rural ground heat pump,-77624.30319
marginal,Link,FI1 0,residential urban decentral air heat pump,-179169.44913
marginal,Link,FI1 0,services rural air heat pump,-1107.58898
marginal,Link,FI1 0,services rural ground heat pump,-93776.48261
marginal,Link,FI1 0,services urban decentral air heat pump,-60359.77129
marginal,Link,FI1 0,urban central air heat pump,-411954.7887
marginal,Link,FR0 0,BEV charger,1586454.60532
marginal,Link,FR0 0,DC,3907212.204
marginal,Link,FR0 0,Fischer-Tropsch,701643793.79145
marginal,Link,FR0 0,H2 Electrolysis,5368221.89117
marginal,Link,FR0 0,Sabatier,3039.98737
marginal,Link,FR0 0,V2G,17556.99044
marginal,Link,FR0 0,battery charger,857.33424
marginal,Link,FR0 0,battery discharger,847.2518
marginal,Link,FR0 0,electricity distribution grid,7930933.24132
marginal,Link,FR0 0,home battery charger,657.15592
marginal,Link,FR0 0,home battery discharger,671.0104
marginal,Link,FR0 0,methanolisation,18802.65343
marginal,Link,FR0 0,residential rural air heat pump,-42228.85421
marginal,Link,FR0 0,residential rural ground heat pump,-614905.08284
marginal,Link,FR0 0,residential urban decentral air heat pump,-1179776.92797
marginal,Link,FR0 0,services rural air heat pump,-44564.00672
marginal,Link,FR0 0,services rural ground heat pump,-521338.99688
marginal,Link,FR0 0,services urban decentral air heat pump,-428036.24267
marginal,Link,FR0 0,urban central air heat pump,-2318764.12069
marginal,Link,FR5 0,BEV charger,20015.16686
marginal,Link,FR5 0,DC,56160.44835
marginal,Link,FR5 0,Fischer-Tropsch,1585999.1697
marginal,Link,FR5 0,H2 Electrolysis,550427.74973
marginal,Link,FR5 0,Sabatier,24161.03827
marginal,Link,FR5 0,V2G,10634.1233
marginal,Link,FR5 0,battery charger,1025.3955
marginal,Link,FR5 0,battery discharger,992.65971
marginal,Link,FR5 0,electricity distribution grid,65689.80142
marginal,Link,FR5 0,home battery charger,719.77576
marginal,Link,FR5 0,home battery discharger,707.91012
marginal,Link,FR5 0,methanolisation,386167.70455
marginal,Link,FR5 0,residential rural air heat pump,-1382.14239
marginal,Link,FR5 0,residential rural ground heat pump,-14288.004
marginal,Link,FR5 0,residential urban decentral air heat pump,0.0
marginal,Link,FR5 0,services rural air heat pump,-937.227
marginal,Link,FR5 0,services rural ground heat pump,-5535.04351
marginal,Link,FR5 0,services urban decentral air heat pump,-95.26562
marginal,Link,GB2 0,BEV charger,1126637.29176
marginal,Link,GB2 0,DC,4188701.13428
marginal,Link,GB2 0,Fischer-Tropsch,661583907.96454
marginal,Link,GB2 0,H2 Electrolysis,6415919.0828
marginal,Link,GB2 0,Sabatier,6044.83564
marginal,Link,GB2 0,V2G,18594.07208
marginal,Link,GB2 0,battery charger,1428.22775
marginal,Link,GB2 0,battery discharger,1426.40964
marginal,Link,GB2 0,electricity distribution grid,5348359.24271
marginal,Link,GB2 0,home battery charger,686.60424
marginal,Link,GB2 0,home battery discharger,616.58061
marginal,Link,GB2 0,methanolisation,1278111.82596
marginal,Link,GB2 0,residential rural air heat pump,-20082.13225
marginal,Link,GB2 0,residential rural ground heat pump,-357640.56423
marginal,Link,GB2 0,residential urban decentral air heat pump,-939401.0363
marginal,Link,GB2 0,services rural air heat pump,-8277.78485
marginal,Link,GB2 0,services rural ground heat pump,-142309.67336
marginal,Link,GB2 0,services urban decentral air heat pump,-325800.88921
marginal,Link,GB2 0,urban central air heat pump,-1684733.90897
marginal,Link,GB3 0,BEV charger,55333.99973
marginal,Link,GB3 0,DC,228905.16023
marginal,Link,GB3 0,Fischer-Tropsch,1012771.77259
marginal,Link,GB3 0,H2 Electrolysis,123037.09061
marginal,Link,GB3 0,Sabatier,2551.498
marginal,Link,GB3 0,V2G,25004.93882
marginal,Link,GB3 0,battery charger,1303.83885
marginal,Link,GB3 0,battery discharger,1373.69846
marginal,Link,GB3 0,electricity distribution grid,200121.85354
marginal,Link,GB3 0,home battery charger,845.38923
marginal,Link,GB3 0,home battery discharger,798.6773
marginal,Link,GB3 0,methanolisation,28680.71108
marginal,Link,GB3 0,residential rural air heat pump,-5233.37484
marginal,Link,GB3 0,residential rural ground heat pump,-40795.0146
marginal,Link,GB3 0,residential urban decentral air heat pump,-10114.97527
marginal,Link,GB3 0,services rural air heat pump,-2031.06124
marginal,Link,GB3 0,services rural ground heat pump,-15892.32981
marginal,Link,GB3 0,services urban decentral air heat pump,-4180.47636
marginal,Link,GB3 0,urban central air heat pump,-23539.82847
marginal,Link,GR0 0,BEV charger,205542.76249
marginal,Link,GR0 0,DC,304869.86218
marginal,Link,GR0 0,Fischer-Tropsch,100066.31048
marginal,Link,GR0 0,H2 Electrolysis,816572.62254
marginal,Link,GR0 0,Sabatier,810.01412
marginal,Link,GR0 0,V2G,41961.39605
marginal,Link,GR0 0,battery charger,1035.52067
marginal,Link,GR0 0,battery discharger,889.69173
marginal,Link,GR0 0,electricity distribution grid,524687.68756
marginal,Link,GR0 0,home battery charger,721.91949
marginal,Link,GR0 0,home battery discharger,728.23973
marginal,Link,GR0 0,methanolisation,326093.35054
marginal,Link,GR0 0,residential rural air heat pump,-6566.73641
marginal,Link,GR0 0,residential rural ground heat pump,-30686.94487
marginal,Link,GR0 0,residential urban decentral air heat pump,-62453.68256
marginal,Link,GR0 0,services rural air heat pump,-8309.50076
marginal,Link,GR0 0,services rural ground heat pump,-42917.78608
marginal,Link,GR0 0,services urban decentral air heat pump,-29500.60062
marginal,Link,GR0 0,urban central air heat pump,-126709.1437
marginal,Link,HR0 0,BEV charger,96208.35948
marginal,Link,HR0 0,Fischer-Tropsch,79322.83384
marginal,Link,HR0 0,H2 Electrolysis,38127.36519
marginal,Link,HR0 0,Sabatier,901.3646
marginal,Link,HR0 0,V2G,24287.74665
marginal,Link,HR0 0,battery charger,722.99619
marginal,Link,HR0 0,battery discharger,788.97299
marginal,Link,HR0 0,electricity distribution grid,401733.97046
marginal,Link,HR0 0,home battery charger,559.46248
marginal,Link,HR0 0,home battery discharger,561.32331
marginal,Link,HR0 0,methanolisation,397.20219
marginal,Link,HR0 0,residential rural air heat pump,-3775.79635
marginal,Link,HR0 0,residential rural ground heat pump,-53596.15584
marginal,Link,HR0 0,residential urban decentral air heat pump,-35075.80526
marginal,Link,HR0 0,services rural air heat pump,-2289.13055
marginal,Link,HR0 0,services rural ground heat pump,-31403.75493
marginal,Link,HR0 0,services urban decentral air heat pump,-8241.4374
marginal,Link,HR0 0,urban central air heat pump,-74328.50832
marginal,Link,HU0 0,BEV charger,167464.50676
marginal,Link,HU0 0,Fischer-Tropsch,69287.65332
marginal,Link,HU0 0,H2 Electrolysis,49554.63277
marginal,Link,HU0 0,Sabatier,900.05073
marginal,Link,HU0 0,V2G,20756.83083
marginal,Link,HU0 0,battery charger,885.97616
marginal,Link,HU0 0,battery discharger,761.74972
marginal,Link,HU0 0,electricity distribution grid,904887.88044
marginal,Link,HU0 0,home battery charger,593.1694
marginal,Link,HU0 0,home battery discharger,545.67175
marginal,Link,HU0 0,methanolisation,265.72601
marginal,Link,HU0 0,residential rural air heat pump,-7275.78192
marginal,Link,HU0 0,residential rural ground heat pump,-122387.88738
marginal,Link,HU0 0,residential urban decentral air heat pump,-125176.27977
marginal,Link,HU0 0,services rural air heat pump,-4206.55701
marginal,Link,HU0 0,services rural ground heat pump,-79020.79907
marginal,Link,HU0 0,services urban decentral air heat pump,-37853.44761
marginal,Link,HU0 0,urban central air heat pump,-277968.06074
marginal,Link,IE3 0,BEV charger,133737.66626
marginal,Link,IE3 0,DC,101721.56399
marginal,Link,IE3 0,Fischer-Tropsch,56070699.63485
marginal,Link,IE3 0,H2 Electrolysis,499980.28277
marginal,Link,IE3 0,Sabatier,1965.17101
marginal,Link,IE3 0,V2G,21316.06873
marginal,Link,IE3 0,battery charger,1070.7004
marginal,Link,IE3 0,battery discharger,1021.22026
marginal,Link,IE3 0,electricity distribution grid,526307.28036
marginal,Link,IE3 0,home battery charger,649.75436
marginal,Link,IE3 0,home battery discharger,653.34878
marginal,Link,IE3 0,methanolisation,36655.90197
marginal,Link,IE3 0,residential rural air heat pump,-8561.25244
marginal,Link,IE3 0,residential rural ground heat pump,-58746.58704
marginal,Link,IE3 0,residential urban decentral air heat pump,-57453.2659
marginal,Link,IE3 0,services rural air heat pump,-5567.76521
marginal,Link,IE3 0,services rural ground heat pump,-41550.03648
marginal,Link,IE3 0,services urban decentral air heat pump,-25746.77634
marginal,Link,IE3 0,urban central air heat pump,-120583.09953
marginal,Link,IT0 0,BEV charger,1207524.29936
marginal,Link,IT0 0,DC,1858727.21989
marginal,Link,IT0 0,Fischer-Tropsch,133916119.28663
marginal,Link,IT0 0,H2 Electrolysis,3780136.97463
marginal,Link,IT0 0,Sabatier,616409.42982
marginal,Link,IT0 0,V2G,18099.669
marginal,Link,IT0 0,battery charger,1023.81467
marginal,Link,IT0 0,battery discharger,960.01342
marginal,Link,IT0 0,electricity distribution grid,3971370.9685
marginal,Link,IT0 0,home battery charger,715.38134
marginal,Link,IT0 0,home battery discharger,662.68917
marginal,Link,IT0 0,methanolisation,1086791.95893
marginal,Link,IT0 0,residential rural air heat pump,-50193.57742
marginal,Link,IT0 0,residential rural ground heat pump,-581119.61999
marginal,Link,IT0 0,residential urban decentral air heat pump,-609020.55323
marginal,Link,IT0 0,services rural air heat pump,-51054.26632
marginal,Link,IT0 0,services rural ground heat pump,-439582.4172
marginal,Link,IT0 0,services urban decentral air heat pump,-367184.02395
marginal,Link,IT0 0,urban central air heat pump,-1583317.74664
marginal,Link,IT4 0,BEV charger,70940.75635
marginal,Link,IT4 0,DC,450278.74838
marginal,Link,IT4 0,Fischer-Tropsch,276859.91389
marginal,Link,IT4 0,H2 Electrolysis,57949.55868
marginal,Link,IT4 0,Sabatier,591.52375
marginal,Link,IT4 0,V2G,42244.34234
marginal,Link,IT4 0,battery charger,970.4518
marginal,Link,IT4 0,battery discharger,889.53982
marginal,Link,IT4 0,electricity distribution grid,181354.33488
marginal,Link,IT4 0,home battery charger,669.82069
marginal,Link,IT4 0,home battery discharger,648.25259
marginal,Link,IT4 0,methanolisation,33931.72024
marginal,Link,IT4 0,residential rural air heat pump,-6874.9957
marginal,Link,IT4 0,residential rural ground heat pump,-35982.77657
marginal,Link,IT4 0,residential urban decentral air heat pump,-4728.95394
marginal,Link,IT4 0,services rural air heat pump,-4721.87054
marginal,Link,IT4 0,services rural ground heat pump,-22543.32737
marginal,Link,IT4 0,services urban decentral air heat pump,-2592.86823
marginal,Link,IT4 0,urban central air heat pump,-13657.49302
marginal,Link,LT0 0,BEV charger,99678.13518
marginal,Link,LT0 0,DC,32125.00309
marginal,Link,LT0 0,Fischer-Tropsch,55266.79376
marginal,Link,LT0 0,H2 Electrolysis,80046.05561
marginal,Link,LT0 0,Sabatier,469.99122
marginal,Link,LT0 0,V2G,19436.06152
marginal,Link,LT0 0,battery charger,916.00499
marginal,Link,LT0 0,battery discharger,916.48661
marginal,Link,LT0 0,electricity distribution grid,244614.7256
marginal,Link,LT0 0,home battery charger,623.18876
marginal,Link,LT0 0,home battery discharger,646.80395
marginal,Link,LT0 0,methanolisation,228.73175
marginal,Link,LT0 0,residential rural air heat pump,-1698.74065
marginal,Link,LT0 0,residential rural ground heat pump,-29621.86692
marginal,Link,LT0 0,residential urban decentral air heat pump,-31458.81948
marginal,Link,LT0 0,services rural air heat pump,-972.62702
marginal,Link,LT0 0,services rural ground heat pump,-17553.34086
marginal,Link,LT0 0,services urban decentral air heat pump,-7414.19982
marginal,Link,LT0 0,urban central air heat pump,-55499.86965
marginal,Link,LU0 0,BEV charger,48378.22378
marginal,Link,LU0 0,Fischer-Tropsch,98981.9783
marginal,Link,LU0 0,H2 Electrolysis,2386.99846
marginal,Link,LU0 0,Sabatier,773.88748
marginal,Link,LU0 0,V2G,14951.60056
marginal,Link,LU0 0,battery charger,726.11589
marginal,Link,LU0 0,battery discharger,617.09451
marginal,Link,LU0 0,electricity distribution grid,130498.51342
marginal,Link,LU0 0,home battery charger,516.97417
marginal,Link,LU0 0,home battery discharger,454.2421
marginal,Link,LU0 0,methanolisation,299.2862
marginal,Link,LU0 0,residential rural air heat pump,-118.21462
marginal,Link,LU0 0,residential rural ground heat pump,-3030.22676
marginal,Link,LU0 0,residential urban decentral air heat pump,-14122.34496
marginal,Link,LU0 0,services rural air heat pump,-120.97787
marginal,Link,LU0 0,services rural ground heat pump,-3226.27979
marginal,Link,LU0 0,services urban decentral air heat pump,-9857.99347
marginal,Link,LU0 0,urban central air heat pump,-41682.221
marginal,Link,LV0 0,BEV charger,61476.86123
marginal,Link,LV0 0,Fischer-Tropsch,159085.78226
marginal,Link,LV0 0,H2 Electrolysis,6480.36484
marginal,Link,LV0 0,Sabatier,2961.89598
marginal,Link,LV0 0,V2G,22407.7399
marginal,Link,LV0 0,battery charger,1042.76286
marginal,Link,LV0 0,battery discharger,1039.39864
marginal,Link,LV0 0,electricity distribution grid,204486.26782
marginal,Link,LV0 0,home battery charger,612.61194
marginal,Link,LV0 0,home battery discharger,721.54672
marginal,Link,LV0 0,methanolisation,383.35749
marginal,Link,LV0 0,residential rural air heat pump,-2040.95952
marginal,Link,LV0 0,residential rural ground heat pump,-29378.96437
marginal,Link,LV0 0,residential urban decentral air heat pump,-26989.05641
marginal,Link,LV0 0,services rural air heat pump,-1475.7408
marginal,Link,LV0 0,services rural ground heat pump,-26514.89319
marginal,Link,LV0 0,services urban decentral air heat pump,-10373.12089
marginal,Link,LV0 0,urban central air heat pump,-48089.20503
marginal,Link,ME0 0,BEV charger,23716.94362
marginal,Link,ME0 0,DC,28822.36802
marginal,Link,ME0 0,Fischer-Tropsch,250344.35568
marginal,Link,ME0 0,H2 Electrolysis,33177.28329
marginal,Link,ME0 0,Sabatier,1237.38741
marginal,Link,ME0 0,V2G,15111.93763
marginal,Link,ME0 0,battery charger,752.79172
marginal,Link,ME0 0,battery discharger,884.17729
marginal,Link,ME0 0,electricity distribution grid,45843.94063
marginal,Link,ME0 0,home battery charger,592.93678
marginal,Link,ME0 0,home battery discharger,602.46522
marginal,Link,ME0 0,methanolisation,3645.26397
marginal,Link,ME0 0,residential rural air heat pump,-614.89054
marginal,Link,ME0 0,residential rural ground heat pump,-4174.42605
marginal,Link,ME0 0,residential urban decentral air heat pump,-3725.16361
marginal,Link,ME0 0,services rural air heat pump,-118.38542
marginal,Link,ME0 0,services rural ground heat pump,-479.59243
marginal,Link,ME0 0,services urban decentral air heat pump,-418.41651
marginal,Link,ME0 0,urban central air heat pump,-5467.42046
marginal,Link,MK0 0,BEV charger,56547.04407
marginal,Link,MK0 0,Fischer-Tropsch,79796.46608
marginal,Link,MK0 0,H2 Electrolysis,58537.74684
marginal,Link,MK0 0,Sabatier,424.59506
marginal,Link,MK0 0,V2G,36210.82204
marginal,Link,MK0 0,battery charger,806.67749
marginal,Link,MK0 0,battery discharger,819.42701
marginal,Link,MK0 0,electricity distribution grid,122282.27358
marginal,Link,MK0 0,home battery charger,544.02242
marginal,Link,MK0 0,home battery discharger,559.618
marginal,Link,MK0 0,methanolisation,1655.71805
marginal,Link,MK0 0,residential rural air heat pump,-1177.97987
marginal,Link,MK0 0,residential rural ground heat pump,-10640.86149
marginal,Link,MK0 0,residential urban decentral air heat pump,-7706.4315
marginal,Link,MK0 0,services rural air heat pump,-512.69277
marginal,Link,MK0 0,services rural ground heat pump,-4352.67441
marginal,Link,MK0 0,services urban decentral air heat pump,-2347.49849
marginal,Link,MK0 0,urban central air heat pump,-16131.29495
marginal,Link,NL0 0,BEV charger,444286.02653
marginal,Link,NL0 0,DC,256067.47607
marginal,Link,NL0 0,Fischer-Tropsch,209607.64007
marginal,Link,NL0 0,H2 Electrolysis,353696.53014
marginal,Link,NL0 0,Sabatier,4860.97668
marginal,Link,NL0 0,V2G,18695.8836
marginal,Link,NL0 0,battery charger,916.8878
marginal,Link,NL0 0,battery discharger,857.62572
marginal,Link,NL0 0,electricity distribution grid,2454030.46881
marginal,Link,NL0 0,home battery charger,576.35026
marginal,Link,NL0 0,home battery discharger,519.4219
marginal,Link,NL0 0,methanolisation,716.65855
marginal,Link,NL0 0,residential rural air heat pump,-2076.31238
marginal,Link,NL0 0,residential rural ground heat pump,-44327.09676
marginal,Link,NL0 0,residential urban decentral air heat pump,-331566.47198
marginal,Link,NL0 0,services rural air heat pump,-1786.75536
marginal,Link,NL0 0,services rural ground heat pump,-359373.49752
marginal,Link,NL0 0,services urban decentral air heat pump,-164802.15941
marginal,Link,NL0 0,urban central air heat pump,-831488.83627
marginal,Link,NO1 0,BEV charger,116576.44991
marginal,Link,NO1 0,DC,373391.79711
marginal,Link,NO1 0,Fischer-Tropsch,193526.56518
marginal,Link,NO1 0,H2 Electrolysis,55869.27321
marginal,Link,NO1 0,Sabatier,996.66406
marginal,Link,NO1 0,V2G,11171.05182
marginal,Link,NO1 0,battery charger,925.84431
marginal,Link,NO1 0,battery discharger,863.18276
marginal,Link,NO1 0,electricity distribution grid,1274459.11364
marginal,Link,NO1 0,home battery charger,742.76152
marginal,Link,NO1 0,home battery discharger,668.1394
marginal,Link,NO1 0,methanolisation,308.79277
marginal,Link,NO1 0,residential rural air heat pump,-1819.3784
marginal,Link,NO1 0,residential rural ground heat pump,-50066.00153
marginal,Link,NO1 0,residential urban decentral air heat pump,-104846.81947
marginal,Link,NO1 0,services rural air heat pump,-1354.3576
marginal,Link,NO1 0,services rural ground heat pump,-40036.08715
marginal,Link,NO1 0,services urban decentral air heat pump,-90192.13628
marginal,Link,NO1 0,urban central air heat pump,-365328.94555
marginal,Link,PL0 0,BEV charger,706042.87805
marginal,Link,PL0 0,DC,98192.95175
marginal,Link,PL0 0,Fischer-Tropsch,44547.42372
marginal,Link,PL0 0,H2 Electrolysis,225852.94057
marginal,Link,PL0 0,Sabatier,545.22261
marginal,Link,PL0 0,V2G,15875.67312
marginal,Link,PL0 0,battery charger,1079.35358
marginal,Link,PL0 0,battery discharger,1013.18206
marginal,Link,PL0 0,electricity distribution grid,3487527.98967
marginal,Link,PL0 0,home battery charger,623.28361
marginal,Link,PL0 0,home battery discharger,651.13764
marginal,Link,PL0 0,methanolisation,262.18151
marginal,Link,PL0 0,residential rural air heat pump,-25688.12773
marginal,Link,PL0 0,residential rural ground heat pump,-596439.96786
marginal,Link,PL0 0,residential urban decentral air heat pump,-370820.56719
marginal,Link,PL0 0,services rural air heat pump,-13670.04462
marginal,Link,PL0 0,services rural ground heat pump,-430120.6218
marginal,Link,PL0 0,services urban decentral air heat pump,-118006.76429
marginal,Link,PL0 0,urban central air heat pump,-623580.05163
marginal,Link,PT0 0,BEV charger,247948.8168
marginal,Link,PT0 0,Fischer-Tropsch,72165148.02643
marginal,Link,PT0 0,H2 Electrolysis,655994.83628
marginal,Link,PT0 0,Sabatier,873.70169
marginal,Link,PT0 0,V2G,26478.29371
marginal,Link,PT0 0,battery charger,1115.12304
marginal,Link,PT0 0,battery discharger,1073.96979
marginal,Link,PT0 0,electricity distribution grid,812149.49533
marginal,Link,PT0 0,home battery charger,759.08774
marginal,Link,PT0 0,home battery discharger,799.83541
marginal,Link,PT0 0,methanolisation,31984.57669
marginal,Link,PT0 0,residential rural air heat pump,-10452.79631
marginal,Link,PT0 0,residential rural ground heat pump,-28254.40797
marginal,Link,PT0 0,residential urban decentral air heat pump,-28315.61186
marginal,Link,PT0 0,services rural air heat pump,-17575.98975
marginal,Link,PT0 0,services rural ground heat pump,-52330.80877
marginal,Link,PT0 0,services urban decentral air heat pump,-27703.71677
marginal,Link,PT0 0,urban central air heat pump,-71845.61523
marginal,Link,RO0 0,BEV charger,266114.79231
marginal,Link,RO0 0,Fischer-Tropsch,258947.47111
marginal,Link,RO0 0,H2 Electrolysis,860751.16384
marginal,Link,RO0 0,Sabatier,134229.13574
marginal,Link,RO0 0,V2G,24026.72445
marginal,Link,RO0 0,battery charger,1016.5526
marginal,Link,RO0 0,battery discharger,892.97512
marginal,Link,RO0 0,electricity distribution grid,1244033.27244
marginal,Link,RO0 0,home battery charger,636.17642
marginal,Link,RO0 0,home battery discharger,705.02802
marginal,Link,RO0 0,methanolisation,2085.70759
marginal,Link,RO0 0,residential rural air heat pump,-15516.06009
marginal,Link,RO0 0,residential rural ground heat pump,-195738.1981
marginal,Link,RO0 0,residential urban decentral air heat pump,-101918.79986
marginal,Link,RO0 0,services rural air heat pump,-8037.66154
marginal,Link,RO0 0,services rural ground heat pump,-75873.33977
marginal,Link,RO0 0,services urban decentral air heat pump,-21365.20602
marginal,Link,RO0 0,urban central air heat pump,-189820.47314
marginal,Link,RS0 0,BEV charger,101008.05717
marginal,Link,RS0 0,Fischer-Tropsch,306969.91685
marginal,Link,RS0 0,H2 Electrolysis,269951.49354
marginal,Link,RS0 0,Sabatier,127144.25643
marginal,Link,RS0 0,V2G,22666.23136
marginal,Link,RS0 0,battery charger,941.65681
marginal,Link,RS0 0,battery discharger,929.78514
marginal,Link,RS0 0,electricity distribution grid,533583.50423
marginal,Link,RS0 0,home battery charger,616.36851
marginal,Link,RS0 0,home battery discharger,615.09791
marginal,Link,RS0 0,methanolisation,1777.89389
marginal,Link,RS0 0,residential rural air heat pump,-5277.65258
marginal,Link,RS0 0,residential rural ground heat pump,-78314.67646
marginal,Link,RS0 0,residential urban decentral air heat pump,-43747.1664
marginal,Link,RS0 0,services rural air heat pump,-1588.28204
marginal,Link,RS0 0,services rural ground heat pump,-20424.91426
marginal,Link,RS0 0,services urban decentral air heat pump,-10177.85342
marginal,Link,RS0 0,urban central air heat pump,-75863.81548
marginal,Link,SE1 0,BEV charger,253987.50927
marginal,Link,SE1 0,DC,384211.86257
marginal,Link,SE1 0,Fischer-Tropsch,613832.70372
marginal,Link,SE1 0,H2 Electrolysis,41399.46781
marginal,Link,SE1 0,Sabatier,3296.90836
marginal,Link,SE1 0,V2G,13003.53732
marginal,Link,SE1 0,battery charger,857.65753
marginal,Link,SE1 0,battery discharger,921.0056
marginal,Link,SE1 0,electricity distribution grid,1773777.3693
marginal,Link,SE1 0,home battery charger,659.58034
marginal,Link,SE1 0,home battery discharger,622.07735
marginal,Link,SE1 0,methanolisation,606.71645
marginal,Link,SE1 0,residential rural air heat pump,-3008.0737
marginal,Link,SE1 0,residential rural ground heat pump,-104100.1424
marginal,Link,SE1 0,residential urban decentral air heat pump,-266116.12607
marginal,Link,SE1 0,services rural air heat pump,-1190.2319
marginal,Link,SE1 0,services rural ground heat pump,-70101.88149
marginal,Link,SE1 0,services urban decentral air heat pump,-77901.69796
marginal,Link,SE1 0,urban central air heat pump,-620956.87143
marginal,Link,SI0 0,BEV charger,89024.90505
marginal,Link,SI0 0,DC,35400.19257
marginal,Link,SI0 0,Fischer-Tropsch,327099.70225
marginal,Link,SI0 0,H2 Electrolysis,98377.62724
marginal,Link,SI0 0,Sabatier,69618.19017
marginal,Link,SI0 0,V2G,29227.90882
marginal,Link,SI0 0,battery charger,876.67027
marginal,Link,SI0 0,battery discharger,789.48674
marginal,Link,SI0 0,electricity distribution grid,281722.41593
marginal,Link,SI0 0,home battery charger,573.29483
marginal,Link,SI0 0,home battery discharger,626.83208
marginal,Link,SI0 0,methanolisation,1189.33298
marginal,Link,SI0 0,residential rural air heat pump,-2462.6764
marginal,Link,SI0 0,residential rural ground heat pump,-39436.74104
marginal,Link,SI0 0,residential urban decentral air heat pump,-20873.05488
marginal,Link,SI0 0,services rural air heat pump,-1396.216
marginal,Link,SI0 0,services rural ground heat pump,-15049.44082
marginal,Link,SI0 0,services urban decentral air heat pump,-5801.74463
marginal,Link,SI0 0,urban central air heat pump,-43296.22183
marginal,Link,SK0 0,BEV charger,129129.88439
marginal,Link,SK0 0,Fischer-Tropsch,39587.39335
marginal,Link,SK0 0,H2 Electrolysis,78832.25457
marginal,Link,SK0 0,Sabatier,435.11387
marginal,Link,SK0 0,V2G,21697.51747
marginal,Link,SK0 0,battery charger,883.6029
marginal,Link,SK0 0,battery discharger,860.341
marginal,Link,SK0 0,electricity distribution grid,534071.32692
marginal,Link,SK0 0,home battery charger,562.55752
marginal,Link,SK0 0,home battery discharger,568.25114
marginal,Link,SK0 0,methanolisation,180.05826
marginal,Link,SK0 0,residential rural air heat pump,-4583.49247
marginal,Link,SK0 0,residential rural ground heat pump,-78424.06678
marginal,Link,SK0 0,residential urban decentral air heat pump,-53235.20673
marginal,Link,SK0 0,services rural air heat pump,-3002.02378
marginal,Link,SK0 0,services rural ground heat pump,-57589.56843
marginal,Link,SK0 0,services urban decentral air heat pump,-28617.75049
marginal,Link,SK0 0,urban central air heat pump,-118073.30178
marginal,Link,XK0 0,BEV charger,47022.83427
marginal,Link,XK0 0,Fischer-Tropsch,185981.13711
marginal,Link,XK0 0,H2 Electrolysis,48111.20842
marginal,Link,XK0 0,Sabatier,931.93038
marginal,Link,XK0 0,V2G,28162.87391
marginal,Link,XK0 0,battery charger,833.86028
marginal,Link,XK0 0,battery discharger,741.76788
marginal,Link,XK0 0,electricity distribution grid,110678.12559
marginal,Link,XK0 0,home battery charger,541.61201
marginal,Link,XK0 0,home battery discharger,505.69983
marginal,Link,XK0 0,methanolisation,4308.26376
marginal,Link,XK0 0,residential rural air heat pump,-1052.30613
marginal,Link,XK0 0,residential rural ground heat pump,-8497.40052
marginal,Link,XK0 0,residential urban decentral air heat pump,-6077.60212
marginal,Link,XK0 0,services rural air heat pump,-424.43679
marginal,Link,XK0 0,services rural ground heat pump,-2681.01485
marginal,Link,XK0 0,services urban decentral air heat pump,-1864.50244
marginal,Link,XK0 0,urban central air heat pump,-13857.92652
marginal,StorageUnit,AL0 0,hydro,50111.56516
marginal,StorageUnit,AT0 0,PHS,138270.65394
marginal,StorageUnit,AT0 0,hydro,171409.16997
marginal,StorageUnit,BA0 0,PHS,6457.88894
marginal,StorageUnit,BA0 0,hydro,64722.94915
marginal,StorageUnit,BE0 0,PHS,15154.98647
marginal,StorageUnit,BE0 0,hydro,615.41872
marginal,StorageUnit,BG0 0,PHS,18075.57242
marginal,StorageUnit,BG0 0,hydro,33466.44793
marginal,StorageUnit,CH0 0,PHS,93456.53213
marginal,StorageUnit,CH0 0,hydro,225160.78744
marginal,StorageUnit,CZ0 0,PHS,10133.74484
marginal,StorageUnit,CZ0 0,hydro,21533.3935
marginal,StorageUnit,DE0 0,PHS,33150.16819
marginal,StorageUnit,DE0 1,PHS,27184.01673
marginal,StorageUnit,ES0 0,PHS,169051.39237
marginal,StorageUnit,ES0 0,hydro,305666.91978
marginal,StorageUnit,ES6 0,PHS,20631.23826
marginal,StorageUnit,ES6 0,hydro,30814.27721
marginal,StorageUnit,FI1 0,hydro,49785.54916
marginal,StorageUnit,FR0 0,PHS,68584.62317
marginal,StorageUnit,FR0 0,hydro,254579.64897
marginal,StorageUnit,FR5 0,hydro,89714.00501
marginal,StorageUnit,GB3 0,PHS,8628.07877
marginal,StorageUnit,GB3 0,hydro,2187.83716
marginal,StorageUnit,GR0 0,PHS,14336.13841
marginal,StorageUnit,GR0 0,hydro,56531.73378
marginal,StorageUnit,HR0 0,PHS,5025.47507
marginal,StorageUnit,HR0 0,hydro,68376.36758
marginal,StorageUnit,HU0 0,hydro,1066.11965
marginal,StorageUnit,IE3 0,PHS,6311.05951
marginal,StorageUnit,IE3 0,hydro,17.82431
marginal,StorageUnit,IT0 0,PHS,102440.6984
marginal,StorageUnit,IT0 0,hydro,147524.56388
marginal,StorageUnit,IT4 0,PHS,16028.74717
marginal,StorageUnit,IT4 0,hydro,3726.31088
marginal,StorageUnit,LT0 0,PHS,11592.35672
marginal,StorageUnit,LU0 0,PHS,14255.76383
marginal,StorageUnit,ME0 0,PHS,5075.87547
marginal,StorageUnit,ME0 0,hydro,14204.28945
marginal,StorageUnit,MK0 0,hydro,8065.57356
marginal,StorageUnit,NO1 0,PHS,6444.30364
marginal,StorageUnit,NO1 0,hydro,1063032.30183
marginal,StorageUnit,PL0 0,PHS,25274.70773
marginal,StorageUnit,PL0 0,hydro,8202.29367
marginal,StorageUnit,PT0 0,PHS,83810.81041
marginal,StorageUnit,PT0 0,hydro,46566.57358
marginal,StorageUnit,RO0 0,hydro,78532.53247
marginal,StorageUnit,RS0 0,PHS,8452.45493
marginal,StorageUnit,RS0 0,hydro,25114.30193
marginal,StorageUnit,SE1 0,PHS,2933.56051
marginal,StorageUnit,SE1 0,hydro,508783.41684
marginal,StorageUnit,SI0 0,PHS,2938.20107
marginal,StorageUnit,SI0 0,hydro,20958.38754
marginal,StorageUnit,SK0 0,PHS,10921.69734
marginal,StorageUnit,SK0 0,hydro,7179.1904
marginal,StorageUnit,XK0 0,hydro,601.24657
marginal,Store,AL0 0,EV battery,0.0
marginal,Store,AL0 0,battery,0.0
marginal,Store,AL0 0,home battery,0.0
marginal,Store,AT0 0,EV battery,0.0
marginal,Store,AT0 0,H2 Store,-0.0
marginal,Store,AT0 0,battery,0.0
marginal,Store,AT0 0,home battery,-0.0
marginal,Store,BA0 0,EV battery,0.0
marginal,Store,BA0 0,battery,-0.0
marginal,Store,BA0 0,home battery,-0.0
marginal,Store,BE0 0,EV battery,-0.0
marginal,Store,BE0 0,H2 Store,0.0
marginal,Store,BE0 0,battery,-0.0
marginal,Store,BE0 0,home battery,-0.0
marginal,Store,BG0 0,EV battery,0.0
marginal,Store,BG0 0,H2 Store,0.0
marginal,Store,BG0 0,battery,0.0
marginal,Store,BG0 0,home battery,0.0
marginal,Store,CH0 0,EV battery,-0.0
marginal,Store,CH0 0,H2 Store,0.0
marginal,Store,CH0 0,battery,-0.0
marginal,Store,CH0 0,home battery,0.0
marginal,Store,CZ0 0,EV battery,0.0
marginal,Store,CZ0 0,H2 Store,0.0
marginal,Store,CZ0 0,battery,-0.0
marginal,Store,CZ0 0,home battery,-0.0
marginal,Store,DE0 0,EV battery,0.0
marginal,Store,DE0 0,battery,-0.0
marginal,Store,DE0 0,home battery,-0.0
marginal,Store,DE0 1,EV battery,0.0
marginal,Store,DE0 1,battery,-0.0
marginal,Store,DE0 1,home battery,-0.0
marginal,Store,DK0 0,EV battery,0.0
marginal,Store,DK0 0,battery,0.0
marginal,Store,DK0 0,home battery,-0.0
marginal,Store,DK1 0,EV battery,-0.0
marginal,Store,DK1 0,battery,-0.0
marginal,Store,DK1 0,home battery,0.0
marginal,Store,EE0 0,EV battery,0.0
marginal,Store,EE0 0,H2 Store,0.0
marginal,Store,EE0 0,battery,-0.0
marginal,Store,EE0 0,home battery,-0.0
marginal,Store,ES0 0,EV battery,0.0
marginal,Store,ES0 0,battery,0.0
marginal,Store,ES0 0,home battery,0.0
marginal,Store,ES6 0,EV battery,0.0
marginal,Store,ES6 0,H2 Store,-0.0
marginal,Store,ES6 0,battery,-0.0
marginal,Store,ES6 0,home battery,0.0
marginal,Store,EU,co2,0.02314
marginal,Store,EU,co2 sequestered,8274290.45193
marginal,Store,EU,co2 stored,-0.0
marginal,Store,EU,gas,0.0
marginal,Store,EU,methanol,0.0
marginal,Store,EU,non-sequestered HVC,1066163.69655
marginal,Store,EU,oil,-0.0
marginal,Store,FI1 0,EV battery,0.0
marginal,Store,FI1 0,H2 Store,0.0
marginal,Store,FI1 0,battery,0.0
marginal,Store,FI1 0,home battery,-0.0
marginal,Store,FR0 0,EV battery,0.0
marginal,Store,FR0 0,battery,-0.0
marginal,Store,FR0 0,home battery,-0.0
marginal,Store,FR5 0,EV battery,0.0
marginal,Store,FR5 0,H2 Store,0.0
marginal,Store,FR5 0,battery,0.0
marginal,Store,FR5 0,home battery,-0.0
marginal,Store,GB2 0,EV battery,-0.0
marginal,Store,GB2 0,battery,-0.0
marginal,Store,GB2 0,home battery,-0.0
marginal,Store,GB3 0,EV battery,0.0
marginal,Store,GB3 0,battery,0.0
marginal,Store,GB3 0,home battery,-0.0
marginal,Store,GR0 0,EV battery,0.0
marginal,Store,GR0 0,battery,-0.0
marginal,Store,GR0 0,home battery,0.0
marginal,Store,HR0 0,EV battery,0.0
marginal,Store,HR0 0,H2 Store,0.0
marginal,Store,HR0 0,battery,-0.0
marginal,Store,HR0 0,home battery,0.0
marginal,Store,HU0 0,EV battery,-0.0
marginal,Store,HU0 0,H2 Store,0.0
marginal,Store,HU0 0,battery,-0.0
marginal,Store,HU0 0,home battery,0.0
marginal,Store,IE3 0,EV battery,0.0
marginal,Store,IE3 0,H2 Store,-0.0
marginal,Store,IE3 0,battery,0.0
marginal,Store,IE3 0,home battery,0.0
marginal,Store,IT0 0,EV battery,0.0
marginal,Store,IT0 0,H2 Store,-0.0
marginal,Store,IT0 0,battery,-0.0
marginal,Store,IT0 0,home battery,0.0
marginal,Store,IT4 0,EV battery,-0.0
marginal,Store,IT4 0,H2 Store,0.0
marginal,Store,IT4 0,battery,-0.0
marginal,Store,IT4 0,home battery,0.0
marginal,Store,LT0 0,EV battery,0.0
marginal,Store,LT0 0,H2 Store,0.0
marginal,Store,LT0 0,battery,-0.0
marginal,Store,LT0 0,home battery,0.0
marginal,Store,LU0 0,EV battery,0.0
marginal,Store,LU0 0,H2 Store,-0.0
marginal,Store,LU0 0,battery,0.0
marginal,Store,LU0 0,home battery,-0.0
marginal,Store,LV0 0,EV battery,0.0
marginal,Store,LV0 0,H2 Store,0.0
marginal,Store,LV0 0,battery,0.0
marginal,Store,LV0 0,home battery,-0.0
marginal,Store,ME0 0,EV battery,-0.0
marginal,Store,ME0 0,H2 Store,-0.0
marginal,Store,ME0 0,battery,0.0
marginal,Store,ME0 0,home battery,0.0
marginal,Store,MK0 0,EV battery,-0.0
marginal,Store,MK0 0,H2 Store,0.0
marginal,Store,MK0 0,battery,0.0
marginal,Store,MK0 0,home battery,-0.0
marginal,Store,NL0 0,EV battery,0.0
marginal,Store,NL0 0,battery,0.0
marginal,Store,NL0 0,home battery,-0.0
marginal,Store,NO1 0,EV battery,-0.0
marginal,Store,NO1 0,battery,-0.0
marginal,Store,NO1 0,home battery,-0.0
marginal,Store,PL0 0,EV battery,-0.0
marginal,Store,PL0 0,battery,0.0
marginal,Store,PL0 0,home battery,-0.0
marginal,Store,PT0 0,EV battery,0.0
marginal,Store,PT0 0,battery,-0.0
marginal,Store,PT0 0,home battery,0.0
marginal,Store,RO0 0,EV battery,-0.0
marginal,Store,RO0 0,battery,0.0
marginal,Store,RO0 0,home battery,-0.0
marginal,Store,RS0 0,EV battery,0.0
marginal,Store,RS0 0,H2 Store,-0.0
marginal,Store,RS0 0,battery,-0.0
marginal,Store,RS0 0,home battery,-0.0
marginal,Store,SE1 0,EV battery,-0.0
marginal,Store,SE1 0,H2 Store,0.0
marginal,Store,SE1 0,battery,-0.0
marginal,Store,SE1 0,home battery,0.0
marginal,Store,SI0 0,EV battery,-0.0
marginal,Store,SI0 0,H2 Store,0.0
marginal,Store,SI0 0,battery,-0.0
marginal,Store,SI0 0,home battery,0.0
marginal,Store,SK0 0,EV battery,0.0
marginal,Store,SK0 0,H2 Store,0.0
marginal,Store,SK0 0,battery,0.0
marginal,Store,SK0 0,home battery,-0.0
marginal,Store,XK0 0,EV battery,-0.0
marginal,Store,XK0 0,H2 Store,-0.0
marginal,Store,XK0 0,battery,-0.0
marginal,Store,XK0 0,home battery,-0.0
