component,carrier,location,bus_carrier,0
Generator,biogas,EU,biogas,0.0
Generator,load,AL0 0,AC,2.60049
Generator,load,AL0 0,EV battery,2.54543
Generator,load,AL0 0,H2,2.56005
Generator,load,AL0 0,battery,2.61864
Generator,load,AL0 0,home battery,2.62853
Generator,load,AL0 0,low voltage,2.60708
Generator,load,AL0 0,residential rural heat,0.0
Generator,load,AL0 0,residential urban decentral heat,0.0
Generator,load,AL0 0,services rural heat,0.0
Generator,load,AL0 0,services urban decentral heat,0.0
Generator,load,AL0 0,urban central heat,0.0
Generator,load,AT0 0,AC,2.63672
Generator,load,AT0 0,EV battery,2.71262
Generator,load,AT0 0,H2,2.56372
Generator,load,AT0 0,battery,2.63587
Generator,load,AT0 0,home battery,2.67297
Generator,load,AT0 0,low voltage,2.64061
Generator,load,AT0 0,residential rural heat,0.0
Generator,load,AT0 0,residential urban decentral heat,0.0
Generator,load,AT0 0,services rural heat,0.0
Generator,load,AT0 0,services urban decentral heat,0.0
Generator,load,AT0 0,urban central heat,0.0
Generator,load,BA0 0,AC,2.60381
Generator,load,BA0 0,EV battery,2.60032
Generator,load,BA0 0,H2,2.56108
Generator,load,BA0 0,battery,2.60451
Generator,load,BA0 0,home battery,2.62708
Generator,load,BA0 0,low voltage,2.60397
Generator,load,BA0 0,residential rural heat,0.0
Generator,load,BA0 0,residential urban decentral heat,0.0
Generator,load,BA0 0,services rural heat,0.0
Generator,load,BA0 0,services urban decentral heat,0.0
Generator,load,BA0 0,urban central heat,0.0
Generator,load,BE0 0,AC,0.0
Generator,load,BE0 0,EV battery,2.70674
Generator,load,BE0 0,H2,2.56506
Generator,load,BE0 0,battery,0.0
Generator,load,BE0 0,home battery,0.0
Generator,load,BE0 0,low voltage,0.0
Generator,load,BE0 0,residential rural heat,0.0
Generator,load,BE0 0,residential urban decentral heat,0.0
Generator,load,BE0 0,services rural heat,0.0
Generator,load,BE0 0,services urban decentral heat,0.0
Generator,load,BE0 0,urban central heat,0.0
Generator,load,BG0 0,AC,0.0
Generator,load,BG0 0,EV battery,2.64495
Generator,load,BG0 0,H2,2.56308
Generator,load,BG0 0,battery,0.0
Generator,load,BG0 0,home battery,0.0
Generator,load,BG0 0,low voltage,0.0
Generator,load,BG0 0,residential rural heat,0.0
Generator,load,BG0 0,residential urban decentral heat,0.0
Generator,load,BG0 0,services rural heat,0.0
Generator,load,BG0 0,services urban decentral heat,0.0
Generator,load,BG0 0,urban central heat,0.0
Generator,load,CH0 0,AC,0.0
Generator,load,CH0 0,EV battery,2.66547
Generator,load,CH0 0,H2,2.56364
Generator,load,CH0 0,battery,0.0
Generator,load,CH0 0,home battery,0.0
Generator,load,CH0 0,low voltage,0.0
Generator,load,CH0 0,residential rural heat,0.0
Generator,load,CH0 0,residential urban decentral heat,0.0
Generator,load,CH0 0,services rural heat,0.0
Generator,load,CH0 0,services urban decentral heat,0.0
Generator,load,CH0 0,urban central heat,0.0
Generator,load,CZ0 0,AC,0.0
Generator,load,CZ0 0,EV battery,2.69382
Generator,load,CZ0 0,H2,2.56531
Generator,load,CZ0 0,battery,0.0
Generator,load,CZ0 0,home battery,0.0
Generator,load,CZ0 0,low voltage,0.0
Generator,load,CZ0 0,residential rural heat,0.0
Generator,load,CZ0 0,residential urban decentral heat,0.0
Generator,load,CZ0 0,services rural heat,0.0
Generator,load,CZ0 0,services urban decentral heat,0.0
Generator,load,CZ0 0,urban central heat,0.0
Generator,load,DE0 0,AC,0.0
Generator,load,DE0 0,EV battery,2.70012
Generator,load,DE0 0,H2,2.56586
Generator,load,DE0 0,battery,0.0
Generator,load,DE0 0,home battery,0.0
Generator,load,DE0 0,low voltage,0.0
Generator,load,DE0 0,residential rural heat,0.0
Generator,load,DE0 0,residential urban decentral heat,0.0
Generator,load,DE0 0,services rural heat,0.0
Generator,load,DE0 0,services urban decentral heat,0.0
Generator,load,DE0 0,urban central heat,0.0
Generator,load,DE0 1,AC,0.0
Generator,load,DE0 1,EV battery,2.70032
Generator,load,DE0 1,H2,2.56612
Generator,load,DE0 1,battery,0.0
Generator,load,DE0 1,home battery,0.0
Generator,load,DE0 1,low voltage,0.0
Generator,load,DE0 1,residential rural heat,0.0
Generator,load,DE0 1,residential urban decentral heat,0.0
Generator,load,DE0 1,services rural heat,0.0
Generator,load,DE0 1,services urban decentral heat,0.0
Generator,load,DE0 1,urban central heat,0.0
Generator,load,DK0 0,AC,2.52225
Generator,load,DK0 0,EV battery,2.66015
Generator,load,DK0 0,H2,2.56661
Generator,load,DK0 0,battery,2.56121
Generator,load,DK0 0,home battery,2.56415
Generator,load,DK0 0,low voltage,2.52687
Generator,load,DK0 0,residential rural heat,0.0
Generator,load,DK0 0,residential urban decentral heat,0.0
Generator,load,DK0 0,services rural heat,0.0
Generator,load,DK0 0,services urban decentral heat,0.0
Generator,load,DK0 0,urban central heat,0.0
Generator,load,DK1 0,AC,2.58941
Generator,load,DK1 0,EV battery,2.6266
Generator,load,DK1 0,H2,2.56667
Generator,load,DK1 0,battery,2.59057
Generator,load,DK1 0,home battery,2.61784
Generator,load,DK1 0,low voltage,2.5927
Generator,load,DK1 0,residential rural heat,0.0
Generator,load,DK1 0,residential urban decentral heat,0.0
Generator,load,DK1 0,services rural heat,0.0
Generator,load,DK1 0,services urban decentral heat,0.0
Generator,load,DK1 0,urban central heat,0.0
Generator,load,EE0 0,AC,2.54474
Generator,load,EE0 0,EV battery,2.56009
Generator,load,EE0 0,H2,2.56811
Generator,load,EE0 0,battery,2.54796
Generator,load,EE0 0,home battery,2.58703
Generator,load,EE0 0,low voltage,2.55415
Generator,load,EE0 0,residential rural heat,0.0
Generator,load,EE0 0,residential urban decentral heat,0.0
Generator,load,EE0 0,services rural heat,0.0
Generator,load,EE0 0,services urban decentral heat,0.0
Generator,load,EE0 0,urban central heat,0.0
Generator,load,ES0 0,AC,0.0
Generator,load,ES0 0,EV battery,2.69677
Generator,load,ES0 0,H2,2.57098
Generator,load,ES0 0,battery,0.0
Generator,load,ES0 0,home battery,0.0
Generator,load,ES0 0,low voltage,0.0
Generator,load,ES0 0,residential rural heat,0.0
Generator,load,ES0 0,residential urban decentral heat,0.0
Generator,load,ES0 0,services rural heat,0.0
Generator,load,ES0 0,services urban decentral heat,0.0
Generator,load,ES0 0,urban central heat,0.0
Generator,load,ES6 0,AC,0.0
Generator,load,ES6 0,EV battery,2.39489
Generator,load,ES6 0,H2,2.57221
Generator,load,ES6 0,battery,0.0
Generator,load,ES6 0,home battery,0.0
Generator,load,ES6 0,low voltage,0.0
Generator,load,ES6 0,residential rural heat,0.0
Generator,load,ES6 0,residential urban decentral heat,0.0
Generator,load,ES6 0,services rural heat,0.0
Generator,load,ES6 0,services urban decentral heat,0.0
Generator,load,ES6 0,urban central heat,0.0
Generator,load,EU,biogas,0.0
Generator,load,EU,co2,0.0
Generator,load,EU,co2 sequestered,21.04022
Generator,load,EU,co2 stored,24.84583
Generator,load,EU,coal,38154164.52751
Generator,load,EU,coal for industry,67907755.5104
Generator,load,EU,gas,37319579.17761
Generator,load,EU,gas for industry,473630525.28666
Generator,load,EU,industry methanol,2.28895
Generator,load,EU,land transport oil,2.76257
Generator,load,EU,methanol,1.72452
Generator,load,EU,naphtha for industry,1.25359
Generator,load,EU,non-sequestered HVC,69.35771
Generator,load,EU,none,0.0
Generator,load,EU,oil,2.59222
Generator,load,EU,process emissions,14.4011
Generator,load,EU,solid biomass,2.52223
Generator,load,EU,solid biomass for industry,2.68547
Generator,load,FI1 0,AC,0.0
Generator,load,FI1 0,EV battery,2.66961
Generator,load,FI1 0,H2,2.56756
Generator,load,FI1 0,battery,0.0
Generator,load,FI1 0,home battery,0.0
Generator,load,FI1 0,low voltage,0.0
Generator,load,FI1 0,residential rural heat,0.0
Generator,load,FI1 0,residential urban decentral heat,0.0
Generator,load,FI1 0,services rural heat,0.0
Generator,load,FI1 0,services urban decentral heat,0.0
Generator,load,FI1 0,urban central heat,0.0
Generator,load,FR0 0,AC,0.0
Generator,load,FR0 0,EV battery,2.70269
Generator,load,FR0 0,H2,2.56592
Generator,load,FR0 0,battery,0.0
Generator,load,FR0 0,home battery,0.0
Generator,load,FR0 0,low voltage,0.0
Generator,load,FR0 0,residential rural heat,0.0
Generator,load,FR0 0,residential urban decentral heat,0.0
Generator,load,FR0 0,services rural heat,0.0
Generator,load,FR0 0,services urban decentral heat,0.0
Generator,load,FR0 0,urban central heat,0.0
Generator,load,FR5 0,AC,2.52397
Generator,load,FR5 0,EV battery,1.99903
Generator,load,FR5 0,H2,2.51794
Generator,load,FR5 0,battery,2.5344
Generator,load,FR5 0,home battery,2.5653
Generator,load,FR5 0,low voltage,2.56543
Generator,load,FR5 0,residential rural heat,0.0
Generator,load,FR5 0,residential urban decentral heat,0.0
Generator,load,FR5 0,services rural heat,0.0
Generator,load,FR5 0,services urban decentral heat,0.0
Generator,load,GB2 0,AC,0.0
Generator,load,GB2 0,EV battery,2.70062
Generator,load,GB2 0,H2,2.56658
Generator,load,GB2 0,battery,0.0
Generator,load,GB2 0,home battery,0.0
Generator,load,GB2 0,low voltage,0.0
Generator,load,GB2 0,residential rural heat,0.0
Generator,load,GB2 0,residential urban decentral heat,0.0
Generator,load,GB2 0,services rural heat,0.0
Generator,load,GB2 0,services urban decentral heat,0.0
Generator,load,GB2 0,urban central heat,0.0
Generator,load,GB3 0,AC,0.0
Generator,load,GB3 0,EV battery,2.56917
Generator,load,GB3 0,H2,2.56722
Generator,load,GB3 0,battery,0.0
Generator,load,GB3 0,home battery,0.0
Generator,load,GB3 0,low voltage,0.0
Generator,load,GB3 0,residential rural heat,0.0
Generator,load,GB3 0,residential urban decentral heat,0.0
Generator,load,GB3 0,services rural heat,0.0
Generator,load,GB3 0,services urban decentral heat,0.0
Generator,load,GB3 0,urban central heat,0.0
Generator,load,GR0 0,AC,2.46202
Generator,load,GR0 0,EV battery,2.68811
Generator,load,GR0 0,H2,2.56308
Generator,load,GR0 0,battery,2.51332
Generator,load,GR0 0,home battery,2.51286
Generator,load,GR0 0,low voltage,2.46386
Generator,load,GR0 0,residential rural heat,0.0
Generator,load,GR0 0,residential urban decentral heat,0.0
Generator,load,GR0 0,services rural heat,0.0
Generator,load,GR0 0,services urban decentral heat,0.0
Generator,load,GR0 0,urban central heat,0.0
Generator,load,HR0 0,AC,2.60074
Generator,load,HR0 0,EV battery,2.64582
Generator,load,HR0 0,H2,2.56166
Generator,load,HR0 0,battery,2.60083
Generator,load,HR0 0,home battery,2.62692
Generator,load,HR0 0,low voltage,2.6013
Generator,load,HR0 0,residential rural heat,0.0
Generator,load,HR0 0,residential urban decentral heat,0.0
Generator,load,HR0 0,services rural heat,0.0
Generator,load,HR0 0,services urban decentral heat,0.0
Generator,load,HR0 0,urban central heat,0.0
Generator,load,HU0 0,AC,0.0
Generator,load,HU0 0,EV battery,2.67539
Generator,load,HU0 0,H2,2.56314
Generator,load,HU0 0,battery,0.0
Generator,load,HU0 0,home battery,0.0
Generator,load,HU0 0,low voltage,0.0
Generator,load,HU0 0,residential rural heat,0.0
Generator,load,HU0 0,residential urban decentral heat,0.0
Generator,load,HU0 0,services rural heat,0.0
Generator,load,HU0 0,services urban decentral heat,0.0
Generator,load,HU0 0,urban central heat,0.0
Generator,load,IE3 0,AC,2.43956
Generator,load,IE3 0,EV battery,2.67286
Generator,load,IE3 0,H2,2.5667
Generator,load,IE3 0,battery,2.44115
Generator,load,IE3 0,home battery,2.50236
Generator,load,IE3 0,low voltage,2.44839
Generator,load,IE3 0,residential rural heat,0.0
Generator,load,IE3 0,residential urban decentral heat,0.0
Generator,load,IE3 0,services rural heat,0.0
Generator,load,IE3 0,services urban decentral heat,0.0
Generator,load,IE3 0,urban central heat,0.0
Generator,load,IT0 0,AC,0.0
Generator,load,IT0 0,EV battery,2.69787
Generator,load,IT0 0,H2,2.48601
Generator,load,IT0 0,battery,0.0
Generator,load,IT0 0,home battery,0.0
Generator,load,IT0 0,low voltage,0.0
Generator,load,IT0 0,residential rural heat,0.0
Generator,load,IT0 0,residential urban decentral heat,0.0
Generator,load,IT0 0,services rural heat,0.0
Generator,load,IT0 0,services urban decentral heat,0.0
Generator,load,IT0 0,urban central heat,0.0
Generator,load,IT4 0,AC,2.49817
Generator,load,IT4 0,EV battery,2.56738
Generator,load,IT4 0,H2,2.49613
Generator,load,IT4 0,battery,2.50029
Generator,load,IT4 0,home battery,2.54104
Generator,load,IT4 0,low voltage,2.50212
Generator,load,IT4 0,residential rural heat,0.0
Generator,load,IT4 0,residential urban decentral heat,0.0
Generator,load,IT4 0,services rural heat,0.0
Generator,load,IT4 0,services urban decentral heat,0.0
Generator,load,IT4 0,urban central heat,0.0
Generator,load,LT0 0,AC,0.0
Generator,load,LT0 0,EV battery,2.63712
Generator,load,LT0 0,H2,2.56636
Generator,load,LT0 0,battery,0.0
Generator,load,LT0 0,home battery,0.0
Generator,load,LT0 0,low voltage,0.0
Generator,load,LT0 0,residential rural heat,0.0
Generator,load,LT0 0,residential urban decentral heat,0.0
Generator,load,LT0 0,services rural heat,0.0
Generator,load,LT0 0,services urban decentral heat,0.0
Generator,load,LT0 0,urban central heat,0.0
Generator,load,LU0 0,AC,2.62875
Generator,load,LU0 0,EV battery,2.59393
Generator,load,LU0 0,H2,2.56524
Generator,load,LU0 0,battery,2.6402
Generator,load,LU0 0,home battery,2.67279
Generator,load,LU0 0,low voltage,2.64574
Generator,load,LU0 0,residential rural heat,0.0
Generator,load,LU0 0,residential urban decentral heat,0.0
Generator,load,LU0 0,services rural heat,0.0
Generator,load,LU0 0,services urban decentral heat,0.0
Generator,load,LU0 0,urban central heat,0.0
Generator,load,LV0 0,AC,2.53922
Generator,load,LV0 0,EV battery,2.59314
Generator,load,LV0 0,H2,2.56655
Generator,load,LV0 0,battery,2.54116
Generator,load,LV0 0,home battery,2.58333
Generator,load,LV0 0,low voltage,2.5478
Generator,load,LV0 0,residential rural heat,0.0
Generator,load,LV0 0,residential urban decentral heat,0.0
Generator,load,LV0 0,services rural heat,0.0
Generator,load,LV0 0,services urban decentral heat,0.0
Generator,load,LV0 0,urban central heat,0.0
Generator,load,ME0 0,AC,2.61068
Generator,load,ME0 0,EV battery,2.14595
Generator,load,ME0 0,H2,2.56072
Generator,load,ME0 0,battery,2.61067
Generator,load,ME0 0,home battery,2.64073
Generator,load,ME0 0,low voltage,2.61303
Generator,load,ME0 0,residential rural heat,0.0
Generator,load,ME0 0,residential urban decentral heat,0.0
Generator,load,ME0 0,services rural heat,0.0
Generator,load,ME0 0,services urban decentral heat,0.0
Generator,load,ME0 0,urban central heat,0.0
Generator,load,MK0 0,AC,2.6378
Generator,load,MK0 0,EV battery,2.54661
Generator,load,MK0 0,H2,2.484
Generator,load,MK0 0,battery,2.65677
Generator,load,MK0 0,home battery,2.68066
Generator,load,MK0 0,low voltage,2.65218
Generator,load,MK0 0,residential rural heat,0.0
Generator,load,MK0 0,residential urban decentral heat,0.0
Generator,load,MK0 0,services rural heat,0.0
Generator,load,MK0 0,services urban decentral heat,0.0
Generator,load,MK0 0,urban central heat,0.0
Generator,load,NL0 0,AC,0.0
Generator,load,NL0 0,EV battery,2.70663
Generator,load,NL0 0,H2,2.56623
Generator,load,NL0 0,battery,0.0
Generator,load,NL0 0,home battery,0.0
Generator,load,NL0 0,low voltage,0.0
Generator,load,NL0 0,residential rural heat,0.0
Generator,load,NL0 0,residential urban decentral heat,0.0
Generator,load,NL0 0,services rural heat,0.0
Generator,load,NL0 0,services urban decentral heat,0.0
Generator,load,NL0 0,urban central heat,0.0
Generator,load,NO1 0,AC,2.48347
Generator,load,NO1 0,EV battery,2.65551
Generator,load,NO1 0,H2,2.56693
Generator,load,NO1 0,battery,2.53702
Generator,load,NO1 0,home battery,2.53951
Generator,load,NO1 0,low voltage,2.50186
Generator,load,NO1 0,residential rural heat,0.0
Generator,load,NO1 0,residential urban decentral heat,0.0
Generator,load,NO1 0,services rural heat,0.0
Generator,load,NO1 0,services urban decentral heat,0.0
Generator,load,NO1 0,urban central heat,0.0
Generator,load,PL0 0,AC,2.44545
Generator,load,PL0 0,EV battery,2.70748
Generator,load,PL0 0,H2,2.56636
Generator,load,PL0 0,battery,2.49258
Generator,load,PL0 0,home battery,2.49414
Generator,load,PL0 0,low voltage,2.45166
Generator,load,PL0 0,residential rural heat,0.0
Generator,load,PL0 0,residential urban decentral heat,0.0
Generator,load,PL0 0,services rural heat,0.0
Generator,load,PL0 0,services urban decentral heat,0.0
Generator,load,PL0 0,urban central heat,0.0
Generator,load,PT0 0,AC,2.51589
Generator,load,PT0 0,EV battery,2.69671
Generator,load,PT0 0,H2,2.57263
Generator,load,PT0 0,battery,2.5166
Generator,load,PT0 0,home battery,2.52852
Generator,load,PT0 0,low voltage,2.49098
Generator,load,PT0 0,residential rural heat,0.0
Generator,load,PT0 0,residential urban decentral heat,0.0
Generator,load,PT0 0,services rural heat,0.0
Generator,load,PT0 0,services urban decentral heat,0.0
Generator,load,PT0 0,urban central heat,0.0
Generator,load,RO0 0,AC,0.0
Generator,load,RO0 0,EV battery,2.6937
Generator,load,RO0 0,H2,2.56366
Generator,load,RO0 0,battery,0.0
Generator,load,RO0 0,home battery,0.0
Generator,load,RO0 0,low voltage,0.0
Generator,load,RO0 0,residential rural heat,0.0
Generator,load,RO0 0,residential urban decentral heat,0.0
Generator,load,RO0 0,services rural heat,0.0
Generator,load,RO0 0,services urban decentral heat,0.0
Generator,load,RO0 0,urban central heat,0.0
Generator,load,RS0 0,AC,2.64201
Generator,load,RS0 0,EV battery,2.63207
Generator,load,RS0 0,H2,2.5626
Generator,load,RS0 0,battery,2.63795
Generator,load,RS0 0,home battery,2.67201
Generator,load,RS0 0,low voltage,2.64286
Generator,load,RS0 0,residential rural heat,0.0
Generator,load,RS0 0,residential urban decentral heat,0.0
Generator,load,RS0 0,services rural heat,0.0
Generator,load,RS0 0,services urban decentral heat,0.0
Generator,load,RS0 0,urban central heat,0.0
Generator,load,SE1 0,AC,0.0
Generator,load,SE1 0,EV battery,2.68537
Generator,load,SE1 0,H2,2.5668
Generator,load,SE1 0,battery,0.0
Generator,load,SE1 0,home battery,0.0
Generator,load,SE1 0,low voltage,0.0
Generator,load,SE1 0,residential rural heat,0.0
Generator,load,SE1 0,residential urban decentral heat,0.0
Generator,load,SE1 0,services rural heat,0.0
Generator,load,SE1 0,services urban decentral heat,0.0
Generator,load,SE1 0,urban central heat,0.0
Generator,load,SI0 0,AC,0.0
Generator,load,SI0 0,EV battery,2.61975
Generator,load,SI0 0,H2,2.56263
Generator,load,SI0 0,battery,0.0
Generator,load,SI0 0,home battery,0.0
Generator,load,SI0 0,low voltage,0.0
Generator,load,SI0 0,residential rural heat,0.0
Generator,load,SI0 0,residential urban decentral heat,0.0
Generator,load,SI0 0,services rural heat,0.0
Generator,load,SI0 0,services urban decentral heat,0.0
Generator,load,SI0 0,urban central heat,0.0
Generator,load,SK0 0,AC,0.0
Generator,load,SK0 0,EV battery,2.64876
Generator,load,SK0 0,H2,2.5651
Generator,load,SK0 0,battery,0.0
Generator,load,SK0 0,home battery,0.0
Generator,load,SK0 0,low voltage,0.0
Generator,load,SK0 0,residential rural heat,0.0
Generator,load,SK0 0,residential urban decentral heat,0.0
Generator,load,SK0 0,services rural heat,0.0
Generator,load,SK0 0,services urban decentral heat,0.0
Generator,load,SK0 0,urban central heat,0.0
Generator,load,XK0 0,AC,2.63133
Generator,load,XK0 0,EV battery,2.40502
Generator,load,XK0 0,H2,2.48388
Generator,load,XK0 0,battery,2.65015
Generator,load,XK0 0,home battery,2.68061
Generator,load,XK0 0,low voltage,2.64705
Generator,load,XK0 0,residential rural heat,0.0
Generator,load,XK0 0,residential urban decentral heat,0.0
Generator,load,XK0 0,services rural heat,0.0
Generator,load,XK0 0,services urban decentral heat,0.0
Generator,load,XK0 0,urban central heat,0.0
Generator,nuclear,BE0 0,AC,22852342.45147
Generator,nuclear,BG0 0,AC,6297830.58071
Generator,nuclear,CH0 0,AC,9497149.48639
Generator,nuclear,CZ0 0,AC,14824051.25301
Generator,nuclear,DE0 0,AC,63204132.07149
Generator,nuclear,DE0 1,AC,31465896.75307
Generator,nuclear,ES0 0,AC,9868794.32549
Generator,nuclear,ES6 0,AC,6288699.61851
Generator,nuclear,FI1 0,AC,16914338.05426
Generator,nuclear,FR0 0,AC,129916501.89033
Generator,nuclear,GB2 0,AC,39757308.35642
Generator,nuclear,GB3 0,AC,7367312.79959
Generator,nuclear,HU0 0,AC,6233519.05758
Generator,nuclear,IT0 0,AC,4848966.24593
Generator,nuclear,LT0 0,AC,11480164.65869
Generator,nuclear,NL0 0,AC,237921.04169
Generator,nuclear,RO0 0,AC,4114909.23812
Generator,nuclear,SE1 0,AC,33298117.72976
Generator,nuclear,SI0 0,AC,2201226.42379
Generator,nuclear,SK0 0,AC,6731778.92173
Generator,offwind-ac,AL0 0,AC,3375393.55714
Generator,offwind-ac,BA0 0,AC,1263.85941
Generator,offwind-ac,BE0 0,AC,9490578.26689
Generator,offwind-ac,BG0 0,AC,33073.98725
Generator,offwind-ac,DE0 0,AC,33097344.41208
Generator,offwind-ac,DE0 1,AC,9114857.05873
Generator,offwind-ac,DK0 0,AC,6523897.54914
Generator,offwind-ac,DK1 0,AC,38073968.08728
Generator,offwind-ac,EE0 0,AC,55792.9146
Generator,offwind-ac,ES0 0,AC,46741.70819
Generator,offwind-ac,ES6 0,AC,7226.49167
Generator,offwind-ac,FI1 0,AC,257311.76031
Generator,offwind-ac,FR0 0,AC,9391492.35759
Generator,offwind-ac,FR5 0,AC,9431.96944
Generator,offwind-ac,GB2 0,AC,513388899.14943
Generator,offwind-ac,GB3 0,AC,22346016.84735
Generator,offwind-ac,GR0 0,AC,15339.43883
Generator,offwind-ac,HR0 0,AC,20055.55928
Generator,offwind-ac,IE3 0,AC,105520681.77392
Generator,offwind-ac,IT0 0,AC,45779.14358
Generator,offwind-ac,IT4 0,AC,22477.58842
Generator,offwind-ac,LT0 0,AC,54961.9799
Generator,offwind-ac,LV0 0,AC,64013.97828
Generator,offwind-ac,ME0 0,AC,31669.0304
Generator,offwind-ac,NL0 0,AC,24473029.21986
Generator,offwind-ac,NO1 0,AC,6510506.5178
Generator,offwind-ac,PL0 0,AC,27854765.4665
Generator,offwind-ac,PT0 0,AC,71992.19826
Generator,offwind-ac,RO0 0,AC,5221006.74287
Generator,offwind-ac,SE1 0,AC,742128.27648
Generator,offwind-ac,SI0 0,AC,3420.10224
Generator,offwind-dc,AL0 0,AC,15731690.75075
Generator,offwind-dc,BE0 0,AC,3932483.39905
Generator,offwind-dc,BG0 0,AC,55282.48064
Generator,offwind-dc,DE0 0,AC,55088.08553
Generator,offwind-dc,DE0 1,AC,1167672.57203
Generator,offwind-dc,DK0 0,AC,53822.20376
Generator,offwind-dc,DK1 0,AC,12952894.91141
Generator,offwind-dc,EE0 0,AC,39993.90044
Generator,offwind-dc,ES0 0,AC,32746.58703
Generator,offwind-dc,ES6 0,AC,10483.42277
Generator,offwind-dc,FI1 0,AC,146086709.87812
Generator,offwind-dc,FR0 0,AC,606338800.79263
Generator,offwind-dc,FR5 0,AC,18742.14038
Generator,offwind-dc,GB2 0,AC,59675.25218
Generator,offwind-dc,GB3 0,AC,74995.53881
Generator,offwind-dc,GR0 0,AC,21024.65494
Generator,offwind-dc,HR0 0,AC,29504.28114
Generator,offwind-dc,IE3 0,AC,415345.85277
Generator,offwind-dc,IT0 0,AC,74271075.81117
Generator,offwind-dc,IT4 0,AC,45581.1862
Generator,offwind-dc,LT0 0,AC,17223219.60323
Generator,offwind-dc,LV0 0,AC,140231.54769
Generator,offwind-dc,ME0 0,AC,6825963.25312
Generator,offwind-dc,NL0 0,AC,44058.65533
Generator,offwind-dc,NO1 0,AC,761446.6997
Generator,offwind-dc,PL0 0,AC,80401388.38557
Generator,offwind-dc,PT0 0,AC,28435.28646
Generator,offwind-dc,RO0 0,AC,51518880.61985
Generator,offwind-dc,SE1 0,AC,54979600.0925
Generator,onwind,AL0 0,AC,99565.26953
Generator,onwind,AT0 0,AC,3322061.12181
Generator,onwind,BA0 0,AC,150186.64658
Generator,onwind,BE0 0,AC,5647748.39239
Generator,onwind,BG0 0,AC,666502.83954
Generator,onwind,CH0 0,AC,24459.59027
Generator,onwind,CZ0 0,AC,463393.30565
Generator,onwind,DE0 0,AC,63877848.04433
Generator,onwind,DE0 1,AC,40872160.84082
Generator,onwind,DK0 0,AC,170508089.46532
Generator,onwind,DK1 0,AC,62534949.96383
Generator,onwind,EE0 0,AC,40446323.56664
Generator,onwind,ES0 0,AC,54384323.6924
Generator,onwind,ES6 0,AC,5786177.81923
Generator,onwind,FI1 0,AC,16726595.39739
Generator,onwind,FR0 0,AC,44159391.57677
Generator,onwind,FR5 0,AC,25701.85989
Generator,onwind,GB2 0,AC,758604321.14073
Generator,onwind,GB3 0,AC,69488142.21442
Generator,onwind,GR0 0,AC,9087027.2834
Generator,onwind,HR0 0,AC,894294.262
Generator,onwind,HU0 0,AC,25805221.65528
Generator,onwind,IE3 0,AC,11455946.70426
Generator,onwind,IT0 0,AC,8535818.78769
Generator,onwind,IT4 0,AC,72742480.95871
Generator,onwind,LT0 0,AC,2192279.53654
Generator,onwind,LU0 0,AC,271063.03949
Generator,onwind,LV0 0,AC,183016.34594
Generator,onwind,ME0 0,AC,34140.0439
Generator,onwind,MK0 0,AC,13378.48673
Generator,onwind,NL0 0,AC,120975923.04653
Generator,onwind,NO1 0,AC,9590222.32277
Generator,onwind,PL0 0,AC,122361783.2316
Generator,onwind,PT0 0,AC,7310757.13302
Generator,onwind,RO0 0,AC,5752993.67042
Generator,onwind,RS0 0,AC,679609.27345
Generator,onwind,SE1 0,AC,31709027.7988
Generator,onwind,SI0 0,AC,1756.55409
Generator,onwind,SK0 0,AC,25060.53649
Generator,onwind,XK0 0,AC,40480.9091
Generator,residential rural solar thermal,AL0 0,residential rural heat,2214.87688
Generator,residential rural solar thermal,AT0 0,residential rural heat,1928.87562
Generator,residential rural solar thermal,BA0 0,residential rural heat,1672.34001
Generator,residential rural solar thermal,BE0 0,residential rural heat,693.47707
Generator,residential rural solar thermal,BG0 0,residential rural heat,1779.49178
Generator,residential rural solar thermal,CH0 0,residential rural heat,2038.96085
Generator,residential rural solar thermal,CZ0 0,residential rural heat,939.67155
Generator,residential rural solar thermal,DE0 0,residential rural heat,1291.57956
Generator,residential rural solar thermal,DE0 1,residential rural heat,1543.19514
Generator,residential rural solar thermal,DK0 0,residential rural heat,678.25224
Generator,residential rural solar thermal,DK1 0,residential rural heat,693.53705
Generator,residential rural solar thermal,EE0 0,residential rural heat,727.425
Generator,residential rural solar thermal,ES0 0,residential rural heat,5384.14308
Generator,residential rural solar thermal,ES6 0,residential rural heat,1619.96726
Generator,residential rural solar thermal,FI1 0,residential rural heat,238.42283
Generator,residential rural solar thermal,FR0 0,residential rural heat,3052.06001
Generator,residential rural solar thermal,FR5 0,residential rural heat,1814.58155
Generator,residential rural solar thermal,GB2 0,residential rural heat,1215.86654
Generator,residential rural solar thermal,GB3 0,residential rural heat,583.75665
Generator,residential rural solar thermal,GR0 0,residential rural heat,2922.51474
Generator,residential rural solar thermal,HR0 0,residential rural heat,1776.98624
Generator,residential rural solar thermal,HU0 0,residential rural heat,1520.96134
Generator,residential rural solar thermal,IE3 0,residential rural heat,792.69558
Generator,residential rural solar thermal,IT0 0,residential rural heat,5167.29515
Generator,residential rural solar thermal,IT4 0,residential rural heat,3065.54855
Generator,residential rural solar thermal,LT0 0,residential rural heat,729.54721
Generator,residential rural solar thermal,LU0 0,residential rural heat,494.74277
Generator,residential rural solar thermal,LV0 0,residential rural heat,831.13693
Generator,residential rural solar thermal,ME0 0,residential rural heat,1458.58695
Generator,residential rural solar thermal,MK0 0,residential rural heat,1809.1349
Generator,residential rural solar thermal,NL0 0,residential rural heat,802.88297
Generator,residential rural solar thermal,NO1 0,residential rural heat,364.82953
Generator,residential rural solar thermal,PL0 0,residential rural heat,1648.0678
Generator,residential rural solar thermal,PT0 0,residential rural heat,2964.51014
Generator,residential rural solar thermal,RO0 0,residential rural heat,2373.1446
Generator,residential rural solar thermal,RS0 0,residential rural heat,1880.1993
Generator,residential rural solar thermal,SE1 0,residential rural heat,583.54725
Generator,residential rural solar thermal,SI0 0,residential rural heat,1155.08285
Generator,residential rural solar thermal,SK0 0,residential rural heat,1136.77305
Generator,residential rural solar thermal,XK0 0,residential rural heat,1207.60752
Generator,residential urban decentral solar thermal,AL0 0,residential urban decentral heat,2348.86156
Generator,residential urban decentral solar thermal,AT0 0,residential urban decentral heat,1995.25186
Generator,residential urban decentral solar thermal,BA0 0,residential urban decentral heat,1650.80725
Generator,residential urban decentral solar thermal,BE0 0,residential urban decentral heat,1345.12975
Generator,residential urban decentral solar thermal,BG0 0,residential urban decentral heat,2209.96437
Generator,residential urban decentral solar thermal,CH0 0,residential urban decentral heat,2885.92643
Generator,residential urban decentral solar thermal,CZ0 0,residential urban decentral heat,1141.82048
Generator,residential urban decentral solar thermal,DE0 0,residential urban decentral heat,1775.30996
Generator,residential urban decentral solar thermal,DE0 1,residential urban decentral heat,1659.83048
Generator,residential urban decentral solar thermal,DK0 0,residential urban decentral heat,1079.24134
Generator,residential urban decentral solar thermal,DK1 0,residential urban decentral heat,1114.11451
Generator,residential urban decentral solar thermal,EE0 0,residential urban decentral heat,795.53487
Generator,residential urban decentral solar thermal,ES0 0,residential urban decentral heat,7611.32118
Generator,residential urban decentral solar thermal,ES6 0,residential urban decentral heat,2101.78375
Generator,residential urban decentral solar thermal,FI1 0,residential urban decentral heat,321.7024
Generator,residential urban decentral solar thermal,FR0 0,residential urban decentral heat,3932.84345
Generator,residential urban decentral solar thermal,FR5 0,residential urban decentral heat,0.0
Generator,residential urban decentral solar thermal,GB2 0,residential urban decentral heat,1538.29426
Generator,residential urban decentral solar thermal,GB3 0,residential urban decentral heat,517.71494
Generator,residential urban decentral solar thermal,GR0 0,residential urban decentral heat,4138.70262
Generator,residential urban decentral solar thermal,HR0 0,residential urban decentral heat,1857.25963
Generator,residential urban decentral solar thermal,HU0 0,residential urban decentral heat,1781.01171
Generator,residential urban decentral solar thermal,IE3 0,residential urban decentral heat,940.96729
Generator,residential urban decentral solar thermal,IT0 0,residential urban decentral heat,6199.86183
Generator,residential urban decentral solar thermal,IT4 0,residential urban decentral heat,2546.41821
Generator,residential urban decentral solar thermal,LT0 0,residential urban decentral heat,791.27289
Generator,residential urban decentral solar thermal,LU0 0,residential urban decentral heat,773.56651
Generator,residential urban decentral solar thermal,LV0 0,residential urban decentral heat,900.17285
Generator,residential urban decentral solar thermal,ME0 0,residential urban decentral heat,1567.81137
Generator,residential urban decentral solar thermal,MK0 0,residential urban decentral heat,1957.52203
Generator,residential urban decentral solar thermal,NL0 0,residential urban decentral heat,1530.27702
Generator,residential urban decentral solar thermal,NO1 0,residential urban decentral heat,550.03636
Generator,residential urban decentral solar thermal,PL0 0,residential urban decentral heat,1681.6288
Generator,residential urban decentral solar thermal,PT0 0,residential urban decentral heat,3498.97295
Generator,residential urban decentral solar thermal,RO0 0,residential urban decentral heat,2385.27631
Generator,residential urban decentral solar thermal,RS0 0,residential urban decentral heat,1834.61429
Generator,residential urban decentral solar thermal,SE1 0,residential urban decentral heat,839.92684
Generator,residential urban decentral solar thermal,SI0 0,residential urban decentral heat,1210.5878
Generator,residential urban decentral solar thermal,SK0 0,residential urban decentral heat,1173.36431
Generator,residential urban decentral solar thermal,XK0 0,residential urban decentral heat,1273.94866
Generator,ror,AL0 0,AC,136773.04296
Generator,ror,AT0 0,AC,17211133.58994
Generator,ror,BE0 0,AC,263907.08055
Generator,ror,BG0 0,AC,170527.80028
Generator,ror,CH0 0,AC,9149151.76465
Generator,ror,CZ0 0,AC,133996.86753
Generator,ror,DE0 0,AC,6591289.27129
Generator,ror,DE0 1,AC,14582943.3865
Generator,ror,ES0 0,AC,226135.54227
Generator,ror,ES6 0,AC,267871.75164
Generator,ror,FI1 0,AC,6742866.28568
Generator,ror,FR0 0,AC,28174658.54065
Generator,ror,FR5 0,AC,487013.12822
Generator,ror,GB2 0,AC,2362285.39233
Generator,ror,GB3 0,AC,1460095.06843
Generator,ror,GR0 0,AC,193089.24435
Generator,ror,HR0 0,AC,1140222.39879
Generator,ror,HU0 0,AC,64721.75118
Generator,ror,IE3 0,AC,485113.74598
Generator,ror,IT0 0,AC,29013430.59233
Generator,ror,IT4 0,AC,394136.67964
Generator,ror,LT0 0,AC,475062.86067
Generator,ror,LV0 0,AC,2701605.44881
Generator,ror,ME0 0,AC,21493.32234
Generator,ror,MK0 0,AC,412676.65299
Generator,ror,NO1 0,AC,4268244.96701
Generator,ror,PL0 0,AC,1120207.54283
Generator,ror,PT0 0,AC,6219059.79196
Generator,ror,RO0 0,AC,6113762.44227
Generator,ror,RS0 0,AC,6561669.02403
Generator,ror,SE1 0,AC,6220932.54275
Generator,ror,SI0 0,AC,1935085.45095
Generator,ror,SK0 0,AC,3375866.34413
Generator,ror,XK0 0,AC,49807.66049
Generator,services rural solar thermal,AL0 0,services rural heat,1892.1638
Generator,services rural solar thermal,AT0 0,services rural heat,1422.57853
Generator,services rural solar thermal,BA0 0,services rural heat,1334.26796
Generator,services rural solar thermal,BE0 0,services rural heat,606.46903
Generator,services rural solar thermal,BG0 0,services rural heat,1527.37945
Generator,services rural solar thermal,CH0 0,services rural heat,1630.9505
Generator,services rural solar thermal,CZ0 0,services rural heat,700.09255
Generator,services rural solar thermal,DE0 0,services rural heat,987.19165
Generator,services rural solar thermal,DE0 1,services rural heat,1185.64773
Generator,services rural solar thermal,DK0 0,services rural heat,544.38983
Generator,services rural solar thermal,DK1 0,services rural heat,578.26589
Generator,services rural solar thermal,EE0 0,services rural heat,618.23586
Generator,services rural solar thermal,ES0 0,services rural heat,4126.51629
Generator,services rural solar thermal,ES6 0,services rural heat,1422.36148
Generator,services rural solar thermal,FI1 0,services rural heat,186.6552
Generator,services rural solar thermal,FR0 0,services rural heat,2551.4166
Generator,services rural solar thermal,FR5 0,services rural heat,1631.15501
Generator,services rural solar thermal,GB2 0,services rural heat,922.16637
Generator,services rural solar thermal,GB3 0,services rural heat,467.26923
Generator,services rural solar thermal,GR0 0,services rural heat,2585.91213
Generator,services rural solar thermal,HR0 0,services rural heat,1400.94117
Generator,services rural solar thermal,HU0 0,services rural heat,1196.89396
Generator,services rural solar thermal,IE3 0,services rural heat,630.14906
Generator,services rural solar thermal,IT0 0,services rural heat,4375.27592
Generator,services rural solar thermal,IT4 0,services rural heat,2702.61907
Generator,services rural solar thermal,LT0 0,services rural heat,636.14044
Generator,services rural solar thermal,LU0 0,services rural heat,462.42756
Generator,services rural solar thermal,LV0 0,services rural heat,692.1952
Generator,services rural solar thermal,ME0 0,services rural heat,1149.96808
Generator,services rural solar thermal,MK0 0,services rural heat,1548.56752
Generator,services rural solar thermal,NL0 0,services rural heat,699.60466
Generator,services rural solar thermal,NO1 0,services rural heat,345.03721
Generator,services rural solar thermal,PL0 0,services rural heat,1171.82225
Generator,services rural solar thermal,PT0 0,services rural heat,2882.63956
Generator,services rural solar thermal,RO0 0,services rural heat,1633.98669
Generator,services rural solar thermal,RS0 0,services rural heat,1418.00852
Generator,services rural solar thermal,SE1 0,services rural heat,443.54684
Generator,services rural solar thermal,SI0 0,services rural heat,945.58462
Generator,services rural solar thermal,SK0 0,services rural heat,981.83046
Generator,services rural solar thermal,XK0 0,services rural heat,1059.65877
Generator,services urban decentral solar thermal,AL0 0,services urban decentral heat,2043.99669
Generator,services urban decentral solar thermal,AT0 0,services urban decentral heat,1504.97418
Generator,services urban decentral solar thermal,BA0 0,services urban decentral heat,1337.98866
Generator,services urban decentral solar thermal,BE0 0,services urban decentral heat,1126.67622
Generator,services urban decentral solar thermal,BG0 0,services urban decentral heat,1776.57773
Generator,services urban decentral solar thermal,CH0 0,services urban decentral heat,2378.21666
Generator,services urban decentral solar thermal,CZ0 0,services urban decentral heat,833.40145
Generator,services urban decentral solar thermal,DE0 0,services urban decentral heat,1473.68474
Generator,services urban decentral solar thermal,DE0 1,services urban decentral heat,1305.07806
Generator,services urban decentral solar thermal,DK0 0,services urban decentral heat,747.46703
Generator,services urban decentral solar thermal,DK1 0,services urban decentral heat,791.45126
Generator,services urban decentral solar thermal,EE0 0,services urban decentral heat,659.7752
Generator,services urban decentral solar thermal,ES0 0,services urban decentral heat,6095.32094
Generator,services urban decentral solar thermal,ES6 0,services urban decentral heat,1885.47596
Generator,services urban decentral solar thermal,FI1 0,services urban decentral heat,250.61129
Generator,services urban decentral solar thermal,FR0 0,services urban decentral heat,3425.63039
Generator,services urban decentral solar thermal,FR5 0,services urban decentral heat,1177.87197
Generator,services urban decentral solar thermal,GB2 0,services urban decentral heat,1347.85766
Generator,services urban decentral solar thermal,GB3 0,services urban decentral heat,428.18832
Generator,services urban decentral solar thermal,GR0 0,services urban decentral heat,3371.31029
Generator,services urban decentral solar thermal,HR0 0,services urban decentral heat,1453.47991
Generator,services urban decentral solar thermal,HU0 0,services urban decentral heat,1386.31551
Generator,services urban decentral solar thermal,IE3 0,services urban decentral heat,741.64935
Generator,services urban decentral solar thermal,IT0 0,services urban decentral heat,5472.02732
Generator,services urban decentral solar thermal,IT4 0,services urban decentral heat,2213.96671
Generator,services urban decentral solar thermal,LT0 0,services urban decentral heat,677.7083
Generator,services urban decentral solar thermal,LU0 0,services urban decentral heat,791.73135
Generator,services urban decentral solar thermal,LV0 0,services urban decentral heat,736.72567
Generator,services urban decentral solar thermal,ME0 0,services urban decentral heat,1254.77201
Generator,services urban decentral solar thermal,MK0 0,services urban decentral heat,1514.79795
Generator,services urban decentral solar thermal,NL0 0,services urban decentral heat,1310.07423
Generator,services urban decentral solar thermal,NO1 0,services urban decentral heat,520.71159
Generator,services urban decentral solar thermal,PL0 0,services urban decentral heat,1211.02176
Generator,services urban decentral solar thermal,PT0 0,services urban decentral heat,3268.42407
Generator,services urban decentral solar thermal,RO0 0,services urban decentral heat,1680.80019
Generator,services urban decentral solar thermal,RS0 0,services urban decentral heat,1411.79452
Generator,services urban decentral solar thermal,SE1 0,services urban decentral heat,650.10307
Generator,services urban decentral solar thermal,SI0 0,services urban decentral heat,980.20399
Generator,services urban decentral solar thermal,SK0 0,services urban decentral heat,1018.31875
Generator,services urban decentral solar thermal,XK0 0,services urban decentral heat,1078.5567
Generator,solar,AL0 0,AC,543724.14668
Generator,solar,AT0 0,AC,176036032.10898
Generator,solar,BA0 0,AC,260609.66689
Generator,solar,BE0 0,AC,4966456.94871
Generator,solar,BG0 0,AC,39408895.17734
Generator,solar,CH0 0,AC,150452031.26256
Generator,solar,CZ0 0,AC,1942667.18963
Generator,solar,DE0 0,AC,17952136.26807
Generator,solar,DE0 1,AC,174224114.92449
Generator,solar,DK0 0,AC,1399296.87435
Generator,solar,DK1 0,AC,473264.27413
Generator,solar,EE0 0,AC,383076.23103
Generator,solar,ES0 0,AC,1168519957.76207
Generator,solar,ES6 0,AC,271682.26606
Generator,solar,FI1 0,AC,263512.65425
Generator,solar,FR0 0,AC,376005461.20578
Generator,solar,FR5 0,AC,14292528.93618
Generator,solar,GB2 0,AC,10999364.19334
Generator,solar,GB3 0,AC,244929.3392
Generator,solar,GR0 0,AC,201658629.22069
Generator,solar,HR0 0,AC,99885.31254
Generator,solar,HU0 0,AC,2763878.39445
Generator,solar,IE3 0,AC,911415.98216
Generator,solar,IT0 0,AC,870232737.48446
Generator,solar,IT4 0,AC,53424394.93727
Generator,solar,LT0 0,AC,271188.68772
Generator,solar,LU0 0,AC,5475402.71504
Generator,solar,LV0 0,AC,12305274.20508
Generator,solar,ME0 0,AC,10180594.72397
Generator,solar,MK0 0,AC,46378481.76173
Generator,solar,NL0 0,AC,9922891.35347
Generator,solar,NO1 0,AC,118861.43248
Generator,solar,PL0 0,AC,3563698.53543
Generator,solar,PT0 0,AC,37068906.90185
Generator,solar,RO0 0,AC,25651204.18643
Generator,solar,RS0 0,AC,180310.39244
Generator,solar,SE1 0,AC,1025310.65233
Generator,solar,SI0 0,AC,336479.72578
Generator,solar,SK0 0,AC,509012.06316
Generator,solar,XK0 0,AC,162432.64512
Generator,solar rooftop,AL0 0,low voltage,153362.89087
Generator,solar rooftop,AT0 0,low voltage,257919.36946
Generator,solar rooftop,BA0 0,low voltage,55415.88437
Generator,solar rooftop,BE0 0,low voltage,32986.36178
Generator,solar rooftop,BG0 0,low voltage,224953.78202
Generator,solar rooftop,CH0 0,low voltage,19052675.71323
Generator,solar rooftop,CZ0 0,low voltage,17120.57551
Generator,solar rooftop,DE0 0,low voltage,35857.20463
Generator,solar rooftop,DE0 1,low voltage,53211.7742
Generator,solar rooftop,DK0 0,low voltage,8063.67657
Generator,solar rooftop,DK1 0,low voltage,18338.53726
Generator,solar rooftop,EE0 0,low voltage,17208.79416
Generator,solar rooftop,ES0 0,low voltage,112948447.54462
Generator,solar rooftop,ES6 0,low voltage,15300.6579
Generator,solar rooftop,FI1 0,low voltage,13120.23617
Generator,solar rooftop,FR0 0,low voltage,86131.74659
Generator,solar rooftop,FR5 0,low voltage,596868.91242
Generator,solar rooftop,GB2 0,low voltage,23521.08258
Generator,solar rooftop,GB3 0,low voltage,4432.61942
Generator,solar rooftop,GR0 0,low voltage,20655542.3164
Generator,solar rooftop,HR0 0,low voltage,15247.13252
Generator,solar rooftop,HU0 0,low voltage,21597.66163
Generator,solar rooftop,IE3 0,low voltage,8791.03903
Generator,solar rooftop,IT0 0,low voltage,138498088.87832
Generator,solar rooftop,IT4 0,low voltage,3340987.73822
Generator,solar rooftop,LT0 0,low voltage,34094.34304
Generator,solar rooftop,LU0 0,low voltage,74097.93281
Generator,solar rooftop,LV0 0,low voltage,154424.28342
Generator,solar rooftop,ME0 0,low voltage,350342.31993
Generator,solar rooftop,MK0 0,low voltage,329903.26104
Generator,solar rooftop,NL0 0,low voltage,32496.8265
Generator,solar rooftop,NO1 0,low voltage,7014.64831
Generator,solar rooftop,PL0 0,low voltage,30579.59729
Generator,solar rooftop,PT0 0,low voltage,15708952.26467
Generator,solar rooftop,RO0 0,low voltage,128896.22041
Generator,solar rooftop,RS0 0,low voltage,37048.59696
Generator,solar rooftop,SE1 0,low voltage,20494.96364
Generator,solar rooftop,SI0 0,low voltage,9343.7796
Generator,solar rooftop,SK0 0,low voltage,22018.21368
Generator,solar rooftop,XK0 0,low voltage,39073.00933
Generator,solar-hsat,AL0 0,AC,52277.33176
Generator,solar-hsat,AT0 0,AC,65615.29226
Generator,solar-hsat,BA0 0,AC,35233.93338
Generator,solar-hsat,BE0 0,AC,51844.36861
Generator,solar-hsat,BG0 0,AC,62072.39735
Generator,solar-hsat,CH0 0,AC,86320.52749
Generator,solar-hsat,CZ0 0,AC,31478.19528
Generator,solar-hsat,DE0 0,AC,51358.34993
Generator,solar-hsat,DE0 1,AC,64716.75698
Generator,solar-hsat,DK0 0,AC,20899.11809
Generator,solar-hsat,DK1 0,AC,35656.89106
Generator,solar-hsat,EE0 0,AC,33594.09463
Generator,solar-hsat,ES0 0,AC,107406.54972
Generator,solar-hsat,ES6 0,AC,14352.33265
Generator,solar-hsat,FI1 0,AC,22663.75053
Generator,solar-hsat,FR0 0,AC,90988.79186
Generator,solar-hsat,FR5 0,AC,27539.93266
Generator,solar-hsat,GB2 0,AC,32739.65192
Generator,solar-hsat,GB3 0,AC,10077.33523
Generator,solar-hsat,GR0 0,AC,79235.19218
Generator,solar-hsat,HR0 0,AC,26171.40104
Generator,solar-hsat,HU0 0,AC,36209.25797
Generator,solar-hsat,IE3 0,AC,20673.61967
Generator,solar-hsat,IT0 0,AC,86569.86342
Generator,solar-hsat,IT4 0,AC,46533.2232
Generator,solar-hsat,LT0 0,AC,51901.54662
Generator,solar-hsat,LU0 0,AC,27126.98292
Generator,solar-hsat,LV0 0,AC,56113.07737
Generator,solar-hsat,ME0 0,AC,34105.87923
Generator,solar-hsat,MK0 0,AC,48337.74497
Generator,solar-hsat,NL0 0,AC,47446.16888
Generator,solar-hsat,NO1 0,AC,22067.92557
Generator,solar-hsat,PL0 0,AC,56335.45489
Generator,solar-hsat,PT0 0,AC,74266.10494
Generator,solar-hsat,RO0 0,AC,63428.00583
Generator,solar-hsat,RS0 0,AC,47974.63798
Generator,solar-hsat,SE1 0,AC,35931.98528
Generator,solar-hsat,SI0 0,AC,11875.67813
Generator,solar-hsat,SK0 0,AC,34130.75905
Generator,solar-hsat,XK0 0,AC,27809.84309
Generator,solid biomass,EU,solid biomass,689139166.1611
Generator,urban central solar thermal,AL0 0,urban central heat,2136.35468
Generator,urban central solar thermal,AT0 0,urban central heat,3216.52696
Generator,urban central solar thermal,BA0 0,urban central heat,2629.88012
Generator,urban central solar thermal,BE0 0,urban central heat,1763.54327
Generator,urban central solar thermal,BG0 0,urban central heat,2667.23739
Generator,urban central solar thermal,CH0 0,urban central heat,4158.90554
Generator,urban central solar thermal,CZ0 0,urban central heat,2011.47054
Generator,urban central solar thermal,DE0 0,urban central heat,3391.0486
Generator,urban central solar thermal,DE0 1,urban central heat,3089.61
Generator,urban central solar thermal,DK0 0,urban central heat,1743.40431
Generator,urban central solar thermal,DK1 0,urban central heat,1883.82132
Generator,urban central solar thermal,EE0 0,urban central heat,1152.0438
Generator,urban central solar thermal,ES0 0,urban central heat,7025.228
Generator,urban central solar thermal,ES6 0,urban central heat,925.86545
Generator,urban central solar thermal,FI1 0,urban central heat,623.34812
Generator,urban central solar thermal,FR0 0,urban central heat,5771.84338
Generator,urban central solar thermal,GB2 0,urban central heat,2031.67173
Generator,urban central solar thermal,GB3 0,urban central heat,414.59702
Generator,urban central solar thermal,GR0 0,urban central heat,3638.38774
Generator,urban central solar thermal,HR0 0,urban central heat,3093.56617
Generator,urban central solar thermal,HU0 0,urban central heat,3068.10283
Generator,urban central solar thermal,IE3 0,urban central heat,787.52787
Generator,urban central solar thermal,IT0 0,urban central heat,12810.52939
Generator,urban central solar thermal,IT4 0,urban central heat,2133.97234
Generator,urban central solar thermal,LT0 0,urban central heat,1571.35532
Generator,urban central solar thermal,LU0 0,urban central heat,675.13436
Generator,urban central solar thermal,LV0 0,urban central heat,1839.4292
Generator,urban central solar thermal,ME0 0,urban central heat,1816.80236
Generator,urban central solar thermal,MK0 0,urban central heat,1511.12459
Generator,urban central solar thermal,NL0 0,urban central heat,2674.80727
Generator,urban central solar thermal,NO1 0,urban central heat,877.24698
Generator,urban central solar thermal,PL0 0,urban central heat,3132.78166
Generator,urban central solar thermal,PT0 0,urban central heat,3895.23538
Generator,urban central solar thermal,RO0 0,urban central heat,3481.04784
Generator,urban central solar thermal,RS0 0,urban central heat,2843.55667
Generator,urban central solar thermal,SE1 0,urban central heat,1639.23171
Generator,urban central solar thermal,SI0 0,urban central heat,1720.79936
Generator,urban central solar thermal,SK0 0,urban central heat,2126.64685
Generator,urban central solar thermal,XK0 0,urban central heat,1187.5653
Line,AC,AL0 0,AC,-12043192.79228
Line,AC,AT0 0,AC,-81350788.41095
Line,AC,BA0 0,AC,9666935.46497
Line,AC,BE0 0,AC,38373912.70378
Line,AC,BG0 0,AC,23725606.07124
Line,AC,CH0 0,AC,-125362114.69365
Line,AC,CZ0 0,AC,90028997.22037
Line,AC,DE0 0,AC,167318442.37866
Line,AC,DE0 1,AC,28306646.71847
Line,AC,DK0 0,AC,-40450014.64732
Line,AC,DK1 0,AC,-11926766.87982
Line,AC,EE0 0,AC,-7506250.59213
Line,AC,ES0 0,AC,-98577312.03602
Line,AC,FI1 0,AC,2627099.56567
Line,AC,FR0 0,AC,-52614676.42492
Line,AC,GB3 0,AC,-10643081.49788
Line,AC,GR0 0,AC,-98147558.88817
Line,AC,HR0 0,AC,21333659.36361
Line,AC,HU0 0,AC,41672794.58606
Line,AC,IE3 0,AC,7810418.17555
Line,AC,IT0 0,AC,-35919470.77826
Line,AC,LT0 0,AC,1394633.09499
Line,AC,LU0 0,AC,5598395.96852
Line,AC,LV0 0,AC,172733.51964
Line,AC,ME0 0,AC,-19847797.16756
Line,AC,MK0 0,AC,-32792121.3805
Line,AC,NL0 0,AC,-21818139.19738
Line,AC,NO1 0,AC,-5230264.762
Line,AC,PL0 0,AC,42910908.25194
Line,AC,PT0 0,AC,61013274.67597
Line,AC,RO0 0,AC,-1526071.56549
Line,AC,RS0 0,AC,38999384.39314
Line,AC,SE1 0,AC,12652551.55338
Line,AC,SI0 0,AC,-101381190.30165
Line,AC,SK0 0,AC,33970364.4151
Line,AC,XK0 0,AC,8622318.20679
Link,BEV charger,AL0 0,EV battery,1446045.86706
Link,BEV charger,AL0 0,low voltage,-1606717.63007
Link,BEV charger,AT0 0,EV battery,15356268.40895
Link,BEV charger,AT0 0,low voltage,-17062520.45439
Link,BEV charger,BA0 0,EV battery,2415758.73923
Link,BEV charger,BA0 0,low voltage,-2684176.37693
Link,BEV charger,BE0 0,EV battery,20507974.0992
Link,BEV charger,BE0 0,low voltage,-22786637.888
Link,BEV charger,BG0 0,EV battery,5727067.33222
Link,BEV charger,BG0 0,low voltage,-6363408.14691
Link,BEV charger,CH0 0,EV battery,9063199.71728
Link,BEV charger,CH0 0,low voltage,-10070221.90809
Link,BEV charger,CZ0 0,EV battery,14491144.24424
Link,BEV charger,CZ0 0,low voltage,-16101271.38249
Link,BEV charger,DE0 0,EV battery,74115529.44237
Link,BEV charger,DE0 0,low voltage,-82350588.2693
Link,BEV charger,DE0 1,EV battery,43348782.27019
Link,BEV charger,DE0 1,low voltage,-48165313.63354
Link,BEV charger,DK0 0,EV battery,6069366.27127
Link,BEV charger,DK0 0,low voltage,-6743740.30141
Link,BEV charger,DK1 0,EV battery,3504060.29132
Link,BEV charger,DK1 0,low voltage,-3893400.32369
Link,BEV charger,EE0 0,EV battery,1720587.77948
Link,BEV charger,EE0 0,low voltage,-1911764.19942
Link,BEV charger,ES0 0,EV battery,56621941.37392
Link,BEV charger,ES0 0,low voltage,-62913268.19325
Link,BEV charger,ES6 0,EV battery,923208.17801
Link,BEV charger,ES6 0,low voltage,-1025786.86446
Link,BEV charger,FI1 0,EV battery,9504607.42161
Link,BEV charger,FI1 0,low voltage,-10560674.9129
Link,BEV charger,FR0 0,EV battery,94585491.13843
Link,BEV charger,FR0 0,low voltage,-105094990.15381
Link,BEV charger,FR5 0,EV battery,386940.55162
Link,BEV charger,FR5 0,low voltage,-429933.94625
Link,BEV charger,GB2 0,EV battery,70899644.41964
Link,BEV charger,GB2 0,low voltage,-78777382.68849
Link,BEV charger,GB3 0,EV battery,1919922.87721
Link,BEV charger,GB3 0,low voltage,-2133247.64134
Link,BEV charger,GR0 0,EV battery,10943358.92818
Link,BEV charger,GR0 0,low voltage,-12159287.69798
Link,BEV charger,HR0 0,EV battery,4563322.14007
Link,BEV charger,HR0 0,low voltage,-5070357.93341
Link,BEV charger,HU0 0,EV battery,9813708.84874
Link,BEV charger,HU0 0,low voltage,-10904120.94305
Link,BEV charger,IE3 0,EV battery,7657687.4145
Link,BEV charger,IE3 0,low voltage,-8508541.57167
Link,BEV charger,IT0 0,EV battery,73196830.31227
Link,BEV charger,IT0 0,low voltage,-81329811.45808
Link,BEV charger,IT4 0,EV battery,1828208.23012
Link,BEV charger,IT4 0,low voltage,-2031342.47791
Link,BEV charger,LT0 0,EV battery,4827130.25724
Link,BEV charger,LT0 0,low voltage,-5363478.06359
Link,BEV charger,LU0 0,EV battery,2153529.68808
Link,BEV charger,LU0 0,low voltage,-2392810.76453
Link,BEV charger,LV0 0,EV battery,2297130.41641
Link,BEV charger,LV0 0,low voltage,-2552367.12935
Link,BEV charger,ME0 0,EV battery,485685.11765
Link,BEV charger,ME0 0,low voltage,-539650.13073
Link,BEV charger,MK0 0,EV battery,1385183.94657
Link,BEV charger,MK0 0,low voltage,-1539093.27397
Link,BEV charger,NL0 0,EV battery,25258834.19142
Link,BEV charger,NL0 0,low voltage,-28065371.3238
Link,BEV charger,NO1 0,EV battery,6506733.93298
Link,BEV charger,NO1 0,low voltage,-7229704.36998
Link,BEV charger,PL0 0,EV battery,44885322.08099
Link,BEV charger,PL0 0,low voltage,-49872580.08999
Link,BEV charger,PT0 0,EV battery,13613224.13191
Link,BEV charger,PT0 0,low voltage,-15125804.59101
Link,BEV charger,RO0 0,EV battery,14285301.28595
Link,BEV charger,RO0 0,low voltage,-15872556.98439
Link,BEV charger,RS0 0,EV battery,4131793.31504
Link,BEV charger,RS0 0,low voltage,-4590881.46116
Link,BEV charger,SE1 0,EV battery,14805264.58301
Link,BEV charger,SE1 0,low voltage,-16450293.98113
Link,BEV charger,SI0 0,EV battery,4047339.29635
Link,BEV charger,SI0 0,low voltage,-4497043.66261
Link,BEV charger,SK0 0,EV battery,6268761.48551
Link,BEV charger,SK0 0,low voltage,-6965290.53946
Link,BEV charger,XK0 0,EV battery,782030.97591
Link,BEV charger,XK0 0,low voltage,-868923.30657
Link,CCGT,AL0 0,AC,1.54354
Link,CCGT,AT0 0,AC,1.51812
Link,CCGT,BA0 0,AC,1.52762
Link,CCGT,BE0 0,AC,1.57245
Link,CCGT,BG0 0,AC,1.56948
Link,CCGT,CH0 0,AC,1.56693
Link,CCGT,CZ0 0,AC,1.56779
Link,CCGT,DE0 0,AC,1.56549
Link,CCGT,DE0 1,AC,1.5654
Link,CCGT,DK0 0,AC,1.5602
Link,CCGT,DK1 0,AC,1.5554
Link,CCGT,EE0 0,AC,1.56359
Link,CCGT,ES0 0,AC,1.56535
Link,CCGT,ES6 0,AC,1.56864
Link,CCGT,EU,co2,20.55126
Link,CCGT,EU,gas,-103.79422
Link,CCGT,FI1 0,AC,1.56664
Link,CCGT,FR0 0,AC,1.56462
Link,CCGT,FR5 0,AC,1.55311
Link,CCGT,GB2 0,AC,1.5648
Link,CCGT,GB3 0,AC,1.56787
Link,CCGT,GR0 0,AC,1.56629
Link,CCGT,HR0 0,AC,1.55346
Link,CCGT,HU0 0,AC,1.56664
Link,CCGT,IE3 0,AC,1.56488
Link,CCGT,IT0 0,AC,1.56523
Link,CCGT,IT4 0,AC,1.56479
Link,CCGT,LT0 0,AC,1.56734
Link,CCGT,LU0 0,AC,1.52237
Link,CCGT,LV0 0,AC,1.56516
Link,CCGT,ME0 0,AC,1.54892
Link,CCGT,MK0 0,AC,1.46751
Link,CCGT,NL0 0,AC,1.56541
Link,CCGT,NO1 0,AC,1.56436
Link,CCGT,PL0 0,AC,1.56398
Link,CCGT,PT0 0,AC,1.5643
Link,CCGT,RO0 0,AC,1.56735
Link,CCGT,RS0 0,AC,1.53621
Link,CCGT,SE1 0,AC,1.56528
Link,CCGT,SI0 0,AC,1.5644
Link,CCGT,SK0 0,AC,1.56459
Link,CCGT,XK0 0,AC,1.54102
Link,DC,BE0 0,AC,74247308.03519
Link,DC,CH0 0,AC,37821722.41466
Link,DC,DE0 0,AC,255269030.68299
Link,DC,DE0 1,AC,58781442.80641
Link,DC,DK0 0,AC,-13987912.30378
Link,DC,DK1 0,AC,-46302048.85701
Link,DC,EE0 0,AC,-7420667.0844
Link,DC,ES0 0,AC,-416836792.91963
Link,DC,ES6 0,AC,5846120.21558
Link,DC,FI1 0,AC,7171314.10733
Link,DC,FR0 0,AC,144920659.17844
Link,DC,FR5 0,AC,139337362.54647
Link,DC,GB2 0,AC,-204208442.15737
Link,DC,GB3 0,AC,-53037506.89166
Link,DC,GR0 0,AC,-3305201.94237
Link,DC,IE3 0,AC,-3990655.22838
Link,DC,IT0 0,AC,-210488851.80288
Link,DC,IT4 0,AC,-98440504.36744
Link,DC,LT0 0,AC,2916.31366
Link,DC,ME0 0,AC,5167171.5436
Link,DC,NL0 0,AC,115320293.40191
Link,DC,NO1 0,AC,15400335.17291
Link,DC,PL0 0,AC,5631385.9402
Link,DC,SE1 0,AC,-659985.0788
Link,DC,SI0 0,AC,116326192.44303
Link,Fischer-Tropsch,AL0 0,H2,-2590606.72924
Link,Fischer-Tropsch,AL0 0,urban central heat,97795.40403
Link,Fischer-Tropsch,AT0 0,H2,-1231479.59247
Link,Fischer-Tropsch,AT0 0,urban central heat,46488.35462
Link,Fischer-Tropsch,BA0 0,H2,-4596050.48577
Link,Fischer-Tropsch,BA0 0,urban central heat,173500.90584
Link,Fischer-Tropsch,BE0 0,H2,-170305722.50044
Link,Fischer-Tropsch,BE0 0,urban central heat,6429041.02439
Link,Fischer-Tropsch,BG0 0,H2,-29074039.45772
Link,Fischer-Tropsch,BG0 0,urban central heat,1097544.98953
Link,Fischer-Tropsch,CH0 0,H2,-85946827.25255
Link,Fischer-Tropsch,CH0 0,urban central heat,3244492.72878
Link,Fischer-Tropsch,CZ0 0,H2,-212332.11222
Link,Fischer-Tropsch,CZ0 0,urban central heat,8015.53724
Link,Fischer-Tropsch,DE0 0,H2,-211991538.78811
Link,Fischer-Tropsch,DE0 0,urban central heat,8002680.58925
Link,Fischer-Tropsch,DE0 1,H2,-296452.1716
Link,Fischer-Tropsch,DE0 1,urban central heat,11191.06948
Link,Fischer-Tropsch,DK0 0,H2,-36518390.08585
Link,Fischer-Tropsch,DK0 0,urban central heat,1378569.22574
Link,Fischer-Tropsch,DK1 0,H2,-16150840.52747
Link,Fischer-Tropsch,DK1 0,urban central heat,609694.22991
Link,Fischer-Tropsch,EE0 0,H2,-4565667.51942
Link,Fischer-Tropsch,EE0 0,urban central heat,172353.94886
Link,Fischer-Tropsch,ES0 0,H2,-69086.30948
Link,Fischer-Tropsch,ES0 0,urban central heat,2608.00818
Link,Fischer-Tropsch,ES6 0,H2,-12764.86628
Link,Fischer-Tropsch,ES6 0,urban central heat,481.8737
Link,Fischer-Tropsch,EU,co2 stored,-373335911.06279
Link,Fischer-Tropsch,EU,oil,1452103893.67091
Link,Fischer-Tropsch,FI1 0,H2,-58609758.14023
Link,Fischer-Tropsch,FI1 0,urban central heat,2212518.36979
Link,Fischer-Tropsch,FR0 0,H2,-179715290.85366
Link,Fischer-Tropsch,FR0 0,urban central heat,6784252.22973
Link,Fischer-Tropsch,FR5 0,H2,-56670970.60431
Link,Fischer-Tropsch,GB2 0,H2,-278505669.80587
Link,Fischer-Tropsch,GB2 0,urban central heat,10513589.03517
Link,Fischer-Tropsch,GB3 0,H2,-38787.05982
Link,Fischer-Tropsch,GB3 0,urban central heat,1464.21151
Link,Fischer-Tropsch,GR0 0,H2,-56489.15817
Link,Fischer-Tropsch,GR0 0,urban central heat,2132.46572
Link,Fischer-Tropsch,HR0 0,H2,-224322.76931
Link,Fischer-Tropsch,HR0 0,urban central heat,8468.18454
Link,Fischer-Tropsch,HU0 0,H2,-184300.74636
Link,Fischer-Tropsch,HU0 0,urban central heat,6957.35318
Link,Fischer-Tropsch,IE3 0,H2,-65811.57828
Link,Fischer-Tropsch,IE3 0,urban central heat,2484.38708
Link,Fischer-Tropsch,IT0 0,H2,-313716638.26731
Link,Fischer-Tropsch,IT0 0,urban central heat,11842803.09459
Link,Fischer-Tropsch,IT4 0,H2,-29902.88873
Link,Fischer-Tropsch,IT4 0,urban central heat,1128.83405
Link,Fischer-Tropsch,LT0 0,H2,-201396.00302
Link,Fischer-Tropsch,LT0 0,urban central heat,7602.69911
Link,Fischer-Tropsch,LU0 0,H2,-8473752.30088
Link,Fischer-Tropsch,LU0 0,urban central heat,319884.14936
Link,Fischer-Tropsch,LV0 0,H2,-658225.37531
Link,Fischer-Tropsch,LV0 0,urban central heat,24848.00792
Link,Fischer-Tropsch,ME0 0,H2,-2748746.01379
Link,Fischer-Tropsch,ME0 0,urban central heat,103765.16202
Link,Fischer-Tropsch,MK0 0,H2,-889944.4732
Link,Fischer-Tropsch,MK0 0,urban central heat,33595.40386
Link,Fischer-Tropsch,NL0 0,H2,-284994621.8474
Link,Fischer-Tropsch,NL0 0,urban central heat,10758546.97474
Link,Fischer-Tropsch,NO1 0,H2,-8637325.2466
Link,Fischer-Tropsch,NO1 0,urban central heat,326059.02806
Link,Fischer-Tropsch,PL0 0,H2,-132396.41493
Link,Fischer-Tropsch,PL0 0,urban central heat,4997.96466
Link,Fischer-Tropsch,PT0 0,H2,-27714469.57117
Link,Fischer-Tropsch,PT0 0,urban central heat,1046221.22631
Link,Fischer-Tropsch,RO0 0,H2,-313902.28902
Link,Fischer-Tropsch,RO0 0,urban central heat,11849.81141
Link,Fischer-Tropsch,RS0 0,H2,-6241418.98066
Link,Fischer-Tropsch,RS0 0,urban central heat,235613.56652
Link,Fischer-Tropsch,SE1 0,H2,-20884686.5132
Link,Fischer-Tropsch,SE1 0,urban central heat,788396.91587
Link,Fischer-Tropsch,SI0 0,H2,-543910.28418
Link,Fischer-Tropsch,SI0 0,urban central heat,20532.61323
Link,Fischer-Tropsch,SK0 0,H2,-119642.51736
Link,Fischer-Tropsch,SK0 0,urban central heat,4516.50503
Link,Fischer-Tropsch,XK0 0,H2,-3467441.01115
Link,Fischer-Tropsch,XK0 0,urban central heat,130895.89817
Link,H2 Electrolysis,AL0 0,AC,-5577138.02296
Link,H2 Electrolysis,AL0 0,H2,3900650.33326
Link,H2 Electrolysis,AL0 0,urban central heat,196036.40151
Link,H2 Electrolysis,AT0 0,AC,-6408799.75569
Link,H2 Electrolysis,AT0 0,H2,4482314.54913
Link,H2 Electrolysis,AT0 0,urban central heat,225269.31141
Link,H2 Electrolysis,BA0 0,AC,-184086.72205
Link,H2 Electrolysis,BA0 0,H2,128750.2534
Link,H2 Electrolysis,BA0 0,urban central heat,6470.64828
Link,H2 Electrolysis,BE0 0,AC,-138382.46914
Link,H2 Electrolysis,BE0 0,H2,96784.69892
Link,H2 Electrolysis,BE0 0,urban central heat,4864.14379
Link,H2 Electrolysis,BG0 0,AC,-25469605.52964
Link,H2 Electrolysis,BG0 0,H2,17813442.10743
Link,H2 Electrolysis,BG0 0,urban central heat,895256.63437
Link,H2 Electrolysis,CH0 0,AC,-37682402.18004
Link,H2 Electrolysis,CH0 0,H2,26355072.08472
Link,H2 Electrolysis,CH0 0,urban central heat,1324536.43663
Link,H2 Electrolysis,CZ0 0,AC,-35110.40357
Link,H2 Electrolysis,CZ0 0,H2,24556.21626
Link,H2 Electrolysis,CZ0 0,urban central heat,1234.13069
Link,H2 Electrolysis,DE0 0,AC,-103382.91163
Link,H2 Electrolysis,DE0 0,H2,72306.0084
Link,H2 Electrolysis,DE0 0,urban central heat,3633.90934
Link,H2 Electrolysis,DE0 1,AC,-71781.30181
Link,H2 Electrolysis,DE0 1,H2,50203.84248
Link,H2 Electrolysis,DE0 1,urban central heat,2523.11276
Link,H2 Electrolysis,DK0 0,AC,-84139413.31458
Link,H2 Electrolysis,DK0 0,H2,58847105.67222
Link,H2 Electrolysis,DK0 0,urban central heat,2957500.37801
Link,H2 Electrolysis,DK1 0,AC,-30537136.65389
Link,H2 Electrolysis,DK1 0,H2,21357673.37573
Link,H2 Electrolysis,DK1 0,urban central heat,1073380.35338
Link,H2 Electrolysis,EE0 0,AC,-13437881.49094
Link,H2 Electrolysis,EE0 0,H2,9398454.31476
Link,H2 Electrolysis,EE0 0,urban central heat,472341.53441
Link,H2 Electrolysis,ES0 0,AC,-470983465.50658
Link,H2 Electrolysis,ES0 0,H2,329405835.7753
Link,H2 Electrolysis,ES0 0,urban central heat,16555068.81256
Link,H2 Electrolysis,ES6 0,AC,-9770837.19749
Link,H2 Electrolysis,ES6 0,H2,6833723.53592
Link,H2 Electrolysis,ES6 0,urban central heat,343444.92749
Link,H2 Electrolysis,FI1 0,AC,-85207022.24698
Link,H2 Electrolysis,FI1 0,H2,59593791.35954
Link,H2 Electrolysis,FI1 0,urban central heat,2995026.83198
Link,H2 Electrolysis,FR0 0,AC,-584065306.60987
Link,H2 Electrolysis,FR0 0,H2,408495275.44294
Link,H2 Electrolysis,FR0 0,urban central heat,20529895.52734
Link,H2 Electrolysis,FR5 0,AC,-158011872.27571
Link,H2 Electrolysis,FR5 0,H2,110513503.46963
Link,H2 Electrolysis,GB2 0,AC,-586410213.02831
Link,H2 Electrolysis,GB2 0,H2,410135302.992
Link,H2 Electrolysis,GB2 0,urban central heat,20612318.98795
Link,H2 Electrolysis,GB3 0,AC,-20667277.65757
Link,H2 Electrolysis,GB3 0,H2,14454693.9937
Link,H2 Electrolysis,GB3 0,urban central heat,726454.80966
Link,H2 Electrolysis,GR0 0,AC,-71621413.83924
Link,H2 Electrolysis,GR0 0,H2,50092016.83917
Link,H2 Electrolysis,GR0 0,urban central heat,2517492.69645
Link,H2 Electrolysis,HR0 0,AC,-71309.59785
Link,H2 Electrolysis,HR0 0,H2,49873.93273
Link,H2 Electrolysis,HR0 0,urban central heat,2506.53236
Link,H2 Electrolysis,HU0 0,AC,-72121.1774
Link,H2 Electrolysis,HU0 0,H2,50441.55147
Link,H2 Electrolysis,HU0 0,urban central heat,2535.05939
Link,H2 Electrolysis,IE3 0,AC,-78079515.73654
Link,H2 Electrolysis,IE3 0,H2,54608813.30613
Link,H2 Electrolysis,IE3 0,urban central heat,2744494.97814
Link,H2 Electrolysis,IT0 0,AC,-379915369.50578
Link,H2 Electrolysis,IT0 0,H2,265712809.43234
Link,H2 Electrolysis,IT0 0,urban central heat,13354025.23813
Link,H2 Electrolysis,IT4 0,AC,-15530855.45918
Link,H2 Electrolysis,IT4 0,H2,10862280.30815
Link,H2 Electrolysis,IT4 0,urban central heat,545909.56939
Link,H2 Electrolysis,LT0 0,AC,-12474651.49327
Link,H2 Electrolysis,LT0 0,H2,8724771.2544
Link,H2 Electrolysis,LT0 0,urban central heat,438483.99999
Link,H2 Electrolysis,LU0 0,AC,-38983.88285
Link,H2 Electrolysis,LU0 0,H2,27265.32767
Link,H2 Electrolysis,LU0 0,urban central heat,1370.28348
Link,H2 Electrolysis,LV0 0,AC,-413164.62491
Link,H2 Electrolysis,LV0 0,H2,288967.33866
Link,H2 Electrolysis,LV0 0,urban central heat,14522.73657
Link,H2 Electrolysis,ME0 0,AC,-151059.97572
Link,H2 Electrolysis,ME0 0,H2,105651.34702
Link,H2 Electrolysis,ME0 0,urban central heat,5309.75815
Link,H2 Electrolysis,MK0 0,AC,-5025176.24383
Link,H2 Electrolysis,MK0 0,H2,3514608.26494
Link,H2 Electrolysis,MK0 0,urban central heat,176634.94497
Link,H2 Electrolysis,NL0 0,AC,-33453004.2785
Link,H2 Electrolysis,NL0 0,H2,23397031.19239
Link,H2 Electrolysis,NL0 0,urban central heat,1175873.10039
Link,H2 Electrolysis,NO1 0,AC,-16487537.30602
Link,H2 Electrolysis,NO1 0,H2,11531383.59183
Link,H2 Electrolysis,NO1 0,urban central heat,579536.93631
Link,H2 Electrolysis,PL0 0,AC,-2391064.53199
Link,H2 Electrolysis,PL0 0,H2,1672310.53367
Link,H2 Electrolysis,PL0 0,urban central heat,84045.9183
Link,H2 Electrolysis,PT0 0,AC,-51691726.05209
Link,H2 Electrolysis,PT0 0,H2,36153193.20083
Link,H2 Electrolysis,PT0 0,urban central heat,1816964.17073
Link,H2 Electrolysis,RO0 0,AC,-1539113.71602
Link,H2 Electrolysis,RO0 0,H2,1076456.13299
Link,H2 Electrolysis,RO0 0,urban central heat,54099.84712
Link,H2 Electrolysis,RS0 0,AC,-248799.71796
Link,H2 Electrolysis,RS0 0,H2,174010.52274
Link,H2 Electrolysis,RS0 0,urban central heat,8745.31009
Link,H2 Electrolysis,SE1 0,AC,-24479062.19131
Link,H2 Electrolysis,SE1 0,H2,17120656.09661
Link,H2 Electrolysis,SE1 0,urban central heat,860439.03602
Link,H2 Electrolysis,SI0 0,AC,-134729.34007
Link,H2 Electrolysis,SI0 0,H2,94229.70045
Link,H2 Electrolysis,SI0 0,urban central heat,4735.7363
Link,H2 Electrolysis,SK0 0,AC,-48555.2664
Link,H2 Electrolysis,SK0 0,H2,33959.55332
Link,H2 Electrolysis,SK0 0,urban central heat,1706.71761
Link,H2 Electrolysis,XK0 0,AC,-397392.59427
Link,H2 Electrolysis,XK0 0,H2,277936.38043
Link,H2 Electrolysis,XK0 0,urban central heat,13968.34969
Link,H2 pipeline,AL0 0,AC,-36851.43752
Link,H2 pipeline,AL0 0,H2,-1173305.62346
Link,H2 pipeline,AT0 0,AC,-73214.05579
Link,H2 pipeline,AT0 0,H2,3134506.53064
Link,H2 pipeline,BA0 0,AC,-18131.77815
Link,H2 pipeline,BA0 0,H2,4888690.21603
Link,H2 pipeline,BE0 0,AC,-526860.73647
Link,H2 pipeline,BE0 0,H2,178550381.57816
Link,H2 pipeline,BG0 0,AC,-30076.34573
Link,H2 pipeline,BG0 0,H2,12959755.9639
Link,H2 pipeline,CH0 0,AC,-119266.33215
Link,H2 pipeline,CH0 0,H2,59962079.5817
Link,H2 pipeline,CZ0 0,AC,-32553.46737
Link,H2 pipeline,CZ0 0,H2,2082788.86155
Link,H2 pipeline,DE0 0,AC,-164506.11851
Link,H2 pipeline,DE0 0,H2,233337280.00599
Link,H2 pipeline,DE0 1,AC,-94037.95854
Link,H2 pipeline,DE0 1,H2,7842337.00304
Link,H2 pipeline,DK0 0,AC,-326110.79996
Link,H2 pipeline,DK0 0,H2,-22303817.82081
Link,H2 pipeline,DK1 0,AC,-52357.44443
Link,H2 pipeline,DK1 0,H2,-5184207.24215
Link,H2 pipeline,EE0 0,AC,-31950.89809
Link,H2 pipeline,EE0 0,H2,-4651180.2003
Link,H2 pipeline,ES0 0,AC,-5336978.65524
Link,H2 pipeline,ES0 0,H2,-324472497.69012
Link,H2 pipeline,ES6 0,AC,-83816.65658
Link,H2 pipeline,ES6 0,H2,-6803944.66599
Link,H2 pipeline,FI1 0,AC,-36892.6525
Link,H2 pipeline,FI1 0,H2,576522.42672
Link,H2 pipeline,FR0 0,AC,-4818757.74284
Link,H2 pipeline,FR0 0,H2,-218221758.50637
Link,H2 pipeline,FR5 0,AC,-244171.94669
Link,H2 pipeline,FR5 0,H2,-53490647.92343
Link,H2 pipeline,GB2 0,AC,-1996320.87189
Link,H2 pipeline,GB2 0,H2,-124800141.3119
Link,H2 pipeline,GB3 0,AC,-82766.59312
Link,H2 pipeline,GB3 0,H2,-14398332.6942
Link,H2 pipeline,GR0 0,AC,-422455.58669
Link,H2 pipeline,GR0 0,H2,-49233724.12438
Link,H2 pipeline,HR0 0,AC,-17986.92941
Link,H2 pipeline,HR0 0,H2,3045210.20969
Link,H2 pipeline,HU0 0,AC,-39770.02684
Link,H2 pipeline,HU0 0,H2,3484432.72348
Link,H2 pipeline,IE3 0,AC,-423397.94388
Link,H2 pipeline,IE3 0,H2,-54513270.22426
Link,H2 pipeline,IT0 0,AC,-349713.78371
Link,H2 pipeline,IT0 0,H2,53186729.95838
Link,H2 pipeline,IT4 0,AC,-79459.60926
Link,H2 pipeline,IT4 0,H2,-10832857.95414
Link,H2 pipeline,LT0 0,AC,-67545.20968
Link,H2 pipeline,LT0 0,H2,-2276749.94977
Link,H2 pipeline,LU0 0,AC,-260136.79656
Link,H2 pipeline,LU0 0,H2,8465686.48035
Link,H2 pipeline,LV0 0,AC,-16073.89173
Link,H2 pipeline,LV0 0,H2,387702.08578
Link,H2 pipeline,ME0 0,AC,-45827.39852
Link,H2 pipeline,ME0 0,H2,2709631.3302
Link,H2 pipeline,MK0 0,AC,-82106.49444
Link,H2 pipeline,MK0 0,H2,-2168340.09562
Link,H2 pipeline,NL0 0,AC,-48780.08773
Link,H2 pipeline,NL0 0,H2,279618720.28695
Link,H2 pipeline,NO1 0,AC,-58900.06508
Link,H2 pipeline,NO1 0,H2,338715.96942
Link,H2 pipeline,PL0 0,AC,-44024.92354
Link,H2 pipeline,PL0 0,H2,15843060.89396
Link,H2 pipeline,PT0 0,AC,-21966.70567
Link,H2 pipeline,PT0 0,H2,-257284.45832
Link,H2 pipeline,RO0 0,AC,-9082.33015
Link,H2 pipeline,RO0 0,H2,3755353.54043
Link,H2 pipeline,RS0 0,AC,-73954.23154
Link,H2 pipeline,RS0 0,H2,6771334.6579
Link,H2 pipeline,SE1 0,AC,-65997.3625
Link,H2 pipeline,SE1 0,H2,5184812.87417
Link,H2 pipeline,SI0 0,AC,-31559.54035
Link,H2 pipeline,SI0 0,H2,483844.60132
Link,H2 pipeline,SK0 0,AC,-42372.29078
Link,H2 pipeline,SK0 0,H2,4812144.66148
Link,H2 pipeline,XK0 0,AC,-33719.81646
Link,H2 pipeline,XK0 0,H2,3360338.04399
Link,HVC to air,EU,co2,1121.49103
Link,HVC to air,EU,non-sequestered HVC,-4362.08102
Link,battery charger,AL0 0,AC,-127916.30182
Link,battery charger,AL0 0,battery,125331.8677
Link,battery charger,AT0 0,AC,-155113.16866
Link,battery charger,AT0 0,battery,151979.24624
Link,battery charger,BA0 0,AC,-141279.62479
Link,battery charger,BA0 0,battery,138425.19672
Link,battery charger,BE0 0,AC,-193565.78997
Link,battery charger,BE0 0,battery,189654.96684
Link,battery charger,BG0 0,AC,-208122.89373
Link,battery charger,BG0 0,battery,203917.95737
Link,battery charger,CH0 0,AC,-200024.78161
Link,battery charger,CH0 0,battery,195983.46034
Link,battery charger,CZ0 0,AC,-187152.72075
Link,battery charger,CZ0 0,battery,183371.46793
Link,battery charger,DE0 0,AC,-213180.30406
Link,battery charger,DE0 0,battery,208873.18726
Link,battery charger,DE0 1,AC,-219177.32096
Link,battery charger,DE0 1,battery,214749.03982
Link,battery charger,DK0 0,AC,-234733.64465
Link,battery charger,DK0 0,battery,229991.06194
Link,battery charger,DK1 0,AC,-241427.83803
Link,battery charger,DK1 0,battery,236550.00515
Link,battery charger,EE0 0,AC,-318680.33686
Link,battery charger,EE0 0,battery,312241.68655
Link,battery charger,ES0 0,AC,-239957.6758
Link,battery charger,ES0 0,battery,235109.54623
Link,battery charger,ES6 0,AC,-253350.33257
Link,battery charger,ES6 0,battery,248231.61638
Link,battery charger,FI1 0,AC,-237106.81273
Link,battery charger,FI1 0,battery,232316.28229
Link,battery charger,FR0 0,AC,-254305.77947
Link,battery charger,FR0 0,battery,249167.75933
Link,battery charger,FR5 0,AC,-168510.12251
Link,battery charger,FR5 0,battery,165105.52666
Link,battery charger,GB2 0,AC,-222822.58437
Link,battery charger,GB2 0,battery,218320.65395
Link,battery charger,GB3 0,AC,-237678.98774
Link,battery charger,GB3 0,battery,232876.89702
Link,battery charger,GR0 0,AC,-251831.0477
Link,battery charger,GR0 0,battery,246743.0273
Link,battery charger,HR0 0,AC,-150220.393
Link,battery charger,HR0 0,battery,147185.32473
Link,battery charger,HU0 0,AC,-197542.82013
Link,battery charger,HU0 0,battery,193551.64466
Link,battery charger,IE3 0,AC,-257937.81371
Link,battery charger,IE3 0,battery,252726.41158
Link,battery charger,IT0 0,AC,-216229.05112
Link,battery charger,IT0 0,battery,211860.33712
Link,battery charger,IT4 0,AC,-191264.24024
Link,battery charger,IT4 0,battery,187399.91785
Link,battery charger,LT0 0,AC,-227783.3809
Link,battery charger,LT0 0,battery,223181.22203
Link,battery charger,LU0 0,AC,-120926.72511
Link,battery charger,LU0 0,battery,118483.50911
Link,battery charger,LV0 0,AC,-239762.34201
Link,battery charger,LV0 0,battery,234918.15898
Link,battery charger,ME0 0,AC,-144562.28531
Link,battery charger,ME0 0,battery,141641.53403
Link,battery charger,MK0 0,AC,-135476.51378
Link,battery charger,MK0 0,battery,132739.33236
Link,battery charger,NL0 0,AC,-217698.12663
Link,battery charger,NL0 0,battery,213299.73128
Link,battery charger,NO1 0,AC,-249140.79912
Link,battery charger,NO1 0,battery,244107.13278
Link,battery charger,PL0 0,AC,-565888.59154
Link,battery charger,PL0 0,battery,554455.32022
Link,battery charger,PT0 0,AC,-254829.8407
Link,battery charger,PT0 0,battery,249681.23238
Link,battery charger,RO0 0,AC,-218962.28506
Link,battery charger,RO0 0,battery,214538.34852
Link,battery charger,RS0 0,AC,-153320.11433
Link,battery charger,RS0 0,battery,150222.41897
Link,battery charger,SE1 0,AC,-231732.21435
Link,battery charger,SE1 0,battery,227050.27284
Link,battery charger,SI0 0,AC,-199959.01704
Link,battery charger,SI0 0,battery,195919.02449
Link,battery charger,SK0 0,AC,-193534.37454
Link,battery charger,SK0 0,battery,189624.18612
Link,battery charger,XK0 0,AC,-129683.116
Link,battery charger,XK0 0,battery,127062.98498
Link,battery discharger,AL0 0,AC,122802.13205
Link,battery discharger,AL0 0,battery,-125334.40118
Link,battery discharger,AT0 0,AC,148911.14195
Link,battery discharger,AT0 0,battery,-151981.79783
Link,battery discharger,BA0 0,AC,135630.90912
Link,battery discharger,BA0 0,battery,-138427.71696
Link,battery discharger,BE0 0,AC,185823.15923
Link,battery discharger,BE0 0,battery,-189654.96771
Link,battery discharger,BG0 0,AC,199797.97971
Link,battery discharger,BG0 0,battery,-203917.95913
Link,battery discharger,CH0 0,AC,192023.79205
Link,battery discharger,CH0 0,battery,-195983.46209
Link,battery discharger,CZ0 0,AC,179666.61363
Link,battery discharger,CZ0 0,battery,-183371.46967
Link,battery discharger,DE0 0,AC,204653.0936
Link,battery discharger,DE0 0,battery,-208873.189
Link,battery discharger,DE0 1,AC,210410.22983
Link,battery discharger,DE0 1,battery,-214749.04156
Link,battery discharger,DK0 0,AC,225346.64143
Link,battery discharger,DK0 0,battery,-229993.45282
Link,battery discharger,DK1 0,AC,231773.18018
Link,battery discharger,DK1 0,battery,-236552.51146
Link,battery discharger,EE0 0,AC,305935.53732
Link,battery discharger,EE0 0,battery,-312244.15025
Link,battery discharger,ES0 0,AC,230359.37219
Link,battery discharger,ES0 0,battery,-235109.54972
Link,battery discharger,ES6 0,AC,243216.40528
Link,battery discharger,ES6 0,battery,-248231.70417
Link,battery discharger,FI1 0,AC,227622.54194
Link,battery discharger,FI1 0,battery,-232316.28405
Link,battery discharger,FR0 0,AC,244133.54999
Link,battery discharger,FR0 0,battery,-249167.76107
Link,battery discharger,FR5 0,AC,161772.11732
Link,battery discharger,FR5 0,battery,-165107.97585
Link,battery discharger,GB2 0,AC,213909.6827
Link,battery discharger,GB2 0,battery,-218320.65569
Link,battery discharger,GB3 0,AC,228171.82995
Link,battery discharger,GB3 0,battery,-232876.89877
Link,battery discharger,GR0 0,AC,241760.10127
Link,battery discharger,GR0 0,battery,-246745.37011
Link,battery discharger,HR0 0,AC,144214.04293
Link,battery discharger,HR0 0,battery,-147187.84122
Link,battery discharger,HU0 0,AC,189641.10903
Link,battery discharger,HU0 0,battery,-193551.6464
Link,battery discharger,IE3 0,AC,247622.61037
Link,battery discharger,IE3 0,battery,-252728.7684
Link,battery discharger,IT0 0,AC,207579.89078
Link,battery discharger,IT0 0,battery,-211860.33886
Link,battery discharger,IT4 0,AC,183616.03782
Link,battery discharger,IT4 0,battery,-187402.33385
Link,battery discharger,LT0 0,AC,218672.04737
Link,battery discharger,LT0 0,battery,-223181.22378
Link,battery discharger,LU0 0,AC,116092.20171
Link,battery discharger,LU0 0,battery,-118486.10721
Link,battery discharger,LV0 0,AC,230174.2556
Link,battery discharger,LV0 0,battery,-234920.61589
Link,battery discharger,ME0 0,AC,138782.26928
Link,battery discharger,ME0 0,battery,-141644.06045
Link,battery discharger,MK0 0,AC,130059.97293
Link,battery discharger,MK0 0,battery,-132741.90402
Link,battery discharger,NL0 0,AC,208990.20328
Link,battery discharger,NL0 0,battery,-213299.73303
Link,battery discharger,NO1 0,AC,239177.48595
Link,battery discharger,NO1 0,battery,-244109.49939
Link,battery discharger,PL0 0,AC,543255.32318
Link,battery discharger,PL0 0,battery,-554457.64243
Link,battery discharger,PT0 0,AC,244638.9477
Link,battery discharger,PT0 0,battery,-249683.58045
Link,battery discharger,RO0 0,AC,210203.79537
Link,battery discharger,RO0 0,battery,-214538.35027
Link,battery discharger,RS0 0,AC,147189.81184
Link,battery discharger,RS0 0,battery,-150224.97264
Link,battery discharger,SE1 0,AC,222462.92747
Link,battery discharger,SE1 0,battery,-227050.27458
Link,battery discharger,SI0 0,AC,191960.65808
Link,battery discharger,SI0 0,battery,-195919.02624
Link,battery discharger,SK0 0,AC,185793.00127
Link,battery discharger,SK0 0,battery,-189624.18787
Link,battery discharger,XK0 0,AC,124498.30446
Link,battery discharger,XK0 0,battery,-127065.54991
Link,co2 sequestered,EU,co2 sequestered,5767.60904
Link,co2 sequestered,EU,co2 stored,-5767.60904
Link,coal for industry,EU,co2,12823614.68509
Link,coal for industry,EU,coal,-38154164.48999
Link,coal for industry,EU,coal for industry,38154164.48999
Link,electricity distribution grid,AL0 0,AC,-7501770.48168
Link,electricity distribution grid,AL0 0,low voltage,7264483.73062
Link,electricity distribution grid,AT0 0,AC,-121256562.45468
Link,electricity distribution grid,AT0 0,low voltage,117524448.5417
Link,electricity distribution grid,BA0 0,AC,-16215719.83359
Link,electricity distribution grid,BA0 0,low voltage,15690601.02907
Link,electricity distribution grid,BE0 0,AC,-161195676.85571
Link,electricity distribution grid,BE0 0,low voltage,156284868.10269
Link,electricity distribution grid,BG0 0,AC,-47790823.28686
Link,electricity distribution grid,BG0 0,low voltage,46231226.78978
Link,electricity distribution grid,CH0 0,AC,-63555829.80512
Link,electricity distribution grid,CH0 0,low voltage,61537367.97978
Link,electricity distribution grid,CZ0 0,AC,-112568317.7128
Link,electricity distribution grid,CZ0 0,low voltage,109138280.33701
Link,electricity distribution grid,DE0 0,AC,-620140579.90176
Link,electricity distribution grid,DE0 0,low voltage,601458466.55245
Link,electricity distribution grid,DE0 1,AC,-363721681.85038
Link,electricity distribution grid,DE0 1,low voltage,352730203.80103
Link,electricity distribution grid,DK0 0,AC,-40104775.41377
Link,electricity distribution grid,DK0 0,low voltage,38822996.01858
Link,electricity distribution grid,DK1 0,AC,-25631520.67012
Link,electricity distribution grid,DK1 0,low voltage,24802879.798
Link,electricity distribution grid,EE0 0,AC,-12840790.58638
Link,electricity distribution grid,EE0 0,low voltage,12411459.70978
Link,electricity distribution grid,ES0 0,AC,-264572049.83215
Link,electricity distribution grid,ES0 0,low voltage,256452805.85436
Link,electricity distribution grid,ES6 0,AC,-10396624.00845
Link,electricity distribution grid,ES6 0,low voltage,10016731.21024
Link,electricity distribution grid,FI1 0,AC,-118976820.40599
Link,electricity distribution grid,FI1 0,low voltage,115348662.68099
Link,electricity distribution grid,FR0 0,AC,-721675060.25883
Link,electricity distribution grid,FR0 0,low voltage,699911711.8125
Link,electricity distribution grid,FR5 0,AC,-4935930.99472
Link,electricity distribution grid,FR5 0,low voltage,4742879.62897
Link,electricity distribution grid,GB2 0,AC,-533774572.54839
Link,electricity distribution grid,GB2 0,low voltage,517657526.04211
Link,electricity distribution grid,GB3 0,AC,-16530392.54598
Link,electricity distribution grid,GB3 0,low voltage,15966107.29006
Link,electricity distribution grid,GR0 0,AC,-42224442.73456
Link,electricity distribution grid,GR0 0,low voltage,40672654.35365
Link,electricity distribution grid,HR0 0,AC,-29795935.92348
Link,electricity distribution grid,HR0 0,low voltage,28852942.55132
Link,electricity distribution grid,HU0 0,AC,-77773249.66003
Link,electricity distribution grid,HU0 0,low voltage,75372164.50228
Link,electricity distribution grid,IE3 0,AC,-43913690.57413
Link,electricity distribution grid,IE3 0,low voltage,42468894.59602
Link,electricity distribution grid,IT0 0,AC,-372057586.53256
Link,electricity distribution grid,IT0 0,low voltage,360749799.88268
Link,electricity distribution grid,IT4 0,AC,-12493651.91562
Link,electricity distribution grid,IT4 0,low voltage,12016102.45427
Link,electricity distribution grid,LT0 0,AC,-20861858.24787
Link,electricity distribution grid,LT0 0,low voltage,20187225.53263
Link,electricity distribution grid,LU0 0,AC,-10907991.65141
Link,electricity distribution grid,LU0 0,low voltage,10557563.54032
Link,electricity distribution grid,LV0 0,AC,-15584927.48076
Link,electricity distribution grid,LV0 0,low voltage,15073305.81847
Link,electricity distribution grid,ME0 0,AC,-3715343.97778
Link,electricity distribution grid,ME0 0,low voltage,3588563.38745
Link,electricity distribution grid,MK0 0,AC,-9721037.32292
Link,electricity distribution grid,MK0 0,low voltage,9391171.76313
Link,electricity distribution grid,NL0 0,AC,-219358175.58003
Link,electricity distribution grid,NL0 0,low voltage,212686245.15269
Link,electricity distribution grid,NO1 0,AC,-125962408.51161
Link,electricity distribution grid,NO1 0,low voltage,122120245.99628
Link,electricity distribution grid,PL0 0,AC,-288594442.99134
Link,electricity distribution grid,PL0 0,low voltage,279872894.99919
Link,electricity distribution grid,PT0 0,AC,-60008374.96753
Link,electricity distribution grid,PT0 0,low voltage,58034585.77698
Link,electricity distribution grid,RO0 0,AC,-102870520.75846
Link,electricity distribution grid,RO0 0,low voltage,99676861.46381
Link,electricity distribution grid,RS0 0,AC,-48670182.6009
Link,electricity distribution grid,RS0 0,low voltage,47149409.86306
Link,electricity distribution grid,SE1 0,AC,-167099179.61518
Link,electricity distribution grid,SE1 0,low voltage,162026843.63245
Link,electricity distribution grid,SI0 0,AC,-21418353.01662
Link,electricity distribution grid,SI0 0,low voltage,20708783.39979
Link,electricity distribution grid,SK0 0,AC,-46007811.04227
Link,electricity distribution grid,SK0 0,low voltage,44568573.13791
Link,electricity distribution grid,XK0 0,AC,-8509921.28405
Link,electricity distribution grid,XK0 0,low voltage,8221624.50248
Link,gas for industry,EU,co2,7389249.97021
Link,gas for industry,EU,gas,-37319444.29401
Link,gas for industry,EU,gas for industry,37319444.29401
Link,gas for industry CC,EU,co2,0.34276
Link,gas for industry CC,EU,co2 stored,6.51235
Link,gas for industry CC,EU,gas,-34.62173
Link,gas for industry CC,EU,gas for industry,31.15956
Link,home battery charger,AL0 0,home battery,91452.91963
Link,home battery charger,AL0 0,low voltage,-93338.74525
Link,home battery charger,AT0 0,home battery,113961.22325
Link,home battery charger,AT0 0,low voltage,-116311.18643
Link,home battery charger,BA0 0,home battery,103656.15917
Link,home battery charger,BA0 0,low voltage,-105793.62444
Link,home battery charger,BE0 0,home battery,148903.83889
Link,home battery charger,BE0 0,low voltage,-151974.34418
Link,home battery charger,BG0 0,home battery,155277.25227
Link,home battery charger,BG0 0,low voltage,-158479.18197
Link,home battery charger,CH0 0,home battery,151983.71489
Link,home battery charger,CH0 0,low voltage,-155117.72946
Link,home battery charger,CZ0 0,home battery,140851.53291
Link,home battery charger,CZ0 0,low voltage,-143755.99379
Link,home battery charger,DE0 0,home battery,155104.37364
Link,home battery charger,DE0 0,low voltage,-158302.73846
Link,home battery charger,DE0 1,home battery,151152.95078
Link,home battery charger,DE0 1,low voltage,-154269.83439
Link,home battery charger,DK0 0,home battery,144230.4537
Link,home battery charger,DK0 0,low voltage,-147204.59039
Link,home battery charger,DK1 0,home battery,125687.60699
Link,home battery charger,DK1 0,low voltage,-128279.37672
Link,home battery charger,EE0 0,home battery,130408.17023
Link,home battery charger,EE0 0,low voltage,-133097.28139
Link,home battery charger,ES0 0,home battery,179258.98989
Link,home battery charger,ES0 0,low voltage,-182955.44044
Link,home battery charger,ES6 0,home battery,183448.20814
Link,home battery charger,ES6 0,low voltage,-187231.0434
Link,home battery charger,FI1 0,home battery,156824.78655
Link,home battery charger,FI1 0,low voltage,-160058.62753
Link,home battery charger,FR0 0,home battery,196421.32811
Link,home battery charger,FR0 0,low voltage,-200471.67853
Link,home battery charger,FR5 0,home battery,130771.47685
Link,home battery charger,FR5 0,low voltage,-133468.07967
Link,home battery charger,GB2 0,home battery,167513.66767
Link,home battery charger,GB2 0,low voltage,-170967.92114
Link,home battery charger,GB3 0,home battery,175856.81873
Link,home battery charger,GB3 0,low voltage,-179483.11403
Link,home battery charger,GR0 0,home battery,190907.84147
Link,home battery charger,GR0 0,low voltage,-194844.49979
Link,home battery charger,HR0 0,home battery,110961.30704
Link,home battery charger,HR0 0,low voltage,-113249.40977
Link,home battery charger,HU0 0,home battery,149048.12188
Link,home battery charger,HU0 0,low voltage,-152121.60239
Link,home battery charger,IE3 0,home battery,188550.07769
Link,home battery charger,IE3 0,low voltage,-192438.11721
Link,home battery charger,IT0 0,home battery,160574.39555
Link,home battery charger,IT0 0,low voltage,-163885.55619
Link,home battery charger,IT4 0,home battery,142671.01622
Link,home battery charger,IT4 0,low voltage,-145612.99618
Link,home battery charger,LT0 0,home battery,153587.66192
Link,home battery charger,LT0 0,low voltage,-156754.75104
Link,home battery charger,LU0 0,home battery,87649.95405
Link,home battery charger,LU0 0,low voltage,-89457.35975
Link,home battery charger,LV0 0,home battery,143846.25302
Link,home battery charger,LV0 0,low voltage,-146812.46722
Link,home battery charger,ME0 0,home battery,105825.12559
Link,home battery charger,ME0 0,low voltage,-108007.31653
Link,home battery charger,MK0 0,home battery,99112.98488
Link,home battery charger,MK0 0,low voltage,-101156.7666
Link,home battery charger,NL0 0,home battery,154942.18726
Link,home battery charger,NL0 0,low voltage,-158137.20768
Link,home battery charger,NO1 0,home battery,185164.39022
Link,home battery charger,NO1 0,low voltage,-188982.6144
Link,home battery charger,PL0 0,home battery,146211.56022
Link,home battery charger,PL0 0,low voltage,-149226.54877
Link,home battery charger,PT0 0,home battery,186243.89367
Link,home battery charger,PT0 0,low voltage,-190084.378
Link,home battery charger,RO0 0,home battery,161364.3078
Link,home battery charger,RO0 0,low voltage,-164691.757
Link,home battery charger,RS0 0,home battery,112926.28157
Link,home battery charger,RS0 0,low voltage,-115254.9035
Link,home battery charger,SE1 0,home battery,164837.91384
Link,home battery charger,SE1 0,low voltage,-168236.99132
Link,home battery charger,SI0 0,home battery,151258.4309
Link,home battery charger,SI0 0,low voltage,-154377.48959
Link,home battery charger,SK0 0,home battery,146736.35327
Link,home battery charger,SK0 0,low voltage,-149762.16343
Link,home battery charger,XK0 0,home battery,96268.13355
Link,home battery charger,XK0 0,low voltage,-98253.25237
Link,home battery discharger,AL0 0,home battery,-91455.37792
Link,home battery discharger,AL0 0,low voltage,89607.60406
Link,home battery discharger,AT0 0,home battery,-113963.72756
Link,home battery discharger,AT0 0,low voltage,111661.19268
Link,home battery discharger,BA0 0,home battery,-103658.61664
Link,home battery discharger,BA0 0,low voltage,101564.28729
Link,home battery discharger,BE0 0,home battery,-148903.84089
Link,home battery discharger,BE0 0,low voltage,145895.37236
Link,home battery discharger,BG0 0,home battery,-155277.25551
Link,home battery discharger,BG0 0,low voltage,152140.01787
Link,home battery discharger,CH0 0,home battery,-151983.72143
Link,home battery discharger,CH0 0,low voltage,148913.02669
Link,home battery discharger,CZ0 0,home battery,-140851.53909
Link,home battery discharger,CZ0 0,low voltage,138005.7601
Link,home battery discharger,DE0 0,home battery,-155104.37735
Link,home battery discharger,DE0 0,low voltage,151970.63255
Link,home battery discharger,DE0 1,home battery,-151152.95377
Link,home battery discharger,DE0 1,low voltage,148099.04394
Link,home battery discharger,DK0 0,home battery,-144232.84867
Link,home battery discharger,DK0 0,low voltage,141318.75336
Link,home battery discharger,DK1 0,home battery,-125690.05545
Link,home battery discharger,DK1 0,low voltage,123150.60064
Link,home battery discharger,EE0 0,home battery,-130410.58761
Link,home battery discharger,EE0 0,low voltage,127775.75868
Link,home battery discharger,ES0 0,home battery,-179258.99163
Link,home battery discharger,ES0 0,low voltage,175637.22452
Link,home battery discharger,ES6 0,home battery,-183448.20988
Link,home battery discharger,ES6 0,low voltage,179741.80337
Link,home battery discharger,FI1 0,home battery,-156824.792
Link,home battery discharger,FI1 0,low voltage,153656.28777
Link,home battery discharger,FR0 0,home battery,-196421.33056
Link,home battery discharger,FR0 0,low voltage,192452.81379
Link,home battery discharger,FR5 0,home battery,-130773.87358
Link,home battery discharger,FR5 0,low voltage,128131.70478
Link,home battery discharger,GB2 0,home battery,-167513.67111
Link,home battery discharger,GB2 0,low voltage,164129.20766
Link,home battery discharger,GB3 0,home battery,-175856.8219
Link,home battery discharger,GB3 0,low voltage,172303.79257
Link,home battery discharger,GR0 0,home battery,-190910.18414
Link,home battery discharger,GR0 0,low voltage,187053.01514
Link,home battery discharger,HR0 0,home battery,-110963.76363
Link,home battery discharger,HR0 0,low voltage,108721.84033
Link,home battery discharger,HU0 0,home battery,-149048.12434
Link,home battery discharger,HU0 0,low voltage,146036.7407
Link,home battery discharger,IE3 0,home battery,-188552.41022
Link,home battery discharger,IE3 0,low voltage,184742.87792
Link,home battery discharger,IT0 0,home battery,-160574.39729
Link,home battery discharger,IT0 0,low voltage,157330.13564
Link,home battery discharger,IT4 0,home battery,-142673.38692
Link,home battery discharger,IT4 0,low voltage,139790.79913
Link,home battery discharger,LT0 0,home battery,-153587.66474
Link,home battery discharger,LT0 0,low voltage,150484.56376
Link,home battery discharger,LU0 0,home battery,-87652.45698
Link,home battery discharger,LU0 0,low voltage,85881.51772
Link,home battery discharger,LV0 0,home battery,-143848.66718
Link,home battery discharger,LV0 0,low voltage,140942.33391
Link,home battery discharger,ME0 0,home battery,-105827.59644
Link,home battery discharger,ME0 0,low voltage,103689.4448
Link,home battery discharger,MK0 0,home battery,-99115.49518
Link,home battery discharger,MK0 0,low voltage,97112.95552
Link,home battery discharger,NL0 0,home battery,-154942.18927
Link,home battery discharger,NL0 0,low voltage,151811.72134
Link,home battery discharger,NO1 0,home battery,-185166.762
Link,home battery discharger,NO1 0,low voltage,181425.63369
Link,home battery discharger,PL0 0,home battery,-146213.8891
Link,home battery discharger,PL0 0,low voltage,143259.76864
Link,home battery discharger,PT0 0,home battery,-186246.25906
Link,home battery discharger,PT0 0,low voltage,182483.32048
Link,home battery discharger,RO0 0,home battery,-161364.31027
Link,home battery discharger,RO0 0,low voltage,158104.08915
Link,home battery discharger,RS0 0,home battery,-112928.78373
Link,home battery discharger,RS0 0,low voltage,110647.15897
Link,home battery discharger,SE1 0,home battery,-164837.91951
Link,home battery discharger,SE1 0,low voltage,161507.51723
Link,home battery discharger,SI0 0,home battery,-151258.43364
Link,home battery discharger,SI0 0,low voltage,148202.39268
Link,home battery discharger,SK0 0,home battery,-146736.35572
Link,home battery discharger,SK0 0,low voltage,143771.67929
Link,home battery discharger,XK0 0,home battery,-96270.64405
Link,home battery discharger,XK0 0,low voltage,94325.58206
Link,industry methanol,EU,co2,2167604.40243
Link,industry methanol,EU,industry methanol,8739997.71104
Link,industry methanol,EU,methanol,-8739997.71104
Link,land transport oil,EU,co2,243551837.58191
Link,land transport oil,EU,land transport oil,947303919.02727
Link,land transport oil,EU,oil,-947303919.02727
Link,methanolisation,AL0 0,AC,-23031.88267
Link,methanolisation,AL0 0,H2,-96738.10101
Link,methanolisation,AL0 0,urban central heat,2125.17797
Link,methanolisation,AT0 0,AC,-6033.44807
Link,methanolisation,AT0 0,H2,-25341.5805
Link,methanolisation,AT0 0,urban central heat,556.7131
Link,methanolisation,BA0 0,AC,-9854.35241
Link,methanolisation,BA0 0,H2,-41390.07446
Link,methanolisation,BA0 0,urban central heat,909.27229
Link,methanolisation,BE0 0,AC,-5105.45719
Link,methanolisation,BE0 0,H2,-21443.84983
Link,methanolisation,BE0 0,urban central heat,471.08633
Link,methanolisation,BG0 0,AC,-18846.49619
Link,methanolisation,BG0 0,H2,-79158.7157
Link,methanolisation,BG0 0,urban central heat,1738.9876
Link,methanolisation,CH0 0,AC,-14362.35389
Link,methanolisation,CH0 0,H2,-60324.50153
Link,methanolisation,CH0 0,urban central heat,1325.2307
Link,methanolisation,CZ0 0,AC,-3574.38537
Link,methanolisation,CZ0 0,H2,-15013.06941
Link,methanolisation,CZ0 0,urban central heat,329.8126
Link,methanolisation,DE0 0,AC,-4296.76574
Link,methanolisation,DE0 0,H2,-18047.19848
Link,methanolisation,DE0 0,urban central heat,396.46745
Link,methanolisation,DE0 1,AC,-3830.47517
Link,methanolisation,DE0 1,H2,-16088.69318
Link,methanolisation,DE0 1,urban central heat,353.44229
Link,methanolisation,DK0 0,AC,-5927.80553
Link,methanolisation,DK0 0,H2,-24897.86259
Link,methanolisation,DK0 0,urban central heat,546.96535
Link,methanolisation,DK1 0,AC,-5386.83869
Link,methanolisation,DK1 0,H2,-22625.70338
Link,methanolisation,DK1 0,urban central heat,497.04972
Link,methanolisation,EE0 0,AC,-5144.2275
Link,methanolisation,EE0 0,H2,-21606.6922
Link,methanolisation,EE0 0,urban central heat,474.66371
Link,methanolisation,ES0 0,AC,-5773.91006
Link,methanolisation,ES0 0,H2,-24251.47359
Link,methanolisation,ES0 0,urban central heat,532.76524
Link,methanolisation,ES6 0,AC,-4050.72046
Link,methanolisation,ES6 0,H2,-17013.76353
Link,methanolisation,ES6 0,urban central heat,373.76458
Link,methanolisation,EU,co2 stored,-2167601.13035
Link,methanolisation,EU,methanol,8739984.51767
Link,methanolisation,FI1 0,AC,-4894.0073
Link,methanolisation,FI1 0,H2,-20555.7218
Link,methanolisation,FI1 0,urban central heat,451.57561
Link,methanolisation,FR0 0,AC,-13862.75141
Link,methanolisation,FR0 0,H2,-58226.08017
Link,methanolisation,FR0 0,urban central heat,1279.13181
Link,methanolisation,FR5 0,AC,-83779.13015
Link,methanolisation,FR5 0,H2,-351887.60172
Link,methanolisation,GB2 0,AC,-9402.43763
Link,methanolisation,GB2 0,H2,-39491.95012
Link,methanolisation,GB2 0,urban central heat,867.5736
Link,methanolisation,GB3 0,AC,-6565.03392
Link,methanolisation,GB3 0,H2,-27574.33789
Link,methanolisation,GB3 0,urban central heat,605.76313
Link,methanolisation,GR0 0,AC,-7571.96937
Link,methanolisation,GR0 0,H2,-31803.65013
Link,methanolisation,GR0 0,urban central heat,698.67421
Link,methanolisation,HR0 0,AC,-7323.84103
Link,methanolisation,HR0 0,H2,-30761.46592
Link,methanolisation,HR0 0,urban central heat,675.77913
Link,methanolisation,HU0 0,AC,-4898.27358
Link,methanolisation,HU0 0,H2,-20573.64093
Link,methanolisation,HU0 0,urban central heat,451.96926
Link,methanolisation,IE3 0,AC,-7078.64561
Link,methanolisation,IE3 0,H2,-29731.60048
Link,methanolisation,IE3 0,urban central heat,653.15467
Link,methanolisation,IT0 0,AC,-22118.51346
Link,methanolisation,IT0 0,H2,-92901.78403
Link,methanolisation,IT0 0,urban central heat,2040.90035
Link,methanolisation,IT4 0,AC,-7028.30964
Link,methanolisation,IT4 0,H2,-29520.18025
Link,methanolisation,IT4 0,urban central heat,648.51011
Link,methanolisation,LT0 0,AC,-3958.25938
Link,methanolisation,LT0 0,H2,-16625.41015
Link,methanolisation,LT0 0,urban central heat,365.23309
Link,methanolisation,LU0 0,AC,-4571.14322
Link,methanolisation,LU0 0,H2,-19199.63388
Link,methanolisation,LU0 0,urban central heat,421.78458
Link,methanolisation,LV0 0,AC,-4391.27293
Link,methanolisation,LV0 0,H2,-18444.14591
Link,methanolisation,LV0 0,urban central heat,405.18774
Link,methanolisation,ME0 0,AC,-13460.54863
Link,methanolisation,ME0 0,H2,-56536.75525
Link,methanolisation,ME0 0,urban central heat,1242.02011
Link,methanolisation,MK0 0,AC,-27695.133
Link,methanolisation,MK0 0,H2,-116324.60151
Link,methanolisation,MK0 0,urban central heat,2555.46137
Link,methanolisation,NL0 0,AC,-5030.66004
Link,methanolisation,NL0 0,H2,-21129.68817
Link,methanolisation,NL0 0,urban central heat,464.18471
Link,methanolisation,NO1 0,AC,-5422.24386
Link,methanolisation,NO1 0,H2,-22774.41155
Link,methanolisation,NO1 0,urban central heat,500.3166
Link,methanolisation,PL0 0,AC,-3089.17688
Link,methanolisation,PL0 0,H2,-12975.10539
Link,methanolisation,PL0 0,urban central heat,285.04186
Link,methanolisation,PT0 0,AC,-1957400.58391
Link,methanolisation,PT0 0,H2,-8221438.86994
Link,methanolisation,PT0 0,urban central heat,180611.57447
Link,methanolisation,RO0 0,AC,-9025.19328
Link,methanolisation,RO0 0,H2,-37907.45513
Link,methanolisation,RO0 0,urban central heat,832.76483
Link,methanolisation,RS0 0,AC,-10458.18794
Link,methanolisation,RS0 0,H2,-43926.29367
Link,methanolisation,RS0 0,urban central heat,964.98888
Link,methanolisation,SE1 0,AC,-4947.98758
Link,methanolisation,SE1 0,H2,-20782.44878
Link,methanolisation,SE1 0,urban central heat,456.55643
Link,methanolisation,SI0 0,AC,-8133.9575
Link,methanolisation,SI0 0,H2,-34164.10258
Link,methanolisation,SI0 0,urban central heat,750.52949
Link,methanolisation,SK0 0,AC,-3919.29186
Link,methanolisation,SK0 0,H2,-16461.73945
Link,methanolisation,SK0 0,urban central heat,361.63751
Link,methanolisation,XK0 0,AC,-16864.58285
Link,methanolisation,XK0 0,H2,-70834.31879
Link,methanolisation,XK0 0,urban central heat,1556.11421
Link,naphtha for industry,EU,naphtha for industry,504799998.7468
Link,naphtha for industry,EU,oil,-504799998.7468
Link,naphtha for industry,EU,process emissions,16139999.95993
Link,process emissions,EU,co2,42528.77154
Link,process emissions,EU,process emissions,-42528.77154
Link,process emissions CC,EU,co2,8433374.27947
Link,process emissions CC,EU,co2 stored,160234111.30984
Link,process emissions CC,EU,process emissions,-168667485.5893
Link,residential rural air heat pump,AL0 0,low voltage,-46403.65372
Link,residential rural air heat pump,AL0 0,residential rural heat,125001.97791
Link,residential rural air heat pump,AT0 0,low voltage,-369760.42896
Link,residential rural air heat pump,AT0 0,residential rural heat,965519.44589
Link,residential rural air heat pump,BA0 0,low voltage,-111297.13729
Link,residential rural air heat pump,BA0 0,residential rural heat,277165.78658
Link,residential rural air heat pump,BE0 0,low voltage,-16587.53728
Link,residential rural air heat pump,BE0 0,residential rural heat,44505.98994
Link,residential rural air heat pump,BG0 0,low voltage,-88633.91317
Link,residential rural air heat pump,BG0 0,residential rural heat,241036.04104
Link,residential rural air heat pump,CH0 0,low voltage,-122795.524
Link,residential rural air heat pump,CH0 0,residential rural heat,302722.7165
Link,residential rural air heat pump,CZ0 0,low voltage,-137400.51647
Link,residential rural air heat pump,CZ0 0,residential rural heat,376559.99289
Link,residential rural air heat pump,DE0 0,low voltage,-177507.58855
Link,residential rural air heat pump,DE0 0,residential rural heat,488236.32966
Link,residential rural air heat pump,DE0 1,low voltage,-617762.42674
Link,residential rural air heat pump,DE0 1,residential rural heat,1711410.85855
Link,residential rural air heat pump,DK0 0,low voltage,-10236.97435
Link,residential rural air heat pump,DK0 0,residential rural heat,26729.51322
Link,residential rural air heat pump,DK1 0,low voltage,-9071.06243
Link,residential rural air heat pump,DK1 0,residential rural heat,23651.43922
Link,residential rural air heat pump,EE0 0,low voltage,-55116.20376
Link,residential rural air heat pump,EE0 0,residential rural heat,127630.03503
Link,residential rural air heat pump,ES0 0,low voltage,-1026514.99472
Link,residential rural air heat pump,ES0 0,residential rural heat,2707188.40414
Link,residential rural air heat pump,ES6 0,low voltage,-18592.31903
Link,residential rural air heat pump,ES6 0,residential rural heat,52533.40466
Link,residential rural air heat pump,FI1 0,low voltage,-51488.42466
Link,residential rural air heat pump,FI1 0,residential rural heat,125885.33974
Link,residential rural air heat pump,FR0 0,low voltage,-1169312.04603
Link,residential rural air heat pump,FR0 0,residential rural heat,2953873.20909
Link,residential rural air heat pump,FR5 0,low voltage,-57656.67689
Link,residential rural air heat pump,FR5 0,residential rural heat,149347.31233
Link,residential rural air heat pump,GB2 0,low voltage,-523935.82928
Link,residential rural air heat pump,GB2 0,residential rural heat,1338681.57149
Link,residential rural air heat pump,GB3 0,low voltage,-154747.50411
Link,residential rural air heat pump,GB3 0,residential rural heat,380656.30791
Link,residential rural air heat pump,GR0 0,low voltage,-284906.19497
Link,residential rural air heat pump,GR0 0,residential rural heat,767105.75346
Link,residential rural air heat pump,HR0 0,low voltage,-132400.281
Link,residential rural air heat pump,HR0 0,residential rural heat,334395.11396
Link,residential rural air heat pump,HU0 0,low voltage,-166406.82679
Link,residential rural air heat pump,HU0 0,residential rural heat,429206.4377
Link,residential rural air heat pump,IE3 0,low voltage,-224516.11093
Link,residential rural air heat pump,IE3 0,residential rural heat,557797.47695
Link,residential rural air heat pump,IT0 0,low voltage,-1903490.66657
Link,residential rural air heat pump,IT0 0,residential rural heat,5177599.36662
Link,residential rural air heat pump,IT4 0,low voltage,-230851.52807
Link,residential rural air heat pump,IT4 0,residential rural heat,607962.08626
Link,residential rural air heat pump,LT0 0,low voltage,-29644.51793
Link,residential rural air heat pump,LT0 0,residential rural heat,73334.5276
Link,residential rural air heat pump,LU0 0,low voltage,-3489.37657
Link,residential rural air heat pump,LU0 0,residential rural heat,8510.28297
Link,residential rural air heat pump,LV0 0,low voltage,-40708.65529
Link,residential rural air heat pump,LV0 0,residential rural heat,106091.23435
Link,residential rural air heat pump,ME0 0,low voltage,-20975.07221
Link,residential rural air heat pump,ME0 0,residential rural heat,51698.26273
Link,residential rural air heat pump,MK0 0,low voltage,-46631.22483
Link,residential rural air heat pump,MK0 0,residential rural heat,115625.23051
Link,residential rural air heat pump,NL0 0,low voltage,-30065.99791
Link,residential rural air heat pump,NL0 0,residential rural heat,80688.96497
Link,residential rural air heat pump,NO1 0,low voltage,-39498.01475
Link,residential rural air heat pump,NO1 0,residential rural heat,90971.45297
Link,residential rural air heat pump,PL0 0,low voltage,-482966.11051
Link,residential rural air heat pump,PL0 0,residential rural heat,1284635.55626
Link,residential rural air heat pump,PT0 0,low voltage,-365924.64478
Link,residential rural air heat pump,PT0 0,residential rural heat,1002467.82693
Link,residential rural air heat pump,RO0 0,low voltage,-422768.51779
Link,residential rural air heat pump,RO0 0,residential rural heat,1119798.87127
Link,residential rural air heat pump,RS0 0,low voltage,-174500.18682
Link,residential rural air heat pump,RS0 0,residential rural heat,455202.95726
Link,residential rural air heat pump,SE1 0,low voltage,-55844.03522
Link,residential rural air heat pump,SE1 0,residential rural heat,131551.26944
Link,residential rural air heat pump,SI0 0,low voltage,-79577.74564
Link,residential rural air heat pump,SI0 0,residential rural heat,208901.80499
Link,residential rural air heat pump,SK0 0,low voltage,-98725.1507
Link,residential rural air heat pump,SK0 0,residential rural heat,258421.1243
Link,residential rural air heat pump,XK0 0,low voltage,-30315.70637
Link,residential rural air heat pump,XK0 0,residential rural heat,75994.91935
Link,residential rural ground heat pump,AL0 0,low voltage,-245439.48642
Link,residential rural ground heat pump,AL0 0,residential rural heat,886440.64347
Link,residential rural ground heat pump,AT0 0,low voltage,-6804462.34201
Link,residential rural ground heat pump,AT0 0,residential rural heat,21544047.5973
Link,residential rural ground heat pump,BA0 0,low voltage,-1112116.45454
Link,residential rural ground heat pump,BA0 0,residential rural heat,3794192.67445
Link,residential rural ground heat pump,BE0 0,low voltage,-888493.21715
Link,residential rural ground heat pump,BE0 0,residential rural heat,2952179.49603
Link,residential rural ground heat pump,BG0 0,low voltage,-783084.02825
Link,residential rural ground heat pump,BG0 0,residential rural heat,2745225.03639
Link,residential rural ground heat pump,CH0 0,low voltage,-2925951.69031
Link,residential rural ground heat pump,CH0 0,residential rural heat,9112602.07197
Link,residential rural ground heat pump,CZ0 0,low voltage,-4576945.2944
Link,residential rural ground heat pump,CZ0 0,residential rural heat,14720550.18904
Link,residential rural ground heat pump,DE0 0,low voltage,-12417107.57075
Link,residential rural ground heat pump,DE0 0,residential rural heat,40533841.25249
Link,residential rural ground heat pump,DE0 1,low voltage,-21255753.86758
Link,residential rural ground heat pump,DE0 1,residential rural heat,68702762.41884
Link,residential rural ground heat pump,DK0 0,low voltage,-750185.01477
Link,residential rural ground heat pump,DK0 0,residential rural heat,2365630.6793
Link,residential rural ground heat pump,DK1 0,low voltage,-324340.49066
Link,residential rural ground heat pump,DK1 0,residential rural heat,1023344.24362
Link,residential rural ground heat pump,EE0 0,low voltage,-619600.2692
Link,residential rural ground heat pump,EE0 0,residential rural heat,1892173.819
Link,residential rural ground heat pump,ES0 0,low voltage,-3117543.10565
Link,residential rural ground heat pump,ES0 0,residential rural heat,11558095.32794
Link,residential rural ground heat pump,ES6 0,low voltage,-10682.3711
Link,residential rural ground heat pump,ES6 0,residential rural heat,44720.79575
Link,residential rural ground heat pump,FI1 0,low voltage,-2587118.36259
Link,residential rural ground heat pump,FI1 0,residential rural heat,7712423.73741
Link,residential rural ground heat pump,FR0 0,low voltage,-19328492.90378
Link,residential rural ground heat pump,FR0 0,residential rural heat,66361410.25375
Link,residential rural ground heat pump,FR5 0,low voltage,-377406.03334
Link,residential rural ground heat pump,FR5 0,residential rural heat,1372226.35619
Link,residential rural ground heat pump,GB2 0,low voltage,-11431755.80385
Link,residential rural ground heat pump,GB2 0,residential rural heat,37641794.0363
Link,residential rural ground heat pump,GB3 0,low voltage,-1340086.71079
Link,residential rural ground heat pump,GB3 0,residential rural heat,4436724.08822
Link,residential rural ground heat pump,GR0 0,low voltage,-706912.80085
Link,residential rural ground heat pump,GR0 0,residential rural heat,2690505.22625
Link,residential rural ground heat pump,HR0 0,low voltage,-1717935.51177
Link,residential rural ground heat pump,HR0 0,residential rural heat,5968664.58488
Link,residential rural ground heat pump,HU0 0,low voltage,-3544354.34093
Link,residential rural ground heat pump,HU0 0,residential rural heat,12128274.54794
Link,residential rural ground heat pump,IE3 0,low voltage,-2041283.16088
Link,residential rural ground heat pump,IE3 0,residential rural heat,6843141.36784
Link,residential rural ground heat pump,IT0 0,low voltage,-15393269.40445
Link,residential rural ground heat pump,IT0 0,residential rural heat,54951269.20439
Link,residential rural ground heat pump,IT4 0,low voltage,-1013134.68598
Link,residential rural ground heat pump,IT4 0,residential rural heat,3888188.07893
Link,residential rural ground heat pump,LT0 0,low voltage,-1068483.9484
Link,residential rural ground heat pump,LT0 0,residential rural heat,3325350.61941
Link,residential rural ground heat pump,LU0 0,low voltage,-90931.49981
Link,residential rural ground heat pump,LU0 0,residential rural heat,297413.01701
Link,residential rural ground heat pump,LV0 0,low voltage,-930042.98596
Link,residential rural ground heat pump,LV0 0,residential rural heat,2890471.62858
Link,residential rural ground heat pump,ME0 0,low voltage,-122001.61528
Link,residential rural ground heat pump,ME0 0,residential rural heat,414241.86631
Link,residential rural ground heat pump,MK0 0,low voltage,-340925.68044
Link,residential rural ground heat pump,MK0 0,residential rural heat,1181694.6274
Link,residential rural ground heat pump,NL0 0,low voltage,-1431896.33731
Link,residential rural ground heat pump,NL0 0,residential rural heat,4733006.77574
Link,residential rural ground heat pump,NO1 0,low voltage,-1746110.70535
Link,residential rural ground heat pump,NO1 0,residential rural heat,5134300.90526
Link,residential rural ground heat pump,PL0 0,low voltage,-19970490.06758
Link,residential rural ground heat pump,PL0 0,residential rural heat,63699045.18405
Link,residential rural ground heat pump,PT0 0,low voltage,-698928.75042
Link,residential rural ground heat pump,PT0 0,residential rural heat,2695194.44769
Link,residential rural ground heat pump,RO0 0,low voltage,-6447908.02364
Link,residential rural ground heat pump,RO0 0,residential rural heat,21693976.37288
Link,residential rural ground heat pump,RS0 0,low voltage,-2247306.53457
Link,residential rural ground heat pump,RS0 0,residential rural heat,7777014.03446
Link,residential rural ground heat pump,SE1 0,low voltage,-3258549.26606
Link,residential rural ground heat pump,SE1 0,residential rural heat,9633625.39908
Link,residential rural ground heat pump,SI0 0,low voltage,-1112560.91166
Link,residential rural ground heat pump,SI0 0,residential rural heat,3690534.25376
Link,residential rural ground heat pump,SK0 0,low voltage,-2616867.28058
Link,residential rural ground heat pump,SK0 0,residential rural heat,8488271.37359
Link,residential rural ground heat pump,XK0 0,low voltage,-277696.37825
Link,residential rural ground heat pump,XK0 0,residential rural heat,963599.26702
Link,residential urban decentral air heat pump,AL0 0,low voltage,-433205.31619
Link,residential urban decentral air heat pump,AL0 0,residential urban decentral heat,1086807.87003
Link,residential urban decentral air heat pump,AT0 0,low voltage,-8277585.22509
Link,residential urban decentral air heat pump,AT0 0,residential urban decentral heat,17639470.58947
Link,residential urban decentral air heat pump,BA0 0,low voltage,-1058847.4148
Link,residential urban decentral air heat pump,BA0 0,residential urban decentral heat,2412058.01355
Link,residential urban decentral air heat pump,BE0 0,low voltage,-18437640.24089
Link,residential urban decentral air heat pump,BE0 0,residential urban decentral heat,41690042.40712
Link,residential urban decentral air heat pump,BG0 0,low voltage,-2271588.95969
Link,residential urban decentral air heat pump,BG0 0,residential urban decentral heat,5289681.47974
Link,residential urban decentral air heat pump,CH0 0,low voltage,-11507768.54379
Link,residential urban decentral air heat pump,CH0 0,residential urban decentral heat,23627510.77186
Link,residential urban decentral air heat pump,CZ0 0,low voltage,-10809799.33438
Link,residential urban decentral air heat pump,CZ0 0,residential urban decentral heat,23348138.01822
Link,residential urban decentral air heat pump,DE0 0,low voltage,-78204726.34773
Link,residential urban decentral air heat pump,DE0 0,residential urban decentral heat,174822212.10451
Link,residential urban decentral air heat pump,DE0 1,low voltage,-33270451.58099
Link,residential urban decentral air heat pump,DE0 1,residential urban decentral heat,73064207.40199
Link,residential urban decentral air heat pump,DK0 0,low voltage,-4681653.96258
Link,residential urban decentral air heat pump,DK0 0,residential urban decentral heat,10520338.18042
Link,residential urban decentral air heat pump,DK1 0,low voltage,-3057571.49488
Link,residential urban decentral air heat pump,DK1 0,residential urban decentral heat,6871896.95489
Link,residential urban decentral air heat pump,EE0 0,low voltage,-1067042.1499
Link,residential urban decentral air heat pump,EE0 0,residential urban decentral heat,2129873.83025
Link,residential urban decentral air heat pump,ES0 0,low voltage,-15660922.18448
Link,residential urban decentral air heat pump,ES0 0,residential urban decentral heat,40066558.37556
Link,residential urban decentral air heat pump,ES6 0,low voltage,-265413.34939
Link,residential urban decentral air heat pump,ES6 0,residential urban decentral heat,756593.30681
Link,residential urban decentral air heat pump,FI1 0,low voltage,-11802694.95613
Link,residential urban decentral air heat pump,FI1 0,residential urban decentral heat,22221975.96489
Link,residential urban decentral air heat pump,FR0 0,low voltage,-82010302.05361
Link,residential urban decentral air heat pump,FR0 0,residential urban decentral heat,191745524.79161
Link,residential urban decentral air heat pump,FR5 0,low voltage,0.0
Link,residential urban decentral air heat pump,FR5 0,residential urban decentral heat,0.0
Link,residential urban decentral air heat pump,GB2 0,low voltage,-66509296.55118
Link,residential urban decentral air heat pump,GB2 0,residential urban decentral heat,157922090.86233
Link,residential urban decentral air heat pump,GB3 0,low voltage,-746755.21264
Link,residential urban decentral air heat pump,GB3 0,residential urban decentral heat,1803971.2599
Link,residential urban decentral air heat pump,GR0 0,low voltage,-3985712.66012
Link,residential urban decentral air heat pump,GR0 0,residential urban decentral heat,10332282.70248
Link,residential urban decentral air heat pump,HR0 0,low voltage,-2382757.04801
Link,residential urban decentral air heat pump,HR0 0,residential urban decentral heat,5507143.3528
Link,residential urban decentral air heat pump,HU0 0,low voltage,-8369223.53683
Link,residential urban decentral air heat pump,HU0 0,residential urban decentral heat,18772437.08915
Link,residential urban decentral air heat pump,IE3 0,low voltage,-3915595.38836
Link,residential urban decentral air heat pump,IE3 0,residential urban decentral heat,9528307.21105
Link,residential urban decentral air heat pump,IT0 0,low voltage,-44993588.70082
Link,residential urban decentral air heat pump,IT0 0,residential urban decentral heat,109512363.6183
Link,residential urban decentral air heat pump,IT4 0,low voltage,-327365.60021
Link,residential urban decentral air heat pump,IT4 0,residential urban decentral heat,848675.27202
Link,residential urban decentral air heat pump,LT0 0,low voltage,-1582410.30437
Link,residential urban decentral air heat pump,LT0 0,residential urban decentral heat,3182342.8132
Link,residential urban decentral air heat pump,LU0 0,low voltage,-961140.28985
Link,residential urban decentral air heat pump,LU0 0,residential urban decentral heat,2106955.43673
Link,residential urban decentral air heat pump,LV0 0,low voltage,-1383118.93341
Link,residential urban decentral air heat pump,LV0 0,residential urban decentral heat,2798843.96563
Link,residential urban decentral air heat pump,ME0 0,low voltage,-250408.58326
Link,residential urban decentral air heat pump,ME0 0,residential urban decentral heat,578680.6328
Link,residential urban decentral air heat pump,MK0 0,low voltage,-415414.37684
Link,residential urban decentral air heat pump,MK0 0,residential urban decentral heat,950736.44904
Link,residential urban decentral air heat pump,NL0 0,low voltage,-22932651.88096
Link,residential urban decentral air heat pump,NL0 0,residential urban decentral heat,52629640.04456
Link,residential urban decentral air heat pump,NO1 0,low voltage,-8799085.84554
Link,residential urban decentral air heat pump,NO1 0,residential urban decentral heat,17143037.34644
Link,residential urban decentral air heat pump,PL0 0,low voltage,-24181485.27976
Link,residential urban decentral air heat pump,PL0 0,residential urban decentral heat,51661701.51425
Link,residential urban decentral air heat pump,PT0 0,low voltage,-1797266.69828
Link,residential urban decentral air heat pump,PT0 0,residential urban decentral heat,4855815.97578
Link,residential urban decentral air heat pump,RO0 0,low voltage,-7384762.7591
Link,residential urban decentral air heat pump,RO0 0,residential urban decentral heat,16249535.74498
Link,residential urban decentral air heat pump,RS0 0,low voltage,-2181989.11019
Link,residential urban decentral air heat pump,RS0 0,residential urban decentral heat,4972564.4048
Link,residential urban decentral air heat pump,SE1 0,low voltage,-16728029.38836
Link,residential urban decentral air heat pump,SE1 0,residential urban decentral heat,32296624.75018
Link,residential urban decentral air heat pump,SI0 0,low voltage,-1405770.7934
Link,residential urban decentral air heat pump,SI0 0,residential urban decentral heat,3147670.2306
Link,residential urban decentral air heat pump,SK0 0,low voltage,-3160547.33165
Link,residential urban decentral air heat pump,SK0 0,residential urban decentral heat,6788383.68039
Link,residential urban decentral air heat pump,XK0 0,low voltage,-480067.00892
Link,residential urban decentral air heat pump,XK0 0,residential urban decentral heat,1085248.18877
Link,services rural air heat pump,AL0 0,low voltage,-20699.29208
Link,services rural air heat pump,AL0 0,services rural heat,52946.32751
Link,services rural air heat pump,AT0 0,low voltage,-114643.59681
Link,services rural air heat pump,AT0 0,services rural heat,295636.9036
Link,services rural air heat pump,BA0 0,low voltage,-35510.98592
Link,services rural air heat pump,BA0 0,services rural heat,87861.30485
Link,services rural air heat pump,BE0 0,low voltage,-10565.76599
Link,services rural air heat pump,BE0 0,services rural heat,28298.86217
Link,services rural air heat pump,BG0 0,low voltage,-35581.94079
Link,services rural air heat pump,BG0 0,services rural heat,95829.66348
Link,services rural air heat pump,CH0 0,low voltage,-54936.35738
Link,services rural air heat pump,CH0 0,services rural heat,134343.58626
Link,services rural air heat pump,CZ0 0,low voltage,-49570.5179
Link,services rural air heat pump,CZ0 0,services rural heat,132949.28725
Link,services rural air heat pump,DE0 0,low voltage,-70803.12413
Link,services rural air heat pump,DE0 0,services rural heat,192611.75222
Link,services rural air heat pump,DE0 1,low voltage,-234589.16824
Link,services rural air heat pump,DE0 1,services rural heat,636299.07508
Link,services rural air heat pump,DK0 0,low voltage,-6011.34772
Link,services rural air heat pump,DK0 0,services rural heat,15368.30355
Link,services rural air heat pump,DK1 0,low voltage,-4135.84937
Link,services rural air heat pump,DK1 0,services rural heat,10349.04691
Link,services rural air heat pump,EE0 0,low voltage,-22484.78452
Link,services rural air heat pump,EE0 0,services rural heat,51600.66399
Link,services rural air heat pump,ES0 0,low voltage,-460497.82295
Link,services rural air heat pump,ES0 0,services rural heat,1204341.28145
Link,services rural air heat pump,ES6 0,low voltage,-7455.03813
Link,services rural air heat pump,ES6 0,services rural heat,20938.77657
Link,services rural air heat pump,FI1 0,low voltage,-22603.99795
Link,services rural air heat pump,FI1 0,services rural heat,53445.70256
Link,services rural air heat pump,FR0 0,low voltage,-487690.34381
Link,services rural air heat pump,FR0 0,services rural heat,1251456.69502
Link,services rural air heat pump,FR5 0,low voltage,-23628.65507
Link,services rural air heat pump,FR5 0,services rural heat,61969.24825
Link,services rural air heat pump,GB2 0,low voltage,-178977.56781
Link,services rural air heat pump,GB2 0,services rural heat,456167.58632
Link,services rural air heat pump,GB3 0,low voltage,-61368.88134
Link,services rural air heat pump,GB3 0,services rural heat,150933.80562
Link,services rural air heat pump,GR0 0,low voltage,-139196.95259
Link,services rural air heat pump,GR0 0,services rural heat,374737.11065
Link,services rural air heat pump,HR0 0,low voltage,-36874.4781
Link,services rural air heat pump,HR0 0,services rural heat,98160.53156
Link,services rural air heat pump,HU0 0,low voltage,-59576.51823
Link,services rural air heat pump,HU0 0,services rural heat,153768.70967
Link,services rural air heat pump,IE3 0,low voltage,-98640.94413
Link,services rural air heat pump,IE3 0,services rural heat,244294.23976
Link,services rural air heat pump,IT0 0,low voltage,-940953.16683
Link,services rural air heat pump,IT0 0,services rural heat,2513165.5553
Link,services rural air heat pump,IT4 0,low voltage,-123237.1663
Link,services rural air heat pump,IT4 0,services rural heat,320255.88987
Link,services rural air heat pump,LT0 0,low voltage,-10254.90243
Link,services rural air heat pump,LT0 0,services rural heat,25447.43622
Link,services rural air heat pump,LU0 0,low voltage,-3272.95272
Link,services rural air heat pump,LU0 0,services rural heat,7892.66645
Link,services rural air heat pump,LV0 0,low voltage,-18052.3131
Link,services rural air heat pump,LV0 0,services rural heat,45411.17028
Link,services rural air heat pump,ME0 0,low voltage,-4768.75561
Link,services rural air heat pump,ME0 0,services rural heat,11627.34951
Link,services rural air heat pump,MK0 0,low voltage,-18769.63361
Link,services rural air heat pump,MK0 0,services rural heat,46815.37795
Link,services rural air heat pump,NL0 0,low voltage,-16426.51007
Link,services rural air heat pump,NL0 0,services rural heat,44239.07502
Link,services rural air heat pump,NO1 0,low voltage,-33379.96815
Link,services rural air heat pump,NO1 0,services rural heat,76780.68713
Link,services rural air heat pump,PL0 0,low voltage,-148487.39565
Link,services rural air heat pump,PL0 0,services rural heat,388950.78436
Link,services rural air heat pump,PT0 0,low voltage,-399782.74782
Link,services rural air heat pump,PT0 0,services rural heat,1044839.00651
Link,services rural air heat pump,RO0 0,low voltage,-99708.91576
Link,services rural air heat pump,RO0 0,services rural heat,271442.52247
Link,services rural air heat pump,RS0 0,low voltage,-49533.12308
Link,services rural air heat pump,RS0 0,services rural heat,128249.81347
Link,services rural air heat pump,SE1 0,low voltage,-23797.16935
Link,services rural air heat pump,SE1 0,services rural heat,55580.51694
Link,services rural air heat pump,SI0 0,low voltage,-27518.95308
Link,services rural air heat pump,SI0 0,services rural heat,71169.13785
Link,services rural air heat pump,SK0 0,low voltage,-54920.37721
Link,services rural air heat pump,SK0 0,services rural heat,142359.86145
Link,services rural air heat pump,XK0 0,low voltage,-11386.27752
Link,services rural air heat pump,XK0 0,services rural heat,28195.84076
Link,services rural ground heat pump,AL0 0,low voltage,-90856.98743
Link,services rural ground heat pump,AL0 0,services rural heat,324569.64232
Link,services rural ground heat pump,AT0 0,low voltage,-2200808.37687
Link,services rural ground heat pump,AT0 0,services rural heat,6965541.57945
Link,services rural ground heat pump,BA0 0,low voltage,-300886.33597
Link,services rural ground heat pump,BA0 0,services rural heat,1024916.61346
Link,services rural ground heat pump,BE0 0,low voltage,-393103.76367
Link,services rural ground heat pump,BE0 0,services rural heat,1305369.74011
Link,services rural ground heat pump,BG0 0,low voltage,-290272.82031
Link,services rural ground heat pump,BG0 0,services rural heat,1016379.01253
Link,services rural ground heat pump,CH0 0,low voltage,-1312159.14751
Link,services rural ground heat pump,CH0 0,services rural heat,4082938.64262
Link,services rural ground heat pump,CZ0 0,low voltage,-1457586.07886
Link,services rural ground heat pump,CZ0 0,services rural heat,4677287.20607
Link,services rural ground heat pump,DE0 0,low voltage,-4625409.98954
Link,services rural ground heat pump,DE0 0,services rural heat,15069747.71492
Link,services rural ground heat pump,DE0 1,low voltage,-7924883.30025
Link,services rural ground heat pump,DE0 1,services rural heat,25561715.86344
Link,services rural ground heat pump,DK0 0,low voltage,-198880.39381
Link,services rural ground heat pump,DK0 0,services rural heat,622302.16714
Link,services rural ground heat pump,DK1 0,low voltage,-85882.32702
Link,services rural ground heat pump,DK1 0,services rural heat,268487.98689
Link,services rural ground heat pump,EE0 0,low voltage,-209578.52543
Link,services rural ground heat pump,EE0 0,services rural heat,638189.76495
Link,services rural ground heat pump,ES0 0,low voltage,-1345616.97432
Link,services rural ground heat pump,ES0 0,services rural heat,4980694.07701
Link,services rural ground heat pump,ES6 0,low voltage,-4923.33427
Link,services rural ground heat pump,ES6 0,services rural heat,20521.10176
Link,services rural ground heat pump,FI1 0,low voltage,-881297.734
Link,services rural ground heat pump,FI1 0,services rural heat,2622944.26443
Link,services rural ground heat pump,FR0 0,low voltage,-6951376.04053
Link,services rural ground heat pump,FR0 0,services rural heat,23887043.67504
Link,services rural ground heat pump,FR5 0,low voltage,-134303.2921
Link,services rural ground heat pump,FR5 0,services rural heat,488917.87745
Link,services rural ground heat pump,GB2 0,low voltage,-4014399.31369
Link,services rural ground heat pump,GB2 0,services rural heat,13195338.61535
Link,services rural ground heat pump,GB3 0,low voltage,-464721.02108
Link,services rural ground heat pump,GB3 0,services rural heat,1535978.84762
Link,services rural ground heat pump,GR0 0,low voltage,-335887.80023
Link,services rural ground heat pump,GR0 0,services rural heat,1278570.05896
Link,services rural ground heat pump,HR0 0,low voltage,-376624.35731
Link,services rural ground heat pump,HR0 0,services rural heat,1313645.05681
Link,services rural ground heat pump,HU0 0,low voltage,-1140759.63068
Link,services rural ground heat pump,HU0 0,services rural heat,3899809.92737
Link,services rural ground heat pump,IE3 0,low voltage,-838174.4419
Link,services rural ground heat pump,IE3 0,services rural heat,2802596.40902
Link,services rural ground heat pump,IT0 0,low voltage,-8219818.49666
Link,services rural ground heat pump,IT0 0,services rural heat,29301625.72138
Link,services rural ground heat pump,IT4 0,low voltage,-536923.24287
Link,services rural ground heat pump,IT4 0,services rural heat,2057745.22608
Link,services rural ground heat pump,LT0 0,low voltage,-281818.70657
Link,services rural ground heat pump,LT0 0,services rural heat,880184.77561
Link,services rural ground heat pump,LU0 0,low voltage,-59929.90348
Link,services rural ground heat pump,LU0 0,services rural heat,196279.84362
Link,services rural ground heat pump,LV0 0,low voltage,-359167.24271
Link,services rural ground heat pump,LV0 0,services rural heat,1109139.71214
Link,services rural ground heat pump,ME0 0,low voltage,-12303.03452
Link,services rural ground heat pump,ME0 0,services rural heat,42340.38682
Link,services rural ground heat pump,MK0 0,low voltage,-111483.61197
Link,services rural ground heat pump,MK0 0,services rural heat,386889.7397
Link,services rural ground heat pump,NL0 0,low voltage,-773205.14332
Link,services rural ground heat pump,NL0 0,services rural heat,2550812.85306
Link,services rural ground heat pump,NO1 0,low voltage,-1404171.30391
Link,services rural ground heat pump,NO1 0,services rural heat,4126335.43867
Link,services rural ground heat pump,PL0 0,low voltage,-5588364.14491
Link,services rural ground heat pump,PL0 0,services rural heat,17779914.08062
Link,services rural ground heat pump,PT0 0,low voltage,-658965.18343
Link,services rural ground heat pump,PT0 0,services rural heat,2516430.73538
Link,services rural ground heat pump,RO0 0,low voltage,-1261669.3201
Link,services rural ground heat pump,RO0 0,services rural heat,4252670.46986
Link,services rural ground heat pump,RS0 0,low voltage,-562903.46481
Link,services rural ground heat pump,RS0 0,services rural heat,1943422.5606
Link,services rural ground heat pump,SE1 0,low voltage,-963156.29239
Link,services rural ground heat pump,SE1 0,services rural heat,2849239.60472
Link,services rural ground heat pump,SI0 0,low voltage,-331077.47504
Link,services rural ground heat pump,SI0 0,services rural heat,1096564.70732
Link,services rural ground heat pump,SK0 0,low voltage,-1411558.17457
Link,services rural ground heat pump,SK0 0,services rural heat,4572039.2341
Link,services rural ground heat pump,XK0 0,low voltage,-70006.91515
Link,services rural ground heat pump,XK0 0,services rural heat,243313.10903
Link,services urban decentral air heat pump,AL0 0,low voltage,-167113.91367
Link,services urban decentral air heat pump,AL0 0,services urban decentral heat,405622.52749
Link,services urban decentral air heat pump,AT0 0,low voltage,-2673414.96711
Link,services urban decentral air heat pump,AT0 0,services urban decentral heat,5689939.03052
Link,services urban decentral air heat pump,BA0 0,low voltage,-290456.20357
Link,services urban decentral air heat pump,BA0 0,services urban decentral heat,658892.90327
Link,services urban decentral air heat pump,BE0 0,low voltage,-8213414.24374
Link,services urban decentral air heat pump,BE0 0,services urban decentral heat,18557675.39737
Link,services urban decentral air heat pump,BG0 0,low voltage,-848855.05631
Link,services urban decentral air heat pump,BG0 0,services urban decentral heat,1970675.48404
Link,services urban decentral air heat pump,CH0 0,low voltage,-5175390.37261
Link,services urban decentral air heat pump,CH0 0,services urban decentral heat,10583873.14307
Link,services urban decentral air heat pump,CZ0 0,low voltage,-3465283.98645
Link,services urban decentral air heat pump,CZ0 0,services urban decentral heat,7439325.71797
Link,services urban decentral air heat pump,DE0 0,low voltage,-29254174.88518
Link,services urban decentral air heat pump,DE0 0,services urban decentral heat,65044354.98963
Link,services urban decentral air heat pump,DE0 1,low voltage,-12449178.66826
Link,services urban decentral air heat pump,DE0 1,services urban decentral heat,27183922.48845
Link,services urban decentral air heat pump,DK0 0,low voltage,-1263474.42836
Link,services urban decentral air heat pump,DK0 0,services urban decentral heat,2805275.06715
Link,services urban decentral air heat pump,DK1 0,low voltage,-825724.64755
Link,services urban decentral air heat pump,DK1 0,services urban decentral heat,1832214.80306
Link,services urban decentral air heat pump,EE0 0,low voltage,-366284.51334
Link,services urban decentral air heat pump,EE0 0,services urban decentral heat,727382.2093
Link,services urban decentral air heat pump,ES0 0,low voltage,-6827023.08083
Link,services urban decentral air heat pump,ES0 0,services urban decentral heat,17373994.84332
Link,services urban decentral air heat pump,ES6 0,low voltage,-115455.64098
Link,services urban decentral air heat pump,ES6 0,services urban decentral heat,327159.12261
Link,services urban decentral air heat pump,FI1 0,low voltage,-4059762.76513
Link,services urban decentral air heat pump,FI1 0,services urban decentral heat,7587848.43689
Link,services urban decentral air heat pump,FR0 0,low voltage,-29633700.99818
Link,services urban decentral air heat pump,FR0 0,services urban decentral heat,69542140.95902
Link,services urban decentral air heat pump,FR5 0,low voltage,-6540.55408
Link,services urban decentral air heat pump,FR5 0,services urban decentral heat,18822.12803
Link,services urban decentral air heat pump,GB2 0,low voltage,-23387927.96699
Link,services urban decentral air heat pump,GB2 0,services urban decentral heat,55307718.44227
Link,services urban decentral air heat pump,GB3 0,low voltage,-262399.96009
Link,services urban decentral air heat pump,GB3 0,services urban decentral heat,631551.97121
Link,services urban decentral air heat pump,GR0 0,low voltage,-1905724.29218
Link,services urban decentral air heat pump,GR0 0,services urban decentral heat,4942687.48958
Link,services urban decentral air heat pump,HR0 0,low voltage,-525420.56279
Link,services urban decentral air heat pump,HR0 0,services urban decentral heat,1233368.59469
Link,services urban decentral air heat pump,HU0 0,low voltage,-2705804.46457
Link,services urban decentral air heat pump,HU0 0,services urban decentral heat,6060021.19457
Link,services urban decentral air heat pump,IE3 0,low voltage,-1621683.80155
Link,services urban decentral air heat pump,IE3 0,services urban decentral heat,3922742.74671
Link,services urban decentral air heat pump,IT0 0,low voltage,-23917433.05455
Link,services urban decentral air heat pump,IT0 0,services urban decentral heat,57944893.41454
Link,services urban decentral air heat pump,IT4 0,low voltage,-173813.4024
Link,services urban decentral air heat pump,IT4 0,services urban decentral heat,448199.24593
Link,services urban decentral air heat pump,LT0 0,low voltage,-416547.96601
Link,services urban decentral air heat pump,LT0 0,services urban decentral heat,847930.7371
Link,services urban decentral air heat pump,LU0 0,low voltage,-638527.38329
Link,services urban decentral air heat pump,LU0 0,services urban decentral heat,1406809.97343
Link,services urban decentral air heat pump,LV0 0,low voltage,-542046.31469
Link,services urban decentral air heat pump,LV0 0,services urban decentral heat,1078328.55665
Link,services urban decentral air heat pump,ME0 0,low voltage,-27836.9229
Link,services urban decentral air heat pump,ME0 0,services urban decentral heat,67169.6295
Link,services urban decentral air heat pump,MK0 0,low voltage,-137991.42673
Link,services urban decentral air heat pump,MK0 0,services urban decentral heat,317670.54927
Link,services urban decentral air heat pump,NL0 0,low voltage,-12418965.75658
Link,services urban decentral air heat pump,NL0 0,services urban decentral heat,28374941.41996
Link,services urban decentral air heat pump,NO1 0,low voltage,-7094676.70802
Link,services urban decentral air heat pump,NO1 0,services urban decentral heat,13789644.80982
Link,services urban decentral air heat pump,PL0 0,low voltage,-6798949.88937
Link,services urban decentral air heat pump,PL0 0,services urban decentral heat,14443980.74916
Link,services urban decentral air heat pump,PT0 0,low voltage,-1785087.09034
Link,services urban decentral air heat pump,PT0 0,services urban decentral heat,4676841.11694
Link,services urban decentral air heat pump,RO0 0,low voltage,-1450736.7322
Link,services urban decentral air heat pump,RO0 0,services urban decentral heat,3222003.9463
Link,services urban decentral air heat pump,RS0 0,low voltage,-552232.21076
Link,services urban decentral air heat pump,RS0 0,services urban decentral heat,1250987.20732
Link,services urban decentral air heat pump,SE1 0,low voltage,-4960472.25256
Link,services urban decentral air heat pump,SE1 0,services urban decentral heat,9607678.68041
Link,services urban decentral air heat pump,SI0 0,low voltage,-422394.72988
Link,services urban decentral air heat pump,SI0 0,services urban decentral heat,942474.32067
Link,services urban decentral air heat pump,SK0 0,low voltage,-1710135.17236
Link,services urban decentral air heat pump,SK0 0,services urban decentral heat,3658786.21967
Link,services urban decentral air heat pump,XK0 0,low voltage,-124139.65887
Link,services urban decentral air heat pump,XK0 0,services urban decentral heat,283462.73932
Link,solid biomass for industry,EU,solid biomass,-71547463.08468
Link,solid biomass for industry,EU,solid biomass for industry,71547463.08468
Link,solid biomass for industry CC,EU,co2,-215147334.35601
Link,solid biomass for industry CC,EU,co2 stored,215147334.35601
Link,solid biomass for industry CC,EU,solid biomass,-617591705.12539
Link,solid biomass for industry CC,EU,solid biomass for industry,555832534.61285
Link,urban central air heat pump,AL0 0,low voltage,-205553.50555
Link,urban central air heat pump,AL0 0,urban central heat,601844.44042
Link,urban central air heat pump,AT0 0,low voltage,-6737332.46193
Link,urban central air heat pump,AT0 0,urban central heat,18788506.96146
Link,urban central air heat pump,BA0 0,low voltage,-807043.67004
Link,urban central air heat pump,BA0 0,urban central heat,2284440.27498
Link,urban central air heat pump,BE0 0,low voltage,-7886985.44603
Link,urban central air heat pump,BE0 0,urban central heat,22668702.55099
Link,urban central air heat pump,BG0 0,low voltage,-1744849.76064
Link,urban central air heat pump,BG0 0,urban central heat,4852401.45419
Link,urban central air heat pump,CH0 0,low voltage,-6843919.99766
Link,urban central air heat pump,CH0 0,urban central heat,17809015.06662
Link,urban central air heat pump,CZ0 0,low voltage,-7256379.27178
Link,urban central air heat pump,CZ0 0,urban central heat,18753415.99446
Link,urban central air heat pump,DE0 0,low voltage,-42573317.16346
Link,urban central air heat pump,DE0 0,urban central heat,123663516.58957
Link,urban central air heat pump,DE0 1,low voltage,-19102953.37183
Link,urban central air heat pump,DE0 1,urban central heat,55169220.51928
Link,urban central air heat pump,DK0 0,low voltage,-4614152.29944
Link,urban central air heat pump,DK0 0,urban central heat,16094072.96128
Link,urban central air heat pump,DK1 0,low voltage,-2546559.94898
Link,urban central air heat pump,DK1 0,urban central heat,8972218.35771
Link,urban central air heat pump,EE0 0,low voltage,-1040508.55523
Link,urban central air heat pump,EE0 0,urban central heat,2758009.62143
Link,urban central air heat pump,ES0 0,low voltage,-6419401.43349
Link,urban central air heat pump,ES0 0,urban central heat,19420359.63799
Link,urban central air heat pump,ES6 0,low voltage,-88619.18949
Link,urban central air heat pump,ES6 0,urban central heat,298585.58827
Link,urban central air heat pump,FI1 0,low voltage,-12173311.00916
Link,urban central air heat pump,FI1 0,urban central heat,30290296.77575
Link,urban central air heat pump,FR0 0,low voltage,-52128951.9527
Link,urban central air heat pump,FR0 0,urban central heat,147371564.14208
Link,urban central air heat pump,GB2 0,low voltage,-34031942.41738
Link,urban central air heat pump,GB2 0,urban central heat,98592624.02941
Link,urban central air heat pump,GB3 0,low voltage,-299660.43287
Link,urban central air heat pump,GB3 0,urban central heat,872012.40798
Link,urban central air heat pump,GR0 0,low voltage,-2166038.63802
Link,urban central air heat pump,GR0 0,urban central heat,6684400.0567
Link,urban central air heat pump,HR0 0,low voltage,-1679510.05852
Link,urban central air heat pump,HR0 0,urban central heat,4914406.33259
Link,urban central air heat pump,HU0 0,low voltage,-5140316.69885
Link,urban central air heat pump,HU0 0,urban central heat,14964236.61331
Link,urban central air heat pump,IE3 0,low voltage,-1773104.02607
Link,urban central air heat pump,IE3 0,urban central heat,5220856.69185
Link,urban central air heat pump,IT0 0,low voltage,-27613402.31589
Link,urban central air heat pump,IT0 0,urban central heat,91947148.17166
Link,urban central air heat pump,IT4 0,low voltage,-194546.97853
Link,urban central air heat pump,IT4 0,urban central heat,702519.07166
Link,urban central air heat pump,LT0 0,low voltage,-1592845.35943
Link,urban central air heat pump,LT0 0,urban central heat,4327197.79622
Link,urban central air heat pump,LU0 0,low voltage,-567621.4386
Link,urban central air heat pump,LU0 0,urban central heat,1598942.72252
Link,urban central air heat pump,LV0 0,low voltage,-1563801.02234
Link,urban central air heat pump,LV0 0,urban central heat,4335195.85813
Link,urban central air heat pump,ME0 0,low voltage,-97955.48386
Link,urban central air heat pump,ME0 0,urban central heat,274264.9109
Link,urban central air heat pump,MK0 0,low voltage,-481612.43961
Link,urban central air heat pump,MK0 0,urban central heat,1348356.58301
Link,urban central air heat pump,NL0 0,low voltage,-10465708.37287
Link,urban central air heat pump,NL0 0,urban central heat,30523875.58429
Link,urban central air heat pump,NO1 0,low voltage,-7060005.28402
Link,urban central air heat pump,NO1 0,urban central heat,18376495.8865
Link,urban central air heat pump,PL0 0,low voltage,-19488545.82898
Link,urban central air heat pump,PL0 0,urban central heat,49697617.83002
Link,urban central air heat pump,PT0 0,low voltage,-1224254.3617
Link,urban central air heat pump,PT0 0,urban central heat,3930564.51006
Link,urban central air heat pump,RO0 0,low voltage,-6172968.7426
Link,urban central air heat pump,RO0 0,urban central heat,17347854.00233
Link,urban central air heat pump,RS0 0,low voltage,-2898448.54896
Link,urban central air heat pump,RS0 0,urban central heat,8264088.5703
Link,urban central air heat pump,SE1 0,low voltage,-18175859.29701
Link,urban central air heat pump,SE1 0,urban central heat,49173863.24982
Link,urban central air heat pump,SI0 0,low voltage,-1145710.26961
Link,urban central air heat pump,SI0 0,urban central heat,3259561.38423
Link,urban central air heat pump,SK0 0,low voltage,-2448585.08905
Link,urban central air heat pump,SK0 0,urban central heat,6972952.22772
Link,urban central air heat pump,XK0 0,low voltage,-265708.77388
Link,urban central air heat pump,XK0 0,urban central heat,735945.92709
Link,waste CHP,AL0 0,AC,1321.32268
Link,waste CHP,AL0 0,urban central heat,4653.61914
Link,waste CHP,AT0 0,AC,1046714.50104
Link,waste CHP,AT0 0,urban central heat,3686465.62146
Link,waste CHP,BA0 0,AC,9817.68654
Link,waste CHP,BA0 0,urban central heat,34577.30248
Link,waste CHP,BE0 0,AC,2332206.07243
Link,waste CHP,BE0 0,urban central heat,8213889.747
Link,waste CHP,BG0 0,AC,2473.77675
Link,waste CHP,BG0 0,urban central heat,8712.49318
Link,waste CHP,CH0 0,AC,14811.64909
Link,waste CHP,CH0 0,urban central heat,52165.73871
Link,waste CHP,CZ0 0,AC,3094733.11106
Link,waste CHP,CZ0 0,urban central heat,10899464.19021
Link,waste CHP,DE0 0,AC,13658721.30619
Link,waste CHP,DE0 0,urban central heat,48105196.28623
Link,waste CHP,DE0 1,AC,5915358.46665
Link,waste CHP,DE0 1,urban central heat,20833537.3248
Link,waste CHP,DK0 0,AC,514176.88844
Link,waste CHP,DK0 0,urban central heat,1810900.12674
Link,waste CHP,DK1 0,AC,390491.55835
Link,waste CHP,DK1 0,urban central heat,1375287.821
Link,waste CHP,EE0 0,AC,293238.99448
Link,waste CHP,EE0 0,urban central heat,1032770.13067
Link,waste CHP,ES0 0,AC,1084.77292
Link,waste CHP,ES0 0,urban central heat,3820.5051
Link,waste CHP,ES6 0,AC,401.29722
Link,waste CHP,ES6 0,urban central heat,1413.34471
Link,waste CHP,EU,co2,56678924.40201
Link,waste CHP,EU,non-sequestered HVC,-220454781.80477
Link,waste CHP,FI1 0,AC,2368429.76117
Link,waste CHP,FI1 0,urban central heat,8341467.40366
Link,waste CHP,FR0 0,AC,2560.14128
Link,waste CHP,FR0 0,urban central heat,9016.66388
Link,waste CHP,FR5 0,AC,404.82835
Link,waste CHP,GB2 0,AC,1200100.65553
Link,waste CHP,GB2 0,urban central heat,4226682.44729
Link,waste CHP,GB3 0,AC,2757.38795
Link,waste CHP,GB3 0,urban central heat,9711.3548
Link,waste CHP,GR0 0,AC,1323.50028
Link,waste CHP,GR0 0,urban central heat,4661.28851
Link,waste CHP,HR0 0,AC,75537.95328
Link,waste CHP,HR0 0,urban central heat,266040.13568
Link,waste CHP,HU0 0,AC,1212205.04433
Link,waste CHP,HU0 0,urban central heat,4269313.37784
Link,waste CHP,IE3 0,AC,3846.15754
Link,waste CHP,IE3 0,urban central heat,13545.93592
Link,waste CHP,IT0 0,AC,1708.57076
Link,waste CHP,IT0 0,urban central heat,6017.48362
Link,waste CHP,IT4 0,AC,721.44747
Link,waste CHP,IT4 0,urban central heat,2540.89468
Link,waste CHP,LT0 0,AC,512811.03509
Link,waste CHP,LT0 0,urban central heat,1806089.67324
Link,waste CHP,LU0 0,AC,175106.48345
Link,waste CHP,LU0 0,urban central heat,616714.52025
Link,waste CHP,LV0 0,AC,400845.5106
Link,waste CHP,LV0 0,urban central heat,1411753.81909
Link,waste CHP,ME0 0,AC,2024.6885
Link,waste CHP,ME0 0,urban central heat,7130.83133
Link,waste CHP,MK0 0,AC,2188.03467
Link,waste CHP,MK0 0,urban central heat,7706.12673
Link,waste CHP,NL0 0,AC,3665426.74502
Link,waste CHP,NL0 0,urban central heat,12909412.90107
Link,waste CHP,NO1 0,AC,444820.53904
Link,waste CHP,NO1 0,urban central heat,1566631.22871
Link,waste CHP,PL0 0,AC,6620903.69325
Link,waste CHP,PL0 0,urban central heat,23318425.24759
Link,waste CHP,PT0 0,AC,1023.15557
Link,waste CHP,PT0 0,urban central heat,3603.49249
Link,waste CHP,RO0 0,AC,11646.87598
Link,waste CHP,RO0 0,urban central heat,41019.59786
Link,waste CHP,RS0 0,AC,10157.35552
Link,waste CHP,RS0 0,urban central heat,35773.59623
Link,waste CHP,SE1 0,AC,2781824.72643
Link,waste CHP,SE1 0,urban central heat,9797419.6485
Link,waste CHP,SI0 0,AC,52855.26658
Link,waste CHP,SI0 0,urban central heat,186153.07514
Link,waste CHP,SK0 0,AC,899231.41436
Link,waste CHP,SK0 0,urban central heat,3167039.04594
Link,waste CHP,XK0 0,AC,2447.88487
Link,waste CHP,XK0 0,urban central heat,8621.30353
Link,waste CHP CC,AL0 0,AC,918.8728
Link,waste CHP CC,AL0 0,urban central heat,3236.21484
Link,waste CHP CC,AT0 0,AC,4568.34962
Link,waste CHP CC,AT0 0,urban central heat,16089.45305
Link,waste CHP CC,BA0 0,AC,1964.25548
Link,waste CHP CC,BA0 0,urban central heat,6917.98985
Link,waste CHP CC,BE0 0,AC,4435.78915
Link,waste CHP CC,BE0 0,urban central heat,15622.58302
Link,waste CHP CC,BG0 0,AC,1565.25017
Link,waste CHP CC,BG0 0,urban central heat,5512.7171
Link,waste CHP CC,CH0 0,AC,2709.13742
Link,waste CHP CC,CH0 0,urban central heat,9541.41933
Link,waste CHP CC,CZ0 0,AC,7182.73083
Link,waste CHP CC,CZ0 0,urban central heat,25297.14667
Link,waste CHP CC,DE0 0,AC,5478.45005
Link,waste CHP CC,DE0 0,urban central heat,19294.77213
Link,waste CHP CC,DE0 1,AC,5413.76413
Link,waste CHP CC,DE0 1,urban central heat,19066.95217
Link,waste CHP CC,DK0 0,AC,3355.36973
Link,waste CHP CC,DK0 0,urban central heat,11817.4107
Link,waste CHP CC,DK1 0,AC,3642.70567
Link,waste CHP CC,DK1 0,urban central heat,12829.39065
Link,waste CHP CC,EE0 0,AC,3406.44244
Link,waste CHP CC,EE0 0,urban central heat,11997.28574
Link,waste CHP CC,ES0 0,AC,1052.55652
Link,waste CHP CC,ES0 0,urban central heat,3707.04087
Link,waste CHP CC,ES6 0,AC,252.7169
Link,waste CHP CC,ES6 0,urban central heat,890.05376
Link,waste CHP CC,EU,co2,14201.33926
Link,waste CHP CC,EU,co2 stored,127812.05333
Link,waste CHP CC,EU,non-sequestered HVC,-552366.36559
Link,waste CHP CC,FI1 0,AC,6490.85183
Link,waste CHP CC,FI1 0,urban central heat,22860.3904
Link,waste CHP CC,FR0 0,AC,2391.78999
Link,waste CHP CC,FR0 0,urban central heat,8423.74072
Link,waste CHP CC,FR5 0,AC,472.62984
Link,waste CHP CC,GB2 0,AC,3169.05019
Link,waste CHP CC,GB2 0,urban central heat,11161.20446
Link,waste CHP CC,GB3 0,AC,1476.96712
Link,waste CHP CC,GB3 0,urban central heat,5201.78951
Link,waste CHP CC,GR0 0,AC,1010.35308
Link,waste CHP CC,GR0 0,urban central heat,3558.40286
Link,waste CHP CC,HR0 0,AC,2332.76198
Link,waste CHP CC,HR0 0,urban central heat,8215.84762
Link,waste CHP CC,HU0 0,AC,3752.7069
Link,waste CHP CC,HU0 0,urban central heat,13216.80838
Link,waste CHP CC,IE3 0,AC,2000.64974
Link,waste CHP CC,IE3 0,urban central heat,7046.16826
Link,waste CHP CC,IT0 0,AC,2015.53327
Link,waste CHP CC,IT0 0,urban central heat,7098.58714
Link,waste CHP CC,IT4 0,AC,551.78064
Link,waste CHP CC,IT4 0,urban central heat,1943.3383
Link,waste CHP CC,LT0 0,AC,4063.96104
Link,waste CHP CC,LT0 0,urban central heat,14313.02674
Link,waste CHP CC,LU0 0,AC,3153.89437
Link,waste CHP CC,LU0 0,urban central heat,11107.8266
Link,waste CHP CC,LV0 0,AC,4307.9879
Link,waste CHP CC,LV0 0,urban central heat,15172.4747
Link,waste CHP CC,ME0 0,AC,1104.6595
Link,waste CHP CC,ME0 0,urban central heat,3890.54443
Link,waste CHP CC,MK0 0,AC,1106.54311
Link,waste CHP CC,MK0 0,urban central heat,3897.17839
Link,waste CHP CC,NL0 0,AC,4846.84068
Link,waste CHP CC,NL0 0,urban central heat,17070.28182
Link,waste CHP CC,NO1 0,AC,4687.84118
Link,waste CHP CC,NO1 0,urban central heat,16510.29516
Link,waste CHP CC,PL0 0,AC,5315.7766
Link,waste CHP CC,PL0 0,urban central heat,18721.84599
Link,waste CHP CC,PT0 0,AC,907.9605
Link,waste CHP CC,PT0 0,urban central heat,3197.78237
Link,waste CHP CC,RO0 0,AC,2538.6959
Link,waste CHP CC,RO0 0,urban central heat,8941.13452
Link,waste CHP CC,RS0 0,AC,2153.10627
Link,waste CHP CC,RS0 0,urban central heat,7583.11099
Link,waste CHP CC,SE1 0,AC,5983.61307
Link,waste CHP CC,SE1 0,urban central heat,21073.92594
Link,waste CHP CC,SI0 0,AC,2218.44472
Link,waste CHP CC,SI0 0,urban central heat,7813.22908
Link,waste CHP CC,SK0 0,AC,4487.35237
Link,waste CHP CC,SK0 0,urban central heat,15804.18561
Link,waste CHP CC,XK0 0,AC,1099.17546
Link,waste CHP CC,XK0 0,urban central heat,3871.22998
Load,H2 for industry,AL0 0,H2,-40000.0
Load,H2 for industry,AT0 0,H2,-6360000.0
Load,H2 for industry,BA0 0,H2,-380000.0
Load,H2 for industry,BE0 0,H2,-8320000.0
Load,H2 for industry,BG0 0,H2,-1620000.0
Load,H2 for industry,CH0 0,H2,-310000.0
Load,H2 for industry,CZ0 0,H2,-1880000.0
Load,H2 for industry,DE0 0,H2,-21400000.0
Load,H2 for industry,DE0 1,H2,-7580000.0
Load,H2 for industry,DK0 0,H2,0.0
Load,H2 for industry,DK1 0,H2,0.0
Load,H2 for industry,EE0 0,H2,-160000.0
Load,H2 for industry,ES0 0,H2,-4840000.0
Load,H2 for industry,ES6 0,H2,0.0
Load,H2 for industry,FI1 0,H2,-1540000.0
Load,H2 for industry,FR0 0,H2,-10500000.0
Load,H2 for industry,FR5 0,H2,0.0
Load,H2 for industry,GB2 0,H2,-6790000.0
Load,H2 for industry,GB3 0,H2,10000.0
Load,H2 for industry,GR0 0,H2,-770000.0
Load,H2 for industry,HR0 0,H2,-2840000.0
Load,H2 for industry,HU0 0,H2,-3330000.0
Load,H2 for industry,IE3 0,H2,0.0
Load,H2 for industry,IT0 0,H2,-5090000.0
Load,H2 for industry,IT4 0,H2,30000.0
Load,H2 for industry,LT0 0,H2,-6230000.0
Load,H2 for industry,LU0 0,H2,0.0
Load,H2 for industry,LV0 0,H2,0.0
Load,H2 for industry,ME0 0,H2,-10000.0
Load,H2 for industry,MK0 0,H2,-340000.0
Load,H2 for industry,NL0 0,H2,-18000000.0
Load,H2 for industry,NO1 0,H2,-3210000.0
Load,H2 for industry,PL0 0,H2,-17370000.0
Load,H2 for industry,PT0 0,H2,40000.0
Load,H2 for industry,RO0 0,H2,-4480000.0
Load,H2 for industry,RS0 0,H2,-660000.0
Load,H2 for industry,SE1 0,H2,-1400000.0
Load,H2 for industry,SI0 0,H2,0.0
Load,H2 for industry,SK0 0,H2,-4710000.0
Load,H2 for industry,XK0 0,H2,-100000.0
Load,coal for industry,EU,coal for industry,-106061920.0
Load,electricity,AL0 0,low voltage,-3688128.45575
Load,electricity,AT0 0,low voltage,-31307192.84121
Load,electricity,BA0 0,low voltage,-5621455.72685
Load,electricity,BE0 0,low voltage,-36208347.64067
Load,electricity,BG0 0,low voltage,-19943566.99285
Load,electricity,CH0 0,low voltage,-27370695.6871
Load,electricity,CZ0 0,low voltage,-27415414.5278
Load,electricity,DE0 0,low voltage,-138724356.93798
Load,electricity,DE0 1,low voltage,-100676358.99621
Load,electricity,DK0 0,low voltage,-8946841.78615
Load,electricity,DK1 0,low voltage,-10699406.12813
Load,electricity,EE0 0,low voltage,-4340970.47174
Load,electricity,ES0 0,low voltage,-141033147.59372
Load,electricity,ES6 0,low voltage,-7607614.7087
Load,electricity,FI1 0,low voltage,-24636428.6686
Load,electricity,FR0 0,low voltage,-225205008.41863
Load,electricity,FR5 0,low voltage,-3974945.85382
Load,electricity,GB2 0,low voltage,-188358590.4946
Load,electricity,GB3 0,low voltage,-7920373.44187
Load,electricity,GR0 0,low voltage,-24406740.72144
Load,electricity,HR0 0,low voltage,-10221784.60559
Load,electricity,HU0 0,low voltage,-16157114.54792
Load,electricity,IE3 0,low voltage,-11048453.5268
Load,electricity,IT0 0,low voltage,-136059566.27593
Load,electricity,IT4 0,low voltage,-4770055.51228
Load,electricity,LT0 0,low voltage,-6019566.14902
Load,electricity,LU0 0,low voltage,-1840364.82962
Load,electricity,LV0 0,low voltage,-4252558.05139
Load,electricity,ME0 0,low voltage,-2208690.9719
Load,electricity,MK0 0,low voltage,-4675112.31259
Load,electricity,NL0 0,low voltage,-64048125.38123
Load,electricity,NO1 0,low voltage,-58893074.1169
Load,electricity,PL0 0,low voltage,-70995641.6039
Load,electricity,PT0 0,low voltage,-26399925.53495
Load,electricity,RO0 0,low voltage,-26416090.23154
Load,electricity,RS0 0,low voltage,-25244058.84176
Load,electricity,SE1 0,low voltage,-49094607.69077
Load,electricity,SI0 0,low voltage,-4000297.75502
Load,electricity,SK0 0,low voltage,-9517971.96242
Load,electricity,XK0 0,low voltage,-5018528.57961
Load,gas for industry,EU,gas for industry,-510950000.0
Load,industry electricity,AL0 0,low voltage,-910000.0
Load,industry electricity,AT0 0,low voltage,-42230000.0
Load,industry electricity,BA0 0,low voltage,-3720000.0
Load,industry electricity,BE0 0,low voltage,-61470000.0
Load,industry electricity,BG0 0,low voltage,-14080000.0
Load,industry electricity,CH0 0,low voltage,-15200000.0
Load,industry electricity,CZ0 0,low voltage,-37880000.0
Load,industry electricity,DE0 0,low voltage,-213090000.0
Load,industry electricity,DE0 1,low voltage,-109080000.0
Load,industry electricity,DK0 0,low voltage,-11610000.0
Load,industry electricity,DK1 0,low voltage,-3370000.0
Load,industry electricity,EE0 0,low voltage,-2790000.0
Load,industry electricity,ES0 0,low voltage,-130590000.0
Load,industry electricity,ES6 0,low voltage,-880000.0
Load,industry electricity,FI1 0,low voltage,-48580000.0
Load,industry electricity,FR0 0,low voltage,-177980000.0
Load,industry electricity,FR5 0,low voltage,-330000.0
Load,industry electricity,GB2 0,low voltage,-110460000.0
Load,industry electricity,GB3 0,low voltage,-2580000.0
Load,industry electricity,GR0 0,low voltage,-15230000.0
Load,industry electricity,HR0 0,low voltage,-6720000.0
Load,industry electricity,HU0 0,low voltage,-27200000.0
Load,industry electricity,IE3 0,low voltage,-12400000.0
Load,industry electricity,IT0 0,low voltage,-158870000.0
Load,industry electricity,IT4 0,low voltage,-5950000.0
Load,industry electricity,LT0 0,low voltage,-3850000.0
Load,industry electricity,LU0 0,low voltage,-4070000.0
Load,industry electricity,LV0 0,low voltage,-3580000.0
Load,industry electricity,ME0 0,low voltage,-650000.0
Load,industry electricity,MK0 0,low voltage,-1950000.0
Load,industry electricity,NL0 0,low voltage,-72530000.0
Load,industry electricity,NO1 0,low voltage,-29820000.0
Load,industry electricity,PL0 0,low voltage,-82370000.0
Load,industry electricity,PT0 0,low voltage,-25280000.0
Load,industry electricity,RO0 0,low voltage,-34270000.0
Load,industry electricity,RS0 0,low voltage,-8680000.0
Load,industry electricity,SE1 0,low voltage,-52330000.0
Load,industry electricity,SI0 0,low voltage,-7690000.0
Load,industry electricity,SK0 0,low voltage,-16600000.0
Load,industry electricity,XK0 0,low voltage,-1110000.0
Load,industry methanol,EU,industry methanol,-8740000.0
Load,land transport EV,AL0 0,EV battery,-1446048.16295
Load,land transport EV,AT0 0,EV battery,-15356270.87118
Load,land transport EV,BA0 0,EV battery,-2415761.0898
Load,land transport EV,BE0 0,EV battery,-20507976.55555
Load,land transport EV,BG0 0,EV battery,-5727069.72466
Load,land transport EV,CH0 0,EV battery,-9063202.11877
Load,land transport EV,CZ0 0,EV battery,-14491146.68024
Load,land transport EV,DE0 0,EV battery,-74115531.88934
Load,land transport EV,DE0 1,EV battery,-43348784.71778
Load,land transport EV,DK0 0,EV battery,-6069368.68103
Load,land transport EV,DK1 0,EV battery,-3504062.66837
Load,land transport EV,EE0 0,EV battery,-1720590.0809
Load,land transport EV,ES0 0,EV battery,-56621943.82116
Load,land transport EV,ES6 0,EV battery,-923210.32336
Load,land transport EV,FI1 0,EV battery,-9504609.82483
Load,land transport EV,FR0 0,EV battery,-94585493.59158
Load,land transport EV,FR5 0,EV battery,-386942.22367
Load,land transport EV,GB2 0,EV battery,-70899646.86859
Load,land transport EV,GB3 0,EV battery,-1919925.1962
Load,land transport EV,GR0 0,EV battery,-10943361.36674
Load,land transport EV,HR0 0,EV battery,-4563324.53635
Load,land transport EV,HU0 0,EV battery,-9813711.27417
Load,land transport EV,IE3 0,EV battery,-7657689.83698
Load,land transport EV,IT0 0,EV battery,-73196832.7606
Load,land transport EV,IT4 0,EV battery,-1828210.54796
Load,land transport EV,LT0 0,EV battery,-4827132.63926
Load,land transport EV,LU0 0,EV battery,-2153532.03119
Load,land transport EV,LV0 0,EV battery,-2297132.75346
Load,land transport EV,ME0 0,EV battery,-485687.01385
Load,land transport EV,MK0 0,EV battery,-1385186.24365
Load,land transport EV,NL0 0,EV battery,-25258836.64723
Load,land transport EV,NO1 0,EV battery,-6506736.32197
Load,land transport EV,PL0 0,EV battery,-44885324.53341
Load,land transport EV,PT0 0,EV battery,-13613226.5725
Load,land transport EV,RO0 0,EV battery,-14285303.72947
Load,land transport EV,RS0 0,EV battery,-4131795.69651
Load,land transport EV,SE1 0,EV battery,-14805267.00141
Load,land transport EV,SI0 0,EV battery,-4047341.66531
Load,land transport EV,SK0 0,EV battery,-6268763.88473
Load,land transport EV,XK0 0,EV battery,-782033.13139
Load,land transport oil,EU,land transport oil,-947303921.78965
Load,low-temperature heat for industry,AL0 0,urban central heat,-60000.0
Load,low-temperature heat for industry,AT0 0,urban central heat,-1840000.0
Load,low-temperature heat for industry,BA0 0,urban central heat,-130000.0
Load,low-temperature heat for industry,BE0 0,urban central heat,-2700000.0
Load,low-temperature heat for industry,BG0 0,urban central heat,-680000.0
Load,low-temperature heat for industry,CH0 0,urban central heat,-1010000.0
Load,low-temperature heat for industry,CZ0 0,urban central heat,-2750000.0
Load,low-temperature heat for industry,DE0 0,urban central heat,-14340000.0
Load,low-temperature heat for industry,DE0 1,urban central heat,-6870000.0
Load,low-temperature heat for industry,DK0 0,urban central heat,-520000.0
Load,low-temperature heat for industry,DK1 0,urban central heat,-160000.0
Load,low-temperature heat for industry,EE0 0,urban central heat,-210000.0
Load,low-temperature heat for industry,ES0 0,urban central heat,-3450000.0
Load,low-temperature heat for industry,ES6 0,urban central heat,-30000.0
Load,low-temperature heat for industry,FI1 0,urban central heat,-5300000.0
Load,low-temperature heat for industry,FR0 0,urban central heat,-9750000.0
Load,low-temperature heat for industry,FR5 0,services urban decentral heat,-20000.0
Load,low-temperature heat for industry,GB2 0,urban central heat,-7280000.0
Load,low-temperature heat for industry,GB3 0,urban central heat,-170000.0
Load,low-temperature heat for industry,GR0 0,urban central heat,-380000.0
Load,low-temperature heat for industry,HR0 0,urban central heat,-480000.0
Load,low-temperature heat for industry,HU0 0,urban central heat,-1720000.0
Load,low-temperature heat for industry,IE3 0,urban central heat,-370000.0
Load,low-temperature heat for industry,IT0 0,urban central heat,-14080000.0
Load,low-temperature heat for industry,IT4 0,urban central heat,-460000.0
Load,low-temperature heat for industry,LT0 0,urban central heat,-220000.0
Load,low-temperature heat for industry,LU0 0,urban central heat,-90000.0
Load,low-temperature heat for industry,LV0 0,urban central heat,-420000.0
Load,low-temperature heat for industry,ME0 0,urban central heat,-30000.0
Load,low-temperature heat for industry,MK0 0,urban central heat,-60000.0
Load,low-temperature heat for industry,NL0 0,urban central heat,-5430000.0
Load,low-temperature heat for industry,NO1 0,urban central heat,-1580000.0
Load,low-temperature heat for industry,PL0 0,urban central heat,-4730000.0
Load,low-temperature heat for industry,PT0 0,urban central heat,-1570000.0
Load,low-temperature heat for industry,RO0 0,urban central heat,-1730000.0
Load,low-temperature heat for industry,RS0 0,urban central heat,-480000.0
Load,low-temperature heat for industry,SE1 0,urban central heat,-3050000.0
Load,low-temperature heat for industry,SI0 0,urban central heat,-350000.0
Load,low-temperature heat for industry,SK0 0,urban central heat,-640000.0
Load,low-temperature heat for industry,XK0 0,urban central heat,-40000.0
Load,naphtha for industry,EU,naphtha for industry,-504800000.0
Load,process emissions,EU,process emissions,152570000.0
Load,residential rural heat,AL0 0,residential rural heat,-1013656.48029
Load,residential rural heat,AT0 0,residential rural heat,-22511495.07671
Load,residential rural heat,BA0 0,residential rural heat,-4073029.85851
Load,residential rural heat,BE0 0,residential rural heat,-2997378.26427
Load,residential rural heat,BG0 0,residential rural heat,-2988039.50833
Load,residential rural heat,CH0 0,residential rural heat,-9417362.81377
Load,residential rural heat,CZ0 0,residential rural heat,-15098049.14152
Load,residential rural heat,DE0 0,residential rural heat,-41023368.41438
Load,residential rural heat,DE0 1,residential rural heat,-70415715.70823
Load,residential rural heat,DK0 0,residential rural heat,-2393037.77711
Load,residential rural heat,DK1 0,residential rural heat,-1047688.51452
Load,residential rural heat,EE0 0,residential rural heat,-2020530.57366
Load,residential rural heat,ES0 0,residential rural heat,-14270666.60967
Load,residential rural heat,ES6 0,residential rural heat,-98872.92478
Load,residential rural heat,FI1 0,residential rural heat,-7838546.98039
Load,residential rural heat,FR0 0,residential rural heat,-69318334.49592
Load,residential rural heat,FR5 0,residential rural heat,-1523386.76343
Load,residential rural heat,GB2 0,residential rural heat,-38981690.72935
Load,residential rural heat,GB3 0,residential rural heat,-4817963.54502
Load,residential rural heat,GR0 0,residential rural heat,-3460532.27892
Load,residential rural heat,HR0 0,residential rural heat,-6304835.72086
Load,residential rural heat,HU0 0,residential rural heat,-12559001.04641
Load,residential rural heat,IE3 0,residential rural heat,-7401730.86094
Load,residential rural heat,IT0 0,residential rural heat,-60134034.74067
Load,residential rural heat,IT4 0,residential rural heat,-4499214.58596
Load,residential rural heat,LT0 0,residential rural heat,-3399413.98131
Load,residential rural heat,LU0 0,residential rural heat,-306417.4232
Load,residential rural heat,LV0 0,residential rural heat,-2997393.28366
Load,residential rural heat,ME0 0,residential rural heat,-467397.76874
Load,residential rural heat,MK0 0,residential rural heat,-1299128.00926
Load,residential rural heat,NL0 0,residential rural heat,-4814497.91171
Load,residential rural heat,NO1 0,residential rural heat,-5225636.59602
Load,residential rural heat,PL0 0,residential rural heat,-64985327.99762
Load,residential rural heat,PT0 0,residential rural heat,-3700625.53669
Load,residential rural heat,RO0 0,residential rural heat,-22816147.39623
Load,residential rural heat,RS0 0,residential rural heat,-8234096.20701
Load,residential rural heat,SE1 0,residential rural heat,-9765759.5222
Load,residential rural heat,SI0 0,residential rural heat,-3900590.29007
Load,residential rural heat,SK0 0,residential rural heat,-8747828.46656
Load,residential rural heat,XK0 0,residential rural heat,-1040800.87635
Load,residential urban decentral heat,AL0 0,residential urban decentral heat,-1089156.73159
Load,residential urban decentral heat,AT0 0,residential urban decentral heat,-17641465.84133
Load,residential urban decentral heat,BA0 0,residential urban decentral heat,-2413708.82079
Load,residential urban decentral heat,BE0 0,residential urban decentral heat,-41691387.53687
Load,residential urban decentral heat,BG0 0,residential urban decentral heat,-5291891.44411
Load,residential urban decentral heat,CH0 0,residential urban decentral heat,-23630396.6983
Load,residential urban decentral heat,CZ0 0,residential urban decentral heat,-23349279.8387
Load,residential urban decentral heat,DE0 0,residential urban decentral heat,-174823987.4145
Load,residential urban decentral heat,DE0 1,residential urban decentral heat,-73065867.23246
Load,residential urban decentral heat,DK0 0,residential urban decentral heat,-10521417.42176
Load,residential urban decentral heat,DK1 0,residential urban decentral heat,-6873011.0694
Load,residential urban decentral heat,EE0 0,residential urban decentral heat,-2130669.36512
Load,residential urban decentral heat,ES0 0,residential urban decentral heat,-40074169.69673
Load,residential urban decentral heat,ES6 0,residential urban decentral heat,-758695.09056
Load,residential urban decentral heat,FI1 0,residential urban decentral heat,-22222297.6673
Load,residential urban decentral heat,FR0 0,residential urban decentral heat,-191749457.63505
Load,residential urban decentral heat,FR5 0,residential urban decentral heat,0.0
Load,residential urban decentral heat,GB2 0,residential urban decentral heat,-157923629.1566
Load,residential urban decentral heat,GB3 0,residential urban decentral heat,-1804488.97484
Load,residential urban decentral heat,GR0 0,residential urban decentral heat,-10336421.4051
Load,residential urban decentral heat,HR0 0,residential urban decentral heat,-5509000.61243
Load,residential urban decentral heat,HU0 0,residential urban decentral heat,-18774218.10087
Load,residential urban decentral heat,IE3 0,residential urban decentral heat,-9529248.17834
Load,residential urban decentral heat,IT0 0,residential urban decentral heat,-109518563.48014
Load,residential urban decentral heat,IT4 0,residential urban decentral heat,-851221.69023
Load,residential urban decentral heat,LT0 0,residential urban decentral heat,-3183134.08609
Load,residential urban decentral heat,LU0 0,residential urban decentral heat,-2107729.00324
Load,residential urban decentral heat,LV0 0,residential urban decentral heat,-2799744.13848
Load,residential urban decentral heat,ME0 0,residential urban decentral heat,-580248.44417
Load,residential urban decentral heat,MK0 0,residential urban decentral heat,-952693.97106
Load,residential urban decentral heat,NL0 0,residential urban decentral heat,-52631170.32156
Load,residential urban decentral heat,NO1 0,residential urban decentral heat,-17143587.3828
Load,residential urban decentral heat,PL0 0,residential urban decentral heat,-51663383.14305
Load,residential urban decentral heat,PT0 0,residential urban decentral heat,-4859314.94873
Load,residential urban decentral heat,RO0 0,residential urban decentral heat,-16251921.02129
Load,residential urban decentral heat,RS0 0,residential urban decentral heat,-4974399.01909
Load,residential urban decentral heat,SE1 0,residential urban decentral heat,-32297464.67702
Load,residential urban decentral heat,SI0 0,residential urban decentral heat,-3148880.8184
Load,residential urban decentral heat,SK0 0,residential urban decentral heat,-6789557.0447
Load,residential urban decentral heat,XK0 0,residential urban decentral heat,-1086522.13744
Load,services rural heat,AL0 0,services rural heat,-379407.11566
Load,services rural heat,AT0 0,services rural heat,-7262600.21948
Load,services rural heat,BA0 0,services rural heat,-1114111.24374
Load,services rural heat,BE0 0,services rural heat,-1334274.37254
Load,services rural heat,BG0 0,services rural heat,-1113734.99459
Load,services rural heat,CH0 0,services rural heat,-4218912.24109
Load,services rural heat,CZ0 0,services rural heat,-4810935.8739
Load,services rural heat,DE0 0,services rural heat,-15263345.91146
Load,services rural heat,DE0 1,services rural heat,-26199199.82194
Load,services rural heat,DK0 0,services rural heat,-638214.19287
Load,services rural heat,DK1 0,services rural heat,-279414.59432
Load,services rural heat,EE0 0,services rural heat,-690407.95943
Load,services rural heat,ES0 0,services rural heat,-6189160.60538
Load,services rural heat,ES6 0,services rural heat,-42880.99693
Load,services rural heat,FI1 0,services rural heat,-2676576.1026
Load,services rural heat,FR0 0,services rural heat,-25141050.75973
Load,services rural heat,FR5 0,services rural heat,-552516.79407
Load,services rural heat,GB2 0,services rural heat,-13652427.62307
Load,services rural heat,GB3 0,services rural heat,-1687379.3147
Load,services rural heat,GR0 0,services rural heat,-1655891.86621
Load,services rural heat,HR0 0,services rural heat,-1413205.56532
Load,services rural heat,HU0 0,services rural heat,-4054774.63044
Load,services rural heat,IE3 0,services rural heat,-3047520.11841
Load,services rural heat,IT0 0,services rural heat,-31819165.42712
Load,services rural heat,IT4 0,services rural heat,-2380702.60578
Load,services rural heat,LT0 0,services rural heat,-906267.63935
Load,services rural heat,LU0 0,services rural heat,-204634.31808
Load,services rural heat,LV0 0,services rural heat,-1155242.3614
Load,services rural heat,ME0 0,services rural heat,-55116.75717
Load,services rural heat,MK0 0,services rural heat,-435252.70162
Load,services rural heat,NL0 0,services rural heat,-2595750.82078
Load,services rural heat,NO1 0,services rural heat,-4203460.57128
Load,services rural heat,PL0 0,services rural heat,-18170035.87671
Load,services rural heat,PT0 0,services rural heat,-3564151.13339
Load,services rural heat,RO0 0,services rural heat,-4525745.9865
Load,services rural heat,RS0 0,services rural heat,-2073089.39857
Load,services rural heat,SE1 0,services rural heat,-2905262.97491
Load,services rural heat,SI0 0,services rural heat,-1168678.57827
Load,services rural heat,SK0 0,services rural heat,-4715380.12163
Load,services rural heat,XK0 0,services rural heat,-272567.69102
Load,services urban decentral heat,AL0 0,services urban decentral heat,-407666.52418
Load,services urban decentral heat,AT0 0,services urban decentral heat,-5691444.0047
Load,services urban decentral heat,BA0 0,services urban decentral heat,-660230.89193
Load,services urban decentral heat,BE0 0,services urban decentral heat,-18558802.0736
Load,services urban decentral heat,BG0 0,services urban decentral heat,-1972452.06177
Load,services urban decentral heat,CH0 0,services urban decentral heat,-10586251.35973
Load,services urban decentral heat,CZ0 0,services urban decentral heat,-7440159.11942
Load,services urban decentral heat,DE0 0,services urban decentral heat,-65045828.67438
Load,services urban decentral heat,DE0 1,services urban decentral heat,-27185227.56651
Load,services urban decentral heat,DK0 0,services urban decentral heat,-2806022.53418
Load,services urban decentral heat,DK1 0,services urban decentral heat,-1833006.25432
Load,services urban decentral heat,EE0 0,services urban decentral heat,-728041.9845
Load,services urban decentral heat,ES0 0,services urban decentral heat,-17380090.16426
Load,services urban decentral heat,ES6 0,services urban decentral heat,-329044.59858
Load,services urban decentral heat,FI1 0,services urban decentral heat,-7588099.04819
Load,services urban decentral heat,FR0 0,services urban decentral heat,-69545566.58942
Load,services urban decentral heat,FR5 0,services urban decentral heat,0.0
Load,services urban decentral heat,GB2 0,services urban decentral heat,-55309066.29993
Load,services urban decentral heat,GB3 0,services urban decentral heat,-631980.15952
Load,services urban decentral heat,GR0 0,services urban decentral heat,-4946058.79987
Load,services urban decentral heat,HR0 0,services urban decentral heat,-1234822.0746
Load,services urban decentral heat,HU0 0,services urban decentral heat,-6061407.51007
Load,services urban decentral heat,IE3 0,services urban decentral heat,-3923484.39606
Load,services urban decentral heat,IT0 0,services urban decentral heat,-57950365.44186
Load,services urban decentral heat,IT4 0,services urban decentral heat,-450413.21264
Load,services urban decentral heat,LT0 0,services urban decentral heat,-848608.4454
Load,services urban decentral heat,LU0 0,services urban decentral heat,-1407601.70478
Load,services urban decentral heat,LV0 0,services urban decentral heat,-1079065.28232
Load,services urban decentral heat,ME0 0,services urban decentral heat,-68424.40151
Load,services urban decentral heat,MK0 0,services urban decentral heat,-319185.34722
Load,services urban decentral heat,NL0 0,services urban decentral heat,-28376251.49419
Load,services urban decentral heat,NO1 0,services urban decentral heat,-13790165.5214
Load,services urban decentral heat,PL0 0,services urban decentral heat,-14445191.77092
Load,services urban decentral heat,PT0 0,services urban decentral heat,-4680109.54101
Load,services urban decentral heat,RO0 0,services urban decentral heat,-3223684.7465
Load,services urban decentral heat,RS0 0,services urban decentral heat,-1252399.00184
Load,services urban decentral heat,SE1 0,services urban decentral heat,-9608328.78348
Load,services urban decentral heat,SI0 0,services urban decentral heat,-943454.52465
Load,services urban decentral heat,SK0 0,services urban decentral heat,-3659804.53842
Load,services urban decentral heat,XK0 0,services urban decentral heat,-284541.29601
Load,solid biomass for industry,EU,solid biomass for industry,-627380000.0
Load,urban central heat,AL0 0,urban central heat,-847827.50085
Load,urban central heat,AT0 0,urban central heat,-20926592.76626
Load,urban central heat,BA0 0,urban central heat,-2379446.16202
Load,urban central heat,BE0 0,urban central heat,-34634354.57627
Load,urban central heat,BG0 0,urban central heat,-6183834.33379
Load,urban central heat,CH0 0,urban central heat,-21435235.34733
Load,urban central heat,CZ0 0,urban central heat,-26939768.11415
Load,urban central heat,DE0 0,urban central heat,-165458109.49196
Load,urban central heat,DE0 1,urban central heat,-69168981.85934
Load,urban central heat,DK0 0,urban central heat,-21735150.30387
Load,urban central heat,DK1 0,urban central heat,-11885790.85393
Load,urban central heat,EE0 0,urban central heat,-4239099.06001
Load,urban central heat,ES0 0,urban central heat,-32543121.81679
Load,urban central heat,ES6 0,urban central heat,-616115.24183
Load,urban central heat,FI1 0,urban central heat,-38563244.53285
Load,urban central heat,FR0 0,urban central heat,-164960203.0971
Load,urban central heat,GB2 0,urban central heat,-126679274.77818
Load,urban central heat,GB3 0,urban central heat,-1445864.76691
Load,urban central heat,GR0 0,urban central heat,-8836581.78851
Load,urban central heat,HR0 0,urban central heat,-4723406.26496
Load,urban central heat,HU0 0,urban central heat,-17539779.17472
Load,urban central heat,IE3 0,urban central heat,-7619868.67461
Load,urban central heat,IT0 0,urban central heat,-103091943.88547
Load,urban central heat,IT4 0,urban central heat,-796824.00779
Load,urban central heat,LT0 0,urban central heat,-6375623.6806
Load,urban central heat,LU0 0,urban central heat,-2459116.32214
Load,urban central heat,LV0 0,urban central heat,-5383737.41012
Load,urban central heat,ME0 0,urban central heat,-367419.91781
Load,urban central heat,MK0 0,urban central heat,-1514256.70849
Load,urban central heat,NL0 0,urban central heat,-49957917.72918
Load,urban central heat,NO1 0,urban central heat,-19286610.77243
Load,urban central heat,PL0 0,urban central heat,-68397226.45788
Load,urban central heat,PT0 0,urban central heat,-5415057.7331
Load,urban central heat,RO0 0,urban central heat,-15738078.02671
Load,urban central heat,RS0 0,urban central heat,-8075612.52129
Load,urban central heat,SE1 0,urban central heat,-57593288.39629
Load,urban central heat,SI0 0,urban central heat,-3131267.19341
Load,urban central heat,SK0 0,urban central heat,-9524506.85929
Load,urban central heat,XK0 0,urban central heat,-856046.27541
StorageUnit,PHS,AT0 0,AC,-4522361.01959
StorageUnit,PHS,BA0 0,AC,-118525.4298
StorageUnit,PHS,BE0 0,AC,-345573.09679
StorageUnit,PHS,BG0 0,AC,-505652.03131
StorageUnit,PHS,CH0 0,AC,-3248960.88675
StorageUnit,PHS,CZ0 0,AC,-170529.46842
StorageUnit,PHS,DE0 0,AC,-659577.6952
StorageUnit,PHS,DE0 1,AC,-601126.75872
StorageUnit,PHS,ES0 0,AC,-6175260.15976
StorageUnit,PHS,ES6 0,AC,-1019605.34325
StorageUnit,PHS,FR0 0,AC,-1743756.70927
StorageUnit,PHS,GB3 0,AC,-260609.49366
StorageUnit,PHS,GR0 0,AC,-504033.99584
StorageUnit,PHS,HR0 0,AC,-147246.54274
StorageUnit,PHS,IE3 0,AC,-202680.14361
StorageUnit,PHS,IT0 0,AC,-3646200.96142
StorageUnit,PHS,IT4 0,AC,-489922.90906
StorageUnit,PHS,LT0 0,AC,-246079.61507
StorageUnit,PHS,LU0 0,AC,-333735.13414
StorageUnit,PHS,ME0 0,AC,-127787.56873
StorageUnit,PHS,NO1 0,AC,-207588.7402
StorageUnit,PHS,PL0 0,AC,-435017.01741
StorageUnit,PHS,PT0 0,AC,-2921838.67499
StorageUnit,PHS,RS0 0,AC,-185476.16308
StorageUnit,PHS,SE1 0,AC,-83014.40318
StorageUnit,PHS,SI0 0,AC,-70922.47593
StorageUnit,PHS,SK0 0,AC,-171492.68079
StorageUnit,hydro,AL0 0,AC,5245430.84525
StorageUnit,hydro,AT0 0,AC,15937832.5796
StorageUnit,hydro,BA0 0,AC,6425951.8105
StorageUnit,hydro,BE0 0,AC,56116.71854
StorageUnit,hydro,BG0 0,AC,3399497.38694
StorageUnit,hydro,CH0 0,AC,22942580.31136
StorageUnit,hydro,CZ0 0,AC,2291070.6603
StorageUnit,hydro,ES0 0,AC,29308987.37693
StorageUnit,hydro,ES6 0,AC,2791799.33583
StorageUnit,hydro,FI1 0,AC,5047780.52381
StorageUnit,hydro,FR0 0,AC,25938684.88411
StorageUnit,hydro,FR5 0,AC,9083290.63688
StorageUnit,hydro,GB3 0,AC,241902.52869
StorageUnit,hydro,GR0 0,AC,5186067.36879
StorageUnit,hydro,HR0 0,AC,6424142.41022
StorageUnit,hydro,HU0 0,AC,105637.22812
StorageUnit,hydro,IE3 0,AC,1887.37807
StorageUnit,hydro,IT0 0,AC,15369857.70078
StorageUnit,hydro,IT4 0,AC,372189.6225
StorageUnit,hydro,ME0 0,AC,1608785.77537
StorageUnit,hydro,MK0 0,AC,797379.85611
StorageUnit,hydro,NO1 0,AC,110840887.99938
StorageUnit,hydro,PL0 0,AC,963575.91242
StorageUnit,hydro,PT0 0,AC,4822871.78659
StorageUnit,hydro,RO0 0,AC,7512200.51839
StorageUnit,hydro,RS0 0,AC,2713738.61672
StorageUnit,hydro,SE1 0,AC,48950045.36169
StorageUnit,hydro,SI0 0,AC,2181775.46619
StorageUnit,hydro,SK0 0,AC,731958.78894
StorageUnit,hydro,XK0 0,AC,56682.58867
Store,EV battery,AL0 0,EV battery,-0.24954
Store,EV battery,AT0 0,EV battery,-0.25039
Store,EV battery,BA0 0,EV battery,-0.24975
Store,EV battery,BE0 0,EV battery,-0.25039
Store,EV battery,BG0 0,EV battery,-0.25251
Store,EV battery,CH0 0,EV battery,-0.26397
Store,EV battery,CZ0 0,EV battery,-0.25782
Store,EV battery,DE0 0,EV battery,-0.25315
Store,EV battery,DE0 1,EV battery,-0.25272
Store,EV battery,DK0 0,EV battery,-0.25039
Store,EV battery,DK1 0,EV battery,-0.24954
Store,EV battery,EE0 0,EV battery,-0.25867
Store,EV battery,ES0 0,EV battery,-0.24954
Store,EV battery,ES6 0,EV battery,-0.24954
Store,EV battery,FI1 0,EV battery,-0.26639
Store,EV battery,FR0 0,EV battery,-0.24954
Store,EV battery,FR5 0,EV battery,-0.32699
Store,EV battery,GB2 0,EV battery,-0.25166
Store,EV battery,GB3 0,EV battery,-0.25018
Store,EV battery,GR0 0,EV battery,-0.24954
Store,EV battery,HR0 0,EV battery,-0.24954
Store,EV battery,HU0 0,EV battery,-0.24997
Store,EV battery,IE3 0,EV battery,-0.25039
Store,EV battery,IT0 0,EV battery,-0.24954
Store,EV battery,IT4 0,EV battery,-0.24954
Store,EV battery,LT0 0,EV battery,-0.25509
Store,EV battery,LU0 0,EV battery,-0.25082
Store,EV battery,LV0 0,EV battery,-0.2561
Store,EV battery,ME0 0,EV battery,-0.24975
Store,EV battery,MK0 0,EV battery,-0.24954
Store,EV battery,NL0 0,EV battery,-0.25082
Store,EV battery,NO1 0,EV battery,-0.26652
Store,EV battery,PL0 0,EV battery,-0.25506
Store,EV battery,PT0 0,EV battery,-0.25612
Store,EV battery,RO0 0,EV battery,-0.25018
Store,EV battery,RS0 0,EV battery,-0.2506
Store,EV battery,SE1 0,EV battery,-0.26697
Store,EV battery,SI0 0,EV battery,-0.25079
Store,EV battery,SK0 0,EV battery,-0.24954
Store,EV battery,XK0 0,EV battery,-0.24954
Store,H2 Store,AT0 0,H2,0.0
Store,H2 Store,BE0 0,H2,0.0
Store,H2 Store,BG0 0,H2,-0.0
Store,H2 Store,CH0 0,H2,-0.0
Store,H2 Store,CZ0 0,H2,-0.0
Store,H2 Store,EE0 0,H2,0.0
Store,H2 Store,ES6 0,H2,-0.0
Store,H2 Store,FI1 0,H2,0.0
Store,H2 Store,FR5 0,H2,-0.0
Store,H2 Store,HR0 0,H2,-0.0
Store,H2 Store,HU0 0,H2,-0.0
Store,H2 Store,IE3 0,H2,-0.0
Store,H2 Store,IT0 0,H2,-0.0
Store,H2 Store,IT4 0,H2,-0.0
Store,H2 Store,LT0 0,H2,-0.0
Store,H2 Store,LU0 0,H2,0.0
Store,H2 Store,LV0 0,H2,-0.0
Store,H2 Store,ME0 0,H2,-0.0
Store,H2 Store,MK0 0,H2,0.0
Store,H2 Store,RS0 0,H2,0.0
Store,H2 Store,SE1 0,H2,0.0
Store,H2 Store,SI0 0,H2,-0.0
Store,H2 Store,SK0 0,H2,-0.0
Store,H2 Store,XK0 0,H2,-0.0
Store,battery,AL0 0,battery,0.0
Store,battery,AT0 0,battery,-0.0
Store,battery,BA0 0,battery,0.0
Store,battery,BE0 0,battery,0.00087
Store,battery,BG0 0,battery,0.00176
Store,battery,CH0 0,battery,0.00175
Store,battery,CZ0 0,battery,0.00174
Store,battery,DE0 0,battery,0.00174
Store,battery,DE0 1,battery,0.00174
Store,battery,DK0 0,battery,-0.0
Store,battery,DK1 0,battery,0.0
Store,battery,EE0 0,battery,-0.0
Store,battery,ES0 0,battery,0.00349
Store,battery,ES6 0,battery,0.08779
Store,battery,FI1 0,battery,0.00176
Store,battery,FR0 0,battery,0.00174
Store,battery,FR5 0,battery,0.0
Store,battery,GB2 0,battery,0.00174
Store,battery,GB3 0,battery,0.00175
Store,battery,GR0 0,battery,-0.0
Store,battery,HR0 0,battery,0.0
Store,battery,HU0 0,battery,0.00174
Store,battery,IE3 0,battery,0.0
Store,battery,IT0 0,battery,0.00174
Store,battery,IT4 0,battery,0.0
Store,battery,LT0 0,battery,0.00175
Store,battery,LU0 0,battery,-0.0
Store,battery,LV0 0,battery,0.0
Store,battery,ME0 0,battery,-0.0
Store,battery,MK0 0,battery,-0.0
Store,battery,NL0 0,battery,0.00175
Store,battery,NO1 0,battery,0.0
Store,battery,PL0 0,battery,-0.0
Store,battery,PT0 0,battery,-0.0
Store,battery,RO0 0,battery,0.00174
Store,battery,RS0 0,battery,-0.0
Store,battery,SE1 0,battery,0.00174
Store,battery,SI0 0,battery,0.00175
Store,battery,SK0 0,battery,0.00175
Store,battery,XK0 0,battery,0.0
Store,co2,EU,co2,-115955143.46095
Store,co2 sequestered,EU,co2 sequestered,-5788.64926
Store,co2 stored,EU,co2 stored,0.0
Store,coal,EU,coal,-0.03752
Store,gas,EU,gas,0.0
Store,home battery,AL0 0,home battery,0.0
Store,home battery,AT0 0,home battery,0.0
Store,home battery,BA0 0,home battery,-0.0
Store,home battery,BE0 0,home battery,0.00199
Store,home battery,BG0 0,home battery,0.00325
Store,home battery,CH0 0,home battery,0.00654
Store,home battery,CZ0 0,home battery,0.00619
Store,home battery,DE0 0,home battery,0.00371
Store,home battery,DE0 1,home battery,0.00299
Store,home battery,DK0 0,home battery,-0.0
Store,home battery,DK1 0,home battery,-0.0
Store,home battery,EE0 0,home battery,-0.0
Store,home battery,ES0 0,home battery,0.00174
Store,home battery,ES6 0,home battery,0.00174
Store,home battery,FI1 0,home battery,0.00545
Store,home battery,FR0 0,home battery,0.00245
Store,home battery,FR5 0,home battery,-0.0
Store,home battery,GB2 0,home battery,0.00344
Store,home battery,GB3 0,home battery,0.00317
Store,home battery,GR0 0,home battery,0.0
Store,home battery,HR0 0,home battery,0.0
Store,home battery,HU0 0,home battery,0.00246
Store,home battery,IE3 0,home battery,-0.0
Store,home battery,IT0 0,home battery,0.00174
Store,home battery,IT4 0,home battery,-0.0
Store,home battery,LT0 0,home battery,0.00282
Store,home battery,LU0 0,home battery,-0.0
Store,home battery,LV0 0,home battery,-0.0
Store,home battery,ME0 0,home battery,-0.0
Store,home battery,MK0 0,home battery,0.0
Store,home battery,NL0 0,home battery,0.00201
Store,home battery,NO1 0,home battery,0.0
Store,home battery,PL0 0,home battery,0.0
Store,home battery,PT0 0,home battery,0.0
Store,home battery,RO0 0,home battery,0.00247
Store,home battery,RS0 0,home battery,0.0
Store,home battery,SE1 0,home battery,0.00567
Store,home battery,SI0 0,home battery,0.00273
Store,home battery,SK0 0,home battery,0.00245
Store,home battery,XK0 0,home battery,0.0
Store,methanol,EU,methanol,-0.0
Store,non-sequestered HVC,EU,non-sequestered HVC,221011435.239
Store,oil,EU,oil,-0.0
