component,carrier,location,bus_carrier,0
Generator,biogas,EU,biogas,74616591.10608
Generator,gas,EU,gas,441588177.71496
Generator,load,AL0 0,AC,1.22013
Generator,load,AL0 0,EV battery,1.29246
Generator,load,AL0 0,H2,1.14235
Generator,load,AL0 0,battery,1.2943
Generator,load,AL0 0,home battery,1.32206
Generator,load,AL0 0,low voltage,1.24378
Generator,load,AL0 0,residential rural heat,0.0
Generator,load,AL0 0,residential urban decentral heat,0.0
Generator,load,AL0 0,services rural heat,0.0
Generator,load,AL0 0,services urban decentral heat,0.0
Generator,load,AL0 0,urban central heat,0.0
Generator,load,AT0 0,AC,1.0432
Generator,load,AT0 0,EV battery,1.40199
Generator,load,AT0 0,H2,1.18383
Generator,load,AT0 0,battery,1.10308
Generator,load,AT0 0,home battery,1.19483
Generator,load,AT0 0,low voltage,1.08683
Generator,load,AT0 0,residential rural heat,0.0
Generator,load,AT0 0,residential urban decentral heat,0.0
Generator,load,AT0 0,services rural heat,0.0
Generator,load,AT0 0,services urban decentral heat,0.0
Generator,load,AT0 0,urban central heat,0.0
Generator,load,BA0 0,AC,1.096
Generator,load,BA0 0,EV battery,1.34224
Generator,load,BA0 0,H2,1.14242
Generator,load,BA0 0,battery,1.19596
Generator,load,BA0 0,home battery,1.26783
Generator,load,BA0 0,low voltage,1.14809
Generator,load,BA0 0,residential rural heat,0.0
Generator,load,BA0 0,residential urban decentral heat,0.0
Generator,load,BA0 0,services rural heat,0.0
Generator,load,BA0 0,services urban decentral heat,0.0
Generator,load,BA0 0,urban central heat,0.0
Generator,load,BE0 0,AC,0.89376
Generator,load,BE0 0,EV battery,1.41272
Generator,load,BE0 0,H2,1.16568
Generator,load,BE0 0,battery,0.94759
Generator,load,BE0 0,home battery,0.9957
Generator,load,BE0 0,low voltage,0.91331
Generator,load,BE0 0,residential rural heat,0.0
Generator,load,BE0 0,residential urban decentral heat,0.0
Generator,load,BE0 0,services rural heat,0.0
Generator,load,BE0 0,services urban decentral heat,0.0
Generator,load,BE0 0,urban central heat,0.0
Generator,load,BG0 0,AC,0.89978
Generator,load,BG0 0,EV battery,1.372
Generator,load,BG0 0,H2,1.1364
Generator,load,BG0 0,battery,0.94896
Generator,load,BG0 0,home battery,1.00345
Generator,load,BG0 0,low voltage,0.92855
Generator,load,BG0 0,residential rural heat,0.0
Generator,load,BG0 0,residential urban decentral heat,0.0
Generator,load,BG0 0,services rural heat,0.0
Generator,load,BG0 0,services urban decentral heat,0.0
Generator,load,BG0 0,urban central heat,0.0
Generator,load,CH0 0,AC,0.9336
Generator,load,CH0 0,EV battery,1.38112
Generator,load,CH0 0,H2,1.20259
Generator,load,CH0 0,battery,0.92879
Generator,load,CH0 0,home battery,0.99018
Generator,load,CH0 0,low voltage,0.92089
Generator,load,CH0 0,residential rural heat,0.0
Generator,load,CH0 0,residential urban decentral heat,0.0
Generator,load,CH0 0,services rural heat,0.0
Generator,load,CH0 0,services urban decentral heat,0.0
Generator,load,CH0 0,urban central heat,0.0
Generator,load,CZ0 0,AC,0.89289
Generator,load,CZ0 0,EV battery,1.39068
Generator,load,CZ0 0,H2,1.14627
Generator,load,CZ0 0,battery,0.94275
Generator,load,CZ0 0,home battery,1.00722
Generator,load,CZ0 0,low voltage,0.93365
Generator,load,CZ0 0,residential rural heat,0.0
Generator,load,CZ0 0,residential urban decentral heat,0.0
Generator,load,CZ0 0,services rural heat,0.0
Generator,load,CZ0 0,services urban decentral heat,0.0
Generator,load,CZ0 0,urban central heat,0.0
Generator,load,DE0 0,AC,0.89211
Generator,load,DE0 0,EV battery,1.41235
Generator,load,DE0 0,H2,1.16498
Generator,load,DE0 0,battery,0.93742
Generator,load,DE0 0,home battery,0.98799
Generator,load,DE0 0,low voltage,0.92361
Generator,load,DE0 0,residential rural heat,0.0
Generator,load,DE0 0,residential urban decentral heat,0.0
Generator,load,DE0 0,services rural heat,0.0
Generator,load,DE0 0,services urban decentral heat,0.0
Generator,load,DE0 0,urban central heat,0.0
Generator,load,DE0 1,AC,0.92752
Generator,load,DE0 1,EV battery,1.40561
Generator,load,DE0 1,H2,1.14756
Generator,load,DE0 1,battery,0.92387
Generator,load,DE0 1,home battery,0.98736
Generator,load,DE0 1,low voltage,0.91655
Generator,load,DE0 1,residential rural heat,0.0
Generator,load,DE0 1,residential urban decentral heat,0.0
Generator,load,DE0 1,services rural heat,0.0
Generator,load,DE0 1,services urban decentral heat,0.0
Generator,load,DE0 1,urban central heat,0.0
Generator,load,DK0 0,AC,0.96037
Generator,load,DK0 0,EV battery,1.38827
Generator,load,DK0 0,H2,1.14042
Generator,load,DK0 0,battery,1.02485
Generator,load,DK0 0,home battery,1.0982
Generator,load,DK0 0,low voltage,0.98075
Generator,load,DK0 0,residential rural heat,0.0
Generator,load,DK0 0,residential urban decentral heat,0.0
Generator,load,DK0 0,services rural heat,0.0
Generator,load,DK0 0,services urban decentral heat,0.0
Generator,load,DK0 0,urban central heat,0.0
Generator,load,DK1 0,AC,1.00552
Generator,load,DK1 0,EV battery,1.36958
Generator,load,DK1 0,H2,1.13091
Generator,load,DK1 0,battery,1.08542
Generator,load,DK1 0,home battery,1.1768
Generator,load,DK1 0,low voltage,1.03116
Generator,load,DK1 0,residential rural heat,0.0
Generator,load,DK1 0,residential urban decentral heat,0.0
Generator,load,DK1 0,services rural heat,0.0
Generator,load,DK1 0,services urban decentral heat,0.0
Generator,load,DK1 0,urban central heat,0.0
Generator,load,EE0 0,AC,0.95906
Generator,load,EE0 0,EV battery,1.29757
Generator,load,EE0 0,H2,1.09539
Generator,load,EE0 0,battery,1.03193
Generator,load,EE0 0,home battery,1.1221
Generator,load,EE0 0,low voltage,1.0053
Generator,load,EE0 0,residential rural heat,0.0
Generator,load,EE0 0,residential urban decentral heat,0.0
Generator,load,EE0 0,services rural heat,0.0
Generator,load,EE0 0,services urban decentral heat,0.0
Generator,load,EE0 0,urban central heat,0.0
Generator,load,ES0 0,AC,0.92968
Generator,load,ES0 0,EV battery,1.40622
Generator,load,ES0 0,H2,1.16861
Generator,load,ES0 0,battery,0.92676
Generator,load,ES0 0,home battery,0.99815
Generator,load,ES0 0,low voltage,0.91796
Generator,load,ES0 0,residential rural heat,0.0
Generator,load,ES0 0,residential urban decentral heat,0.0
Generator,load,ES0 0,services rural heat,0.0
Generator,load,ES0 0,services urban decentral heat,0.0
Generator,load,ES0 0,urban central heat,0.0
Generator,load,ES6 0,AC,0.93356
Generator,load,ES6 0,EV battery,1.15295
Generator,load,ES6 0,H2,1.14246
Generator,load,ES6 0,battery,0.93255
Generator,load,ES6 0,home battery,1.00822
Generator,load,ES6 0,low voltage,0.91776
Generator,load,ES6 0,residential rural heat,0.0
Generator,load,ES6 0,residential urban decentral heat,0.0
Generator,load,ES6 0,services rural heat,0.0
Generator,load,ES6 0,services urban decentral heat,0.0
Generator,load,ES6 0,urban central heat,0.0
Generator,load,EU,agriculture machinery oil,1.61253
Generator,load,EU,biogas,1.51114
Generator,load,EU,co2,0.0
Generator,load,EU,co2 sequestered,1.59332
Generator,load,EU,co2 stored,1.47693
Generator,load,EU,gas,0.0
Generator,load,EU,gas for industry,1.32203
Generator,load,EU,industry methanol,1.30784
Generator,load,EU,kerosene for aviation,1.70979
Generator,load,EU,methanol,1.35073
Generator,load,EU,naphtha for industry,0.98909
Generator,load,EU,non-sequestered HVC,1.33674
Generator,load,EU,none,0.0
Generator,load,EU,oil,1.35327
Generator,load,EU,oil primary,0.0
Generator,load,EU,process emissions,1.37777
Generator,load,EU,shipping methanol,1.47207
Generator,load,EU,solid biomass,1.33321
Generator,load,EU,solid biomass for industry,1.41944
Generator,load,FI1 0,AC,0.93841
Generator,load,FI1 0,EV battery,1.38034
Generator,load,FI1 0,H2,1.11619
Generator,load,FI1 0,battery,0.9335
Generator,load,FI1 0,home battery,0.99317
Generator,load,FI1 0,low voltage,0.92807
Generator,load,FI1 0,residential rural heat,0.0
Generator,load,FI1 0,residential urban decentral heat,0.0
Generator,load,FI1 0,services rural heat,0.0
Generator,load,FI1 0,services urban decentral heat,0.0
Generator,load,FI1 0,urban central heat,0.0
Generator,load,FR0 0,AC,0.93167
Generator,load,FR0 0,EV battery,1.41204
Generator,load,FR0 0,H2,1.21443
Generator,load,FR0 0,battery,0.92484
Generator,load,FR0 0,home battery,0.98196
Generator,load,FR0 0,low voltage,0.91116
Generator,load,FR0 0,residential rural heat,0.0
Generator,load,FR0 0,residential urban decentral heat,0.0
Generator,load,FR0 0,services rural heat,0.0
Generator,load,FR0 0,services urban decentral heat,0.0
Generator,load,FR0 0,urban central heat,0.0
Generator,load,FR5 0,AC,0.87221
Generator,load,FR5 0,EV battery,0.88725
Generator,load,FR5 0,H2,0.98355
Generator,load,FR5 0,battery,0.88991
Generator,load,FR5 0,home battery,0.89628
Generator,load,FR5 0,low voltage,0.88624
Generator,load,FR5 0,residential rural heat,0.0
Generator,load,FR5 0,residential urban decentral heat,0.0
Generator,load,FR5 0,services rural heat,0.0
Generator,load,FR5 0,services urban decentral heat,0.0
Generator,load,GB2 0,AC,0.89422
Generator,load,GB2 0,EV battery,1.4101
Generator,load,GB2 0,H2,1.15904
Generator,load,GB2 0,battery,0.93554
Generator,load,GB2 0,home battery,1.00962
Generator,load,GB2 0,low voltage,0.92355
Generator,load,GB2 0,residential rural heat,0.0
Generator,load,GB2 0,residential urban decentral heat,0.0
Generator,load,GB2 0,services rural heat,0.0
Generator,load,GB2 0,services urban decentral heat,0.0
Generator,load,GB2 0,urban central heat,0.0
Generator,load,GB3 0,AC,0.8961
Generator,load,GB3 0,EV battery,1.30999
Generator,load,GB3 0,H2,1.1481
Generator,load,GB3 0,battery,0.95322
Generator,load,GB3 0,home battery,1.02608
Generator,load,GB3 0,low voltage,0.92895
Generator,load,GB3 0,residential rural heat,0.0
Generator,load,GB3 0,residential urban decentral heat,0.0
Generator,load,GB3 0,services rural heat,0.0
Generator,load,GB3 0,services urban decentral heat,0.0
Generator,load,GB3 0,urban central heat,0.0
Generator,load,GR0 0,AC,0.92834
Generator,load,GR0 0,EV battery,1.38863
Generator,load,GR0 0,H2,1.15498
Generator,load,GR0 0,battery,0.92162
Generator,load,GR0 0,home battery,0.99414
Generator,load,GR0 0,low voltage,0.91007
Generator,load,GR0 0,residential rural heat,0.0
Generator,load,GR0 0,residential urban decentral heat,0.0
Generator,load,GR0 0,services rural heat,0.0
Generator,load,GR0 0,services urban decentral heat,0.0
Generator,load,GR0 0,urban central heat,0.0
Generator,load,HR0 0,AC,1.03461
Generator,load,HR0 0,EV battery,1.37607
Generator,load,HR0 0,H2,1.14518
Generator,load,HR0 0,battery,1.11686
Generator,load,HR0 0,home battery,1.20674
Generator,load,HR0 0,low voltage,1.06842
Generator,load,HR0 0,residential rural heat,0.0
Generator,load,HR0 0,residential urban decentral heat,0.0
Generator,load,HR0 0,services rural heat,0.0
Generator,load,HR0 0,services urban decentral heat,0.0
Generator,load,HR0 0,urban central heat,0.0
Generator,load,HU0 0,AC,0.89271
Generator,load,HU0 0,EV battery,1.39201
Generator,load,HU0 0,H2,1.14765
Generator,load,HU0 0,battery,0.93426
Generator,load,HU0 0,home battery,0.9768
Generator,load,HU0 0,low voltage,0.91768
Generator,load,HU0 0,residential rural heat,0.0
Generator,load,HU0 0,residential urban decentral heat,0.0
Generator,load,HU0 0,services rural heat,0.0
Generator,load,HU0 0,services urban decentral heat,0.0
Generator,load,HU0 0,urban central heat,0.0
Generator,load,IE3 0,AC,0.90641
Generator,load,IE3 0,EV battery,1.38527
Generator,load,IE3 0,H2,1.16524
Generator,load,IE3 0,battery,0.96112
Generator,load,IE3 0,home battery,1.04612
Generator,load,IE3 0,low voltage,0.94068
Generator,load,IE3 0,residential rural heat,0.0
Generator,load,IE3 0,residential urban decentral heat,0.0
Generator,load,IE3 0,services rural heat,0.0
Generator,load,IE3 0,services urban decentral heat,0.0
Generator,load,IE3 0,urban central heat,0.0
Generator,load,IT0 0,AC,0.0
Generator,load,IT0 0,EV battery,1.42434
Generator,load,IT0 0,H2,1.11863
Generator,load,IT0 0,battery,0.0
Generator,load,IT0 0,home battery,0.9628
Generator,load,IT0 0,low voltage,0.89133
Generator,load,IT0 0,residential rural heat,0.0
Generator,load,IT0 0,residential urban decentral heat,0.0
Generator,load,IT0 0,services rural heat,0.0
Generator,load,IT0 0,services urban decentral heat,0.0
Generator,load,IT0 0,urban central heat,0.0
Generator,load,IT4 0,AC,0.93998
Generator,load,IT4 0,EV battery,1.32059
Generator,load,IT4 0,H2,1.07221
Generator,load,IT4 0,battery,1.00597
Generator,load,IT4 0,home battery,1.08352
Generator,load,IT4 0,low voltage,0.96056
Generator,load,IT4 0,residential rural heat,0.0
Generator,load,IT4 0,residential urban decentral heat,0.0
Generator,load,IT4 0,services rural heat,0.0
Generator,load,IT4 0,services urban decentral heat,0.0
Generator,load,IT4 0,urban central heat,0.0
Generator,load,LT0 0,AC,0.0
Generator,load,LT0 0,EV battery,1.37288
Generator,load,LT0 0,H2,1.11134
Generator,load,LT0 0,battery,0.0
Generator,load,LT0 0,home battery,1.00533
Generator,load,LT0 0,low voltage,0.9191
Generator,load,LT0 0,residential rural heat,0.0
Generator,load,LT0 0,residential urban decentral heat,0.0
Generator,load,LT0 0,services rural heat,0.0
Generator,load,LT0 0,services urban decentral heat,0.0
Generator,load,LT0 0,urban central heat,0.0
Generator,load,LU0 0,AC,1.29106
Generator,load,LU0 0,EV battery,1.34345
Generator,load,LU0 0,H2,1.16967
Generator,load,LU0 0,battery,1.31766
Generator,load,LU0 0,home battery,1.34063
Generator,load,LU0 0,low voltage,1.29833
Generator,load,LU0 0,residential rural heat,0.0
Generator,load,LU0 0,residential urban decentral heat,0.0
Generator,load,LU0 0,services rural heat,0.0
Generator,load,LU0 0,services urban decentral heat,0.0
Generator,load,LU0 0,urban central heat,0.0
Generator,load,LV0 0,AC,0.95605
Generator,load,LV0 0,EV battery,1.33489
Generator,load,LV0 0,H2,1.09417
Generator,load,LV0 0,battery,1.02381
Generator,load,LV0 0,home battery,1.1019
Generator,load,LV0 0,low voltage,0.99317
Generator,load,LV0 0,residential rural heat,0.0
Generator,load,LV0 0,residential urban decentral heat,0.0
Generator,load,LV0 0,services rural heat,0.0
Generator,load,LV0 0,services urban decentral heat,0.0
Generator,load,LV0 0,urban central heat,0.0
Generator,load,ME0 0,AC,1.03795
Generator,load,ME0 0,EV battery,1.03569
Generator,load,ME0 0,H2,1.16619
Generator,load,ME0 0,battery,1.10736
Generator,load,ME0 0,home battery,1.20067
Generator,load,ME0 0,low voltage,1.06902
Generator,load,ME0 0,residential rural heat,0.0
Generator,load,ME0 0,residential urban decentral heat,0.0
Generator,load,ME0 0,services rural heat,0.0
Generator,load,ME0 0,services urban decentral heat,0.0
Generator,load,ME0 0,urban central heat,0.0
Generator,load,MK0 0,AC,1.28075
Generator,load,MK0 0,EV battery,1.27792
Generator,load,MK0 0,H2,1.137
Generator,load,MK0 0,battery,1.31263
Generator,load,MK0 0,home battery,1.33247
Generator,load,MK0 0,low voltage,1.29317
Generator,load,MK0 0,residential rural heat,0.0
Generator,load,MK0 0,residential urban decentral heat,0.0
Generator,load,MK0 0,services rural heat,0.0
Generator,load,MK0 0,services urban decentral heat,0.0
Generator,load,MK0 0,urban central heat,0.0
Generator,load,NL0 0,AC,0.894
Generator,load,NL0 0,EV battery,1.41382
Generator,load,NL0 0,H2,1.14832
Generator,load,NL0 0,battery,0.94036
Generator,load,NL0 0,home battery,1.00196
Generator,load,NL0 0,low voltage,0.91452
Generator,load,NL0 0,residential rural heat,0.0
Generator,load,NL0 0,residential urban decentral heat,0.0
Generator,load,NL0 0,services rural heat,0.0
Generator,load,NL0 0,services urban decentral heat,0.0
Generator,load,NL0 0,urban central heat,0.0
Generator,load,NO1 0,AC,0.93659
Generator,load,NO1 0,EV battery,1.37039
Generator,load,NO1 0,H2,1.13875
Generator,load,NO1 0,battery,0.9292
Generator,load,NO1 0,home battery,1.00059
Generator,load,NO1 0,low voltage,0.91854
Generator,load,NO1 0,residential rural heat,0.0
Generator,load,NO1 0,residential urban decentral heat,0.0
Generator,load,NO1 0,services rural heat,0.0
Generator,load,NO1 0,services urban decentral heat,0.0
Generator,load,NO1 0,urban central heat,0.0
Generator,load,PL0 0,AC,0.9359
Generator,load,PL0 0,EV battery,1.39834
Generator,load,PL0 0,H2,1.12823
Generator,load,PL0 0,battery,0.98392
Generator,load,PL0 0,home battery,1.06992
Generator,load,PL0 0,low voltage,0.97973
Generator,load,PL0 0,residential rural heat,0.0
Generator,load,PL0 0,residential urban decentral heat,0.0
Generator,load,PL0 0,services rural heat,0.0
Generator,load,PL0 0,services urban decentral heat,0.0
Generator,load,PL0 0,urban central heat,0.0
Generator,load,PT0 0,AC,0.9605
Generator,load,PT0 0,EV battery,1.39445
Generator,load,PT0 0,H2,1.14196
Generator,load,PT0 0,battery,0.95869
Generator,load,PT0 0,home battery,1.05002
Generator,load,PT0 0,low voltage,0.9519
Generator,load,PT0 0,residential rural heat,0.0
Generator,load,PT0 0,residential urban decentral heat,0.0
Generator,load,PT0 0,services rural heat,0.0
Generator,load,PT0 0,services urban decentral heat,0.0
Generator,load,PT0 0,urban central heat,0.0
Generator,load,RO0 0,AC,0.8938
Generator,load,RO0 0,EV battery,1.39693
Generator,load,RO0 0,H2,1.13306
Generator,load,RO0 0,battery,0.94372
Generator,load,RO0 0,home battery,1.00869
Generator,load,RO0 0,low voltage,0.92944
Generator,load,RO0 0,residential rural heat,0.0
Generator,load,RO0 0,residential urban decentral heat,0.0
Generator,load,RO0 0,services rural heat,0.0
Generator,load,RO0 0,services urban decentral heat,0.0
Generator,load,RO0 0,urban central heat,0.0
Generator,load,RS0 0,AC,1.07733
Generator,load,RS0 0,EV battery,1.3657
Generator,load,RS0 0,H2,1.14029
Generator,load,RS0 0,battery,1.11574
Generator,load,RS0 0,home battery,1.19752
Generator,load,RS0 0,low voltage,1.10474
Generator,load,RS0 0,residential rural heat,0.0
Generator,load,RS0 0,residential urban decentral heat,0.0
Generator,load,RS0 0,services rural heat,0.0
Generator,load,RS0 0,services urban decentral heat,0.0
Generator,load,RS0 0,urban central heat,0.0
Generator,load,SE1 0,AC,0.92998
Generator,load,SE1 0,EV battery,1.38888
Generator,load,SE1 0,H2,1.13283
Generator,load,SE1 0,battery,0.92412
Generator,load,SE1 0,home battery,0.98472
Generator,load,SE1 0,low voltage,0.91956
Generator,load,SE1 0,residential rural heat,0.0
Generator,load,SE1 0,residential urban decentral heat,0.0
Generator,load,SE1 0,services rural heat,0.0
Generator,load,SE1 0,services urban decentral heat,0.0
Generator,load,SE1 0,urban central heat,0.0
Generator,load,SI0 0,AC,0.89896
Generator,load,SI0 0,EV battery,1.36448
Generator,load,SI0 0,H2,1.17461
Generator,load,SI0 0,battery,0.93803
Generator,load,SI0 0,home battery,1.00456
Generator,load,SI0 0,low voltage,0.92188
Generator,load,SI0 0,residential rural heat,0.0
Generator,load,SI0 0,residential urban decentral heat,0.0
Generator,load,SI0 0,services rural heat,0.0
Generator,load,SI0 0,services urban decentral heat,0.0
Generator,load,SI0 0,urban central heat,0.0
Generator,load,SK0 0,AC,0.89371
Generator,load,SK0 0,EV battery,1.38082
Generator,load,SK0 0,H2,1.13336
Generator,load,SK0 0,battery,0.93841
Generator,load,SK0 0,home battery,0.99357
Generator,load,SK0 0,low voltage,0.92099
Generator,load,SK0 0,residential rural heat,0.0
Generator,load,SK0 0,residential urban decentral heat,0.0
Generator,load,SK0 0,services rural heat,0.0
Generator,load,SK0 0,services urban decentral heat,0.0
Generator,load,SK0 0,urban central heat,0.0
Generator,load,XK0 0,AC,1.28817
Generator,load,XK0 0,EV battery,1.14217
Generator,load,XK0 0,H2,1.13976
Generator,load,XK0 0,battery,1.3154
Generator,load,XK0 0,home battery,1.3373
Generator,load,XK0 0,low voltage,1.2989
Generator,load,XK0 0,residential rural heat,0.0
Generator,load,XK0 0,residential urban decentral heat,0.0
Generator,load,XK0 0,services rural heat,0.0
Generator,load,XK0 0,services urban decentral heat,0.0
Generator,load,XK0 0,urban central heat,0.0
Generator,nuclear,BE0 0,AC,34345048.71617
Generator,nuclear,BG0 0,AC,10628173.45326
Generator,nuclear,CH0 0,AC,16313549.65856
Generator,nuclear,CZ0 0,AC,24371224.92578
Generator,nuclear,DE0 0,AC,99709510.63015
Generator,nuclear,DE0 1,AC,50513160.94088
Generator,nuclear,ES0 0,AC,24406076.46451
Generator,nuclear,ES6 0,AC,15996688.79583
Generator,nuclear,FI1 0,AC,27010323.31071
Generator,nuclear,FR0 0,AC,251876270.08809
Generator,nuclear,GB2 0,AC,66549765.71681
Generator,nuclear,GB3 0,AC,13416344.0682
Generator,nuclear,HU0 0,AC,10548238.94264
Generator,nuclear,IT0 0,AC,8216894.1
Generator,nuclear,LT0 0,AC,17294767.31387
Generator,nuclear,NL0 0,AC,348650.88763
Generator,nuclear,RO0 0,AC,6887548.45196
Generator,nuclear,SE1 0,AC,56253503.24587
Generator,nuclear,SI0 0,AC,3698722.07048
Generator,nuclear,SK0 0,AC,11615793.85408
Generator,offwind-ac,AL0 0,AC,7553.11049
Generator,offwind-ac,BA0 0,AC,965.98748
Generator,offwind-ac,BE0 0,AC,9826906.39418
Generator,offwind-ac,BG0 0,AC,25516.64887
Generator,offwind-ac,DE0 0,AC,33554596.59529
Generator,offwind-ac,DE0 1,AC,9366351.81874
Generator,offwind-ac,DK0 0,AC,6795260.68166
Generator,offwind-ac,DK1 0,AC,4512129.67024
Generator,offwind-ac,EE0 0,AC,12277.70693
Generator,offwind-ac,ES0 0,AC,56243.06804
Generator,offwind-ac,ES6 0,AC,2679.91207
Generator,offwind-ac,FI1 0,AC,269475.37309
Generator,offwind-ac,FR0 0,AC,71502056.74871
Generator,offwind-ac,FR5 0,AC,3291.42592
Generator,offwind-ac,GB2 0,AC,499172246.33931
Generator,offwind-ac,GB3 0,AC,26857420.88593
Generator,offwind-ac,GR0 0,AC,9461.83083
Generator,offwind-ac,HR0 0,AC,4735.84935
Generator,offwind-ac,IE3 0,AC,62455494.89201
Generator,offwind-ac,IT0 0,AC,51031.70267
Generator,offwind-ac,IT4 0,AC,5977.63217
Generator,offwind-ac,LT0 0,AC,61339.88151
Generator,offwind-ac,LV0 0,AC,25816.2293
Generator,offwind-ac,ME0 0,AC,3071.46104
Generator,offwind-ac,NL0 0,AC,24753469.73524
Generator,offwind-ac,NO1 0,AC,483675.49303
Generator,offwind-ac,PL0 0,AC,27738797.89526
Generator,offwind-ac,PT0 0,AC,86607.40403
Generator,offwind-ac,RO0 0,AC,5361118.89137
Generator,offwind-ac,SE1 0,AC,779989.41984
Generator,offwind-ac,SI0 0,AC,1357.37269
Generator,offwind-dc,AL0 0,AC,7534084.96095
Generator,offwind-dc,BE0 0,AC,4053520.19458
Generator,offwind-dc,BG0 0,AC,50579.10261
Generator,offwind-dc,DE0 0,AC,110029823.46458
Generator,offwind-dc,DE0 1,AC,1229065.92335
Generator,offwind-dc,DK0 0,AC,17168.97895
Generator,offwind-dc,DK1 0,AC,15125.73848
Generator,offwind-dc,EE0 0,AC,11373.945
Generator,offwind-dc,ES0 0,AC,54124.92286
Generator,offwind-dc,ES6 0,AC,6127.75867
Generator,offwind-dc,FI1 0,AC,128602590.27668
Generator,offwind-dc,FR0 0,AC,588981498.66653
Generator,offwind-dc,FR5 0,AC,7846.71942
Generator,offwind-dc,GB2 0,AC,29140.75413
Generator,offwind-dc,GB3 0,AC,25092.22444
Generator,offwind-dc,GR0 0,AC,23305.20755
Generator,offwind-dc,HR0 0,AC,8148.5214
Generator,offwind-dc,IE3 0,AC,938410.84908
Generator,offwind-dc,IT0 0,AC,52405291.59577
Generator,offwind-dc,IT4 0,AC,30535.81885
Generator,offwind-dc,LT0 0,AC,10785098.52465
Generator,offwind-dc,LV0 0,AC,162304.7863
Generator,offwind-dc,ME0 0,AC,9992.82629
Generator,offwind-dc,NL0 0,AC,109556.12746
Generator,offwind-dc,NO1 0,AC,287316.93992
Generator,offwind-dc,PL0 0,AC,80052676.45913
Generator,offwind-dc,PT0 0,AC,32620.32014
Generator,offwind-dc,RO0 0,AC,65345322.97655
Generator,offwind-dc,SE1 0,AC,576188.01804
Generator,oil primary,EU,oil primary,270959474.05198
Generator,onwind,AL0 0,AC,106397.13964
Generator,onwind,AT0 0,AC,3550105.81094
Generator,onwind,BA0 0,AC,163292.5008
Generator,onwind,BE0 0,AC,37609857.15857
Generator,onwind,BG0 0,AC,725823.91775
Generator,onwind,CH0 0,AC,28352.85373
Generator,onwind,CZ0 0,AC,487686.99984
Generator,onwind,DE0 0,AC,64393317.83596
Generator,onwind,DE0 1,AC,41668615.43953
Generator,onwind,DK0 0,AC,221296100.93413
Generator,onwind,DK1 0,AC,63016249.92711
Generator,onwind,EE0 0,AC,23845274.71342
Generator,onwind,ES0 0,AC,102958464.98768
Generator,onwind,ES6 0,AC,5092085.96092
Generator,onwind,FI1 0,AC,17083764.24865
Generator,onwind,FR0 0,AC,45893906.20799
Generator,onwind,FR5 0,AC,18760.70645
Generator,onwind,GB2 0,AC,922020116.42191
Generator,onwind,GB3 0,AC,15103425.28351
Generator,onwind,GR0 0,AC,8768635.71019
Generator,onwind,HR0 0,AC,936113.53868
Generator,onwind,HU0 0,AC,14382416.08536
Generator,onwind,IE3 0,AC,13720156.67203
Generator,onwind,IT0 0,AC,9416051.42024
Generator,onwind,IT4 0,AC,12046908.4124
Generator,onwind,LT0 0,AC,2308085.89682
Generator,onwind,LU0 0,AC,283631.39386
Generator,onwind,LV0 0,AC,201916.34323
Generator,onwind,ME0 0,AC,37481.42735
Generator,onwind,MK0 0,AC,15137.12561
Generator,onwind,NL0 0,AC,137109895.3061
Generator,onwind,NO1 0,AC,9720780.14398
Generator,onwind,PL0 0,AC,119551205.3615
Generator,onwind,PT0 0,AC,8046786.27727
Generator,onwind,RO0 0,AC,6007818.39746
Generator,onwind,RS0 0,AC,714480.98857
Generator,onwind,SE1 0,AC,32084001.35502
Generator,onwind,SI0 0,AC,1208.4729
Generator,onwind,SK0 0,AC,9564.70445
Generator,onwind,XK0 0,AC,44008.69019
Generator,residential rural solar thermal,AL0 0,residential rural heat,7331.11977
Generator,residential rural solar thermal,AT0 0,residential rural heat,525.46155
Generator,residential rural solar thermal,BA0 0,residential rural heat,863.16221
Generator,residential rural solar thermal,BE0 0,residential rural heat,222.78488
Generator,residential rural solar thermal,BG0 0,residential rural heat,848.04784
Generator,residential rural solar thermal,CH0 0,residential rural heat,640.82435
Generator,residential rural solar thermal,CZ0 0,residential rural heat,275.25431
Generator,residential rural solar thermal,DE0 0,residential rural heat,265.00587
Generator,residential rural solar thermal,DE0 1,residential rural heat,363.35066
Generator,residential rural solar thermal,DK0 0,residential rural heat,228.76674
Generator,residential rural solar thermal,DK1 0,residential rural heat,279.12142
Generator,residential rural solar thermal,EE0 0,residential rural heat,365.96426
Generator,residential rural solar thermal,ES0 0,residential rural heat,5122.31984
Generator,residential rural solar thermal,ES6 0,residential rural heat,891.30115
Generator,residential rural solar thermal,FI1 0,residential rural heat,61.19027
Generator,residential rural solar thermal,FR0 0,residential rural heat,719.82851
Generator,residential rural solar thermal,FR5 0,residential rural heat,1235.64756
Generator,residential rural solar thermal,GB2 0,residential rural heat,242.3452
Generator,residential rural solar thermal,GB3 0,residential rural heat,191.80126
Generator,residential rural solar thermal,GR0 0,residential rural heat,2018.05908
Generator,residential rural solar thermal,HR0 0,residential rural heat,727.2803
Generator,residential rural solar thermal,HU0 0,residential rural heat,549.2836
Generator,residential rural solar thermal,IE3 0,residential rural heat,270.4325
Generator,residential rural solar thermal,IT0 0,residential rural heat,2396.94439
Generator,residential rural solar thermal,IT4 0,residential rural heat,2904.1848
Generator,residential rural solar thermal,LT0 0,residential rural heat,311.61194
Generator,residential rural solar thermal,LU0 0,residential rural heat,499.37705
Generator,residential rural solar thermal,LV0 0,residential rural heat,379.03184
Generator,residential rural solar thermal,ME0 0,residential rural heat,1430.6189
Generator,residential rural solar thermal,MK0 0,residential rural heat,1718.00931
Generator,residential rural solar thermal,NL0 0,residential rural heat,217.25763
Generator,residential rural solar thermal,NO1 0,residential rural heat,76.1241
Generator,residential rural solar thermal,PL0 0,residential rural heat,388.7983
Generator,residential rural solar thermal,PT0 0,residential rural heat,1448.81092
Generator,residential rural solar thermal,RO0 0,residential rural heat,742.97174
Generator,residential rural solar thermal,RS0 0,residential rural heat,702.14725
Generator,residential rural solar thermal,SE1 0,residential rural heat,134.70385
Generator,residential rural solar thermal,SI0 0,residential rural heat,527.59164
Generator,residential rural solar thermal,SK0 0,residential rural heat,394.89465
Generator,residential rural solar thermal,XK0 0,residential rural heat,693.75752
Generator,residential urban decentral solar thermal,AL0 0,residential urban decentral heat,7257.10834
Generator,residential urban decentral solar thermal,AT0 0,residential urban decentral heat,531.33739
Generator,residential urban decentral solar thermal,BA0 0,residential urban decentral heat,884.8028
Generator,residential urban decentral solar thermal,BE0 0,residential urban decentral heat,262.56571
Generator,residential urban decentral solar thermal,BG0 0,residential urban decentral heat,853.49572
Generator,residential urban decentral solar thermal,CH0 0,residential urban decentral heat,751.43666
Generator,residential urban decentral solar thermal,CZ0 0,residential urban decentral heat,301.64687
Generator,residential urban decentral solar thermal,DE0 0,residential urban decentral heat,352.54046
Generator,residential urban decentral solar thermal,DE0 1,residential urban decentral heat,375.84405
Generator,residential urban decentral solar thermal,DK0 0,residential urban decentral heat,255.54071
Generator,residential urban decentral solar thermal,DK1 0,residential urban decentral heat,278.55209
Generator,residential urban decentral solar thermal,EE0 0,residential urban decentral heat,365.37257
Generator,residential urban decentral solar thermal,ES0 0,residential urban decentral heat,5442.86806
Generator,residential urban decentral solar thermal,ES6 0,residential urban decentral heat,876.91354
Generator,residential urban decentral solar thermal,FI1 0,residential urban decentral heat,72.72897
Generator,residential urban decentral solar thermal,FR0 0,residential urban decentral heat,874.06001
Generator,residential urban decentral solar thermal,FR5 0,residential urban decentral heat,0.0
Generator,residential urban decentral solar thermal,GB2 0,residential urban decentral heat,327.33898
Generator,residential urban decentral solar thermal,GB3 0,residential urban decentral heat,201.37305
Generator,residential urban decentral solar thermal,GR0 0,residential urban decentral heat,2027.33206
Generator,residential urban decentral solar thermal,HR0 0,residential urban decentral heat,723.50496
Generator,residential urban decentral solar thermal,HU0 0,residential urban decentral heat,565.69927
Generator,residential urban decentral solar thermal,IE3 0,residential urban decentral heat,291.11959
Generator,residential urban decentral solar thermal,IT0 0,residential urban decentral heat,2932.7346
Generator,residential urban decentral solar thermal,IT4 0,residential urban decentral heat,2826.6112
Generator,residential urban decentral solar thermal,LT0 0,residential urban decentral heat,313.71591
Generator,residential urban decentral solar thermal,LU0 0,residential urban decentral heat,651.70111
Generator,residential urban decentral solar thermal,LV0 0,residential urban decentral heat,385.73045
Generator,residential urban decentral solar thermal,ME0 0,residential urban decentral heat,1437.71897
Generator,residential urban decentral solar thermal,MK0 0,residential urban decentral heat,1828.76462
Generator,residential urban decentral solar thermal,NL0 0,residential urban decentral heat,282.6762
Generator,residential urban decentral solar thermal,NO1 0,residential urban decentral heat,84.58649
Generator,residential urban decentral solar thermal,PL0 0,residential urban decentral heat,395.71281
Generator,residential urban decentral solar thermal,PT0 0,residential urban decentral heat,1409.70962
Generator,residential urban decentral solar thermal,RO0 0,residential urban decentral heat,771.02628
Generator,residential urban decentral solar thermal,RS0 0,residential urban decentral heat,704.72602
Generator,residential urban decentral solar thermal,SE1 0,residential urban decentral heat,170.82028
Generator,residential urban decentral solar thermal,SI0 0,residential urban decentral heat,533.96973
Generator,residential urban decentral solar thermal,SK0 0,residential urban decentral heat,400.05778
Generator,residential urban decentral solar thermal,XK0 0,residential urban decentral heat,684.60978
Generator,ror,AL0 0,AC,149105.80971
Generator,ror,AT0 0,AC,18748143.40749
Generator,ror,BE0 0,AC,275039.78516
Generator,ror,BG0 0,AC,191706.18423
Generator,ror,CH0 0,AC,9516132.8781
Generator,ror,CZ0 0,AC,141095.42115
Generator,ror,DE0 0,AC,6756810.69796
Generator,ror,DE0 1,AC,14948929.8676
Generator,ror,ES0 0,AC,276504.08951
Generator,ror,ES6 0,AC,320211.89613
Generator,ror,FI1 0,AC,6847902.0575
Generator,ror,FR0 0,AC,28837540.71483
Generator,ror,FR5 0,AC,557993.86186
Generator,ror,GB2 0,AC,2435333.30602
Generator,ror,GB3 0,AC,1580394.30496
Generator,ror,GR0 0,AC,221243.00725
Generator,ror,HR0 0,AC,1167972.44591
Generator,ror,HU0 0,AC,69870.6765
Generator,ror,IE3 0,AC,531219.73405
Generator,ror,IT0 0,AC,30998907.83058
Generator,ror,IT4 0,AC,465742.00313
Generator,ror,LT0 0,AC,487023.23311
Generator,ror,LV0 0,AC,2749502.5807
Generator,ror,ME0 0,AC,23510.2075
Generator,ror,MK0 0,AC,461109.16746
Generator,ror,NO1 0,AC,4326804.83296
Generator,ror,PL0 0,AC,1140635.80494
Generator,ror,PT0 0,AC,6506708.61889
Generator,ror,RO0 0,AC,6267472.29023
Generator,ror,RS0 0,AC,6642783.47147
Generator,ror,SE1 0,AC,6332622.92745
Generator,ror,SI0 0,AC,2001995.59219
Generator,ror,SK0 0,AC,3434884.13822
Generator,ror,XK0 0,AC,56247.92141
Generator,services rural solar thermal,AL0 0,services rural heat,803.14238
Generator,services rural solar thermal,AT0 0,services rural heat,370.03212
Generator,services rural solar thermal,BA0 0,services rural heat,549.45261
Generator,services rural solar thermal,BE0 0,services rural heat,223.05211
Generator,services rural solar thermal,BG0 0,services rural heat,641.5314
Generator,services rural solar thermal,CH0 0,services rural heat,344.55521
Generator,services rural solar thermal,CZ0 0,services rural heat,269.37878
Generator,services rural solar thermal,DE0 0,services rural heat,264.11101
Generator,services rural solar thermal,DE0 1,services rural heat,306.67793
Generator,services rural solar thermal,DK0 0,services rural heat,222.73788
Generator,services rural solar thermal,DK1 0,services rural heat,255.94392
Generator,services rural solar thermal,EE0 0,services rural heat,317.56007
Generator,services rural solar thermal,ES0 0,services rural heat,911.86951
Generator,services rural solar thermal,ES6 0,services rural heat,743.40881
Generator,services rural solar thermal,FI1 0,services rural heat,62.448
Generator,services rural solar thermal,FR0 0,services rural heat,504.79116
Generator,services rural solar thermal,FR5 0,services rural heat,612.38289
Generator,services rural solar thermal,GB2 0,services rural heat,208.02553
Generator,services rural solar thermal,GB3 0,services rural heat,195.16954
Generator,services rural solar thermal,GR0 0,services rural heat,859.04314
Generator,services rural solar thermal,HR0 0,services rural heat,497.27239
Generator,services rural solar thermal,HU0 0,services rural heat,492.74155
Generator,services rural solar thermal,IE3 0,services rural heat,259.38955
Generator,services rural solar thermal,IT0 0,services rural heat,821.03737
Generator,services rural solar thermal,IT4 0,services rural heat,722.93175
Generator,services rural solar thermal,LT0 0,services rural heat,287.24006
Generator,services rural solar thermal,LU0 0,services rural heat,224.15848
Generator,services rural solar thermal,LV0 0,services rural heat,302.61953
Generator,services rural solar thermal,ME0 0,services rural heat,718.35426
Generator,services rural solar thermal,MK0 0,services rural heat,766.31835
Generator,services rural solar thermal,NL0 0,services rural heat,278.36053
Generator,services rural solar thermal,NO1 0,services rural heat,71.62016
Generator,services rural solar thermal,PL0 0,services rural heat,396.48638
Generator,services rural solar thermal,PT0 0,services rural heat,1559.03147
Generator,services rural solar thermal,RO0 0,services rural heat,588.33477
Generator,services rural solar thermal,RS0 0,services rural heat,573.01424
Generator,services rural solar thermal,SE1 0,services rural heat,133.68582
Generator,services rural solar thermal,SI0 0,services rural heat,381.04967
Generator,services rural solar thermal,SK0 0,services rural heat,382.41596
Generator,services rural solar thermal,XK0 0,services rural heat,658.46222
Generator,services urban decentral solar thermal,AL0 0,services urban decentral heat,798.92177
Generator,services urban decentral solar thermal,AT0 0,services urban decentral heat,361.83291
Generator,services urban decentral solar thermal,BA0 0,services urban decentral heat,567.26222
Generator,services urban decentral solar thermal,BE0 0,services urban decentral heat,234.3689
Generator,services urban decentral solar thermal,BG0 0,services urban decentral heat,703.8964
Generator,services urban decentral solar thermal,CH0 0,services urban decentral heat,369.31259
Generator,services urban decentral solar thermal,CZ0 0,services urban decentral heat,276.29193
Generator,services urban decentral solar thermal,DE0 0,services urban decentral heat,292.30547
Generator,services urban decentral solar thermal,DE0 1,services urban decentral heat,294.53794
Generator,services urban decentral solar thermal,DK0 0,services urban decentral heat,234.47932
Generator,services urban decentral solar thermal,DK1 0,services urban decentral heat,277.21747
Generator,services urban decentral solar thermal,EE0 0,services urban decentral heat,363.92692
Generator,services urban decentral solar thermal,ES0 0,services urban decentral heat,830.3743
Generator,services urban decentral solar thermal,ES6 0,services urban decentral heat,720.46307
Generator,services urban decentral solar thermal,FI1 0,services urban decentral heat,63.81574
Generator,services urban decentral solar thermal,FR0 0,services urban decentral heat,510.42285
Generator,services urban decentral solar thermal,FR5 0,services urban decentral heat,592.8379
Generator,services urban decentral solar thermal,GB2 0,services urban decentral heat,263.57212
Generator,services urban decentral solar thermal,GB3 0,services urban decentral heat,188.50748
Generator,services urban decentral solar thermal,GR0 0,services urban decentral heat,922.43152
Generator,services urban decentral solar thermal,HR0 0,services urban decentral heat,566.34434
Generator,services urban decentral solar thermal,HU0 0,services urban decentral heat,507.6567
Generator,services urban decentral solar thermal,IE3 0,services urban decentral heat,280.11696
Generator,services urban decentral solar thermal,IT0 0,services urban decentral heat,817.51006
Generator,services urban decentral solar thermal,IT4 0,services urban decentral heat,780.90393
Generator,services urban decentral solar thermal,LT0 0,services urban decentral heat,321.75666
Generator,services urban decentral solar thermal,LU0 0,services urban decentral heat,214.38594
Generator,services urban decentral solar thermal,LV0 0,services urban decentral heat,344.01218
Generator,services urban decentral solar thermal,ME0 0,services urban decentral heat,680.77731
Generator,services urban decentral solar thermal,MK0 0,services urban decentral heat,757.94356
Generator,services urban decentral solar thermal,NL0 0,services urban decentral heat,251.38572
Generator,services urban decentral solar thermal,NO1 0,services urban decentral heat,77.69091
Generator,services urban decentral solar thermal,PL0 0,services urban decentral heat,329.70317
Generator,services urban decentral solar thermal,PT0 0,services urban decentral heat,1698.79806
Generator,services urban decentral solar thermal,RO0 0,services urban decentral heat,597.47637
Generator,services urban decentral solar thermal,RS0 0,services urban decentral heat,606.10748
Generator,services urban decentral solar thermal,SE1 0,services urban decentral heat,142.57198
Generator,services urban decentral solar thermal,SI0 0,services urban decentral heat,425.17636
Generator,services urban decentral solar thermal,SK0 0,services urban decentral heat,405.49722
Generator,services urban decentral solar thermal,XK0 0,services urban decentral heat,646.62577
Generator,solar,AL0 0,AC,26317489.55489
Generator,solar,AT0 0,AC,121431610.91414
Generator,solar,BA0 0,AC,2126439.69634
Generator,solar,BE0 0,AC,53980255.44709
Generator,solar,BG0 0,AC,21268523.13112
Generator,solar,CH0 0,AC,2684605.10409
Generator,solar,CZ0 0,AC,12451174.83624
Generator,solar,DE0 0,AC,71177252.80637
Generator,solar,DE0 1,AC,103759440.92539
Generator,solar,DK0 0,AC,1414874.92541
Generator,solar,DK1 0,AC,807631.23194
Generator,solar,EE0 0,AC,6395947.07203
Generator,solar,ES0 0,AC,44534567.25482
Generator,solar,ES6 0,AC,354952.93356
Generator,solar,FI1 0,AC,275045.3934
Generator,solar,FR0 0,AC,167166023.98512
Generator,solar,FR5 0,AC,6822908.87192
Generator,solar,GB2 0,AC,51174652.00167
Generator,solar,GB3 0,AC,261788.30976
Generator,solar,GR0 0,AC,198482585.6134
Generator,solar,HR0 0,AC,8632377.83376
Generator,solar,HU0 0,AC,10719014.07198
Generator,solar,IE3 0,AC,1485938.14865
Generator,solar,IT0 0,AC,597266058.67602
Generator,solar,IT4 0,AC,1260708.81884
Generator,solar,LT0 0,AC,3202728.42236
Generator,solar,LU0 0,AC,5220154.23817
Generator,solar,LV0 0,AC,14247986.71364
Generator,solar,ME0 0,AC,11499556.74044
Generator,solar,MK0 0,AC,28973489.53058
Generator,solar,NL0 0,AC,71048728.20958
Generator,solar,NO1 0,AC,128545.41458
Generator,solar,PL0 0,AC,40864738.30207
Generator,solar,PT0 0,AC,4613106.40081
Generator,solar,RO0 0,AC,47703302.48931
Generator,solar,RS0 0,AC,4822839.98153
Generator,solar,SE1 0,AC,1053176.123
Generator,solar,SI0 0,AC,333950.49174
Generator,solar,SK0 0,AC,16194853.22397
Generator,solar,XK0 0,AC,1505004.34216
Generator,solar rooftop,AL0 0,low voltage,2403513.68168
Generator,solar rooftop,AT0 0,low voltage,10453178.05773
Generator,solar rooftop,BA0 0,low voltage,1756148.78561
Generator,solar rooftop,BE0 0,low voltage,41396.24472
Generator,solar rooftop,BG0 0,low voltage,5962486.19317
Generator,solar rooftop,CH0 0,low voltage,14279620.33736
Generator,solar rooftop,CZ0 0,low voltage,86534.56984
Generator,solar rooftop,DE0 0,low voltage,198588.74502
Generator,solar rooftop,DE0 1,low voltage,16338265.99026
Generator,solar rooftop,DK0 0,low voltage,9165.23673
Generator,solar rooftop,DK1 0,low voltage,60976.05379
Generator,solar rooftop,EE0 0,low voltage,162000.2203
Generator,solar rooftop,ES0 0,low voltage,89521903.9021
Generator,solar rooftop,ES6 0,low voltage,1087328.43108
Generator,solar rooftop,FI1 0,low voltage,12481.37511
Generator,solar rooftop,FR0 0,low voltage,40373053.58157
Generator,solar rooftop,FR5 0,low voltage,284910.01511
Generator,solar rooftop,GB2 0,low voltage,53912.29237
Generator,solar rooftop,GB3 0,low voltage,7516.6811
Generator,solar rooftop,GR0 0,low voltage,18353443.21914
Generator,solar rooftop,HR0 0,low voltage,1603960.46367
Generator,solar rooftop,HU0 0,low voltage,81753.79561
Generator,solar rooftop,IE3 0,low voltage,325707.56635
Generator,solar rooftop,IT0 0,low voltage,138927972.84131
Generator,solar rooftop,IT4 0,low voltage,3048509.90456
Generator,solar rooftop,LT0 0,low voltage,667453.89668
Generator,solar rooftop,LU0 0,low voltage,254417.87942
Generator,solar rooftop,LV0 0,low voltage,107556.14492
Generator,solar rooftop,ME0 0,low voltage,626363.31916
Generator,solar rooftop,MK0 0,low voltage,1790777.34085
Generator,solar rooftop,NL0 0,low voltage,35534.16171
Generator,solar rooftop,NO1 0,low voltage,8745.73921
Generator,solar rooftop,PL0 0,low voltage,34913.31736
Generator,solar rooftop,PT0 0,low voltage,18160133.98218
Generator,solar rooftop,RO0 0,low voltage,2784677.81844
Generator,solar rooftop,RS0 0,low voltage,97622.00755
Generator,solar rooftop,SE1 0,low voltage,17078.88193
Generator,solar rooftop,SI0 0,low voltage,15240.70377
Generator,solar rooftop,SK0 0,low voltage,1605929.94589
Generator,solar rooftop,XK0 0,low voltage,903674.83743
Generator,solar-hsat,AL0 0,AC,188872.63274
Generator,solar-hsat,AT0 0,AC,196980.78805
Generator,solar-hsat,BA0 0,AC,72902.19913
Generator,solar-hsat,BE0 0,AC,121549.54892
Generator,solar-hsat,BG0 0,AC,77776.1018
Generator,solar-hsat,CH0 0,AC,148743857.95621
Generator,solar-hsat,CZ0 0,AC,46609.40593
Generator,solar-hsat,DE0 0,AC,162668.81483
Generator,solar-hsat,DE0 1,AC,141473.00522
Generator,solar-hsat,DK0 0,AC,38766.32589
Generator,solar-hsat,DK1 0,AC,21287165.2054
Generator,solar-hsat,EE0 0,AC,174548.64118
Generator,solar-hsat,ES0 0,AC,740545497.97505
Generator,solar-hsat,ES6 0,AC,951300.44457
Generator,solar-hsat,FI1 0,AC,67842.06919
Generator,solar-hsat,FR0 0,AC,167921.69909
Generator,solar-hsat,FR5 0,AC,118367.92761
Generator,solar-hsat,GB2 0,AC,99996.84086
Generator,solar-hsat,GB3 0,AC,11196.38298
Generator,solar-hsat,GR0 0,AC,11557376.08445
Generator,solar-hsat,HR0 0,AC,61209.38197
Generator,solar-hsat,HU0 0,AC,65479.27839
Generator,solar-hsat,IE3 0,AC,83844.62454
Generator,solar-hsat,IT0 0,AC,243522281.81219
Generator,solar-hsat,IT4 0,AC,14996920.73371
Generator,solar-hsat,LT0 0,AC,77518.43181
Generator,solar-hsat,LU0 0,AC,304880.72708
Generator,solar-hsat,LV0 0,AC,99698.0811
Generator,solar-hsat,ME0 0,AC,319701.982
Generator,solar-hsat,MK0 0,AC,134683.77558
Generator,solar-hsat,NL0 0,AC,82405.47246
Generator,solar-hsat,NO1 0,AC,117832.50399
Generator,solar-hsat,PL0 0,AC,116997.9032
Generator,solar-hsat,PT0 0,AC,9784216.74888
Generator,solar-hsat,RO0 0,AC,48671.76136
Generator,solar-hsat,RS0 0,AC,48685.7789
Generator,solar-hsat,SE1 0,AC,36801559.53649
Generator,solar-hsat,SI0 0,AC,9115.306
Generator,solar-hsat,SK0 0,AC,101805.26658
Generator,solar-hsat,XK0 0,AC,74476.58845
Generator,solid biomass,EU,solid biomass,1049092861.33112
Generator,urban central solar thermal,AL0 0,urban central heat,4047.30909
Generator,urban central solar thermal,AT0 0,urban central heat,1185.30827
Generator,urban central solar thermal,BA0 0,urban central heat,2039.05001
Generator,urban central solar thermal,BE0 0,urban central heat,534.26043
Generator,urban central solar thermal,BG0 0,urban central heat,1331.04882
Generator,urban central solar thermal,CH0 0,urban central heat,2021.11732
Generator,urban central solar thermal,CZ0 0,urban central heat,562.33873
Generator,urban central solar thermal,DE0 0,urban central heat,847.7218
Generator,urban central solar thermal,DE0 1,urban central heat,960.39544
Generator,urban central solar thermal,DK0 0,urban central heat,423.90799
Generator,urban central solar thermal,DK1 0,urban central heat,444.07001
Generator,urban central solar thermal,EE0 0,urban central heat,433.09508
Generator,urban central solar thermal,ES0 0,urban central heat,3845.12976
Generator,urban central solar thermal,ES6 0,urban central heat,393.29481
Generator,urban central solar thermal,FI1 0,urban central heat,150.90698
Generator,urban central solar thermal,FR0 0,urban central heat,2694.38492
Generator,urban central solar thermal,GB2 0,urban central heat,708.7473
Generator,urban central solar thermal,GB3 0,urban central heat,319.42984
Generator,urban central solar thermal,GR0 0,urban central heat,1394.17229
Generator,urban central solar thermal,HR0 0,urban central heat,1386.08936
Generator,urban central solar thermal,HU0 0,urban central heat,1016.51499
Generator,urban central solar thermal,IE3 0,urban central heat,469.0013
Generator,urban central solar thermal,IT0 0,urban central heat,11991.9613
Generator,urban central solar thermal,IT4 0,urban central heat,3101.53935
Generator,urban central solar thermal,LT0 0,urban central heat,494.36752
Generator,urban central solar thermal,LU0 0,urban central heat,6392.75568
Generator,urban central solar thermal,LV0 0,urban central heat,546.49959
Generator,urban central solar thermal,ME0 0,urban central heat,2731.25368
Generator,urban central solar thermal,MK0 0,urban central heat,2278.39361
Generator,urban central solar thermal,NL0 0,urban central heat,614.09281
Generator,urban central solar thermal,NO1 0,urban central heat,190.46918
Generator,urban central solar thermal,PL0 0,urban central heat,1013.00158
Generator,urban central solar thermal,PT0 0,urban central heat,4356.35147
Generator,urban central solar thermal,RO0 0,urban central heat,1466.11981
Generator,urban central solar thermal,RS0 0,urban central heat,1354.94228
Generator,urban central solar thermal,SE1 0,urban central heat,386.29059
Generator,urban central solar thermal,SI0 0,urban central heat,1044.52695
Generator,urban central solar thermal,SK0 0,urban central heat,631.94752
Generator,urban central solar thermal,XK0 0,urban central heat,843.15281
Line,AC,AL0 0,AC,-23619966.89267
Line,AC,AT0 0,AC,-30213606.24276
Line,AC,BA0 0,AC,7616469.92426
Line,AC,BE0 0,AC,17992178.32981
Line,AC,BG0 0,AC,24408792.83843
Line,AC,CH0 0,AC,-63264722.1885
Line,AC,CZ0 0,AC,66983615.37993
Line,AC,DE0 0,AC,99036535.55059
Line,AC,DE0 1,AC,42465168.33074
Line,AC,DK0 0,AC,-43069438.69823
Line,AC,DK1 0,AC,-1488313.92277
Line,AC,EE0 0,AC,-5355110.63209
Line,AC,ES0 0,AC,-60996415.46562
Line,AC,FI1 0,AC,-5182531.92057
Line,AC,FR0 0,AC,-46192980.01813
Line,AC,GB3 0,AC,-19899551.28708
Line,AC,GR0 0,AC,-79152572.3815
Line,AC,HR0 0,AC,15250816.74996
Line,AC,HU0 0,AC,53978547.81279
Line,AC,IE3 0,AC,18713327.11684
Line,AC,IT0 0,AC,-26510890.19291
Line,AC,LT0 0,AC,-7150957.80125
Line,AC,LU0 0,AC,7078270.1287
Line,AC,LV0 0,AC,440662.37703
Line,AC,ME0 0,AC,-11301023.74052
Line,AC,MK0 0,AC,-16090684.15852
Line,AC,NL0 0,AC,-40629958.98988
Line,AC,NO1 0,AC,3883148.15977
Line,AC,PL0 0,AC,18000400.603
Line,AC,PT0 0,AC,44364133.77633
Line,AC,RO0 0,AC,-7381556.60406
Line,AC,RS0 0,AC,37277574.61054
Line,AC,SE1 0,AC,2079523.92793
Line,AC,SI0 0,AC,-58330348.35987
Line,AC,SK0 0,AC,12340486.01984
Line,AC,XK0 0,AC,9417551.5366
Link,BEV charger,AL0 0,EV battery,2065781.88677
Link,BEV charger,AL0 0,low voltage,-2295313.20752
Link,BEV charger,AT0 0,EV battery,21937528.525
Link,BEV charger,AT0 0,low voltage,-24375031.69444
Link,BEV charger,BA0 0,EV battery,3451086.03154
Link,BEV charger,BA0 0,low voltage,-3834540.03504
Link,BEV charger,BE0 0,EV battery,29297108.04213
Link,BEV charger,BE0 0,low voltage,-32552342.26903
Link,BEV charger,BG0 0,EV battery,8181526.91561
Link,BEV charger,BG0 0,low voltage,-9090585.46178
Link,BEV charger,CH0 0,EV battery,12947430.33744
Link,BEV charger,CH0 0,low voltage,-14386033.70826
Link,BEV charger,CZ0 0,EV battery,20701636.8448
Link,BEV charger,CZ0 0,low voltage,-23001818.71645
Link,BEV charger,DE0 0,EV battery,105879329.964
Link,BEV charger,DE0 0,low voltage,-117643699.96
Link,BEV charger,DE0 1,EV battery,61926834.01488
Link,BEV charger,DE0 1,low voltage,-68807593.34987
Link,BEV charger,DK0 0,EV battery,8670525.38131
Link,BEV charger,DK0 0,low voltage,-9633917.09034
Link,BEV charger,DK1 0,EV battery,5005802.52331
Link,BEV charger,DK1 0,low voltage,-5562002.80368
Link,BEV charger,EE0 0,EV battery,2457984.63607
Link,BEV charger,EE0 0,low voltage,-2731094.04008
Link,BEV charger,ES0 0,EV battery,80888489.87531
Link,BEV charger,ES0 0,low voltage,-89876099.86146
Link,BEV charger,ES6 0,EV battery,1318870.82849
Link,BEV charger,ES6 0,low voltage,-1465412.03165
Link,BEV charger,FI1 0,EV battery,13578012.77911
Link,BEV charger,FI1 0,low voltage,-15086680.86568
Link,BEV charger,FR0 0,EV battery,135122132.39674
Link,BEV charger,FR0 0,low voltage,-150135702.66305
Link,BEV charger,FR5 0,EV battery,552773.86496
Link,BEV charger,FR5 0,low voltage,-614193.18329
Link,BEV charger,GB2 0,EV battery,101285208.50874
Link,BEV charger,GB2 0,low voltage,-112539120.56527
Link,BEV charger,GB3 0,EV battery,2742749.06861
Link,BEV charger,GB3 0,low voltage,-3047498.96513
Link,BEV charger,GR0 0,EV battery,15633372.09885
Link,BEV charger,GR0 0,low voltage,-17370413.44317
Link,BEV charger,HR0 0,EV battery,6519033.76837
Link,BEV charger,HR0 0,low voltage,-7243370.85374
Link,BEV charger,HU0 0,EV battery,14019586.24031
Link,BEV charger,HU0 0,low voltage,-15577318.04479
Link,BEV charger,IE3 0,EV battery,10939555.62515
Link,BEV charger,IE3 0,low voltage,-12155061.80573
Link,BEV charger,IT0 0,EV battery,104566902.60325
Link,BEV charger,IT0 0,low voltage,-116185447.33694
Link,BEV charger,IT4 0,EV battery,2611728.11343
Link,BEV charger,IT4 0,low voltage,-2901920.12604
Link,BEV charger,LT0 0,EV battery,6895902.49606
Link,BEV charger,LT0 0,low voltage,-7662113.88451
Link,BEV charger,LU0 0,EV battery,3076473.07828
Link,BEV charger,LU0 0,low voltage,-3418303.42031
Link,BEV charger,LV0 0,EV battery,3281616.98209
Link,BEV charger,LV0 0,low voltage,-3646241.09121
Link,BEV charger,ME0 0,EV battery,693837.65404
Link,BEV charger,ME0 0,low voltage,-770930.72671
Link,BEV charger,MK0 0,EV battery,1978836.30335
Link,BEV charger,MK0 0,low voltage,-2198707.00372
Link,BEV charger,NL0 0,EV battery,36084051.03168
Link,BEV charger,NL0 0,low voltage,-40093390.0352
Link,BEV charger,NO1 0,EV battery,9295336.35223
Link,BEV charger,NO1 0,low voltage,-10328151.50248
Link,BEV charger,PL0 0,EV battery,64121890.91479
Link,BEV charger,PL0 0,low voltage,-71246545.46087
Link,BEV charger,PT0 0,EV battery,19447465.2417
Link,BEV charger,PT0 0,low voltage,-21608294.713
Link,BEV charger,RO0 0,EV battery,20407575.46455
Link,BEV charger,RO0 0,low voltage,-22675083.8495
Link,BEV charger,RS0 0,EV battery,5902564.01855
Link,BEV charger,RS0 0,low voltage,-6558404.46506
Link,BEV charger,SE1 0,EV battery,21150380.16318
Link,BEV charger,SE1 0,low voltage,-23500422.40354
Link,BEV charger,SI0 0,EV battery,5781915.40176
Link,BEV charger,SI0 0,low voltage,-6424350.4464
Link,BEV charger,SK0 0,EV battery,8955375.69604
Link,BEV charger,SK0 0,low voltage,-9950417.44004
Link,BEV charger,XK0 0,EV battery,1117189.13598
Link,BEV charger,XK0 0,low voltage,-1241321.2622
Link,CCGT,AL0 0,AC,2782.84162
Link,CCGT,AT0 0,AC,23498.07903
Link,CCGT,BA0 0,AC,4115.15312
Link,CCGT,BE0 0,AC,584012.25509
Link,CCGT,BG0 0,AC,2250.51897
Link,CCGT,CH0 0,AC,1448.18418
Link,CCGT,CZ0 0,AC,5674168.39673
Link,CCGT,DE0 0,AC,19853960.03865
Link,CCGT,DE0 1,AC,30037652.71396
Link,CCGT,DK0 0,AC,89775.53178
Link,CCGT,DK1 0,AC,299069.4369
Link,CCGT,EE0 0,AC,332563.15551
Link,CCGT,ES0 0,AC,577.14561
Link,CCGT,ES6 0,AC,447.8132
Link,CCGT,EU,co2,27868070.77902
Link,CCGT,EU,gas,-140747832.21726
Link,CCGT,FI1 0,AC,406055.05092
Link,CCGT,FR0 0,AC,1081.30405
Link,CCGT,FR5 0,AC,774.92303
Link,CCGT,GB2 0,AC,1540.49075
Link,CCGT,GB3 0,AC,837.98543
Link,CCGT,GR0 0,AC,1914.61911
Link,CCGT,HR0 0,AC,49081.75675
Link,CCGT,HU0 0,AC,142455.33593
Link,CCGT,IE3 0,AC,876.83355
Link,CCGT,IT0 0,AC,2083.71642
Link,CCGT,IT4 0,AC,802.59674
Link,CCGT,LT0 0,AC,273603.37048
Link,CCGT,LU0 0,AC,36254.16837
Link,CCGT,LV0 0,AC,909626.58997
Link,CCGT,ME0 0,AC,3560.42375
Link,CCGT,MK0 0,AC,2998.96608
Link,CCGT,NL0 0,AC,6028481.89531
Link,CCGT,NO1 0,AC,2856.47377
Link,CCGT,PL0 0,AC,17504869.57604
Link,CCGT,PT0 0,AC,573.50877
Link,CCGT,RO0 0,AC,2921.38244
Link,CCGT,RS0 0,AC,4054.08574
Link,CCGT,SE1 0,AC,516408.16917
Link,CCGT,SI0 0,AC,3523.47878
Link,CCGT,SK0 0,AC,1641855.89564
Link,CCGT,XK0 0,AC,3285.46904
Link,DC,BE0 0,AC,30000390.19504
Link,DC,CH0 0,AC,7409764.07288
Link,DC,DE0 0,AC,197355090.71944
Link,DC,DE0 1,AC,100696683.23456
Link,DC,DK0 0,AC,-57782031.54979
Link,DC,DK1 0,AC,-58583356.44098
Link,DC,EE0 0,AC,2649604.65788
Link,DC,ES0 0,AC,-73940013.63283
Link,DC,ES6 0,AC,-4061150.70921
Link,DC,FI1 0,AC,-3758295.23075
Link,DC,FR0 0,AC,-96842310.68141
Link,DC,FR5 0,AC,591623.05044
Link,DC,GB2 0,AC,-158610360.10726
Link,DC,GB3 0,AC,-5543001.78791
Link,DC,GR0 0,AC,-450507.09267
Link,DC,IE3 0,AC,2786763.5813
Link,DC,IT0 0,AC,-83837279.17004
Link,DC,IT4 0,AC,-5855741.33884
Link,DC,LT0 0,AC,329797.31045
Link,DC,ME0 0,AC,2824173.96322
Link,DC,NL0 0,AC,70833584.50294
Link,DC,NO1 0,AC,5917898.24615
Link,DC,PL0 0,AC,3034468.575
Link,DC,SE1 0,AC,-3084749.48178
Link,DC,SI0 0,AC,74151237.29397
Link,Fischer-Tropsch,AL0 0,H2,-486574.70581
Link,Fischer-Tropsch,AL0 0,urban central heat,18368.19514
Link,Fischer-Tropsch,AT0 0,H2,-129039.0168
Link,Fischer-Tropsch,AT0 0,urban central heat,4871.22288
Link,Fischer-Tropsch,BA0 0,H2,-408144.88037
Link,Fischer-Tropsch,BA0 0,urban central heat,15407.46923
Link,Fischer-Tropsch,BE0 0,H2,-579747.51279
Link,Fischer-Tropsch,BE0 0,urban central heat,21885.46861
Link,Fischer-Tropsch,BG0 0,H2,-9674578.81928
Link,Fischer-Tropsch,BG0 0,urban central heat,365215.35043
Link,Fischer-Tropsch,CH0 0,H2,-39831141.52401
Link,Fischer-Tropsch,CH0 0,urban central heat,1503625.59253
Link,Fischer-Tropsch,CZ0 0,H2,-78252.45435
Link,Fischer-Tropsch,CZ0 0,urban central heat,2954.03015
Link,Fischer-Tropsch,DE0 0,H2,-174743.10139
Link,Fischer-Tropsch,DE0 0,urban central heat,6596.55208
Link,Fischer-Tropsch,DE0 1,H2,-105422.82582
Link,Fischer-Tropsch,DE0 1,urban central heat,3979.71167
Link,Fischer-Tropsch,DK0 0,H2,-33025800.6293
Link,Fischer-Tropsch,DK0 0,urban central heat,1246723.97376
Link,Fischer-Tropsch,DK1 0,H2,-177421.46521
Link,Fischer-Tropsch,DK1 0,urban central heat,6697.66031
Link,Fischer-Tropsch,EE0 0,H2,-3624320.54074
Link,Fischer-Tropsch,EE0 0,urban central heat,136818.10041
Link,Fischer-Tropsch,ES0 0,H2,-374677.13574
Link,Fischer-Tropsch,ES0 0,urban central heat,14144.06187
Link,Fischer-Tropsch,ES6 0,H2,-12944.8388
Link,Fischer-Tropsch,ES6 0,urban central heat,488.66766
Link,Fischer-Tropsch,EU,co2 stored,-135160549.37002
Link,Fischer-Tropsch,EU,oil,525711977.32409
Link,Fischer-Tropsch,FI1 0,H2,-27330058.00465
Link,Fischer-Tropsch,FI1 0,urban central heat,1031709.68968
Link,Fischer-Tropsch,FR0 0,H2,-174962271.11656
Link,Fischer-Tropsch,FR0 0,urban central heat,6604825.73465
Link,Fischer-Tropsch,FR5 0,H2,-165325.55032
Link,Fischer-Tropsch,GB2 0,H2,-205368924.4055
Link,Fischer-Tropsch,GB2 0,urban central heat,7752676.89631
Link,Fischer-Tropsch,GB3 0,H2,-136965.85245
Link,Fischer-Tropsch,GB3 0,urban central heat,5170.46093
Link,Fischer-Tropsch,GR0 0,H2,-78846.42538
Link,Fischer-Tropsch,GR0 0,urban central heat,2976.45256
Link,Fischer-Tropsch,HR0 0,H2,-182798.09791
Link,Fischer-Tropsch,HR0 0,urban central heat,6900.6282
Link,Fischer-Tropsch,HU0 0,H2,-84893.9778
Link,Fischer-Tropsch,HU0 0,urban central heat,3204.74766
Link,Fischer-Tropsch,IE3 0,H2,-9536293.84048
Link,Fischer-Tropsch,IE3 0,urban central heat,359995.09248
Link,Fischer-Tropsch,IT0 0,H2,-134461409.23182
Link,Fischer-Tropsch,IT0 0,urban central heat,5075918.1985
Link,Fischer-Tropsch,IT4 0,H2,-28627.83493
Link,Fischer-Tropsch,IT4 0,urban central heat,1080.70077
Link,Fischer-Tropsch,LT0 0,H2,-76042.34928
Link,Fischer-Tropsch,LT0 0,urban central heat,2870.59869
Link,Fischer-Tropsch,LU0 0,H2,-560500.35435
Link,Fischer-Tropsch,LU0 0,urban central heat,21158.88838
Link,Fischer-Tropsch,LV0 0,H2,-147973.40142
Link,Fischer-Tropsch,LV0 0,urban central heat,5585.9959
Link,Fischer-Tropsch,ME0 0,H2,-2742471.1988
Link,Fischer-Tropsch,ME0 0,urban central heat,103528.28775
Link,Fischer-Tropsch,MK0 0,H2,-185189.95305
Link,Fischer-Tropsch,MK0 0,urban central heat,6990.92073
Link,Fischer-Tropsch,NL0 0,H2,-172850.46005
Link,Fischer-Tropsch,NL0 0,urban central heat,6525.10487
Link,Fischer-Tropsch,NO1 0,H2,-101652.50524
Link,Fischer-Tropsch,NO1 0,urban central heat,3837.38207
Link,Fischer-Tropsch,PL0 0,H2,-59243.94269
Link,Fischer-Tropsch,PL0 0,urban central heat,2236.45884
Link,Fischer-Tropsch,PT0 0,H2,-3546654.37981
Link,Fischer-Tropsch,PT0 0,urban central heat,133886.20284
Link,Fischer-Tropsch,RO0 0,H2,-7000459.14354
Link,Fischer-Tropsch,RO0 0,urban central heat,264267.33267
Link,Fischer-Tropsch,RS0 0,H2,-350137.31689
Link,Fischer-Tropsch,RS0 0,urban central heat,13217.68371
Link,Fischer-Tropsch,SE1 0,H2,-206158.29569
Link,Fischer-Tropsch,SE1 0,urban central heat,7782.47566
Link,Fischer-Tropsch,SI0 0,H2,-158363.47812
Link,Fischer-Tropsch,SI0 0,urban central heat,5978.2213
Link,Fischer-Tropsch,SK0 0,H2,-53592.44117
Link,Fischer-Tropsch,SK0 0,urban central heat,2023.11465
Link,Fischer-Tropsch,XK0 0,H2,-1581911.67765
Link,Fischer-Tropsch,XK0 0,urban central heat,59717.16583
Link,H2 Electrolysis,AL0 0,AC,-9215032.03793
Link,H2 Electrolysis,AL0 0,H2,6444993.40733
Link,H2 Electrolysis,AL0 0,urban central heat,323908.37613
Link,H2 Electrolysis,AT0 0,AC,-41751.1218
Link,H2 Electrolysis,AT0 0,H2,29200.73459
Link,H2 Electrolysis,AT0 0,urban central heat,1467.55193
Link,H2 Electrolysis,BA0 0,AC,-101493.87613
Link,H2 Electrolysis,BA0 0,H2,70984.81697
Link,H2 Electrolysis,BA0 0,urban central heat,3567.50975
Link,H2 Electrolysis,BE0 0,AC,-51724.37363
Link,H2 Electrolysis,BE0 0,H2,36176.02692
Link,H2 Electrolysis,BE0 0,urban central heat,1818.11173
Link,H2 Electrolysis,BG0 0,AC,-12839226.39103
Link,H2 Electrolysis,BG0 0,H2,8979754.93789
Link,H2 Electrolysis,BG0 0,urban central heat,451298.80764
Link,H2 Electrolysis,CH0 0,AC,-66689645.45218
Link,H2 Electrolysis,CH0 0,H2,46642738.02926
Link,H2 Electrolysis,CH0 0,urban central heat,2344141.03764
Link,H2 Electrolysis,CZ0 0,AC,-10888.82949
Link,H2 Electrolysis,CZ0 0,H2,7615.64735
Link,H2 Electrolysis,CZ0 0,urban central heat,382.74236
Link,H2 Electrolysis,DE0 0,AC,-33364.34691
Link,H2 Electrolysis,DE0 0,H2,23335.02423
Link,H2 Electrolysis,DE0 0,urban central heat,1172.75679
Link,H2 Electrolysis,DE0 1,AC,-28366.94522
Link,H2 Electrolysis,DE0 1,H2,19839.84149
Link,H2 Electrolysis,DE0 1,urban central heat,997.09812
Link,H2 Electrolysis,DK0 0,AC,-80782710.10972
Link,H2 Electrolysis,DK0 0,H2,56499427.45074
Link,H2 Electrolysis,DK0 0,urban central heat,2839512.26036
Link,H2 Electrolysis,DK1 0,AC,-361296.4361
Link,H2 Electrolysis,DK1 0,H2,252690.72741
Link,H2 Electrolysis,DK1 0,urban central heat,12699.56973
Link,H2 Electrolysis,EE0 0,AC,-13422669.45228
Link,H2 Electrolysis,EE0 0,H2,9387815.01492
Link,H2 Electrolysis,EE0 0,urban central heat,471806.83125
Link,H2 Electrolysis,ES0 0,AC,-386286213.1383
Link,H2 Electrolysis,ES0 0,H2,270168577.46892
Link,H2 Electrolysis,ES0 0,urban central heat,13577960.39181
Link,H2 Electrolysis,ES6 0,AC,-10623011.93451
Link,H2 Electrolysis,ES6 0,H2,7429734.54699
Link,H2 Electrolysis,ES6 0,urban central heat,373398.8695
Link,H2 Electrolysis,FI1 0,AC,-42313271.57893
Link,H2 Electrolysis,FI1 0,H2,29593902.1423
Link,H2 Electrolysis,FI1 0,urban central heat,1487311.496
Link,H2 Electrolysis,FR0 0,AC,-268623963.88777
Link,H2 Electrolysis,FR0 0,H2,187875600.34311
Link,H2 Electrolysis,FR0 0,urban central heat,9442132.33066
Link,H2 Electrolysis,FR5 0,AC,-8577489.69871
Link,H2 Electrolysis,FR5 0,H2,5999096.29528
Link,H2 Electrolysis,GB2 0,AC,-768126057.16952
Link,H2 Electrolysis,GB2 0,H2,537227364.38436
Link,H2 Electrolysis,GB2 0,urban central heat,26999630.90951
Link,H2 Electrolysis,GB3 0,AC,-13604821.74591
Link,H2 Electrolysis,GB3 0,H2,9515212.32909
Link,H2 Electrolysis,GB3 0,urban central heat,478209.48437
Link,H2 Electrolysis,GR0 0,AC,-81873235.61323
Link,H2 Electrolysis,GR0 0,H2,57262140.9879
Link,H2 Electrolysis,GR0 0,urban central heat,2877844.23181
Link,H2 Electrolysis,HR0 0,AC,-21415.30467
Link,H2 Electrolysis,HR0 0,H2,14977.86409
Link,H2 Electrolysis,HR0 0,urban central heat,752.74796
Link,H2 Electrolysis,HU0 0,AC,-24149.88643
Link,H2 Electrolysis,HU0 0,H2,16890.43057
Link,H2 Electrolysis,HU0 0,urban central heat,848.86851
Link,H2 Electrolysis,IE3 0,AC,-42409433.23999
Link,H2 Electrolysis,IE3 0,H2,29661157.60805
Link,H2 Electrolysis,IE3 0,urban central heat,1490691.57839
Link,H2 Electrolysis,IT0 0,AC,-372102431.96101
Link,H2 Electrolysis,IT0 0,H2,260248440.91353
Link,H2 Electrolysis,IT0 0,urban central heat,13079400.48343
Link,H2 Electrolysis,IT4 0,AC,-7782074.86814
Link,H2 Electrolysis,IT4 0,H2,5442783.16278
Link,H2 Electrolysis,IT4 0,urban central heat,273539.93162
Link,H2 Electrolysis,LT0 0,AC,-3307751.31402
Link,H2 Electrolysis,LT0 0,H2,2313441.26902
Link,H2 Electrolysis,LT0 0,urban central heat,116267.45869
Link,H2 Electrolysis,LU0 0,AC,-16762.57929
Link,H2 Electrolysis,LU0 0,H2,11723.74795
Link,H2 Electrolysis,LU0 0,urban central heat,589.20466
Link,H2 Electrolysis,LV0 0,AC,-163625.7087
Link,H2 Electrolysis,LV0 0,H2,114439.82067
Link,H2 Electrolysis,LV0 0,urban central heat,5751.44366
Link,H2 Electrolysis,ME0 0,AC,-981914.15519
Link,H2 Electrolysis,ME0 0,H2,686750.76014
Link,H2 Electrolysis,ME0 0,urban central heat,34514.28255
Link,H2 Electrolysis,MK0 0,AC,-4681171.00834
Link,H2 Electrolysis,MK0 0,H2,3274011.00323
Link,H2 Electrolysis,MK0 0,urban central heat,164543.16094
Link,H2 Electrolysis,NL0 0,AC,-95882.6286
Link,H2 Electrolysis,NL0 0,H2,67060.31044
Link,H2 Electrolysis,NL0 0,urban central heat,3370.2744
Link,H2 Electrolysis,NO1 0,AC,-949544.23194
Link,H2 Electrolysis,NO1 0,H2,664111.23582
Link,H2 Electrolysis,NO1 0,urban central heat,33376.47975
Link,H2 Electrolysis,PL0 0,AC,-1111653.92211
Link,H2 Electrolysis,PL0 0,H2,777490.75312
Link,H2 Electrolysis,PL0 0,urban central heat,39074.63536
Link,H2 Electrolysis,PT0 0,AC,-5391952.76117
Link,H2 Electrolysis,PT0 0,H2,3771131.76116
Link,H2 Electrolysis,PT0 0,urban central heat,189527.13955
Link,H2 Electrolysis,RO0 0,AC,-24633510.31978
Link,H2 Electrolysis,RO0 0,H2,17228677.11765
Link,H2 Electrolysis,RO0 0,urban central heat,865867.88774
Link,H2 Electrolysis,RS0 0,AC,-148465.70378
Link,H2 Electrolysis,RS0 0,H2,103836.91323
Link,H2 Electrolysis,RS0 0,urban central heat,5218.56949
Link,H2 Electrolysis,SE1 0,AC,-1316827.86965
Link,H2 Electrolysis,SE1 0,H2,920989.41203
Link,H2 Electrolysis,SE1 0,urban central heat,46286.49962
Link,H2 Electrolysis,SI0 0,AC,-31610.71469
Link,H2 Electrolysis,SI0 0,H2,22108.53386
Link,H2 Electrolysis,SI0 0,urban central heat,1111.11662
Link,H2 Electrolysis,SK0 0,AC,-15002.03626
Link,H2 Electrolysis,SK0 0,H2,10492.42416
Link,H2 Electrolysis,SK0 0,urban central heat,527.32157
Link,H2 Electrolysis,XK0 0,AC,-2885041.21759
Link,H2 Electrolysis,XK0 0,H2,2017797.82758
Link,H2 Electrolysis,XK0 0,urban central heat,101409.1988
Link,H2 pipeline,AL0 0,AC,-24803.82692
Link,H2 pipeline,AL0 0,H2,-4154697.00838
Link,H2 pipeline,AT0 0,AC,-32520.99189
Link,H2 pipeline,AT0 0,H2,7535648.82003
Link,H2 pipeline,BA0 0,AC,-13756.33184
Link,H2 pipeline,BA0 0,H2,1122644.36762
Link,H2 pipeline,BE0 0,AC,-184259.34345
Link,H2 pipeline,BE0 0,H2,8295292.97003
Link,H2 pipeline,BG0 0,AC,-17782.86278
Link,H2 pipeline,BG0 0,H2,2620475.79175
Link,H2 pipeline,CH0 0,AC,-122285.74184
Link,H2 pipeline,CH0 0,H2,-8671193.79233
Link,H2 pipeline,CZ0 0,AC,-13680.30776
Link,H2 pipeline,CZ0 0,H2,2829851.65513
Link,H2 pipeline,DE0 0,AC,-89824.92818
Link,H2 pipeline,DE0 0,H2,26723144.59521
Link,H2 pipeline,DE0 1,AC,-72567.76223
Link,H2 pipeline,DE0 1,H2,5859316.01037
Link,H2 pipeline,DK0 0,AC,-228877.92526
Link,H2 pipeline,DK0 0,H2,-23199003.29716
Link,H2 pipeline,DK1 0,AC,-66318.80022
Link,H2 pipeline,DK1 0,H2,-10545.61217
Link,H2 pipeline,EE0 0,AC,-28899.28769
Link,H2 pipeline,EE0 0,H2,-5610746.9752
Link,H2 pipeline,ES0 0,AC,-305169.82957
Link,H2 pipeline,ES0 0,H2,16684024.34898
Link,H2 pipeline,ES6 0,AC,-83747.26317
Link,H2 pipeline,ES6 0,H2,-5009411.06384
Link,H2 pipeline,FI1 0,AC,-31200.73137
Link,H2 pipeline,FI1 0,H2,-1681157.77327
Link,H2 pipeline,FR0 0,AC,-769754.67314
Link,H2 pipeline,FR0 0,H2,-4860262.40853
Link,H2 pipeline,FR5 0,AC,-4718.59931
Link,H2 pipeline,FR5 0,H2,8473805.3034
Link,H2 pipeline,GB2 0,AC,-596409.19057
Link,H2 pipeline,GB2 0,H2,-44517392.81451
Link,H2 pipeline,GB3 0,AC,-20998.98548
Link,H2 pipeline,GB3 0,H2,-2570933.55054
Link,H2 pipeline,GR0 0,AC,-152729.80025
Link,H2 pipeline,GR0 0,H2,-9077495.87361
Link,H2 pipeline,HR0 0,AC,-11274.09615
Link,H2 pipeline,HR0 0,H2,2441027.20817
Link,H2 pipeline,HU0 0,AC,-62321.21913
Link,H2 pipeline,HU0 0,H2,1679057.74624
Link,H2 pipeline,IE3 0,AC,-41010.17178
Link,H2 pipeline,IE3 0,H2,10997352.14464
Link,H2 pipeline,IT0 0,AC,-465959.63241
Link,H2 pipeline,IT0 0,H2,-21640937.97489
Link,H2 pipeline,IT4 0,AC,-27220.58736
Link,H2 pipeline,IT4 0,H2,-4746165.83517
Link,H2 pipeline,LT0 0,AC,-27710.87443
Link,H2 pipeline,LT0 0,H2,3263595.15591
Link,H2 pipeline,LU0 0,AC,-25740.50659
Link,H2 pipeline,LU0 0,H2,417586.09513
Link,H2 pipeline,LV0 0,AC,-19205.76587
Link,H2 pipeline,LV0 0,H2,-68486.4377
Link,H2 pipeline,ME0 0,AC,-25706.40506
Link,H2 pipeline,ME0 0,H2,2399831.15803
Link,H2 pipeline,MK0 0,AC,-21572.64295
Link,H2 pipeline,MK0 0,H2,-1850668.86858
Link,H2 pipeline,NL0 0,AC,-40304.31205
Link,H2 pipeline,NL0 0,H2,16676055.04299
Link,H2 pipeline,NO1 0,AC,-12391.78476
Link,H2 pipeline,NO1 0,H2,3019241.19113
Link,H2 pipeline,PL0 0,AC,-20585.53402
Link,H2 pipeline,PL0 0,H2,12326207.45293
Link,H2 pipeline,PT0 0,AC,-1205.96347
Link,H2 pipeline,PT0 0,H2,356521.69203
Link,H2 pipeline,RO0 0,AC,-75889.61149
Link,H2 pipeline,RO0 0,H2,-4630279.24963
Link,H2 pipeline,RS0 0,AC,-28998.06322
Link,H2 pipeline,RS0 0,H2,1476535.00826
Link,H2 pipeline,SE1 0,AC,-25959.50083
Link,H2 pipeline,SE1 0,H2,1660325.22134
Link,H2 pipeline,SI0 0,AC,-41667.21381
Link,H2 pipeline,SI0 0,H2,-492228.43537
Link,H2 pipeline,SK0 0,AC,-44224.54225
Link,H2 pipeline,SK0 0,H2,5634925.09619
Link,H2 pipeline,XK0 0,AC,-9981.21155
Link,H2 pipeline,XK0 0,H2,299142.89534
Link,HVC to air,EU,co2,430.73766
Link,HVC to air,EU,non-sequestered HVC,-1675.37012
Link,SMR,AL0 0,H2,7485.84404
Link,SMR,AT0 0,H2,36241.2979
Link,SMR,BA0 0,H2,9156.24365
Link,SMR,BE0 0,H2,169739.18276
Link,SMR,BG0 0,H2,7720.27967
Link,SMR,CH0 0,H2,110015.14125
Link,SMR,CZ0 0,H2,33767.62278
Link,SMR,DE0 0,H2,84589.4881
Link,SMR,DE0 1,H2,76405.38635
Link,SMR,DK0 0,H2,40894.76659
Link,SMR,DK1 0,H2,25281.20242
Link,SMR,EE0 0,H2,21763.67164
Link,SMR,ES0 0,H2,16683.49443
Link,SMR,ES6 0,H2,6923.47132
Link,SMR,EU,co2,1489216.78966
Link,SMR,EU,gas,-7521296.91746
Link,SMR,FI1 0,H2,47083.85928
Link,SMR,FR0 0,H2,1707638.34694
Link,SMR,FR5 0,H2,14851.24881
Link,SMR,GB2 0,H2,2294066.62515
Link,SMR,GB3 0,H2,32721.29718
Link,SMR,GR0 0,H2,5706.2247
Link,SMR,HR0 0,H2,15083.25338
Link,SMR,HU0 0,H2,15148.07254
Link,SMR,IE3 0,H2,127599.54946
Link,SMR,IT0 0,H2,300981.05563
Link,SMR,IT4 0,H2,6419.38886
Link,SMR,LT0 0,H2,22985.63851
Link,SMR,LU0 0,H2,48782.14671
Link,SMR,LV0 0,H2,19579.8978
Link,SMR,ME0 0,H2,9450.53393
Link,SMR,MK0 0,H2,7384.74643
Link,SMR,NL0 0,H2,201371.2483
Link,SMR,NO1 0,H2,39591.34071
Link,SMR,PL0 0,H2,26529.82727
Link,SMR,PT0 0,H2,31188.87033
Link,SMR,RO0 0,H2,6400.11327
Link,SMR,RS0 0,H2,9631.0377
Link,SMR,SE1 0,H2,26585.02413
Link,SMR,SI0 0,H2,29418.27447
Link,SMR,SK0 0,H2,14647.11077
Link,SMR,XK0 0,H2,8673.83208
Link,SMR CC,AL0 0,H2,51231.89188
Link,SMR CC,AT0 0,H2,1745607.58144
Link,SMR CC,BA0 0,H2,80146.91704
Link,SMR CC,BE0 0,H2,2697520.13842
Link,SMR CC,BG0 0,H2,99482.15185
Link,SMR CC,CH0 0,H2,2663531.62817
Link,SMR CC,CZ0 0,H2,880292.22994
Link,SMR CC,DE0 0,H2,5963843.37918
Link,SMR CC,DE0 1,H2,2050449.90714
Link,SMR CC,DK0 0,H2,69980.12803
Link,SMR CC,DK1 0,H2,58570.9645
Link,SMR CC,EE0 0,H2,215251.64219
Link,SMR CC,ES0 0,H2,22217.31245
Link,SMR CC,ES6 0,H2,16694.39748
Link,SMR CC,EU,co2,2198470.24669
Link,SMR CC,EU,co2 stored,19786232.22025
Link,SMR CC,EU,gas,-111033850.84315
Link,SMR CC,FI1 0,H2,2145590.8523
Link,SMR CC,FR0 0,H2,5367866.76816
Link,SMR CC,FR5 0,H2,64789.04477
Link,SMR CC,GB2 0,H2,14260763.70668
Link,SMR CC,GB3 0,H2,39643.53908
Link,SMR CC,GR0 0,H2,24144.65026
Link,SMR CC,HR0 0,H2,653593.47787
Link,SMR CC,HU0 0,H2,2359808.73462
Link,SMR CC,IE3 0,H2,113647.29853
Link,SMR CC,IT0 0,H2,20479580.83449
Link,SMR CC,IT4 0,H2,24077.75875
Link,SMR CC,LT0 0,H2,775143.11572
Link,SMR CC,LU0 0,H2,210703.61932
Link,SMR CC,LV0 0,H2,176907.38432
Link,SMR CC,ME0 0,H2,89478.50127
Link,SMR CC,MK0 0,H2,55319.26396
Link,SMR CC,NL0 0,H2,4056737.17263
Link,SMR CC,NO1 0,H2,690650.79935
Link,SMR CC,PL0 0,H2,6376213.11978
Link,SMR CC,PT0 0,H2,31449.56307
Link,SMR CC,RO0 0,H2,46856.3531
Link,SMR CC,RS0 0,H2,135017.50835
Link,SMR CC,SE1 0,H2,350503.99515
Link,SMR CC,SI0 0,H2,713395.04251
Link,SMR CC,SK0 0,H2,669977.47016
Link,SMR CC,XK0 0,H2,86677.2379
Link,Sabatier,AL0 0,H2,-3626.19519
Link,Sabatier,AL0 0,urban central heat,135.98232
Link,Sabatier,AT0 0,H2,-6057.78287
Link,Sabatier,AT0 0,urban central heat,227.16686
Link,Sabatier,BA0 0,H2,-4313.86901
Link,Sabatier,BA0 0,urban central heat,161.77009
Link,Sabatier,BE0 0,H2,-6713.42091
Link,Sabatier,BE0 0,urban central heat,251.75328
Link,Sabatier,BG0 0,H2,-4849.00679
Link,Sabatier,BG0 0,urban central heat,181.83775
Link,Sabatier,CH0 0,H2,-6951.28064
Link,Sabatier,CH0 0,urban central heat,260.67302
Link,Sabatier,CZ0 0,H2,-6357.43762
Link,Sabatier,CZ0 0,urban central heat,238.40391
Link,Sabatier,DE0 0,H2,-7332.3829
Link,Sabatier,DE0 0,urban central heat,274.96436
Link,Sabatier,DE0 1,H2,-7368.5394
Link,Sabatier,DE0 1,urban central heat,276.32023
Link,Sabatier,DK0 0,H2,-6070.63179
Link,Sabatier,DK0 0,urban central heat,227.64869
Link,Sabatier,DK1 0,H2,-5142.39454
Link,Sabatier,DK1 0,urban central heat,192.8398
Link,Sabatier,EE0 0,H2,-4606.86228
Link,Sabatier,EE0 0,urban central heat,172.75734
Link,Sabatier,ES0 0,H2,-7661.35945
Link,Sabatier,ES0 0,urban central heat,287.30098
Link,Sabatier,ES6 0,H2,-3185.22997
Link,Sabatier,ES6 0,urban central heat,119.44612
Link,Sabatier,EU,co2 stored,-34682.28975
Link,Sabatier,EU,gas,175163.07955
Link,Sabatier,FI1 0,H2,-7059.80578
Link,Sabatier,FI1 0,urban central heat,264.74272
Link,Sabatier,FR0 0,H2,-7721.4496
Link,Sabatier,FR0 0,urban central heat,289.55436
Link,Sabatier,FR5 0,H2,-3111.72587
Link,Sabatier,GB2 0,H2,-7423.66773
Link,Sabatier,GB2 0,urban central heat,278.38754
Link,Sabatier,GB3 0,H2,-4290.33268
Link,Sabatier,GB3 0,urban central heat,160.88748
Link,Sabatier,GR0 0,H2,-4952.48274
Link,Sabatier,GR0 0,urban central heat,185.7181
Link,Sabatier,HR0 0,H2,-4498.21148
Link,Sabatier,HR0 0,urban central heat,168.68293
Link,Sabatier,HU0 0,H2,-5367.31193
Link,Sabatier,HU0 0,urban central heat,201.2742
Link,Sabatier,IE3 0,H2,-5612.44995
Link,Sabatier,IE3 0,urban central heat,210.46687
Link,Sabatier,IT0 0,H2,-7326.51645
Link,Sabatier,IT0 0,urban central heat,274.74437
Link,Sabatier,IT4 0,H2,-3546.28019
Link,Sabatier,IT4 0,urban central heat,132.98551
Link,Sabatier,LT0 0,H2,-4459.01326
Link,Sabatier,LT0 0,urban central heat,167.213
Link,Sabatier,LU0 0,H2,-4422.29501
Link,Sabatier,LU0 0,urban central heat,165.83606
Link,Sabatier,LV0 0,H2,-4615.18393
Link,Sabatier,LV0 0,urban central heat,173.0694
Link,Sabatier,ME0 0,H2,-3719.91446
Link,Sabatier,ME0 0,urban central heat,139.49679
Link,Sabatier,MK0 0,H2,-3971.03425
Link,Sabatier,MK0 0,urban central heat,148.91378
Link,Sabatier,NL0 0,H2,-7112.35089
Link,Sabatier,NL0 0,urban central heat,266.71316
Link,Sabatier,NO1 0,H2,-6839.17926
Link,Sabatier,NO1 0,urban central heat,256.46922
Link,Sabatier,PL0 0,H2,-6836.97934
Link,Sabatier,PL0 0,urban central heat,256.38673
Link,Sabatier,PT0 0,H2,-5296.231
Link,Sabatier,PT0 0,urban central heat,198.60866
Link,Sabatier,RO0 0,H2,-5782.09806
Link,Sabatier,RO0 0,urban central heat,216.82868
Link,Sabatier,RS0 0,H2,-4683.70832
Link,Sabatier,RS0 0,urban central heat,175.63906
Link,Sabatier,SE1 0,H2,-7160.13604
Link,Sabatier,SE1 0,urban central heat,268.5051
Link,Sabatier,SI0 0,H2,-4192.13137
Link,Sabatier,SI0 0,urban central heat,157.20493
Link,Sabatier,SK0 0,H2,-4736.97425
Link,Sabatier,SK0 0,urban central heat,177.63653
Link,Sabatier,XK0 0,H2,-3979.99225
Link,Sabatier,XK0 0,urban central heat,149.24971
Link,agriculture machinery oil,EU,agriculture machinery oil,51423817.74188
Link,agriculture machinery oil,EU,co2,13221063.54144
Link,agriculture machinery oil,EU,oil,-51423817.74188
Link,battery charger,AL0 0,AC,-9674247.08914
Link,battery charger,AL0 0,battery,9478787.6056
Link,battery charger,AT0 0,AC,-25409864.10783
Link,battery charger,AT0 0,battery,24896480.59905
Link,battery charger,BA0 0,AC,-83618.12079
Link,battery charger,BA0 0,battery,81928.69167
Link,battery charger,BE0 0,AC,-158848.49322
Link,battery charger,BE0 0,battery,155639.10192
Link,battery charger,BG0 0,AC,-1342708.04667
Link,battery charger,BG0 0,battery,1315579.83515
Link,battery charger,CH0 0,AC,-20462733.74211
Link,battery charger,CH0 0,battery,20049302.56424
Link,battery charger,CZ0 0,AC,-85127.00712
Link,battery charger,CZ0 0,battery,83407.09231
Link,battery charger,DE0 0,AC,-100024.46975
Link,battery charger,DE0 0,battery,98003.56508
Link,battery charger,DE0 1,AC,-114496.83933
Link,battery charger,DE0 1,battery,112183.53341
Link,battery charger,DK0 0,AC,-101122.08914
Link,battery charger,DK0 0,battery,99079.00805
Link,battery charger,DK1 0,AC,-130959.67678
Link,battery charger,DK1 0,battery,128313.754
Link,battery charger,EE0 0,AC,-122192.19756
Link,battery charger,EE0 0,battery,119723.41383
Link,battery charger,ES0 0,AC,-274753258.54231
Link,battery charger,ES0 0,battery,269202115.43826
Link,battery charger,ES6 0,AC,-95406.76554
Link,battery charger,ES6 0,battery,93479.15743
Link,battery charger,FI1 0,AC,-86659.7834
Link,battery charger,FI1 0,battery,84908.90022
Link,battery charger,FR0 0,AC,-178477.36607
Link,battery charger,FR0 0,battery,174871.39101
Link,battery charger,FR5 0,AC,-2315781.36316
Link,battery charger,FR5 0,battery,2268993.07823
Link,battery charger,GB2 0,AC,-160094.8504
Link,battery charger,GB2 0,battery,156860.27757
Link,battery charger,GB3 0,AC,-112684.27123
Link,battery charger,GB3 0,battery,110407.58662
Link,battery charger,GR0 0,AC,-90269803.86635
Link,battery charger,GR0 0,battery,88445983.46147
Link,battery charger,HR0 0,AC,-97165.93254
Link,battery charger,HR0 0,battery,95202.78204
Link,battery charger,HU0 0,AC,-121556.72528
Link,battery charger,HU0 0,battery,119100.7807
Link,battery charger,IE3 0,AC,-99285.06167
Link,battery charger,IE3 0,battery,97279.09607
Link,battery charger,IT0 0,AC,-342354045.47031
Link,battery charger,IT0 0,battery,335437089.11194
Link,battery charger,IT4 0,AC,-5513665.01446
Link,battery charger,IT4 0,battery,5402266.35923
Link,battery charger,LT0 0,AC,-99655.50356
Link,battery charger,LT0 0,battery,97642.05351
Link,battery charger,LU0 0,AC,-56933.3455
Link,battery charger,LU0 0,battery,55783.05833
Link,battery charger,LV0 0,AC,-111061.66131
Link,battery charger,LV0 0,battery,108817.76008
Link,battery charger,ME0 0,AC,-2416673.31808
Link,battery charger,ME0 0,battery,2367846.60172
Link,battery charger,MK0 0,AC,-11374619.07225
Link,battery charger,MK0 0,battery,11144805.09821
Link,battery charger,NL0 0,AC,-146873.04381
Link,battery charger,NL0 0,battery,143905.60572
Link,battery charger,NO1 0,AC,-91431.58326
Link,battery charger,NO1 0,battery,89584.29015
Link,battery charger,PL0 0,AC,-73359.32522
Link,battery charger,PL0 0,battery,71877.16586
Link,battery charger,PT0 0,AC,-572722.6641
Link,battery charger,PT0 0,battery,561151.31647
Link,battery charger,RO0 0,AC,-253342.68219
Link,battery charger,RO0 0,battery,248224.12057
Link,battery charger,RS0 0,AC,-100573.88641
Link,battery charger,RS0 0,battery,98541.88126
Link,battery charger,SE1 0,AC,-89238.68323
Link,battery charger,SE1 0,battery,87435.69569
Link,battery charger,SI0 0,AC,-120672.18882
Link,battery charger,SI0 0,battery,118234.1155
Link,battery charger,SK0 0,AC,-119732.11696
Link,battery charger,SK0 0,battery,117313.03695
Link,battery charger,XK0 0,AC,-280631.86892
Link,battery charger,XK0 0,battery,274961.95376
Link,battery discharger,AL0 0,AC,9287278.42433
Link,battery discharger,AL0 0,battery,-9478788.84948
Link,battery discharger,AT0 0,AC,24393470.57574
Link,battery discharger,AT0 0,battery,-24896481.65257
Link,battery discharger,BA0 0,AC,80274.51876
Link,battery discharger,BA0 0,battery,-81929.83762
Link,battery discharger,BE0 0,AC,152495.43386
Link,battery discharger,BE0 0,battery,-155640.00044
Link,battery discharger,BG0 0,AC,1289000.6068
Link,battery discharger,BG0 0,battery,-1315580.73533
Link,battery discharger,CH0 0,AC,19644225.255
Link,battery discharger,CH0 0,battery,-20049303.4446
Link,battery discharger,CZ0 0,AC,81722.80244
Link,battery discharger,CZ0 0,battery,-83407.98597
Link,battery discharger,DE0 0,AC,96024.36131
Link,battery discharger,DE0 0,battery,-98004.45337
Link,battery discharger,DE0 1,AC,109917.82356
Link,battery discharger,DE0 1,battery,-112184.4089
Link,battery discharger,DK0 0,AC,97078.16156
Link,battery discharger,DK0 0,battery,-99079.98375
Link,battery discharger,DK1 0,AC,125722.3045
Link,battery discharger,DK1 0,battery,-128314.78971
Link,battery discharger,EE0 0,AC,117305.47209
Link,battery discharger,EE0 0,battery,-119724.39611
Link,battery discharger,ES0 0,AC,263763129.06106
Link,battery discharger,ES0 0,battery,-269202116.31644
Link,battery discharger,ES6 0,AC,91591.36164
Link,battery discharger,ES6 0,battery,-93480.04202
Link,battery discharger,FI1 0,AC,83194.25997
Link,battery discharger,FI1 0,battery,-84909.78603
Link,battery discharger,FR0 0,AC,171339.13003
Link,battery discharger,FR0 0,battery,-174872.26731
Link,battery discharger,FR5 0,AC,2223150.93193
Link,battery discharger,FR5 0,battery,-2268993.91851
Link,battery discharger,GB2 0,AC,153691.94924
Link,battery discharger,GB2 0,battery,-156861.18884
Link,battery discharger,GB3 0,AC,108177.78651
Link,battery discharger,GB3 0,battery,-110408.49102
Link,battery discharger,GR0 0,AC,86659012.56676
Link,battery discharger,GR0 0,battery,-88445984.33417
Link,battery discharger,HR0 0,AC,93280.34227
Link,battery discharger,HR0 0,battery,-95203.85066
Link,battery discharger,HU0 0,AC,116695.32353
Link,battery discharger,HU0 0,battery,-119101.66584
Link,battery discharger,IE3 0,AC,95314.5528
Link,battery discharger,IE3 0,battery,-97280.00809
Link,battery discharger,IT0 0,AC,328659883.65193
Link,battery discharger,IT0 0,battery,-335437089.11239
Link,battery discharger,IT4 0,AC,5293119.35104
Link,battery discharger,IT4 0,battery,-5402267.31571
Link,battery discharger,LT0 0,AC,95669.28394
Link,battery discharger,LT0 0,battery,-97642.05405
Link,battery discharger,LU0 0,AC,54657.25378
Link,battery discharger,LU0 0,battery,-55784.32605
Link,battery discharger,LV0 0,AC,106620.14962
Link,battery discharger,LV0 0,battery,-108818.73453
Link,battery discharger,ME0 0,AC,2320007.42265
Link,battery discharger,ME0 0,battery,-2367847.6604
Link,battery discharger,MK0 0,AC,10919635.54841
Link,battery discharger,MK0 0,battery,-11144806.36281
Link,battery discharger,NL0 0,AC,140998.9953
Link,battery discharger,NL0 0,battery,-143906.49697
Link,battery discharger,NO1 0,AC,87775.18038
Link,battery discharger,NO1 0,battery,-89585.16833
Link,battery discharger,PL0 0,AC,70425.89239
Link,battery discharger,PL0 0,battery,-71878.12543
Link,battery discharger,PT0 0,AC,549814.64929
Link,battery discharger,PT0 0,battery,-561152.22661
Link,battery discharger,RO0 0,AC,243209.85146
Link,battery discharger,RO0 0,battery,-248225.01521
Link,battery discharger,RS0 0,AC,96551.97596
Link,battery discharger,RS0 0,battery,-98542.94782
Link,battery discharger,SE1 0,AC,85669.99377
Link,battery discharger,SE1 0,battery,-87436.57125
Link,battery discharger,SI0 0,AC,115846.17223
Link,battery discharger,SI0 0,battery,-118235.00443
Link,battery discharger,SK0 0,AC,114943.70372
Link,battery discharger,SK0 0,battery,-117313.92636
Link,battery discharger,XK0 0,AC,269407.83466
Link,battery discharger,XK0 0,battery,-274963.21985
Link,biogas to gas,EU,biogas,-74616592.61721
Link,biogas to gas,EU,co2,-14774085.33821
Link,biogas to gas,EU,gas,74616592.61721
Link,biomass to liquid,EU,co2,-116.87369
Link,biomass to liquid,EU,oil,454.5649
Link,biomass to liquid,EU,solid biomass,-1010.14422
Link,co2 sequestered,EU,co2 sequestered,249997308.61143
Link,co2 sequestered,EU,co2 stored,-249997308.61143
Link,electricity distribution grid,AL0 0,AC,-6046438.00337
Link,electricity distribution grid,AL0 0,low voltage,5857129.07268
Link,electricity distribution grid,AT0 0,AC,-126716078.5259
Link,electricity distribution grid,AT0 0,low voltage,122895329.66313
Link,electricity distribution grid,BA0 0,AC,-16222427.02537
Link,electricity distribution grid,BA0 0,low voltage,15725868.61915
Link,electricity distribution grid,BE0 0,AC,-188279655.89488
Link,electricity distribution grid,BE0 0,low voltage,182589636.46282
Link,electricity distribution grid,BG0 0,AC,-47268530.56438
Link,electricity distribution grid,BG0 0,low voltage,45806930.91679
Link,electricity distribution grid,CH0 0,AC,-73651627.94157
Link,electricity distribution grid,CH0 0,low voltage,71394313.25777
Link,electricity distribution grid,CZ0 0,AC,-120238995.72865
Link,electricity distribution grid,CZ0 0,low voltage,116612157.08501
Link,electricity distribution grid,DE0 0,AC,-701083923.14132
Link,electricity distribution grid,DE0 0,low voltage,680016042.40318
Link,electricity distribution grid,DE0 1,AC,-394135543.38034
Link,electricity distribution grid,DE0 1,low voltage,382277731.17294
Link,electricity distribution grid,DK0 0,AC,-47747930.74256
Link,electricity distribution grid,DK0 0,low voltage,46286187.62147
Link,electricity distribution grid,DK1 0,AC,-29418703.79274
Link,electricity distribution grid,DK1 0,low voltage,28516675.72671
Link,electricity distribution grid,EE0 0,AC,-14592912.81413
Link,electricity distribution grid,EE0 0,low voltage,14138464.62546
Link,electricity distribution grid,ES0 0,AC,-349892787.26279
Link,electricity distribution grid,ES0 0,low voltage,339325753.74301
Link,electricity distribution grid,ES6 0,AC,-9979093.29784
Link,electricity distribution grid,ES6 0,low voltage,9662048.13444
Link,electricity distribution grid,FI1 0,AC,-134310714.90597
Link,electricity distribution grid,FI1 0,low voltage,130253082.54928
Link,electricity distribution grid,FR0 0,AC,-765665160.06381
Link,electricity distribution grid,FR0 0,low voltage,742641315.55933
Link,electricity distribution grid,FR5 0,AC,-5518480.2571
Link,electricity distribution grid,FR5 0,low voltage,5338474.81917
Link,electricity distribution grid,GB2 0,AC,-576531398.98803
Link,electricity distribution grid,GB2 0,low voltage,559147754.10767
Link,electricity distribution grid,GB3 0,AC,-17841041.17917
Link,electricity distribution grid,GB3 0,low voltage,17277768.88368
Link,electricity distribution grid,GR0 0,AC,-52266285.03394
Link,electricity distribution grid,GR0 0,low voltage,50622330.94329
Link,electricity distribution grid,HR0 0,AC,-32374056.34569
Link,electricity distribution grid,HR0 0,low voltage,31390214.31257
Link,electricity distribution grid,HU0 0,AC,-89927521.52207
Link,electricity distribution grid,HU0 0,low voltage,87199161.46221
Link,electricity distribution grid,IE3 0,AC,-50742412.69182
Link,electricity distribution grid,IE3 0,low voltage,49183190.9773
Link,electricity distribution grid,IT0 0,AC,-429125294.137
Link,electricity distribution grid,IT0 0,low voltage,416175975.23693
Link,electricity distribution grid,IT4 0,AC,-14864247.11718
Link,electricity distribution grid,IT4 0,low voltage,14381115.55982
Link,electricity distribution grid,LT0 0,AC,-24032326.36534
Link,electricity distribution grid,LT0 0,low voltage,23286127.25895
Link,electricity distribution grid,LU0 0,AC,-12540651.60054
Link,electricity distribution grid,LU0 0,low voltage,12157068.42731
Link,electricity distribution grid,LV0 0,AC,-18658465.22071
Link,electricity distribution grid,LV0 0,low voltage,18080931.40388
Link,electricity distribution grid,ME0 0,AC,-3756745.17955
Link,electricity distribution grid,ME0 0,low voltage,3638721.41729
Link,electricity distribution grid,MK0 0,AC,-9119237.21087
Link,electricity distribution grid,MK0 0,low voltage,8834618.62659
Link,electricity distribution grid,NL0 0,AC,-269534171.76662
Link,electricity distribution grid,NL0 0,low voltage,261389140.33602
Link,electricity distribution grid,NO1 0,AC,-134553631.60713
Link,electricity distribution grid,NO1 0,low voltage,130491174.34922
Link,electricity distribution grid,PL0 0,AC,-322187555.3646
Link,electricity distribution grid,PL0 0,low voltage,312495933.39988
Link,electricity distribution grid,PT0 0,AC,-70060302.44734
Link,electricity distribution grid,PT0 0,low voltage,67919800.46398
Link,electricity distribution grid,RO0 0,AC,-113006981.34834
Link,electricity distribution grid,RO0 0,low voltage,109565283.99049
Link,electricity distribution grid,RS0 0,AC,-51825907.79074
Link,electricity distribution grid,RS0 0,low voltage,50253956.60846
Link,electricity distribution grid,SE1 0,AC,-180919954.97495
Link,electricity distribution grid,SE1 0,low voltage,175468019.84706
Link,electricity distribution grid,SI0 0,AC,-23901349.66036
Link,electricity distribution grid,SI0 0,low voltage,23163707.41069
Link,electricity distribution grid,SK0 0,AC,-47773611.67696
Link,electricity distribution grid,SK0 0,low voltage,46317338.82091
Link,electricity distribution grid,XK0 0,AC,-8147737.90154
Link,electricity distribution grid,XK0 0,low voltage,7893772.97931
Link,electrobiofuels,AL0 0,H2,-220844.16065
Link,electrobiofuels,AT0 0,H2,-39293.86669
Link,electrobiofuels,BA0 0,H2,-58687.326
Link,electrobiofuels,BE0 0,H2,-82358.96142
Link,electrobiofuels,BG0 0,H2,-96910.83296
Link,electrobiofuels,CH0 0,H2,-129814.00974
Link,electrobiofuels,CZ0 0,H2,-27377.33337
Link,electrobiofuels,DE0 0,H2,-42557.93151
Link,electrobiofuels,DE0 1,H2,-29415.89991
Link,electrobiofuels,DK0 0,H2,-216440.33429
Link,electrobiofuels,DK1 0,H2,-75037.64748
Link,electrobiofuels,EE0 0,H2,-124388.17879
Link,electrobiofuels,ES0 0,H2,-53945265.84232
Link,electrobiofuels,ES6 0,H2,-2408285.3851
Link,electrobiofuels,EU,co2,-74378859.63599
Link,electrobiofuels,EU,oil,289219669.94875
Link,electrobiofuels,EU,solid biomass,-217736708.53628
Link,electrobiofuels,FI1 0,H2,-178327.45712
Link,electrobiofuels,FR0 0,H2,-189394.59768
Link,electrobiofuels,FR5 0,H2,-162985.85475
Link,electrobiofuels,GB2 0,H2,-137891589.07525
Link,electrobiofuels,GB3 0,H2,-5299554.3564
Link,electrobiofuels,GR0 0,H2,-19246740.04866
Link,electrobiofuels,HR0 0,H2,-53403.45825
Link,electrobiofuels,HU0 0,H2,-36357.7963
Link,electrobiofuels,IE3 0,H2,-348656.60787
Link,electrobiofuels,IT0 0,H2,-294320.28321
Link,electrobiofuels,IT4 0,H2,-659435.74917
Link,electrobiofuels,LT0 0,H2,-31757.97736
Link,electrobiofuels,LU0 0,H2,-81017.75706
Link,electrobiofuels,LV0 0,H2,-45141.85165
Link,electrobiofuels,ME0 0,H2,-120078.82278
Link,electrobiofuels,MK0 0,H2,-228109.74538
Link,electrobiofuels,NL0 0,H2,-55389.43068
Link,electrobiofuels,NO1 0,H2,-31554.48165
Link,electrobiofuels,PL0 0,H2,-20860.28105
Link,electrobiofuels,PT0 0,H2,-97290.90971
Link,electrobiofuels,RO0 0,H2,-63513.93357
Link,electrobiofuels,RS0 0,H2,-61752.2572
Link,electrobiofuels,SE1 0,H2,-49315.3286
Link,electrobiofuels,SI0 0,H2,-51710.01002
Link,electrobiofuels,SK0 0,H2,-27529.0123
Link,electrobiofuels,XK0 0,H2,-151608.09852
Link,gas for industry,EU,co2,1435.59005
Link,gas for industry,EU,gas,-7250.45479
Link,gas for industry,EU,gas for industry,7250.45479
Link,gas for industry CC,EU,co2,2544990.23514
Link,gas for industry CC,EU,co2 stored,48354814.46768
Link,gas for industry CC,EU,gas,-257069720.72131
Link,gas for industry CC,EU,gas for industry,231362748.64918
Link,home battery charger,AL0 0,home battery,29254.69958
Link,home battery charger,AL0 0,low voltage,-29857.95273
Link,home battery charger,AT0 0,home battery,33151.33734
Link,home battery charger,AT0 0,low voltage,-33834.94198
Link,home battery charger,BA0 0,home battery,26603.81529
Link,home battery charger,BA0 0,low voltage,-27152.40528
Link,home battery charger,BE0 0,home battery,65415.54965
Link,home battery charger,BE0 0,low voltage,-66764.46579
Link,home battery charger,BG0 0,home battery,62679.91247
Link,home battery charger,BG0 0,low voltage,-63972.41778
Link,home battery charger,CH0 0,home battery,110390.87455
Link,home battery charger,CH0 0,low voltage,-112667.21454
Link,home battery charger,CZ0 0,home battery,53964.79219
Link,home battery charger,CZ0 0,low voltage,-55077.58539
Link,home battery charger,DE0 0,home battery,62045.50839
Link,home battery charger,DE0 0,low voltage,-63324.93182
Link,home battery charger,DE0 1,home battery,60058.86294
Link,home battery charger,DE0 1,low voltage,-61297.3203
Link,home battery charger,DK0 0,home battery,39257.78231
Link,home battery charger,DK0 0,low voltage,-40067.30629
Link,home battery charger,DK1 0,home battery,34089.32024
Link,home battery charger,DK1 0,low voltage,-34792.26678
Link,home battery charger,EE0 0,home battery,38395.0148
Link,home battery charger,EE0 0,low voltage,-39186.74789
Link,home battery charger,ES0 0,home battery,81759.77667
Link,home battery charger,ES0 0,low voltage,-83445.72263
Link,home battery charger,ES6 0,home battery,71026.57636
Link,home battery charger,ES6 0,low voltage,-72491.19594
Link,home battery charger,FI1 0,home battery,60661.86692
Link,home battery charger,FI1 0,low voltage,-61912.75867
Link,home battery charger,FR0 0,home battery,79386.38208
Link,home battery charger,FR0 0,low voltage,-81023.38692
Link,home battery charger,FR5 0,home battery,45611.75689
Link,home battery charger,FR5 0,low voltage,-46552.30444
Link,home battery charger,GB2 0,home battery,75207.0335
Link,home battery charger,GB2 0,low voltage,-76757.85715
Link,home battery charger,GB3 0,home battery,64579.33482
Link,home battery charger,GB3 0,low voltage,-65911.0076
Link,home battery charger,GR0 0,home battery,84220.57278
Link,home battery charger,GR0 0,low voltage,-85957.26215
Link,home battery charger,HR0 0,home battery,30280.83037
Link,home battery charger,HR0 0,low voltage,-30905.24308
Link,home battery charger,HU0 0,home battery,60763.54866
Link,home battery charger,HU0 0,low voltage,-62016.53716
Link,home battery charger,IE3 0,home battery,52840.53716
Link,home battery charger,IE3 0,low voltage,-53930.14741
Link,home battery charger,IT0 0,home battery,71773.64013
Link,home battery charger,IT0 0,low voltage,-73253.66471
Link,home battery charger,IT4 0,home battery,88714.43609
Link,home battery charger,IT4 0,low voltage,-90543.79219
Link,home battery charger,LT0 0,home battery,57687.73758
Link,home battery charger,LT0 0,low voltage,-58877.30062
Link,home battery charger,LU0 0,home battery,25141.64982
Link,home battery charger,LU0 0,low voltage,-25660.08889
Link,home battery charger,LV0 0,home battery,40923.83375
Link,home battery charger,LV0 0,low voltage,-41767.71292
Link,home battery charger,ME0 0,home battery,93315.58951
Link,home battery charger,ME0 0,low voltage,-95239.82473
Link,home battery charger,MK0 0,home battery,30440.98923
Link,home battery charger,MK0 0,low voltage,-31068.70453
Link,home battery charger,NL0 0,home battery,62817.20573
Link,home battery charger,NL0 0,low voltage,-64112.54213
Link,home battery charger,NO1 0,home battery,70224.59779
Link,home battery charger,NO1 0,low voltage,-71672.67999
Link,home battery charger,PL0 0,home battery,42844.63163
Link,home battery charger,PL0 0,low voltage,-43728.11905
Link,home battery charger,PT0 0,home battery,50502.17319
Link,home battery charger,PT0 0,low voltage,-51543.56467
Link,home battery charger,RO0 0,home battery,61567.30241
Link,home battery charger,RO0 0,low voltage,-62836.86489
Link,home battery charger,RS0 0,home battery,42259.51553
Link,home battery charger,RS0 0,low voltage,-43130.93742
Link,home battery charger,SE1 0,home battery,61517.52258
Link,home battery charger,SE1 0,low voltage,-62786.05856
Link,home battery charger,SI0 0,home battery,62465.12695
Link,home battery charger,SI0 0,low voltage,-63753.20323
Link,home battery charger,SK0 0,home battery,58226.58033
Link,home battery charger,SK0 0,low voltage,-59427.2547
Link,home battery charger,XK0 0,home battery,33154.84251
Link,home battery charger,XK0 0,low voltage,-33838.51944
Link,home battery discharger,AL0 0,home battery,-29255.93776
Link,home battery discharger,AL0 0,low voltage,28664.84779
Link,home battery discharger,AT0 0,home battery,-33152.44605
Link,home battery discharger,AT0 0,low voltage,32482.63062
Link,home battery discharger,BA0 0,home battery,-26604.99804
Link,home battery discharger,BA0 0,low voltage,26067.46792
Link,home battery discharger,BE0 0,home battery,-65416.46863
Link,home battery discharger,BE0 0,low voltage,64094.78757
Link,home battery discharger,BG0 0,home battery,-62680.8267
Link,home battery discharger,BG0 0,low voltage,61414.41682
Link,home battery discharger,CH0 0,home battery,-110391.77395
Link,home battery discharger,CH0 0,low voltage,108161.4072
Link,home battery discharger,CZ0 0,home battery,-53965.7129
Link,home battery discharger,CZ0 0,low voltage,52875.38408
Link,home battery discharger,DE0 0,home battery,-62046.41975
Link,home battery discharger,DE0 0,low voltage,60792.82751
Link,home battery discharger,DE0 1,home battery,-60059.76297
Link,home battery discharger,DE0 1,low voltage,58846.30934
Link,home battery discharger,DK0 0,home battery,-39258.80022
Link,home battery discharger,DK0 0,low voltage,38465.61138
Link,home battery discharger,DK1 0,home battery,-34090.41217
Link,home battery discharger,DK1 0,low voltage,33401.64598
Link,home battery discharger,EE0 0,home battery,-38396.05107
Link,home battery discharger,EE0 0,low voltage,37620.2933
Link,home battery discharger,ES0 0,home battery,-81760.67865
Link,home battery discharger,ES0 0,low voltage,80108.77749
Link,home battery discharger,ES6 0,home battery,-71027.49107
Link,home battery discharger,ES6 0,low voltage,69592.44433
Link,home battery discharger,FI1 0,home battery,-60662.77182
Link,home battery discharger,FI1 0,low voltage,59437.13494
Link,home battery discharger,FR0 0,home battery,-79387.27656
Link,home battery discharger,FR0 0,low voltage,77783.32786
Link,home battery discharger,FR5 0,home battery,-45612.55619
Link,home battery discharger,FR5 0,low voltage,44690.99541
Link,home battery discharger,GB2 0,home battery,-75207.94757
Link,home battery discharger,GB2 0,low voltage,73688.43846
Link,home battery discharger,GB3 0,home battery,-64580.26524
Link,home battery discharger,GB3 0,low voltage,63275.47891
Link,home battery discharger,GR0 0,home battery,-84221.47501
Link,home battery discharger,GR0 0,low voltage,82519.85567
Link,home battery discharger,HR0 0,home battery,-30281.95473
Link,home battery discharger,HR0 0,low voltage,29670.135
Link,home battery discharger,HU0 0,home battery,-60764.45467
Link,home battery discharger,HU0 0,low voltage,59536.76337
Link,home battery discharger,IE3 0,home battery,-52841.48679
Link,home battery discharger,IE3 0,low voltage,51773.87195
Link,home battery discharger,IT0 0,home battery,-71774.5212
Link,home battery discharger,IT0 0,low voltage,70324.38139
Link,home battery discharger,IT4 0,home battery,-88715.43333
Link,home battery discharger,IT4 0,low voltage,86923.01759
Link,home battery discharger,LT0 0,home battery,-57688.65683
Link,home battery discharger,LT0 0,low voltage,56523.10928
Link,home battery discharger,LU0 0,home battery,-25142.91175
Link,home battery discharger,LU0 0,low voltage,24634.92178
Link,home battery discharger,LV0 0,home battery,-40924.85674
Link,home battery discharger,LV0 0,low voltage,40098.00672
Link,home battery discharger,ME0 0,home battery,-93316.70524
Link,home battery discharger,ME0 0,low voltage,91431.32493
Link,home battery discharger,MK0 0,home battery,-30442.24919
Link,home battery discharger,MK0 0,low voltage,29827.19085
Link,home battery discharger,NL0 0,home battery,-62818.1253
Link,home battery discharger,NL0 0,low voltage,61548.94144
Link,home battery discharger,NO1 0,home battery,-70225.51748
Link,home battery discharger,NO1 0,low voltage,68806.6739
Link,home battery discharger,PL0 0,home battery,-42845.61326
Link,home battery discharger,PL0 0,low voltage,41979.95608
Link,home battery discharger,PT0 0,home battery,-50503.12727
Link,home battery discharger,PT0 0,low voltage,49482.75689
Link,home battery discharger,RO0 0,home battery,-61568.22576
Link,home battery discharger,RO0 0,low voltage,60324.29499
Link,home battery discharger,RS0 0,home battery,-42260.63515
Link,home battery discharger,RS0 0,low voltage,41406.79693
Link,home battery discharger,SE1 0,home battery,-61518.41853
Link,home battery discharger,SE1 0,low voltage,60275.49408
Link,home battery discharger,SI0 0,home battery,-62466.04431
Link,home battery discharger,SI0 0,low voltage,61203.97393
Link,home battery discharger,SK0 0,home battery,-58227.49925
Link,home battery discharger,SK0 0,low voltage,57051.06487
Link,home battery discharger,XK0 0,home battery,-33156.10595
Link,home battery discharger,XK0 0,low voltage,32486.21657
Link,industry methanol,EU,co2,2167604.64576
Link,industry methanol,EU,industry methanol,8739998.69216
Link,industry methanol,EU,methanol,-8739998.69216
Link,kerosene for aviation,EU,co2,191258483.25029
Link,kerosene for aviation,EU,kerosene for aviation,743906974.91363
Link,kerosene for aviation,EU,oil,-743906974.91363
Link,methanolisation,AL0 0,AC,-368548.10709
Link,methanolisation,AL0 0,H2,-1547969.15765
Link,methanolisation,AL0 0,urban central heat,34006.35232
Link,methanolisation,AT0 0,AC,-10072.86558
Link,methanolisation,AT0 0,H2,-42307.86956
Link,methanolisation,AT0 0,urban central heat,929.43474
Link,methanolisation,BA0 0,AC,-21852.94636
Link,methanolisation,BA0 0,H2,-91786.35386
Link,methanolisation,BA0 0,urban central heat,2016.39617
Link,methanolisation,BE0 0,AC,-14263.18362
Link,methanolisation,BE0 0,H2,-59907.96836
Link,methanolisation,BE0 0,urban central heat,1316.08015
Link,methanolisation,BG0 0,AC,-74066.74873
Link,methanolisation,BG0 0,H2,-311093.83126
Link,methanolisation,BG0 0,urban central heat,6834.22301
Link,methanolisation,CH0 0,AC,-51708.08688
Link,methanolisation,CH0 0,H2,-217183.38028
Link,methanolisation,CH0 0,urban central heat,4771.16389
Link,methanolisation,CZ0 0,AC,-4651.95022
Link,methanolisation,CZ0 0,H2,-19539.03798
Link,methanolisation,CZ0 0,urban central heat,429.24073
Link,methanolisation,DE0 0,AC,-7208.22875
Link,methanolisation,DE0 0,H2,-30275.87328
Link,methanolisation,DE0 0,urban central heat,665.11145
Link,methanolisation,DE0 1,AC,-5667.13423
Link,methanolisation,DE0 1,H2,-23802.99568
Link,methanolisation,DE0 1,urban central heat,522.91291
Link,methanolisation,DK0 0,AC,-38804.87354
Link,methanolisation,DK0 0,H2,-162987.53473
Link,methanolisation,DK0 0,urban central heat,3580.56974
Link,methanolisation,DK1 0,AC,-16284.01961
Link,methanolisation,DK1 0,H2,-68395.84747
Link,methanolisation,DK1 0,urban central heat,1502.54498
Link,methanolisation,EE0 0,AC,-23991.29641
Link,methanolisation,EE0 0,H2,-100767.81342
Link,methanolisation,EE0 0,urban central heat,2213.70416
Link,methanolisation,ES0 0,AC,-53803357.39426
Link,methanolisation,ES0 0,H2,-225983897.95721
Link,methanolisation,ES0 0,urban central heat,4964496.87955
Link,methanolisation,ES6 0,AC,-4648.79477
Link,methanolisation,ES6 0,H2,-19525.78452
Link,methanolisation,ES6 0,urban central heat,428.94957
Link,methanolisation,EU,co2 stored,-126908982.07984
Link,methanolisation,EU,methanol,511709706.64414
Link,methanolisation,FI1 0,AC,-23802.18107
Link,methanolisation,FI1 0,H2,-99973.49455
Link,methanolisation,FI1 0,urban central heat,2196.25427
Link,methanolisation,FR0 0,AC,-71771.79193
Link,methanolisation,FR0 0,H2,-301454.59482
Link,methanolisation,FR0 0,urban central heat,6622.46474
Link,methanolisation,FR5 0,AC,-3385834.12325
Link,methanolisation,FR5 0,H2,-14221119.8346
Link,methanolisation,GB2 0,AC,-37614289.33654
Link,methanolisation,GB2 0,H2,-157986864.29312
Link,methanolisation,GB2 0,urban central heat,3470713.18746
Link,methanolisation,GB3 0,AC,-377562.98441
Link,methanolisation,GB3 0,H2,-1585833.28389
Link,methanolisation,GB3 0,urban central heat,34838.16529
Link,methanolisation,GR0 0,AC,-6693509.09771
Link,methanolisation,GR0 0,H2,-28113957.01255
Link,methanolisation,GR0 0,urban central heat,617617.68481
Link,methanolisation,HR0 0,AC,-10471.48499
Link,methanolisation,HR0 0,H2,-43982.1437
Link,methanolisation,HR0 0,urban central heat,966.21581
Link,methanolisation,HU0 0,AC,-8162.50632
Link,methanolisation,HU0 0,H2,-34284.01283
Link,methanolisation,HU0 0,urban central heat,753.16373
Link,methanolisation,IE3 0,AC,-7382821.3067
Link,methanolisation,IE3 0,H2,-31009193.8052
Link,methanolisation,IE3 0,urban central heat,681221.30504
Link,methanolisation,IT0 0,AC,-28052357.18213
Link,methanolisation,IT0 0,H2,-117825008.13939
Link,methanolisation,IT0 0,urban central heat,2588422.85016
Link,methanolisation,IT4 0,AC,-15595.66459
Link,methanolisation,IT4 0,H2,-65504.63103
Link,methanolisation,IT4 0,urban central heat,1439.02968
Link,methanolisation,LT0 0,AC,-7834.32682
Link,methanolisation,LT0 0,H2,-32905.59916
Link,methanolisation,LT0 0,urban central heat,722.88223
Link,methanolisation,LU0 0,AC,-10203.20451
Link,methanolisation,LU0 0,H2,-42855.31683
Link,methanolisation,LU0 0,urban central heat,941.46127
Link,methanolisation,LV0 0,AC,-10644.8405
Link,methanolisation,LV0 0,H2,-44710.26838
Link,methanolisation,LV0 0,urban central heat,982.21152
Link,methanolisation,ME0 0,AC,-71244.79854
Link,methanolisation,ME0 0,H2,-299241.12663
Link,methanolisation,ME0 0,urban central heat,6573.83846
Link,methanolisation,MK0 0,AC,-99704.12574
Link,methanolisation,MK0 0,H2,-418775.48295
Link,methanolisation,MK0 0,urban central heat,9199.81289
Link,methanolisation,NL0 0,AC,-13302.07864
Link,methanolisation,NL0 0,H2,-55871.15242
Link,methanolisation,NL0 0,urban central heat,1227.3979
Link,methanolisation,NO1 0,AC,-7987.35971
Link,methanolisation,NO1 0,H2,-33548.36519
Link,methanolisation,NO1 0,urban central heat,737.00275
Link,methanolisation,PL0 0,AC,-4642.63621
Link,methanolisation,PL0 0,H2,-19499.91745
Link,methanolisation,PL0 0,urban central heat,428.38131
Link,methanolisation,PT0 0,AC,-145481.86737
Link,methanolisation,PT0 0,H2,-611050.33333
Link,methanolisation,PT0 0,urban central heat,13423.77709
Link,methanolisation,RO0 0,AC,-33783.88905
Link,methanolisation,RO0 0,H2,-141898.48563
Link,methanolisation,RO0 0,urban central heat,3117.2778
Link,methanolisation,RS0 0,AC,-18677.1108
Link,methanolisation,RS0 0,H2,-78447.26623
Link,methanolisation,RS0 0,urban central heat,1723.35822
Link,methanolisation,SE1 0,AC,-10896.75323
Link,methanolisation,SE1 0,H2,-45768.34774
Link,methanolisation,SE1 0,urban central heat,1005.45579
Link,methanolisation,SI0 0,AC,-13910.65369
Link,methanolisation,SI0 0,H2,-58427.27846
Link,methanolisation,SI0 0,urban central heat,1283.55181
Link,methanolisation,SK0 0,AC,-5757.60386
Link,methanolisation,SK0 0,H2,-24182.98459
Link,methanolisation,SK0 0,urban central heat,531.26065
Link,methanolisation,XK0 0,AC,-113040.84197
Link,methanolisation,XK0 0,H2,-474792.11956
Link,methanolisation,XK0 0,urban central heat,10430.40684
Link,naphtha for industry,EU,naphtha for industry,276859999.01134
Link,naphtha for industry,EU,oil,-276859999.01134
Link,naphtha for industry,EU,process emissions,10759999.96158
Link,oil refining,EU,co2,3522473.16268
Link,oil refining,EU,oil,257258683.8432
Link,oil refining,EU,oil primary,-270959474.05198
Link,process emissions,EU,co2,759.17799
Link,process emissions,EU,process emissions,-759.17799
Link,process emissions CC,EU,co2,6694462.10832
Link,process emissions CC,EU,co2 stored,127194780.05806
Link,process emissions CC,EU,process emissions,-133889242.16638
Link,residential rural air heat pump,AL0 0,low voltage,-43517.47943
Link,residential rural air heat pump,AL0 0,residential rural heat,117978.11585
Link,residential rural air heat pump,AT0 0,low voltage,-288926.23778
Link,residential rural air heat pump,AT0 0,residential rural heat,729295.34704
Link,residential rural air heat pump,BA0 0,low voltage,-102033.33685
Link,residential rural air heat pump,BA0 0,residential rural heat,249601.13205
Link,residential rural air heat pump,BE0 0,low voltage,-35270.15191
Link,residential rural air heat pump,BE0 0,residential rural heat,93672.7298
Link,residential rural air heat pump,BG0 0,low voltage,-88656.36806
Link,residential rural air heat pump,BG0 0,residential rural heat,225614.80614
Link,residential rural air heat pump,CH0 0,low voltage,-118051.19463
Link,residential rural air heat pump,CH0 0,residential rural heat,295108.18397
Link,residential rural air heat pump,CZ0 0,low voltage,-150399.75905
Link,residential rural air heat pump,CZ0 0,residential rural heat,396248.77288
Link,residential rural air heat pump,DE0 0,low voltage,-307055.60167
Link,residential rural air heat pump,DE0 0,residential rural heat,832787.91867
Link,residential rural air heat pump,DE0 1,low voltage,-573349.59679
Link,residential rural air heat pump,DE0 1,residential rural heat,1539910.75993
Link,residential rural air heat pump,DK0 0,low voltage,-38385.0402
Link,residential rural air heat pump,DK0 0,residential rural heat,98530.91225
Link,residential rural air heat pump,DK1 0,low voltage,-19267.85321
Link,residential rural air heat pump,DK1 0,residential rural heat,50181.65044
Link,residential rural air heat pump,EE0 0,low voltage,-46548.10277
Link,residential rural air heat pump,EE0 0,residential rural heat,111277.09645
Link,residential rural air heat pump,ES0 0,low voltage,-784182.13862
Link,residential rural air heat pump,ES0 0,residential rural heat,2014021.57913
Link,residential rural air heat pump,ES6 0,low voltage,-20412.14764
Link,residential rural air heat pump,ES6 0,residential rural heat,57257.22997
Link,residential rural air heat pump,FI1 0,low voltage,-104693.92358
Link,residential rural air heat pump,FI1 0,residential rural heat,266699.02982
Link,residential rural air heat pump,FR0 0,low voltage,-943338.4075
Link,residential rural air heat pump,FR0 0,residential rural heat,2271862.20422
Link,residential rural air heat pump,FR5 0,low voltage,-60297.11955
Link,residential rural air heat pump,FR5 0,residential rural heat,153032.96009
Link,residential rural air heat pump,GB2 0,low voltage,-1153814.34207
Link,residential rural air heat pump,GB2 0,residential rural heat,2751905.22352
Link,residential rural air heat pump,GB3 0,low voltage,-289415.1257
Link,residential rural air heat pump,GB3 0,residential rural heat,687560.98049
Link,residential rural air heat pump,GR0 0,low voltage,-189631.4801
Link,residential rural air heat pump,GR0 0,residential rural heat,505683.09911
Link,residential rural air heat pump,HR0 0,low voltage,-119354.65425
Link,residential rural air heat pump,HR0 0,residential rural heat,290135.44037
Link,residential rural air heat pump,HU0 0,low voltage,-204752.71781
Link,residential rural air heat pump,HU0 0,residential rural heat,497019.11713
Link,residential rural air heat pump,IE3 0,low voltage,-441416.09528
Link,residential rural air heat pump,IE3 0,residential rural heat,1052320.2117
Link,residential rural air heat pump,IT0 0,low voltage,-1259383.32712
Link,residential rural air heat pump,IT0 0,residential rural heat,3276445.22088
Link,residential rural air heat pump,IT4 0,low voltage,-266291.89318
Link,residential rural air heat pump,IT4 0,residential rural heat,682437.81034
Link,residential rural air heat pump,LT0 0,low voltage,-55426.16551
Link,residential rural air heat pump,LT0 0,residential rural heat,129092.68774
Link,residential rural air heat pump,LU0 0,low voltage,-6837.72053
Link,residential rural air heat pump,LU0 0,residential rural heat,17201.40298
Link,residential rural air heat pump,LV0 0,low voltage,-59234.09582
Link,residential rural air heat pump,LV0 0,residential rural heat,148472.51524
Link,residential rural air heat pump,ME0 0,low voltage,-21690.06026
Link,residential rural air heat pump,ME0 0,residential rural heat,54315.06481
Link,residential rural air heat pump,MK0 0,low voltage,-46072.40104
Link,residential rural air heat pump,MK0 0,residential rural heat,113875.40836
Link,residential rural air heat pump,NL0 0,low voltage,-72894.28664
Link,residential rural air heat pump,NL0 0,residential rural heat,189753.70115
Link,residential rural air heat pump,NO1 0,low voltage,-56880.68884
Link,residential rural air heat pump,NO1 0,residential rural heat,134561.9803
Link,residential rural air heat pump,PL0 0,low voltage,-714513.23993
Link,residential rural air heat pump,PL0 0,residential rural heat,1857323.22232
Link,residential rural air heat pump,PT0 0,low voltage,-366054.83928
Link,residential rural air heat pump,PT0 0,residential rural heat,971511.62902
Link,residential rural air heat pump,RO0 0,low voltage,-442430.08127
Link,residential rural air heat pump,RO0 0,residential rural heat,1062242.59656
Link,residential rural air heat pump,RS0 0,low voltage,-188251.65301
Link,residential rural air heat pump,RS0 0,residential rural heat,464290.7977
Link,residential rural air heat pump,SE1 0,low voltage,-101954.54801
Link,residential rural air heat pump,SE1 0,residential rural heat,247810.33071
Link,residential rural air heat pump,SI0 0,low voltage,-66755.37615
Link,residential rural air heat pump,SI0 0,residential rural heat,169890.94382
Link,residential rural air heat pump,SK0 0,low voltage,-109289.67746
Link,residential rural air heat pump,SK0 0,residential rural heat,271112.67385
Link,residential rural air heat pump,XK0 0,low voltage,-33718.92341
Link,residential rural air heat pump,XK0 0,residential rural heat,83465.55828
Link,residential rural ground heat pump,AL0 0,low voltage,-245666.12661
Link,residential rural ground heat pump,AL0 0,residential rural heat,888347.46721
Link,residential rural ground heat pump,AT0 0,low voltage,-6869556.11045
Link,residential rural ground heat pump,AT0 0,residential rural heat,21781674.42995
Link,residential rural ground heat pump,BA0 0,low voltage,-1119088.15486
Link,residential rural ground heat pump,BA0 0,residential rural heat,3822565.75513
Link,residential rural ground heat pump,BE0 0,low voltage,-874008.39249
Link,residential rural ground heat pump,BE0 0,residential rural heat,2903482.86866
Link,residential rural ground heat pump,BG0 0,low voltage,-785935.11535
Link,residential rural ground heat pump,BG0 0,residential rural heat,2761576.8974
Link,residential rural ground heat pump,CH0 0,low voltage,-2927512.31183
Link,residential rural ground heat pump,CH0 0,residential rural heat,9121613.96884
Link,residential rural ground heat pump,CZ0 0,low voltage,-4566289.8265
Link,residential rural ground heat pump,CZ0 0,residential rural heat,14701525.27272
Link,residential rural ground heat pump,DE0 0,low voltage,-12309389.56112
Link,residential rural ground heat pump,DE0 0,residential rural heat,40190315.63417
Link,residential rural ground heat pump,DE0 1,low voltage,-21293272.36374
Link,residential rural ground heat pump,DE0 1,residential rural heat,68875441.74233
Link,residential rural ground heat pump,DK0 0,low voltage,-728419.07801
Link,residential rural ground heat pump,DK0 0,residential rural heat,2294278.20158
Link,residential rural ground heat pump,DK1 0,low voltage,-316535.56607
Link,residential rural ground heat pump,DK1 0,residential rural heat,997227.85192
Link,residential rural ground heat pump,EE0 0,low voltage,-624229.77582
Link,residential rural ground heat pump,EE0 0,residential rural heat,1908887.66286
Link,residential rural ground heat pump,ES0 0,low voltage,-3298891.7182
Link,residential rural ground heat pump,ES0 0,residential rural heat,12251522.9336
Link,residential rural ground heat pump,ES6 0,low voltage,-9694.66956
Link,residential rural ground heat pump,ES6 0,residential rural heat,40724.60479
Link,residential rural ground heat pump,FI1 0,low voltage,-2539403.7542
Link,residential rural ground heat pump,FI1 0,residential rural heat,7571786.86453
Link,residential rural ground heat pump,FR0 0,low voltage,-19516200.59039
Link,residential rural ground heat pump,FR0 0,residential rural heat,67045752.63588
Link,residential rural ground heat pump,FR5 0,low voltage,-375992.10203
Link,residential rural ground heat pump,FR5 0,residential rural heat,1369118.42565
Link,residential rural ground heat pump,GB2 0,low voltage,-10988921.53126
Link,residential rural ground heat pump,GB2 0,residential rural heat,36229543.28449
Link,residential rural ground heat pump,GB3 0,low voltage,-1244751.46764
Link,residential rural ground heat pump,GB3 0,residential rural heat,4130210.86489
Link,residential rural ground heat pump,GR0 0,low voltage,-773813.9413
Link,residential rural ground heat pump,GR0 0,residential rural heat,2952831.39761
Link,residential rural ground heat pump,HR0 0,low voltage,-1728698.93252
Link,residential rural ground heat pump,HR0 0,residential rural heat,6013973.19264
Link,residential rural ground heat pump,HU0 0,low voltage,-3521145.39784
Link,residential rural ground heat pump,HU0 0,residential rural heat,12061432.84736
Link,residential rural ground heat pump,IE3 0,low voltage,-1888934.67527
Link,residential rural ground heat pump,IE3 0,residential rural heat,6349140.33636
Link,residential rural ground heat pump,IT0 0,low voltage,-15893905.61497
Link,residential rural ground heat pump,IT0 0,residential rural heat,56855192.76999
Link,residential rural ground heat pump,IT4 0,low voltage,-991847.69189
Link,residential rural ground heat pump,IT4 0,residential rural heat,3813872.79046
Link,residential rural ground heat pump,LT0 0,low voltage,-1050237.32842
Link,residential rural ground heat pump,LT0 0,residential rural heat,3270009.82025
Link,residential rural ground heat pump,LU0 0,low voltage,-88315.48205
Link,residential rural ground heat pump,LU0 0,residential rural heat,288716.75455
Link,residential rural ground heat pump,LV0 0,low voltage,-915974.28323
Link,residential rural ground heat pump,LV0 0,residential rural heat,2848541.87878
Link,residential rural ground heat pump,ME0 0,low voltage,-121133.23888
Link,residential rural ground heat pump,ME0 0,residential rural heat,411652.27828
Link,residential rural ground heat pump,MK0 0,low voltage,-341069.80197
Link,residential rural ground heat pump,MK0 0,residential rural heat,1183534.80691
Link,residential rural ground heat pump,NL0 0,low voltage,-1399513.85824
Link,residential rural ground heat pump,NL0 0,residential rural heat,4624527.07358
Link,residential rural ground heat pump,NO1 0,low voltage,-1730673.53362
Link,residential rural ground heat pump,NO1 0,residential rural heat,5090998.58756
Link,residential rural ground heat pump,PL0 0,low voltage,-19786473.88951
Link,residential rural ground heat pump,PL0 0,residential rural heat,63127616.15186
Link,residential rural ground heat pump,PT0 0,low voltage,-703690.5392
Link,residential rural ground heat pump,PT0 0,residential rural heat,2727665.33861
Link,residential rural ground heat pump,RO0 0,low voltage,-6457511.69371
Link,residential rural ground heat pump,RO0 0,residential rural heat,21753162.05053
Link,residential rural ground heat pump,RS0 0,low voltage,-2242323.2053
Link,residential rural ground heat pump,RS0 0,residential rural heat,7769103.48222
Link,residential rural ground heat pump,SE1 0,low voltage,-3218348.18311
Link,residential rural ground heat pump,SE1 0,residential rural heat,9517814.60644
Link,residential rural ground heat pump,SI0 0,low voltage,-1122631.33325
Link,residential rural ground heat pump,SI0 0,residential rural heat,3730171.9161
Link,residential rural ground heat pump,SK0 0,low voltage,-2609897.45379
Link,residential rural ground heat pump,SK0 0,residential rural heat,8476321.06719
Link,residential rural ground heat pump,XK0 0,low voltage,-275464.19931
Link,residential rural ground heat pump,XK0 0,residential rural heat,956641.75753
Link,residential urban decentral air heat pump,AL0 0,low voltage,-256396.85326
Link,residential urban decentral air heat pump,AL0 0,residential urban decentral heat,642985.71649
Link,residential urban decentral air heat pump,AT0 0,low voltage,-5887290.4592
Link,residential urban decentral air heat pump,AT0 0,residential urban decentral heat,12559396.1955
Link,residential urban decentral air heat pump,BA0 0,low voltage,-707640.39533
Link,residential urban decentral air heat pump,BA0 0,residential urban decentral heat,1614470.33644
Link,residential urban decentral air heat pump,BE0 0,low voltage,-11055022.60552
Link,residential urban decentral air heat pump,BE0 0,residential urban decentral heat,25012282.37236
Link,residential urban decentral air heat pump,BG0 0,low voltage,-1580282.49958
Link,residential urban decentral air heat pump,BG0 0,residential urban decentral heat,3682778.80442
Link,residential urban decentral air heat pump,CH0 0,low voltage,-7103086.07219
Link,residential urban decentral air heat pump,CH0 0,residential urban decentral heat,14600419.86944
Link,residential urban decentral air heat pump,CZ0 0,low voltage,-7608111.10975
Link,residential urban decentral air heat pump,CZ0 0,residential urban decentral heat,16445451.45386
Link,residential urban decentral air heat pump,DE0 0,low voltage,-50013192.76688
Link,residential urban decentral air heat pump,DE0 0,residential urban decentral heat,111873800.9879
Link,residential urban decentral air heat pump,DE0 1,low voltage,-21277014.90015
Link,residential urban decentral air heat pump,DE0 1,residential urban decentral heat,46760695.81534
Link,residential urban decentral air heat pump,DK0 0,low voltage,-4525831.2323
Link,residential urban decentral air heat pump,DK0 0,residential urban decentral heat,10176634.37877
Link,residential urban decentral air heat pump,DK1 0,low voltage,-2673889.35597
Link,residential urban decentral air heat pump,DK1 0,residential urban decentral heat,6012682.38757
Link,residential urban decentral air heat pump,EE0 0,low voltage,-976745.03652
Link,residential urban decentral air heat pump,EE0 0,residential urban decentral heat,1950861.32791
Link,residential urban decentral air heat pump,ES0 0,low voltage,-9337590.85489
Link,residential urban decentral air heat pump,ES0 0,residential urban decentral heat,23919434.56282
Link,residential urban decentral air heat pump,ES6 0,low voltage,-158496.93616
Link,residential urban decentral air heat pump,ES6 0,residential urban decentral heat,452075.37933
Link,residential urban decentral air heat pump,FI1 0,low voltage,-10027911.98012
Link,residential urban decentral air heat pump,FI1 0,residential urban decentral heat,18887854.48621
Link,residential urban decentral air heat pump,FR0 0,low voltage,-50759400.17036
Link,residential urban decentral air heat pump,FR0 0,residential urban decentral heat,118804943.12701
Link,residential urban decentral air heat pump,FR5 0,low voltage,0.0
Link,residential urban decentral air heat pump,FR5 0,residential urban decentral heat,0.0
Link,residential urban decentral air heat pump,GB2 0,low voltage,-40297358.35349
Link,residential urban decentral air heat pump,GB2 0,residential urban decentral heat,95802427.69217
Link,residential urban decentral air heat pump,GB3 0,low voltage,-452383.15399
Link,residential urban decentral air heat pump,GB3 0,residential urban decentral heat,1094057.22357
Link,residential urban decentral air heat pump,GR0 0,low voltage,-2393916.73859
Link,residential urban decentral air heat pump,GR0 0,residential urban decentral heat,6211389.61907
Link,residential urban decentral air heat pump,HR0 0,low voltage,-1531703.33937
Link,residential urban decentral air heat pump,HR0 0,residential urban decentral heat,3544974.43324
Link,residential urban decentral air heat pump,HU0 0,low voltage,-5397604.32196
Link,residential urban decentral air heat pump,HU0 0,residential urban decentral heat,12120948.74413
Link,residential urban decentral air heat pump,IE3 0,low voltage,-2334659.64145
Link,residential urban decentral air heat pump,IE3 0,residential urban decentral heat,5688812.27047
Link,residential urban decentral air heat pump,IT0 0,low voltage,-27590368.30954
Link,residential urban decentral air heat pump,IT0 0,residential urban decentral heat,67254359.21067
Link,residential urban decentral air heat pump,IT4 0,low voltage,-199950.95469
Link,residential urban decentral air heat pump,IT4 0,residential urban decentral heat,518912.08255
Link,residential urban decentral air heat pump,LT0 0,low voltage,-1502782.30169
Link,residential urban decentral air heat pump,LT0 0,residential urban decentral heat,3023781.97076
Link,residential urban decentral air heat pump,LU0 0,low voltage,-617899.88544
Link,residential urban decentral air heat pump,LU0 0,residential urban decentral heat,1355289.24743
Link,residential urban decentral air heat pump,LV0 0,low voltage,-1220440.24052
Link,residential urban decentral air heat pump,LV0 0,residential urban decentral heat,2471167.13411
Link,residential urban decentral air heat pump,ME0 0,low voltage,-149142.2376
Link,residential urban decentral air heat pump,ME0 0,residential urban decentral heat,344979.26262
Link,residential urban decentral air heat pump,MK0 0,low voltage,-337431.94029
Link,residential urban decentral air heat pump,MK0 0,residential urban decentral heat,773768.95493
Link,residential urban decentral air heat pump,NL0 0,low voltage,-14083570.32582
Link,residential urban decentral air heat pump,NL0 0,residential urban decentral heat,32341945.10538
Link,residential urban decentral air heat pump,NO1 0,low voltage,-5424310.04068
Link,residential urban decentral air heat pump,NO1 0,residential urban decentral heat,10575160.10156
Link,residential urban decentral air heat pump,PL0 0,low voltage,-18359018.42961
Link,residential urban decentral air heat pump,PL0 0,residential urban decentral heat,39256939.49828
Link,residential urban decentral air heat pump,PT0 0,low voltage,-1071499.9696
Link,residential urban decentral air heat pump,PT0 0,residential urban decentral heat,2901756.92153
Link,residential urban decentral air heat pump,RO0 0,low voltage,-5026268.82576
Link,residential urban decentral air heat pump,RO0 0,residential urban decentral heat,11068012.93022
Link,residential urban decentral air heat pump,RS0 0,low voltage,-1854607.3637
Link,residential urban decentral air heat pump,RS0 0,residential urban decentral heat,4233006.37165
Link,residential urban decentral air heat pump,SE1 0,low voltage,-14674273.82248
Link,residential urban decentral air heat pump,SE1 0,residential urban decentral heat,28358142.95004
Link,residential urban decentral air heat pump,SI0 0,low voltage,-935410.3987
Link,residential urban decentral air heat pump,SI0 0,residential urban decentral heat,2097063.25831
Link,residential urban decentral air heat pump,SK0 0,low voltage,-2263722.21323
Link,residential urban decentral air heat pump,SK0 0,residential urban decentral heat,4867988.0546
Link,residential urban decentral air heat pump,XK0 0,low voltage,-295744.48902
Link,residential urban decentral air heat pump,XK0 0,residential urban decentral heat,669885.35169
Link,services rural air heat pump,AL0 0,low voltage,-26155.24271
Link,services rural air heat pump,AL0 0,services rural heat,68953.29248
Link,services rural air heat pump,AT0 0,low voltage,-156532.60926
Link,services rural air heat pump,AT0 0,services rural heat,418218.52887
Link,services rural air heat pump,BA0 0,low voltage,-39687.43984
Link,services rural air heat pump,BA0 0,services rural heat,96446.30608
Link,services rural air heat pump,BE0 0,low voltage,-42306.06578
Link,services rural air heat pump,BE0 0,services rural heat,118065.74436
Link,services rural air heat pump,BG0 0,low voltage,-70573.55814
Link,services rural air heat pump,BG0 0,services rural heat,203152.38739
Link,services rural air heat pump,CH0 0,low voltage,-64022.17096
Link,services rural air heat pump,CH0 0,services rural heat,156216.99504
Link,services rural air heat pump,CZ0 0,low voltage,-120903.21621
Link,services rural air heat pump,CZ0 0,services rural heat,356066.58565
Link,services rural air heat pump,DE0 0,low voltage,-209229.09564
Link,services rural air heat pump,DE0 0,services rural heat,592430.55493
Link,services rural air heat pump,DE0 1,low voltage,-412205.3998
Link,services rural air heat pump,DE0 1,services rural heat,1167388.88734
Link,services rural air heat pump,DK0 0,low voltage,-27464.84259
Link,services rural air heat pump,DK0 0,services rural heat,70428.84561
Link,services rural air heat pump,DK1 0,low voltage,-14165.55612
Link,services rural air heat pump,DK1 0,services rural heat,37043.87175
Link,services rural air heat pump,EE0 0,low voltage,-35022.62758
Link,services rural air heat pump,EE0 0,services rural heat,95299.57858
Link,services rural air heat pump,ES0 0,low voltage,-519656.23955
Link,services rural air heat pump,ES0 0,services rural heat,1444822.18877
Link,services rural air heat pump,ES6 0,low voltage,-33726.11018
Link,services rural air heat pump,ES6 0,services rural heat,106048.16192
Link,services rural air heat pump,FI1 0,low voltage,-73122.3154
Link,services rural air heat pump,FI1 0,services rural heat,196179.70282
Link,services rural air heat pump,FR0 0,low voltage,-798295.95307
Link,services rural air heat pump,FR0 0,services rural heat,2234920.3614
Link,services rural air heat pump,FR5 0,low voltage,-35013.56555
Link,services rural air heat pump,FR5 0,services rural heat,93289.79492
Link,services rural air heat pump,GB2 0,low voltage,-443347.51878
Link,services rural air heat pump,GB2 0,services rural heat,1058944.8781
Link,services rural air heat pump,GB3 0,low voltage,-108687.26111
Link,services rural air heat pump,GB3 0,services rural heat,258750.95763
Link,services rural air heat pump,GR0 0,low voltage,-199251.93283
Link,services rural air heat pump,GR0 0,services rural heat,609226.07694
Link,services rural air heat pump,HR0 0,low voltage,-56404.49396
Link,services rural air heat pump,HR0 0,services rural heat,165383.35011
Link,services rural air heat pump,HU0 0,low voltage,-144410.23979
Link,services rural air heat pump,HU0 0,services rural heat,410408.83732
Link,services rural air heat pump,IE3 0,low voltage,-218843.41205
Link,services rural air heat pump,IE3 0,services rural heat,526559.38322
Link,services rural air heat pump,IT0 0,low voltage,-1274614.66127
Link,services rural air heat pump,IT0 0,services rural heat,3467185.34763
Link,services rural air heat pump,IT4 0,low voltage,-163523.47522
Link,services rural air heat pump,IT4 0,services rural heat,428503.7087
Link,services rural air heat pump,LT0 0,low voltage,-35510.79448
Link,services rural air heat pump,LT0 0,services rural heat,97826.08452
Link,services rural air heat pump,LU0 0,low voltage,-10170.95973
Link,services rural air heat pump,LU0 0,services rural heat,26898.09164
Link,services rural air heat pump,LV0 0,low voltage,-47859.62577
Link,services rural air heat pump,LV0 0,services rural heat,135397.63296
Link,services rural air heat pump,ME0 0,low voltage,-5264.38022
Link,services rural air heat pump,ME0 0,services rural heat,13564.7282
Link,services rural air heat pump,MK0 0,low voltage,-20542.54622
Link,services rural air heat pump,MK0 0,services rural heat,51887.55529
Link,services rural air heat pump,NL0 0,low voltage,-104604.3208
Link,services rural air heat pump,NL0 0,services rural heat,281145.52937
Link,services rural air heat pump,NO1 0,low voltage,-53583.05159
Link,services rural air heat pump,NO1 0,services rural heat,126721.10063
Link,services rural air heat pump,PL0 0,low voltage,-533349.62233
Link,services rural air heat pump,PL0 0,services rural heat,1492418.00342
Link,services rural air heat pump,PT0 0,low voltage,-528949.50816
Link,services rural air heat pump,PT0 0,services rural heat,1422041.55945
Link,services rural air heat pump,RO0 0,low voltage,-186659.18058
Link,services rural air heat pump,RO0 0,services rural heat,542922.67213
Link,services rural air heat pump,RS0 0,low voltage,-66012.3317
Link,services rural air heat pump,RS0 0,services rural heat,164148.65371
Link,services rural air heat pump,SE1 0,low voltage,-53410.3032
Link,services rural air heat pump,SE1 0,services rural heat,135285.40098
Link,services rural air heat pump,SI0 0,low voltage,-38966.04551
Link,services rural air heat pump,SI0 0,services rural heat,108662.92901
Link,services rural air heat pump,SK0 0,low voltage,-91781.53696
Link,services rural air heat pump,SK0 0,services rural heat,237665.61921
Link,services rural air heat pump,XK0 0,low voltage,-14145.07188
Link,services rural air heat pump,XK0 0,services rural heat,36929.25104
Link,services rural ground heat pump,AL0 0,low voltage,-109700.20977
Link,services rural ground heat pump,AL0 0,services rural heat,395449.66685
Link,services rural ground heat pump,AT0 0,low voltage,-3285739.70127
Link,services rural ground heat pump,AT0 0,services rural heat,10523930.96762
Link,services rural ground heat pump,BA0 0,low voltage,-310576.48205
Link,services rural ground heat pump,BA0 0,services rural heat,1060660.97957
Link,services rural ground heat pump,BE0 0,low voltage,-2273338.63202
Link,services rural ground heat pump,BE0 0,services rural heat,7825524.91602
Link,services rural ground heat pump,BG0 0,low voltage,-626899.86325
Link,services rural ground heat pump,BG0 0,services rural heat,2254150.53716
Link,services rural ground heat pump,CH0 0,low voltage,-1304880.49452
Link,services rural ground heat pump,CH0 0,services rural heat,4062350.85793
Link,services rural ground heat pump,CZ0 0,low voltage,-2735555.51056
Link,services rural ground heat pump,CZ0 0,services rural heat,8975560.04066
Link,services rural ground heat pump,DE0 0,low voltage,-9295983.99586
Link,services rural ground heat pump,DE0 0,services rural heat,30981100.59931
Link,services rural ground heat pump,DE0 1,low voltage,-10579806.57407
Link,services rural ground heat pump,DE0 1,services rural heat,34558051.91245
Link,services rural ground heat pump,DK0 0,low voltage,-1078103.65751
Link,services rural ground heat pump,DK0 0,services rural heat,3565564.37184
Link,services rural ground heat pump,DK1 0,low voltage,-588017.18345
Link,services rural ground heat pump,DK1 0,services rural heat,1974023.79139
Link,services rural ground heat pump,EE0 0,low voltage,-434668.25003
Link,services rural ground heat pump,EE0 0,services rural heat,1371637.5383
Link,services rural ground heat pump,ES0 0,low voltage,-6221002.84834
Link,services rural ground heat pump,ES0 0,services rural heat,23648342.95961
Link,services rural ground heat pump,ES6 0,low voltage,-57942.0894
Link,services rural ground heat pump,ES6 0,services rural heat,250288.45637
Link,services rural ground heat pump,FI1 0,low voltage,-2851164.66142
Link,services rural ground heat pump,FI1 0,services rural heat,8658814.51613
Link,services rural ground heat pump,FR0 0,low voltage,-15226472.474
Link,services rural ground heat pump,FR0 0,services rural heat,53404249.24344
Link,services rural ground heat pump,FR5 0,low voltage,-158932.95442
Link,services rural ground heat pump,FR5 0,services rural heat,585442.7042
Link,services rural ground heat pump,GB2 0,low voltage,-4214457.57437
Link,services rural ground heat pump,GB2 0,services rural heat,13905640.34331
Link,services rural ground heat pump,GB3 0,low voltage,-441875.17867
Link,services rural ground heat pump,GB3 0,services rural heat,1464029.35462
Link,services rural ground heat pump,GR0 0,low voltage,-1245020.46097
Link,services rural ground heat pump,GR0 0,services rural heat,4903119.4816
Link,services rural ground heat pump,HR0 0,low voltage,-839632.06829
Link,services rural ground heat pump,HR0 0,services rural heat,3011852.12351
Link,services rural ground heat pump,HU0 0,low voltage,-2402989.6611
Link,services rural ground heat pump,HU0 0,services rural heat,8479785.28591
Link,services rural ground heat pump,IE3 0,low voltage,-1214676.82732
Link,services rural ground heat pump,IE3 0,services rural heat,4112476.40982
Link,services rural ground heat pump,IT0 0,low voltage,-12866767.23157
Link,services rural ground heat pump,IT0 0,services rural heat,46730439.82892
Link,services rural ground heat pump,IT4 0,low voltage,-625208.00848
Link,services rural ground heat pump,IT4 0,services rural heat,2418738.12619
Link,services rural ground heat pump,LT0 0,low voltage,-530477.5306
Link,services rural ground heat pump,LT0 0,services rural heat,1701980.04332
Link,services rural ground heat pump,LU0 0,low voltage,-102371.58865
Link,services rural ground heat pump,LU0 0,services rural heat,340731.99048
Link,services rural ground heat pump,LV0 0,low voltage,-789209.1541
Link,services rural ground heat pump,LV0 0,services rural heat,2519047.02744
Link,services rural ground heat pump,ME0 0,low voltage,-13452.9956
Link,services rural ground heat pump,ME0 0,services rural heat,46290.522
Link,services rural ground heat pump,MK0 0,low voltage,-116781.80766
Link,services rural ground heat pump,MK0 0,services rural heat,406491.93354
Link,services rural ground heat pump,NL0 0,low voltage,-10331016.70325
Link,services rural ground heat pump,NL0 0,services rural heat,35692874.19923
Link,services rural ground heat pump,NO1 0,low voltage,-1505101.54162
Link,services rural ground heat pump,NO1 0,services rural heat,4432998.36385
Link,services rural ground heat pump,PL0 0,low voltage,-14009838.03491
Link,services rural ground heat pump,PL0 0,services rural heat,46249108.1738
Link,services rural ground heat pump,PT0 0,low voltage,-1327578.30539
Link,services rural ground heat pump,PT0 0,services rural heat,5181996.96262
Link,services rural ground heat pump,RO0 0,low voltage,-2277214.45567
Link,services rural ground heat pump,RO0 0,services rural heat,7856121.80645
Link,services rural ground heat pump,RS0 0,low voltage,-598795.89981
Link,services rural ground heat pump,RS0 0,services rural heat,2076945.62358
Link,services rural ground heat pump,SE1 0,low voltage,-2399310.82702
Link,services rural ground heat pump,SE1 0,services rural heat,7247468.52104
Link,services rural ground heat pump,SI0 0,low voltage,-475508.50575
Link,services rural ground heat pump,SI0 0,services rural heat,1600124.35418
Link,services rural ground heat pump,SK0 0,low voltage,-1640080.44204
Link,services rural ground heat pump,SK0 0,services rural heat,5359288.56497
Link,services rural ground heat pump,XK0 0,low voltage,-78851.45449
Link,services rural ground heat pump,XK0 0,services rural heat,275275.29502
Link,services urban decentral air heat pump,AL0 0,low voltage,-100118.24122
Link,services urban decentral air heat pump,AL0 0,services urban decentral heat,242584.07774
Link,services urban decentral air heat pump,AT0 0,low voltage,-1906426.36702
Link,services urban decentral air heat pump,AT0 0,services urban decentral heat,4051689.44784
Link,services urban decentral air heat pump,BA0 0,low voltage,-194829.86196
Link,services urban decentral air heat pump,BA0 0,services urban decentral heat,441286.93128
Link,services urban decentral air heat pump,BE0 0,low voltage,-4935429.89987
Link,services urban decentral air heat pump,BE0 0,services urban decentral heat,11134028.56375
Link,services urban decentral air heat pump,BG0 0,low voltage,-592456.45179
Link,services urban decentral air heat pump,BG0 0,services urban decentral heat,1372300.10452
Link,services urban decentral air heat pump,CH0 0,low voltage,-3204707.91371
Link,services urban decentral air heat pump,CH0 0,services urban decentral heat,6540852.63837
Link,services urban decentral air heat pump,CZ0 0,low voltage,-2443651.22474
Link,services urban decentral air heat pump,CZ0 0,services urban decentral heat,5240100.31725
Link,services urban decentral air heat pump,DE0 0,low voltage,-18746110.79024
Link,services urban decentral air heat pump,DE0 0,services urban decentral heat,41624127.38153
Link,services urban decentral air heat pump,DE0 1,low voltage,-7977961.36535
Link,services urban decentral air heat pump,DE0 1,services urban decentral heat,17397848.02116
Link,services urban decentral air heat pump,DK0 0,low voltage,-1223528.84017
Link,services urban decentral air heat pump,DK0 0,services urban decentral heat,2713903.86319
Link,services urban decentral air heat pump,DK1 0,low voltage,-723178.67347
Link,services urban decentral air heat pump,DK1 0,services urban decentral heat,1603356.89545
Link,services urban decentral air heat pump,EE0 0,low voltage,-336217.97497
Link,services urban decentral air heat pump,EE0 0,services urban decentral heat,666363.15073
Link,services urban decentral air heat pump,ES0 0,low voltage,-4087703.63774
Link,services urban decentral air heat pump,ES0 0,services urban decentral heat,10375342.85809
Link,services urban decentral air heat pump,ES6 0,low voltage,-69116.55915
Link,services urban decentral air heat pump,ES6 0,services urban decentral heat,195724.0734
Link,services urban decentral air heat pump,FI1 0,low voltage,-3456708.11556
Link,services urban decentral air heat pump,FI1 0,services urban decentral heat,6449470.10148
Link,services urban decentral air heat pump,FR0 0,low voltage,-18396063.86314
Link,services urban decentral air heat pump,FR0 0,services urban decentral heat,43089144.02673
Link,services urban decentral air heat pump,FR5 0,low voltage,-3279.90898
Link,services urban decentral air heat pump,FR5 0,services urban decentral heat,9407.1621
Link,services urban decentral air heat pump,GB2 0,low voltage,-14200017.98724
Link,services urban decentral air heat pump,GB2 0,services urban decentral heat,33552416.02392
Link,services urban decentral air heat pump,GB3 0,low voltage,-159284.15648
Link,services urban decentral air heat pump,GB3 0,services urban decentral heat,383050.03379
Link,services urban decentral air heat pump,GR0 0,low voltage,-1148481.32807
Link,services urban decentral air heat pump,GR0 0,services urban decentral heat,2972246.36491
Link,services urban decentral air heat pump,HR0 0,low voltage,-338722.42351
Link,services urban decentral air heat pump,HR0 0,services urban decentral heat,794188.71052
Link,services urban decentral air heat pump,HU0 0,low voltage,-1749424.42782
Link,services urban decentral air heat pump,HU0 0,services urban decentral heat,3913020.9007
Link,services urban decentral air heat pump,IE3 0,low voltage,-969083.43953
Link,services urban decentral air heat pump,IE3 0,services urban decentral heat,2342098.62696
Link,services urban decentral air heat pump,IT0 0,low voltage,-14714613.93129
Link,services urban decentral air heat pump,IT0 0,services urban decentral heat,35587529.5519
Link,services urban decentral air heat pump,IT4 0,low voltage,-106915.77712
Link,services urban decentral air heat pump,IT4 0,services urban decentral heat,275290.54009
Link,services urban decentral air heat pump,LT0 0,low voltage,-396613.27022
Link,services urban decentral air heat pump,LT0 0,services urban decentral heat,805887.806
Link,services urban decentral air heat pump,LU0 0,low voltage,-411476.87137
Link,services urban decentral air heat pump,LU0 0,services urban decentral heat,905321.75642
Link,services urban decentral air heat pump,LV0 0,low voltage,-479596.57821
Link,services urban decentral air heat pump,LV0 0,services urban decentral heat,952231.20815
Link,services urban decentral air heat pump,ME0 0,low voltage,-16685.05459
Link,services urban decentral air heat pump,ME0 0,services urban decentral heat,40169.61165
Link,services urban decentral air heat pump,MK0 0,low voltage,-112770.06989
Link,services urban decentral air heat pump,MK0 0,services urban decentral heat,259094.04977
Link,services urban decentral air heat pump,NL0 0,low voltage,-7642500.6805
Link,services urban decentral air heat pump,NL0 0,services urban decentral heat,17437156.59524
Link,services urban decentral air heat pump,NO1 0,low voltage,-4381566.52882
Link,services urban decentral air heat pump,NO1 0,services urban decentral heat,8506565.13835
Link,services urban decentral air heat pump,PL0 0,low voltage,-5172863.78305
Link,services urban decentral air heat pump,PL0 0,services urban decentral heat,10976104.68885
Link,services urban decentral air heat pump,PT0 0,low voltage,-1068139.10726
Link,services urban decentral air heat pump,PT0 0,services urban decentral heat,2794402.70863
Link,services urban decentral air heat pump,RO0 0,low voltage,-990285.13125
Link,services urban decentral air heat pump,RO0 0,services urban decentral heat,2194974.97048
Link,services urban decentral air heat pump,RS0 0,low voltage,-470896.06213
Link,services urban decentral air heat pump,RS0 0,services urban decentral heat,1065310.70628
Link,services urban decentral air heat pump,SE1 0,low voltage,-4361531.25122
Link,services urban decentral air heat pump,SE1 0,services urban decentral heat,8436309.17974
Link,services urban decentral air heat pump,SI0 0,low voltage,-281839.10156
Link,services urban decentral air heat pump,SI0 0,services urban decentral heat,628048.14791
Link,services urban decentral air heat pump,SK0 0,low voltage,-1227926.37207
Link,services urban decentral air heat pump,SK0 0,services urban decentral heat,2623822.97471
Link,services urban decentral air heat pump,XK0 0,low voltage,-76766.34336
Link,services urban decentral air heat pump,XK0 0,services urban decentral heat,174964.01237
Link,shipping methanol,EU,co2,124741376.23419
Link,shipping methanol,EU,methanol,-502969703.11387
Link,shipping methanol,EU,shipping methanol,502969703.11387
Link,solid biomass for industry,EU,solid biomass,-3683.01135
Link,solid biomass for industry,EU,solid biomass for industry,3683.01135
Link,solid biomass for industry CC,EU,co2,-289613752.05555
Link,solid biomass for industry CC,EU,co2 stored,289613752.05555
Link,solid biomass for industry CC,EU,solid biomass,-831351461.98828
Link,solid biomass for industry CC,EU,solid biomass for industry,748216315.78945
Link,urban central air heat pump,AL0 0,low voltage,-380270.91313
Link,urban central air heat pump,AL0 0,urban central heat,1193433.34735
Link,urban central air heat pump,AT0 0,low voltage,-10178545.7269
Link,urban central air heat pump,AT0 0,urban central heat,29567997.67907
Link,urban central air heat pump,BA0 0,low voltage,-1188205.80084
Link,urban central air heat pump,BA0 0,urban central heat,3612323.88696
Link,urban central air heat pump,BE0 0,low voltage,-21281465.58321
Link,urban central air heat pump,BE0 0,urban central heat,64599396.31859
Link,urban central air heat pump,BG0 0,low voltage,-2733676.26675
Link,urban central air heat pump,BG0 0,urban central heat,8377860.87252
Link,urban central air heat pump,CH0 0,low voltage,-11940439.2205
Link,urban central air heat pump,CH0 0,urban central heat,33194173.27527
Link,urban central air heat pump,CZ0 0,low voltage,-3874615.73184
Link,urban central air heat pump,CZ0 0,urban central heat,10824593.93122
Link,urban central air heat pump,DE0 0,low voltage,-91599478.62716
Link,urban central air heat pump,DE0 0,urban central heat,272558664.5478
Link,urban central air heat pump,DE0 1,low voltage,-38849167.33108
Link,urban central air heat pump,DE0 1,urban central heat,114087903.55936
Link,urban central air heat pump,DK0 0,low voltage,-5076804.04034
Link,urban central air heat pump,DK0 0,urban central heat,18599900.50203
Link,urban central air heat pump,DK1 0,low voltage,-3506429.31933
Link,urban central air heat pump,DK1 0,urban central heat,13249557.37382
Link,urban central air heat pump,EE0 0,low voltage,-1486200.25725
Link,urban central air heat pump,EE0 0,urban central heat,4040296.5554
Link,urban central air heat pump,ES0 0,low voltage,-13887822.47431
Link,urban central air heat pump,ES0 0,urban central heat,45403220.27386
Link,urban central air heat pump,ES6 0,low voltage,-214373.32434
Link,urban central air heat pump,ES6 0,urban central heat,783591.76819
Link,urban central air heat pump,FI1 0,low voltage,-16759344.98469
Link,urban central air heat pump,FI1 0,urban central heat,43032760.32739
Link,urban central air heat pump,FR0 0,low voltage,-88613521.39234
Link,urban central air heat pump,FR0 0,urban central heat,270055636.10846
Link,urban central air heat pump,GB2 0,low voltage,-61309382.93329
Link,urban central air heat pump,GB2 0,urban central heat,189726631.37971
Link,urban central air heat pump,GB3 0,low voltage,-675158.47983
Link,urban central air heat pump,GB3 0,urban central heat,2135111.36643
Link,urban central air heat pump,GR0 0,low voltage,-3886603.15101
Link,urban central air heat pump,GR0 0,urban central heat,12871431.74709
Link,urban central air heat pump,HR0 0,low voltage,-2527564.77222
Link,urban central air heat pump,HR0 0,urban central heat,7818870.76959
Link,urban central air heat pump,HU0 0,low voltage,-9560445.71574
Link,urban central air heat pump,HU0 0,urban central heat,28700572.65657
Link,urban central air heat pump,IE3 0,low voltage,-3715392.2099
Link,urban central air heat pump,IE3 0,urban central heat,11845925.18682
Link,urban central air heat pump,IT0 0,low voltage,-45870418.33089
Link,urban central air heat pump,IT0 0,urban central heat,163525907.33749
Link,urban central air heat pump,IT4 0,low voltage,-331245.75964
Link,urban central air heat pump,IT4 0,urban central heat,1283914.58353
Link,urban central air heat pump,LT0 0,low voltage,-2374719.41518
Link,urban central air heat pump,LT0 0,urban central heat,6633607.43812
Link,urban central air heat pump,LU0 0,low voltage,-1340320.57149
Link,urban central air heat pump,LU0 0,urban central heat,3960733.32539
Link,urban central air heat pump,LV0 0,low voltage,-2141015.04186
Link,urban central air heat pump,LV0 0,urban central heat,6027128.05799
Link,urban central air heat pump,ME0 0,low voltage,-177661.75698
Link,urban central air heat pump,ME0 0,urban central heat,529602.55675
Link,urban central air heat pump,MK0 0,low voltage,-546655.1158
Link,urban central air heat pump,MK0 0,urban central heat,1634187.38415
Link,urban central air heat pump,NL0 0,low voltage,-28785044.43561
Link,urban central air heat pump,NL0 0,urban central heat,88421241.4694
Link,urban central air heat pump,NO1 0,low voltage,-12341027.13243
Link,urban central air heat pump,NO1 0,urban central heat,33735979.13988
Link,urban central air heat pump,PL0 0,low voltage,-13674640.19657
Link,urban central air heat pump,PL0 0,urban central heat,36675698.6701
Link,urban central air heat pump,PT0 0,low voltage,-2981520.49683
Link,urban central air heat pump,PT0 0,urban central heat,10685378.59082
Link,urban central air heat pump,RO0 0,low voltage,-7821008.67436
Link,urban central air heat pump,RO0 0,urban central heat,23082459.64822
Link,urban central air heat pump,RS0 0,low voltage,-3101804.35153
Link,urban central air heat pump,RS0 0,urban central heat,9457440.17792
Link,urban central air heat pump,SE1 0,low voltage,-23208145.00156
Link,urban central air heat pump,SE1 0,urban central heat,65221146.95817
Link,urban central air heat pump,SI0 0,low voltage,-1642566.17508
Link,urban central air heat pump,SI0 0,urban central heat,4928874.34754
Link,urban central air heat pump,SK0 0,low voltage,-2133589.74012
Link,urban central air heat pump,SK0 0,urban central heat,6305916.57256
Link,urban central air heat pump,XK0 0,low voltage,-442626.74754
Link,urban central air heat pump,XK0 0,urban central heat,1307089.90496
Link,waste CHP,AL0 0,AC,527.61796
Link,waste CHP,AL0 0,urban central heat,1858.23877
Link,waste CHP,AT0 0,AC,1226.64276
Link,waste CHP,AT0 0,urban central heat,4320.16214
Link,waste CHP,BA0 0,AC,696.30225
Link,waste CHP,BA0 0,urban central heat,2452.3347
Link,waste CHP,BE0 0,AC,1022.94355
Link,waste CHP,BE0 0,urban central heat,3602.74575
Link,waste CHP,BG0 0,AC,621.2459
Link,waste CHP,BG0 0,urban central heat,2187.99077
Link,waste CHP,CH0 0,AC,701.91959
Link,waste CHP,CH0 0,urban central heat,2472.11864
Link,waste CHP,CZ0 0,AC,2333.17844
Link,waste CHP,CZ0 0,urban central heat,8217.31436
Link,waste CHP,DE0 0,AC,1056.17148
Link,waste CHP,DE0 0,urban central heat,3719.77253
Link,waste CHP,DE0 1,AC,1416.16403
Link,waste CHP,DE0 1,urban central heat,4987.64466
Link,waste CHP,DK0 0,AC,531.47964
Link,waste CHP,DK0 0,urban central heat,1871.83939
Link,waste CHP,DK1 0,AC,583.26348
Link,waste CHP,DK1 0,urban central heat,2054.21896
Link,waste CHP,EE0 0,AC,1252.81347
Link,waste CHP,EE0 0,urban central heat,4412.33381
Link,waste CHP,ES0 0,AC,445.42894
Link,waste CHP,ES0 0,urban central heat,1568.77398
Link,waste CHP,ES6 0,AC,171.46982
Link,waste CHP,ES6 0,urban central heat,603.90639
Link,waste CHP,EU,co2,41095.34923
Link,waste CHP,EU,non-sequestered HVC,-159841.8873
Link,waste CHP,FI1 0,AC,1196.64968
Link,waste CHP,FI1 0,urban central heat,4214.52833
Link,waste CHP,FR0 0,AC,534.86223
Link,waste CHP,FR0 0,urban central heat,1883.75265
Link,waste CHP,FR5 0,AC,155.36642
Link,waste CHP,GB2 0,AC,549.6718
Link,waste CHP,GB2 0,urban central heat,1935.91108
Link,waste CHP,GB3 0,AC,367.8358
Link,waste CHP,GB3 0,urban central heat,1295.49559
Link,waste CHP,GR0 0,AC,440.44614
Link,waste CHP,GR0 0,urban central heat,1551.22484
Link,waste CHP,HR0 0,AC,828.11638
Link,waste CHP,HR0 0,urban central heat,2916.57616
Link,waste CHP,HU0 0,AC,1053.81748
Link,waste CHP,HU0 0,urban central heat,3711.48187
Link,waste CHP,IE3 0,AC,435.12048
Link,waste CHP,IE3 0,urban central heat,1532.4682
Link,waste CHP,IT0 0,AC,517.82764
Link,waste CHP,IT0 0,urban central heat,1823.75785
Link,waste CHP,IT4 0,AC,267.63367
Link,waste CHP,IT4 0,urban central heat,942.5897
Link,waste CHP,LT0 0,AC,1495.34067
Link,waste CHP,LT0 0,urban central heat,5266.50006
Link,waste CHP,LU0 0,AC,977.13592
Link,waste CHP,LU0 0,urban central heat,3441.41404
Link,waste CHP,LV0 0,AC,1635.09348
Link,waste CHP,LV0 0,urban central heat,5758.70106
Link,waste CHP,ME0 0,AC,620.82693
Link,waste CHP,ME0 0,urban central heat,2186.51517
Link,waste CHP,MK0 0,AC,568.69458
Link,waste CHP,MK0 0,urban central heat,2002.90816
Link,waste CHP,NL0 0,AC,929.16889
Link,waste CHP,NL0 0,urban central heat,3272.47704
Link,waste CHP,NO1 0,AC,728.20518
Link,waste CHP,NO1 0,urban central heat,2564.69493
Link,waste CHP,PL0 0,AC,3342.18275
Link,waste CHP,PL0 0,urban central heat,11770.96695
Link,waste CHP,PT0 0,AC,363.73177
Link,waste CHP,PT0 0,urban central heat,1281.04146
Link,waste CHP,RO0 0,AC,741.79753
Link,waste CHP,RO0 0,urban central heat,2612.56636
Link,waste CHP,RS0 0,AC,695.76535
Link,waste CHP,RS0 0,urban central heat,2450.44379
Link,waste CHP,SE1 0,AC,911.72319
Link,waste CHP,SE1 0,urban central heat,3211.03435
Link,waste CHP,SI0 0,AC,702.46486
Link,waste CHP,SI0 0,urban central heat,2474.03907
Link,waste CHP,SK0 0,AC,1353.29168
Link,waste CHP,SK0 0,urban central heat,4766.21202
Link,waste CHP,XK0 0,AC,606.35681
Link,waste CHP,XK0 0,urban central heat,2135.55227
Link,waste CHP CC,AL0 0,AC,1631.71034
Link,waste CHP CC,AL0 0,urban central heat,5746.78584
Link,waste CHP CC,AT0 0,AC,154649.1393
Link,waste CHP CC,AT0 0,urban central heat,544664.98254
Link,waste CHP CC,BA0 0,AC,3043.13486
Link,waste CHP CC,BA0 0,urban central heat,10717.73825
Link,waste CHP CC,BE0 0,AC,4099.69394
Link,waste CHP CC,BE0 0,urban central heat,14438.87589
Link,waste CHP CC,BG0 0,AC,2211.15202
Link,waste CHP CC,BG0 0,urban central heat,7787.54463
Link,waste CHP CC,CH0 0,AC,2601.81698
Link,waste CHP CC,CH0 0,urban central heat,9163.44318
Link,waste CHP CC,CZ0 0,AC,7944824.7752
Link,waste CHP CC,CZ0 0,urban central heat,27981195.8018
Link,waste CHP CC,DE0 0,AC,6558.15292
Link,waste CHP CC,DE0 0,urban central heat,23097.42078
Link,waste CHP CC,DE0 1,AC,157588.41551
Link,waste CHP CC,DE0 1,urban central heat,555016.93685
Link,waste CHP CC,DK0 0,AC,1358.08748
Link,waste CHP CC,DK0 0,urban central heat,4783.10256
Link,waste CHP CC,DK1 0,AC,1555.46126
Link,waste CHP CC,DK1 0,urban central heat,5478.24114
Link,waste CHP CC,EE0 0,AC,5626.71277
Link,waste CHP CC,EE0 0,urban central heat,19816.9445
Link,waste CHP CC,ES0 0,AC,1076.00856
Link,waste CHP CC,ES0 0,urban central heat,3789.63754
Link,waste CHP CC,ES6 0,AC,336.37193
Link,waste CHP CC,ES6 0,urban central heat,1184.68175
Link,waste CHP CC,EU,co2,3016882.76765
Link,waste CHP CC,EU,co2 stored,27151944.90889
Link,waste CHP CC,EU,non-sequestered HVC,-117342775.87142
Link,waste CHP CC,FI1 0,AC,5256.35285
Link,waste CHP CC,FI1 0,urban central heat,18512.55912
Link,waste CHP CC,FR0 0,AC,1591.2526
Link,waste CHP CC,FR0 0,urban central heat,5604.29611
Link,waste CHP CC,FR5 0,AC,260.96361
Link,waste CHP CC,GB2 0,AC,1575.65547
Link,waste CHP CC,GB2 0,urban central heat,5549.36394
Link,waste CHP CC,GB3 0,AC,1015.72575
Link,waste CHP CC,GB3 0,urban central heat,3577.32512
Link,waste CHP CC,GR0 0,AC,1095.77149
Link,waste CHP CC,GR0 0,urban central heat,3859.24139
Link,waste CHP CC,HR0 0,AC,4349.80699
Link,waste CHP CC,HR0 0,urban central heat,15319.75902
Link,waste CHP CC,HU0 0,AC,11397.27689
Link,waste CHP CC,HU0 0,urban central heat,40140.52485
Link,waste CHP CC,IE3 0,AC,1210.02493
Link,waste CHP CC,IE3 0,urban central heat,4261.63514
Link,waste CHP CC,IT0 0,AC,1416.26787
Link,waste CHP CC,IT0 0,urban central heat,4988.0104
Link,waste CHP CC,IT4 0,AC,588.0802
Link,waste CHP CC,IT4 0,urban central heat,2071.18315
Link,waste CHP CC,LT0 0,AC,10755.47897
Link,waste CHP CC,LT0 0,urban central heat,37880.15109
Link,waste CHP CC,LU0 0,AC,5004.38217
Link,waste CHP CC,LU0 0,urban central heat,17625.1335
Link,waste CHP CC,LV0 0,AC,17233.40621
Link,waste CHP CC,LV0 0,urban central heat,60695.02187
Link,waste CHP CC,ME0 0,AC,2487.27678
Link,waste CHP CC,ME0 0,urban central heat,8760.03945
Link,waste CHP CC,MK0 0,AC,1930.55546
Link,waste CHP CC,MK0 0,urban central heat,6799.30039
Link,waste CHP CC,NL0 0,AC,3791.72096
Link,waste CHP CC,NL0 0,urban central heat,13354.21356
Link,waste CHP CC,NO1 0,AC,2644.67309
Link,waste CHP CC,NO1 0,urban central heat,9314.37981
Link,waste CHP CC,PL0 0,AC,14989686.02806
Link,waste CHP CC,PL0 0,urban central heat,52792774.1173
Link,waste CHP CC,PT0 0,AC,904.58159
Link,waste CHP CC,PT0 0,urban central heat,3185.88205
Link,waste CHP CC,RO0 0,AC,3125.32088
Link,waste CHP CC,RO0 0,urban central heat,11007.19247
Link,waste CHP CC,RS0 0,AC,2918.10474
Link,waste CHP CC,RS0 0,urban central heat,10277.38966
Link,waste CHP CC,SE1 0,AC,3090.15998
Link,waste CHP CC,SE1 0,urban central heat,10883.35789
Link,waste CHP CC,SI0 0,AC,3279.08745
Link,waste CHP CC,SI0 0,urban central heat,11548.74912
Link,waste CHP CC,SK0 0,AC,2038703.0136
Link,waste CHP CC,SK0 0,urban central heat,7180189.59754
Link,waste CHP CC,XK0 0,AC,2239.37453
Link,waste CHP CC,XK0 0,urban central heat,7886.94261
Load,H2 for industry,AL0 0,H2,-90000.0
Load,H2 for industry,AT0 0,H2,-9130000.0
Load,H2 for industry,BA0 0,H2,-720000.0
Load,H2 for industry,BE0 0,H2,-10470000.0
Load,H2 for industry,BG0 0,H2,-1620000.0
Load,H2 for industry,CH0 0,H2,-560000.0
Load,H2 for industry,CZ0 0,H2,-3620000.0
Load,H2 for industry,DE0 0,H2,-32540000.0
Load,H2 for industry,DE0 1,H2,-7840000.0
Load,H2 for industry,DK0 0,H2,0.0
Load,H2 for industry,DK1 0,H2,0.0
Load,H2 for industry,EE0 0,H2,-160000.0
Load,H2 for industry,ES0 0,H2,-6580000.0
Load,H2 for industry,ES6 0,H2,0.0
Load,H2 for industry,FI1 0,H2,-2490000.0
Load,H2 for industry,FR0 0,H2,-14630000.0
Load,H2 for industry,FR5 0,H2,0.0
Load,H2 for industry,GB2 0,H2,-8010000.0
Load,H2 for industry,GB3 0,H2,10000.0
Load,H2 for industry,GR0 0,H2,-770000.0
Load,H2 for industry,HR0 0,H2,-2840000.0
Load,H2 for industry,HU0 0,H2,-3910000.0
Load,H2 for industry,IE3 0,H2,0.0
Load,H2 for industry,IT0 0,H2,-6800000.0
Load,H2 for industry,IT4 0,H2,30000.0
Load,H2 for industry,LT0 0,H2,-6230000.0
Load,H2 for industry,LU0 0,H2,0.0
Load,H2 for industry,LV0 0,H2,0.0
Load,H2 for industry,ME0 0,H2,-20000.0
Load,H2 for industry,MK0 0,H2,-650000.0
Load,H2 for industry,NL0 0,H2,-20710000.0
Load,H2 for industry,NO1 0,H2,-4240000.0
Load,H2 for industry,PL0 0,H2,-19400000.0
Load,H2 for industry,PT0 0,H2,70000.0
Load,H2 for industry,RO0 0,H2,-5440000.0
Load,H2 for industry,RS0 0,H2,-1230000.0
Load,H2 for industry,SE1 0,H2,-2650000.0
Load,H2 for industry,SI0 0,H2,0.0
Load,H2 for industry,SK0 0,H2,-6220000.0
Load,H2 for industry,XK0 0,H2,-200000.0
Load,agriculture electricity,AL0 0,low voltage,-85798.76348
Load,agriculture electricity,AT0 0,low voltage,-714494.79218
Load,agriculture electricity,BA0 0,low voltage,-43545.30092
Load,agriculture electricity,BE0 0,low voltage,-1205990.47002
Load,agriculture electricity,BG0 0,low voltage,-230887.1039
Load,agriculture electricity,CH0 0,low voltage,0.0
Load,agriculture electricity,CZ0 0,low voltage,-709493.13383
Load,agriculture electricity,DE0 0,low voltage,-2349612.61315
Load,agriculture electricity,DE0 1,low voltage,-1372353.14023
Load,agriculture electricity,DK0 0,low voltage,-705298.73519
Load,agriculture electricity,DK1 0,low voltage,-407442.45602
Load,agriculture electricity,EE0 0,low voltage,-103098.23217
Load,agriculture electricity,ES0 0,low voltage,-3652592.73631
Load,agriculture electricity,ES6 0,low voltage,-60705.91973
Load,agriculture electricity,FI1 0,low voltage,-951485.88405
Load,agriculture electricity,FR0 0,low voltage,-5689059.88603
Load,agriculture electricity,FR5 0,low voltage,-23657.82342
Load,agriculture electricity,GB2 0,low voltage,-1312365.50001
Load,agriculture electricity,GB3 0,low voltage,-35596.06384
Load,agriculture electricity,GR0 0,low voltage,-961118.06212
Load,agriculture electricity,HR0 0,low voltage,-119437.90737
Load,agriculture electricity,HU0 0,low voltage,-741103.49213
Load,agriculture electricity,IE3 0,low voltage,-358929.60966
Load,agriculture electricity,IT0 0,low voltage,-3915329.56151
Load,agriculture electricity,IT4 0,low voltage,-99540.597
Load,agriculture electricity,LT0 0,low voltage,-142711.73871
Load,agriculture electricity,LU0 0,low voltage,-23787.06055
Load,agriculture electricity,LV0 0,low voltage,-148380.95546
Load,agriculture electricity,ME0 0,low voltage,-5456.65404
Load,agriculture electricity,MK0 0,low voltage,-23892.88991
Load,agriculture electricity,NL0 0,low voltage,-7161190.83362
Load,agriculture electricity,NO1 0,low voltage,-356330.41298
Load,agriculture electricity,PL0 0,low voltage,-1473035.8883
Load,agriculture electricity,PT0 0,low voltage,-667296.12856
Load,agriculture electricity,RO0 0,low voltage,-554892.92974
Load,agriculture electricity,RS0 0,low voltage,-168577.67396
Load,agriculture electricity,SE1 0,low voltage,-702605.47146
Load,agriculture electricity,SI0 0,low voltage,-13990.7192
Load,agriculture electricity,SK0 0,low voltage,-194501.53782
Load,agriculture electricity,XK0 0,low voltage,-40295.12016
Load,agriculture heat,AL0 0,services rural heat,-85798.76348
Load,agriculture heat,AT0 0,services rural heat,-3679919.14599
Load,agriculture heat,BA0 0,services rural heat,-43545.30092
Load,agriculture heat,BE0 0,services rural heat,-6609539.22088
Load,agriculture heat,BG0 0,services rural heat,-1344209.21661
Load,agriculture heat,CH0 0,services rural heat,0.0
Load,agriculture heat,CZ0 0,services rural heat,-4520959.97279
Load,agriculture heat,DE0 0,services rural heat,-16310449.20947
Load,agriculture heat,DE0 1,services rural heat,-9526547.51083
Load,agriculture heat,DK0 0,services rural heat,-2998001.65899
Load,agriculture heat,DK1 0,services rural heat,-1731908.90349
Load,agriculture heat,EE0 0,services rural heat,-776846.56686
Load,agriculture heat,ES0 0,services rural heat,-18904916.1813
Load,agriculture heat,ES6 0,services rural heat,-314198.81905
Load,agriculture heat,FI1 0,services rural heat,-6178480.46013
Load,agriculture heat,FR0 0,services rural heat,-30498623.46344
Load,agriculture heat,FR5 0,services rural heat,-126827.81739
Load,agriculture heat,GB2 0,services rural heat,-1312365.50001
Load,agriculture heat,GB3 0,services rural heat,-35596.06384
Load,agriculture heat,GR0 0,services rural heat,-3857312.45687
Load,agriculture heat,HR0 0,services rural heat,-1764526.9869
Load,agriculture heat,HU0 0,services rural heat,-4835912.03061
Load,agriculture heat,IE3 0,services rural heat,-1591774.945
Load,agriculture heat,IT0 0,services rural heat,-18379280.59196
Load,agriculture heat,IT4 0,services rural heat,-467261.95937
Load,agriculture heat,LT0 0,services rural heat,-893825.58993
Load,agriculture heat,LU0 0,services rural heat,-163219.81114
Load,agriculture heat,LV0 0,services rural heat,-1499504.77398
Load,agriculture heat,ME0 0,services rural heat,-5456.65404
Load,agriculture heat,MK0 0,services rural heat,-23892.88991
Load,agriculture heat,NL0 0,services rural heat,-33378547.14769
Load,agriculture heat,NO1 0,services rural heat,-356330.41298
Load,agriculture heat,PL0 0,services rural heat,-29571886.61201
Load,agriculture heat,PT0 0,services rural heat,-3041446.18069
Load,agriculture heat,RO0 0,services rural heat,-3873886.60377
Load,agriculture heat,RS0 0,services rural heat,-168577.67396
Load,agriculture heat,SE1 0,services rural heat,-4477624.51413
Load,agriculture heat,SI0 0,services rural heat,-540489.59035
Load,agriculture heat,SK0 0,services rural heat,-881956.30939
Load,agriculture heat,XK0 0,services rural heat,-40295.12016
Load,agriculture machinery electric,AL0 0,low voltage,-18385.44932
Load,agriculture machinery electric,AT0 0,low voltage,-357420.01325
Load,agriculture machinery electric,BA0 0,low voltage,-9331.13591
Load,agriculture machinery electric,BE0 0,low voltage,-664842.28052
Load,agriculture machinery electric,BG0 0,low voltage,-153340.43132
Load,agriculture machinery electric,CH0 0,low voltage,0.0
Load,agriculture machinery electric,CZ0 0,low voltage,-490237.69144
Load,agriculture machinery electric,DE0 0,low voltage,-1753990.07644
Load,agriculture machinery electric,DE0 1,low voltage,-1024464.10777
Load,agriculture machinery electric,DK0 0,low voltage,-339157.85151
Load,agriculture machinery electric,DK1 0,low voltage,-195927.34412
Load,agriculture machinery electric,EE0 0,low voltage,-94104.68592
Load,agriculture machinery electric,ES0 0,low voltage,-2345631.57277
Load,agriculture machinery electric,ES6 0,low voltage,-38984.28658
Load,agriculture machinery electric,FI1 0,low voltage,-606144.14053
Load,agriculture machinery electric,FR0 0,low voltage,-3658066.23289
Load,agriculture machinery electric,FR5 0,low voltage,-15211.98348
Load,agriculture machinery electric,GB2 0,low voltage,-281221.17857
Load,agriculture machinery electric,GB3 0,low voltage,-7627.72797
Load,agriculture machinery electric,GR0 0,low voltage,-247346.46022
Load,agriculture machinery electric,HR0 0,low voltage,-206266.73694
Load,agriculture machinery electric,HU0 0,low voltage,-532127.88798
Load,agriculture machinery electric,IE3 0,low voltage,-211292.024
Load,agriculture machinery electric,IT0 0,low voltage,-2340605.15574
Load,agriculture machinery electric,IT4 0,low voltage,-59505.90643
Load,agriculture machinery electric,LT0 0,low voltage,-81069.35815
Load,agriculture machinery electric,LU0 0,low voltage,-20614.09892
Load,agriculture machinery electric,LV0 0,low voltage,-166309.77226
Load,agriculture machinery electric,ME0 0,low voltage,-1169.28301
Load,agriculture machinery electric,MK0 0,low voltage,-5119.90498
Load,agriculture machinery electric,NL0 0,low voltage,-1650261.004
Load,agriculture machinery electric,NO1 0,low voltage,-76356.51707
Load,agriculture machinery electric,PL0 0,low voltage,-2853179.46422
Load,agriculture machinery electric,PT0 0,low voltage,-394925.50516
Load,agriculture machinery electric,RO0 0,low voltage,-440005.17139
Load,agriculture machinery electric,RS0 0,low voltage,-36123.78728
Load,agriculture machinery electric,SE1 0,low voltage,-497979.64594
Load,agriculture machinery electric,SI0 0,low voltage,-64084.0051
Load,agriculture machinery electric,SK0 0,low voltage,-91715.1756
Load,agriculture machinery electric,XK0 0,low voltage,-8634.66861
Load,agriculture machinery oil,EU,agriculture machinery oil,-51423819.35442
Load,electricity,AL0 0,low voltage,-3688128.45575
Load,electricity,AT0 0,low voltage,-31307192.84121
Load,electricity,BA0 0,low voltage,-5621455.72685
Load,electricity,BE0 0,low voltage,-36208347.64067
Load,electricity,BG0 0,low voltage,-19943566.99285
Load,electricity,CH0 0,low voltage,-27370695.6871
Load,electricity,CZ0 0,low voltage,-27415414.5278
Load,electricity,DE0 0,low voltage,-138724356.93798
Load,electricity,DE0 1,low voltage,-100676358.99621
Load,electricity,DK0 0,low voltage,-8946841.78615
Load,electricity,DK1 0,low voltage,-10699406.12813
Load,electricity,EE0 0,low voltage,-4340970.47174
Load,electricity,ES0 0,low voltage,-141033147.59372
Load,electricity,ES6 0,low voltage,-7607614.7087
Load,electricity,FI1 0,low voltage,-24636428.6686
Load,electricity,FR0 0,low voltage,-225205008.41863
Load,electricity,FR5 0,low voltage,-3974945.85382
Load,electricity,GB2 0,low voltage,-188358590.4946
Load,electricity,GB3 0,low voltage,-7920373.44187
Load,electricity,GR0 0,low voltage,-24406740.72144
Load,electricity,HR0 0,low voltage,-10221784.60559
Load,electricity,HU0 0,low voltage,-16157114.54792
Load,electricity,IE3 0,low voltage,-11048453.5268
Load,electricity,IT0 0,low voltage,-136059566.27593
Load,electricity,IT4 0,low voltage,-4770055.51228
Load,electricity,LT0 0,low voltage,-6019566.14902
Load,electricity,LU0 0,low voltage,-1840364.82962
Load,electricity,LV0 0,low voltage,-4252558.05139
Load,electricity,ME0 0,low voltage,-2208690.9719
Load,electricity,MK0 0,low voltage,-4675112.31259
Load,electricity,NL0 0,low voltage,-64048125.38123
Load,electricity,NO1 0,low voltage,-58893074.1169
Load,electricity,PL0 0,low voltage,-70995641.6039
Load,electricity,PT0 0,low voltage,-26399925.53495
Load,electricity,RO0 0,low voltage,-26416090.23154
Load,electricity,RS0 0,low voltage,-25244058.84176
Load,electricity,SE1 0,low voltage,-49094607.69077
Load,electricity,SI0 0,low voltage,-4000297.75502
Load,electricity,SK0 0,low voltage,-9517971.96242
Load,electricity,XK0 0,low voltage,-5018528.57961
Load,gas for industry,EU,gas for industry,-231370000.0
Load,industry electricity,AL0 0,low voltage,-1010000.0
Load,industry electricity,AT0 0,low voltage,-48020000.0
Load,industry electricity,BA0 0,low voltage,-4310000.0
Load,industry electricity,BE0 0,low voltage,-71500000.0
Load,industry electricity,BG0 0,low voltage,-15870000.0
Load,industry electricity,CH0 0,low voltage,-17250000.0
Load,industry electricity,CZ0 0,low voltage,-43580000.0
Load,industry electricity,DE0 0,low voltage,-237260000.0
Load,industry electricity,DE0 1,low voltage,-125770000.0
Load,industry electricity,DK0 0,low voltage,-13970000.0
Load,industry electricity,DK1 0,low voltage,-3870000.0
Load,industry electricity,EE0 0,low voltage,-3090000.0
Load,industry electricity,ES0 0,low voltage,-153800000.0
Load,industry electricity,ES6 0,low voltage,-1010000.0
Load,industry electricity,FI1 0,low voltage,-53170000.0
Load,industry electricity,FR0 0,low voltage,-204070000.0
Load,industry electricity,FR5 0,low voltage,-360000.0
Load,industry electricity,GB2 0,low voltage,-124100000.0
Load,industry electricity,GB3 0,low voltage,-2900000.0
Load,industry electricity,GR0 0,low voltage,-16150000.0
Load,industry electricity,HR0 0,low voltage,-8060000.0
Load,industry electricity,HU0 0,low voltage,-31290000.0
Load,industry electricity,IE3 0,low voltage,-14950000.0
Load,industry electricity,IT0 0,low voltage,-177130000.0
Load,industry electricity,IT4 0,low voltage,-6910000.0
Load,industry electricity,LT0 0,low voltage,-4100000.0
Load,industry electricity,LU0 0,low voltage,-4530000.0
Load,industry electricity,LV0 0,low voltage,-4320000.0
Load,industry electricity,ME0 0,low voltage,-770000.0
Load,industry electricity,MK0 0,low voltage,-2200000.0
Load,industry electricity,NL0 0,low voltage,-86050000.0
Load,industry electricity,NO1 0,low voltage,-35350000.0
Load,industry electricity,PL0 0,low voltage,-93710000.0
Load,industry electricity,PT0 0,low voltage,-28960000.0
Load,industry electricity,RO0 0,low voltage,-39060000.0
Load,industry electricity,RS0 0,low voltage,-9820000.0
Load,industry electricity,SE1 0,low voltage,-53670000.0
Load,industry electricity,SI0 0,low voltage,-8110000.0
Load,industry electricity,SK0 0,low voltage,-18090000.0
Load,industry electricity,XK0 0,low voltage,-1270000.0
Load,industry methanol,EU,industry methanol,-8740000.0
Load,kerosene for aviation,EU,kerosene for aviation,-743906976.62384
Load,land transport EV,AL0 0,EV battery,-2065783.08993
Load,land transport EV,AT0 0,EV battery,-21937529.81597
Load,land transport EV,BA0 0,EV battery,-3451087.27114
Load,land transport EV,BE0 0,EV battery,-29297109.36508
Load,land transport EV,BG0 0,EV battery,-8181528.17808
Load,land transport EV,CH0 0,EV battery,-12947431.59825
Load,land transport EV,CZ0 0,EV battery,-20701638.11463
Load,land transport EV,DE0 0,EV battery,-105879331.27049
Load,land transport EV,DE0 1,EV battery,-61926835.31112
Load,land transport EV,DK0 0,EV battery,-8670526.68719
Load,land transport EV,DK1 0,EV battery,-5005803.81196
Load,land transport EV,EE0 0,EV battery,-2457985.82986
Load,land transport EV,ES0 0,EV battery,-80888491.17308
Load,land transport EV,ES6 0,EV battery,-1318871.89051
Load,land transport EV,FI1 0,EV battery,-13578014.03547
Load,land transport EV,FR0 0,EV battery,-135122133.70225
Load,land transport EV,FR5 0,EV battery,-552774.60524
Load,land transport EV,GB2 0,EV battery,-101285209.81227
Load,land transport EV,GB3 0,EV battery,-2742750.28029
Load,land transport EV,GR0 0,EV battery,-15633373.38106
Load,land transport EV,HR0 0,EV battery,-6519035.05193
Load,land transport EV,HU0 0,EV battery,-14019587.53452
Load,land transport EV,IE3 0,EV battery,-10939556.90996
Load,land transport EV,IT0 0,EV battery,-104566903.94371
Load,land transport EV,IT4 0,EV battery,-2611729.35423
Load,land transport EV,LT0 0,EV battery,-6895903.77038
Load,land transport EV,LU0 0,EV battery,-3076474.33027
Load,land transport EV,LV0 0,EV battery,-3281618.21923
Load,land transport EV,ME0 0,EV battery,-693838.59121
Load,land transport EV,MK0 0,EV battery,-1978837.49092
Load,land transport EV,NL0 0,EV battery,-36084052.35319
Load,land transport EV,NO1 0,EV battery,-9295337.60282
Load,land transport EV,PL0 0,EV battery,-64121892.19059
Load,land transport EV,PT0 0,EV battery,-19447466.53214
Load,land transport EV,RO0 0,EV battery,-20407576.75639
Load,land transport EV,RS0 0,EV battery,-5902565.28072
Load,land transport EV,SE1 0,EV battery,-21150381.43059
Load,land transport EV,SI0 0,EV battery,-5781916.66473
Load,land transport EV,SK0 0,EV battery,-8955376.97818
Load,land transport EV,XK0 0,EV battery,-1117190.1877
Load,low-temperature heat for industry,AL0 0,urban central heat,-40000.0
Load,low-temperature heat for industry,AT0 0,urban central heat,-1470000.0
Load,low-temperature heat for industry,BA0 0,urban central heat,-100000.0
Load,low-temperature heat for industry,BE0 0,urban central heat,-2290000.0
Load,low-temperature heat for industry,BG0 0,urban central heat,-490000.0
Load,low-temperature heat for industry,CH0 0,urban central heat,-590000.0
Load,low-temperature heat for industry,CZ0 0,urban central heat,-1410000.0
Load,low-temperature heat for industry,DE0 0,urban central heat,-7810000.0
Load,low-temperature heat for industry,DE0 1,urban central heat,-3980000.0
Load,low-temperature heat for industry,DK0 0,urban central heat,-460000.0
Load,low-temperature heat for industry,DK1 0,urban central heat,-140000.0
Load,low-temperature heat for industry,EE0 0,urban central heat,-160000.0
Load,low-temperature heat for industry,ES0 0,urban central heat,-4800000.0
Load,low-temperature heat for industry,ES6 0,urban central heat,-40000.0
Load,low-temperature heat for industry,FI1 0,urban central heat,-1870000.0
Load,low-temperature heat for industry,FR0 0,urban central heat,-6850000.0
Load,low-temperature heat for industry,FR5 0,services urban decentral heat,-10000.0
Load,low-temperature heat for industry,GB2 0,urban central heat,-4820000.0
Load,low-temperature heat for industry,GB3 0,urban central heat,-110000.0
Load,low-temperature heat for industry,GR0 0,urban central heat,-530000.0
Load,low-temperature heat for industry,HR0 0,urban central heat,-360000.0
Load,low-temperature heat for industry,HU0 0,urban central heat,-1090000.0
Load,low-temperature heat for industry,IE3 0,urban central heat,-530000.0
Load,low-temperature heat for industry,IT0 0,urban central heat,-6880000.0
Load,low-temperature heat for industry,IT4 0,urban central heat,-190000.0
Load,low-temperature heat for industry,LT0 0,urban central heat,-190000.0
Load,low-temperature heat for industry,LU0 0,urban central heat,-110000.0
Load,low-temperature heat for industry,LV0 0,urban central heat,-200000.0
Load,low-temperature heat for industry,ME0 0,urban central heat,-20000.0
Load,low-temperature heat for industry,MK0 0,urban central heat,-40000.0
Load,low-temperature heat for industry,NL0 0,urban central heat,-2580000.0
Load,low-temperature heat for industry,NO1 0,urban central heat,-870000.0
Load,low-temperature heat for industry,PL0 0,urban central heat,-2870000.0
Load,low-temperature heat for industry,PT0 0,urban central heat,-1200000.0
Load,low-temperature heat for industry,RO0 0,urban central heat,-1350000.0
Load,low-temperature heat for industry,RS0 0,urban central heat,-350000.0
Load,low-temperature heat for industry,SE1 0,urban central heat,-1820000.0
Load,low-temperature heat for industry,SI0 0,urban central heat,-250000.0
Load,low-temperature heat for industry,SK0 0,urban central heat,-570000.0
Load,low-temperature heat for industry,XK0 0,urban central heat,-30000.0
Load,naphtha for industry,EU,naphtha for industry,-276860000.0
Load,process emissions,EU,process emissions,123130000.0
Load,residential rural heat,AL0 0,residential rural heat,-1013656.48029
Load,residential rural heat,AT0 0,residential rural heat,-22511495.07671
Load,residential rural heat,BA0 0,residential rural heat,-4073029.85851
Load,residential rural heat,BE0 0,residential rural heat,-2997378.26427
Load,residential rural heat,BG0 0,residential rural heat,-2988039.50833
Load,residential rural heat,CH0 0,residential rural heat,-9417362.81377
Load,residential rural heat,CZ0 0,residential rural heat,-15098049.14152
Load,residential rural heat,DE0 0,residential rural heat,-41023368.41438
Load,residential rural heat,DE0 1,residential rural heat,-70415715.70823
Load,residential rural heat,DK0 0,residential rural heat,-2393037.77711
Load,residential rural heat,DK1 0,residential rural heat,-1047688.51452
Load,residential rural heat,EE0 0,residential rural heat,-2020530.57366
Load,residential rural heat,ES0 0,residential rural heat,-14270666.60967
Load,residential rural heat,ES6 0,residential rural heat,-98872.92478
Load,residential rural heat,FI1 0,residential rural heat,-7838546.98039
Load,residential rural heat,FR0 0,residential rural heat,-69318334.49592
Load,residential rural heat,FR5 0,residential rural heat,-1523386.76343
Load,residential rural heat,GB2 0,residential rural heat,-38981690.72935
Load,residential rural heat,GB3 0,residential rural heat,-4817963.54502
Load,residential rural heat,GR0 0,residential rural heat,-3460532.27892
Load,residential rural heat,HR0 0,residential rural heat,-6304835.72086
Load,residential rural heat,HU0 0,residential rural heat,-12559001.04641
Load,residential rural heat,IE3 0,residential rural heat,-7401730.86094
Load,residential rural heat,IT0 0,residential rural heat,-60134034.74067
Load,residential rural heat,IT4 0,residential rural heat,-4499214.58596
Load,residential rural heat,LT0 0,residential rural heat,-3399413.98131
Load,residential rural heat,LU0 0,residential rural heat,-306417.4232
Load,residential rural heat,LV0 0,residential rural heat,-2997393.28366
Load,residential rural heat,ME0 0,residential rural heat,-467397.76874
Load,residential rural heat,MK0 0,residential rural heat,-1299128.00926
Load,residential rural heat,NL0 0,residential rural heat,-4814497.91171
Load,residential rural heat,NO1 0,residential rural heat,-5225636.59602
Load,residential rural heat,PL0 0,residential rural heat,-64985327.99762
Load,residential rural heat,PT0 0,residential rural heat,-3700625.53669
Load,residential rural heat,RO0 0,residential rural heat,-22816147.39623
Load,residential rural heat,RS0 0,residential rural heat,-8234096.20701
Load,residential rural heat,SE1 0,residential rural heat,-9765759.5222
Load,residential rural heat,SI0 0,residential rural heat,-3900590.29007
Load,residential rural heat,SK0 0,residential rural heat,-8747828.46656
Load,residential rural heat,XK0 0,residential rural heat,-1040800.87635
Load,residential urban decentral heat,AL0 0,residential urban decentral heat,-650242.82483
Load,residential urban decentral heat,AT0 0,residential urban decentral heat,-12559927.53289
Load,residential urban decentral heat,BA0 0,residential urban decentral heat,-1615355.13924
Load,residential urban decentral heat,BE0 0,residential urban decentral heat,-25012544.93807
Load,residential urban decentral heat,BG0 0,residential urban decentral heat,-3683632.30014
Load,residential urban decentral heat,CH0 0,residential urban decentral heat,-14601171.3061
Load,residential urban decentral heat,CZ0 0,residential urban decentral heat,-16445753.10072
Load,residential urban decentral heat,DE0 0,residential urban decentral heat,-111874153.52836
Load,residential urban decentral heat,DE0 1,residential urban decentral heat,-46761071.65939
Load,residential urban decentral heat,DK0 0,residential urban decentral heat,-10176889.91948
Load,residential urban decentral heat,DK1 0,residential urban decentral heat,-6012960.93967
Load,residential urban decentral heat,EE0 0,residential urban decentral heat,-1951226.70047
Load,residential urban decentral heat,ES0 0,residential urban decentral heat,-23924877.43089
Load,residential urban decentral heat,ES6 0,residential urban decentral heat,-452952.29287
Load,residential urban decentral heat,FI1 0,residential urban decentral heat,-18887927.21518
Load,residential urban decentral heat,FR0 0,residential urban decentral heat,-118805817.18702
Load,residential urban decentral heat,FR5 0,residential urban decentral heat,0.0
Load,residential urban decentral heat,GB2 0,residential urban decentral heat,-95802755.03116
Load,residential urban decentral heat,GB3 0,residential urban decentral heat,-1094258.59662
Load,residential urban decentral heat,GR0 0,residential urban decentral heat,-6213416.95113
Load,residential urban decentral heat,HR0 0,residential urban decentral heat,-3545697.9382
Load,residential urban decentral heat,HU0 0,residential urban decentral heat,-12121514.4434
Load,residential urban decentral heat,IE3 0,residential urban decentral heat,-5689103.39005
Load,residential urban decentral heat,IT0 0,residential urban decentral heat,-67257291.94527
Load,residential urban decentral heat,IT4 0,residential urban decentral heat,-521738.69374
Load,residential urban decentral heat,LT0 0,residential urban decentral heat,-3024095.68668
Load,residential urban decentral heat,LU0 0,residential urban decentral heat,-1355940.94854
Load,residential urban decentral heat,LV0 0,residential urban decentral heat,-2471552.86456
Load,residential urban decentral heat,ME0 0,residential urban decentral heat,-346416.98159
Load,residential urban decentral heat,MK0 0,residential urban decentral heat,-775597.71954
Load,residential urban decentral heat,NL0 0,residential urban decentral heat,-32342227.78158
Load,residential urban decentral heat,NO1 0,residential urban decentral heat,-10575244.68805
Load,residential urban decentral heat,PL0 0,residential urban decentral heat,-39257335.21109
Load,residential urban decentral heat,PT0 0,residential urban decentral heat,-2903166.63116
Load,residential urban decentral heat,RO0 0,residential urban decentral heat,-11068783.9565
Load,residential urban decentral heat,RS0 0,residential urban decentral heat,-4233711.09767
Load,residential urban decentral heat,SE1 0,residential urban decentral heat,-28358313.77033
Load,residential urban decentral heat,SI0 0,residential urban decentral heat,-2097597.22804
Load,residential urban decentral heat,SK0 0,residential urban decentral heat,-4868388.11238
Load,residential urban decentral heat,XK0 0,residential urban decentral heat,-670569.96147
Load,services rural heat,AL0 0,services rural heat,-379407.11566
Load,services rural heat,AT0 0,services rural heat,-7262600.21948
Load,services rural heat,BA0 0,services rural heat,-1114111.24374
Load,services rural heat,BE0 0,services rural heat,-1334274.37254
Load,services rural heat,BG0 0,services rural heat,-1113734.99459
Load,services rural heat,CH0 0,services rural heat,-4218912.24109
Load,services rural heat,CZ0 0,services rural heat,-4810935.8739
Load,services rural heat,DE0 0,services rural heat,-15263345.91146
Load,services rural heat,DE0 1,services rural heat,-26199199.82194
Load,services rural heat,DK0 0,services rural heat,-638214.19287
Load,services rural heat,DK1 0,services rural heat,-279414.59432
Load,services rural heat,EE0 0,services rural heat,-690407.95943
Load,services rural heat,ES0 0,services rural heat,-6189160.60538
Load,services rural heat,ES6 0,services rural heat,-42880.99693
Load,services rural heat,FI1 0,services rural heat,-2676576.1026
Load,services rural heat,FR0 0,services rural heat,-25141050.75973
Load,services rural heat,FR5 0,services rural heat,-552516.79407
Load,services rural heat,GB2 0,services rural heat,-13652427.62307
Load,services rural heat,GB3 0,services rural heat,-1687379.3147
Load,services rural heat,GR0 0,services rural heat,-1655891.86621
Load,services rural heat,HR0 0,services rural heat,-1413205.56532
Load,services rural heat,HU0 0,services rural heat,-4054774.63044
Load,services rural heat,IE3 0,services rural heat,-3047520.11841
Load,services rural heat,IT0 0,services rural heat,-31819165.42712
Load,services rural heat,IT4 0,services rural heat,-2380702.60578
Load,services rural heat,LT0 0,services rural heat,-906267.63935
Load,services rural heat,LU0 0,services rural heat,-204634.31808
Load,services rural heat,LV0 0,services rural heat,-1155242.3614
Load,services rural heat,ME0 0,services rural heat,-55116.75717
Load,services rural heat,MK0 0,services rural heat,-435252.70162
Load,services rural heat,NL0 0,services rural heat,-2595750.82078
Load,services rural heat,NO1 0,services rural heat,-4203460.57128
Load,services rural heat,PL0 0,services rural heat,-18170035.87671
Load,services rural heat,PT0 0,services rural heat,-3564151.13339
Load,services rural heat,RO0 0,services rural heat,-4525745.9865
Load,services rural heat,RS0 0,services rural heat,-2073089.39857
Load,services rural heat,SE1 0,services rural heat,-2905262.97491
Load,services rural heat,SI0 0,services rural heat,-1168678.57827
Load,services rural heat,SK0 0,services rural heat,-4715380.12163
Load,services rural heat,XK0 0,services rural heat,-272567.69102
Load,services urban decentral heat,AL0 0,services urban decentral heat,-243382.99951
Load,services urban decentral heat,AT0 0,services urban decentral heat,-4052051.28074
Load,services urban decentral heat,BA0 0,services urban decentral heat,-441854.19351
Load,services urban decentral heat,BE0 0,services urban decentral heat,-11134262.93265
Load,services urban decentral heat,BG0 0,services urban decentral heat,-1373004.00092
Load,services urban decentral heat,CH0 0,services urban decentral heat,-6541221.95096
Load,services urban decentral heat,CZ0 0,services urban decentral heat,-5240376.60919
Load,services urban decentral heat,DE0 0,services urban decentral heat,-41624419.687
Load,services urban decentral heat,DE0 1,services urban decentral heat,-17398142.5591
Load,services urban decentral heat,DK0 0,services urban decentral heat,-2714138.34251
Load,services urban decentral heat,DK1 0,services urban decentral heat,-1603634.11292
Load,services urban decentral heat,EE0 0,services urban decentral heat,-666727.07764
Load,services urban decentral heat,ES0 0,services urban decentral heat,-10376173.23239
Load,services urban decentral heat,ES6 0,services urban decentral heat,-196444.53646
Load,services urban decentral heat,FI1 0,services urban decentral heat,-6449533.91722
Load,services urban decentral heat,FR0 0,services urban decentral heat,-43089654.44959
Load,services urban decentral heat,FR5 0,services urban decentral heat,0.0
Load,services urban decentral heat,GB2 0,services urban decentral heat,-33552679.59603
Load,services urban decentral heat,GB3 0,services urban decentral heat,-383238.54127
Load,services urban decentral heat,GR0 0,services urban decentral heat,-2973168.79643
Load,services urban decentral heat,HR0 0,services urban decentral heat,-794755.05486
Load,services urban decentral heat,HU0 0,services urban decentral heat,-3913528.5574
Load,services urban decentral heat,IE3 0,services urban decentral heat,-2342378.74392
Load,services urban decentral heat,IT0 0,services urban decentral heat,-35588347.06196
Load,services urban decentral heat,IT4 0,services urban decentral heat,-276071.44403
Load,services urban decentral heat,LT0 0,services urban decentral heat,-806209.56265
Load,services urban decentral heat,LU0 0,services urban decentral heat,-905536.14237
Load,services urban decentral heat,LV0 0,services urban decentral heat,-952575.22033
Load,services urban decentral heat,ME0 0,services urban decentral heat,-40850.38896
Load,services urban decentral heat,MK0 0,services urban decentral heat,-259851.99333
Load,services urban decentral heat,NL0 0,services urban decentral heat,-17437407.98096
Load,services urban decentral heat,NO1 0,services urban decentral heat,-8506642.82925
Load,services urban decentral heat,PL0 0,services urban decentral heat,-10976434.39202
Load,services urban decentral heat,PT0 0,services urban decentral heat,-2796101.50669
Load,services urban decentral heat,RO0 0,services urban decentral heat,-2195572.44686
Load,services urban decentral heat,RS0 0,services urban decentral heat,-1065916.81376
Load,services urban decentral heat,SE1 0,services urban decentral heat,-8436451.75172
Load,services urban decentral heat,SI0 0,services urban decentral heat,-628473.32428
Load,services urban decentral heat,SK0 0,services urban decentral heat,-2624228.47193
Load,services urban decentral heat,XK0 0,services urban decentral heat,-175610.63814
Load,shipping methanol,EU,shipping methanol,-502969704.58576
Load,solid biomass for industry,EU,solid biomass for industry,-748220000.0
Load,urban central heat,AL0 0,urban central heat,-1541504.54699
Load,urban central heat,AT0 0,urban central heat,-28655663.45352
Load,urban central heat,BA0 0,urban central heat,-3548686.09899
Load,urban central heat,BE0 0,urban central heat,-62353243.57698
Load,urban central heat,BG0 0,urban central heat,-8722697.61933
Load,urban central heat,CH0 0,urban central heat,-36470628.36844
Load,urban central heat,CZ0 0,urban central heat,-37408573.74959
Load,urban central heat,DE0 0,urban central heat,-264785038.7965
Load,urban central heat,DE0 1,urban central heat,-110674644.52689
Load,urban central heat,DK0 0,urban central heat,-22237023.75193
Load,urban central heat,DK1 0,urban central heat,-13138626.46572
Load,urban central heat,EE0 0,urban central heat,-4515970.26725
Load,urban central heat,ES0 0,urban central heat,-59169312.39416
Load,urban central heat,ES6 0,urban central heat,-1120209.53061
Load,urban central heat,FI1 0,urban central heat,-43707120.45339
Load,urban central heat,FR0 0,urban central heat,-279269688.57314
Load,urban central heat,GB2 0,urban central heat,-223138124.73191
Load,urban central heat,GB3 0,urban central heat,-2548682.56285
Load,urban central heat,GR0 0,urban central heat,-15846860.41453
Load,urban central heat,HR0 0,urban central heat,-7487281.41303
Load,urban central heat,HU0 0,urban central heat,-27660449.17638
Load,urban central heat,IE3 0,urban central heat,-13854306.6811
Load,urban central heat,IT0 0,urban central heat,-177408727.28746
Load,urban central heat,IT4 0,urban central heat,-1376222.48766
Load,urban central heat,LT0 0,urban central heat,-6607276.55509
Load,urban central heat,LU0 0,urban central heat,-3901047.98182
Load,urban central heat,LV0 0,urban central heat,-5906620.94643
Load,urban central heat,ME0 0,urban central heat,-668036.21421
Load,urban central heat,MK0 0,urban central heat,-1786150.75471
Load,urban central heat,NL0 0,urban central heat,-85869871.69038
Load,urban central heat,NO1 0,urban central heat,-32916255.96735
Load,urban central heat,PL0 0,urban central heat,-86653252.56537
Load,urban central heat,PT0 0,urban central heat,-9831237.53779
Load,urban central heat,RO0 0,urban central heat,-22881014.79579
Load,urban central heat,RS0 0,urban central heat,-9141858.14722
Load,urban central heat,SE1 0,urban central heat,-63470970.52552
Load,urban central heat,SI0 0,urban central heat,-4702471.70276
Load,urban central heat,SK0 0,urban central heat,-12924763.60793
Load,urban central heat,XK0 0,urban central heat,-1459661.53433
StorageUnit,PHS,AT0 0,AC,-3887109.51287
StorageUnit,PHS,BA0 0,AC,-71142.63424
StorageUnit,PHS,BE0 0,AC,-315827.76172
StorageUnit,PHS,BG0 0,AC,-528867.7551
StorageUnit,PHS,CH0 0,AC,-3185675.97006
StorageUnit,PHS,CZ0 0,AC,-126435.20662
StorageUnit,PHS,DE0 0,AC,-818861.43266
StorageUnit,PHS,DE0 1,AC,-738823.26337
StorageUnit,PHS,ES0 0,AC,-5943720.54614
StorageUnit,PHS,ES6 0,AC,-852795.11369
StorageUnit,PHS,FR0 0,AC,-2226624.24389
StorageUnit,PHS,GB3 0,AC,-208449.86344
StorageUnit,PHS,GR0 0,AC,-347225.13879
StorageUnit,PHS,HR0 0,AC,-138757.50013
StorageUnit,PHS,IE3 0,AC,-139885.12248
StorageUnit,PHS,IT0 0,AC,-4039181.17766
StorageUnit,PHS,IT4 0,AC,-438590.65345
StorageUnit,PHS,LT0 0,AC,-301646.11698
StorageUnit,PHS,LU0 0,AC,-333539.48923
StorageUnit,PHS,ME0 0,AC,-137031.05266
StorageUnit,PHS,NO1 0,AC,-196540.91389
StorageUnit,PHS,PL0 0,AC,-640317.01593
StorageUnit,PHS,PT0 0,AC,-2870184.83652
StorageUnit,PHS,RS0 0,AC,-250362.54762
StorageUnit,PHS,SE1 0,AC,-82216.53724
StorageUnit,PHS,SI0 0,AC,-69523.19213
StorageUnit,PHS,SK0 0,AC,-268552.10506
StorageUnit,hydro,AL0 0,AC,5353311.16468
StorageUnit,hydro,AT0 0,AC,17811317.13775
StorageUnit,hydro,BA0 0,AC,6446090.59785
StorageUnit,hydro,BE0 0,AC,58202.29739
StorageUnit,hydro,BG0 0,AC,3400206.83248
StorageUnit,hydro,CH0 0,AC,23083158.78658
StorageUnit,hydro,CZ0 0,AC,2295322.18995
StorageUnit,hydro,ES0 0,AC,29324228.92589
StorageUnit,hydro,ES6 0,AC,2883258.63997
StorageUnit,hydro,FI1 0,AC,5053830.74644
StorageUnit,hydro,FR0 0,AC,25971277.09762
StorageUnit,hydro,FR5 0,AC,9457168.5154
StorageUnit,hydro,GB3 0,AC,242050.66321
StorageUnit,hydro,GR0 0,AC,5480796.48734
StorageUnit,hydro,HR0 0,AC,6444225.45998
StorageUnit,hydro,HU0 0,AC,108542.44955
StorageUnit,hydro,IE3 0,AC,1854.6777
StorageUnit,hydro,IT0 0,AC,15947020.36459
StorageUnit,hydro,IT4 0,AC,395563.42927
StorageUnit,hydro,ME0 0,AC,1646173.16588
StorageUnit,hydro,MK0 0,AC,877433.57896
StorageUnit,hydro,NO1 0,AC,110851520.5525
StorageUnit,hydro,PL0 0,AC,969868.44035
StorageUnit,hydro,PT0 0,AC,5056013.88796
StorageUnit,hydro,RO0 0,AC,7513810.10653
StorageUnit,hydro,RS0 0,AC,2762399.11532
StorageUnit,hydro,SE1 0,AC,48963198.38347
StorageUnit,hydro,SI0 0,AC,2188143.31071
StorageUnit,hydro,SK0 0,AC,732636.16649
StorageUnit,hydro,XK0 0,AC,63603.62574
Store,EV battery,AL0 0,EV battery,-0.0893
Store,EV battery,AT0 0,EV battery,-0.11102
Store,EV battery,BA0 0,EV battery,-0.10264
Store,EV battery,BE0 0,EV battery,-0.08977
Store,EV battery,BG0 0,EV battery,-0.10952
Store,EV battery,CH0 0,EV battery,-0.12031
Store,EV battery,CZ0 0,EV battery,-0.12085
Store,EV battery,DE0 0,EV battery,-0.10587
Store,EV battery,DE0 1,EV battery,-0.10937
Store,EV battery,DK0 0,EV battery,-0.0824
Store,EV battery,DK1 0,EV battery,-0.08093
Store,EV battery,EE0 0,EV battery,-0.10378
Store,EV battery,ES0 0,EV battery,-0.10846
Store,EV battery,ES6 0,EV battery,-0.09092
Store,EV battery,FI1 0,EV battery,-0.12398
Store,EV battery,FR0 0,EV battery,-0.10652
Store,EV battery,FR5 0,EV battery,-0.14698
Store,EV battery,GB2 0,EV battery,-0.10658
Store,EV battery,GB3 0,EV battery,-0.09832
Store,EV battery,GR0 0,EV battery,-0.10642
Store,EV battery,HR0 0,EV battery,-0.09251
Store,EV battery,HU0 0,EV battery,-0.0978
Store,EV battery,IE3 0,EV battery,-0.10046
Store,EV battery,IT0 0,EV battery,-0.08388
Store,EV battery,IT4 0,EV battery,-0.0798
Store,EV battery,LT0 0,EV battery,-0.09856
Store,EV battery,LU0 0,EV battery,-0.09146
Store,EV battery,LV0 0,EV battery,-0.09776
Store,EV battery,ME0 0,EV battery,-0.09852
Store,EV battery,MK0 0,EV battery,-0.09035
Store,EV battery,NL0 0,EV battery,-0.09231
Store,EV battery,NO1 0,EV battery,-0.1198
Store,EV battery,PL0 0,EV battery,-0.12253
Store,EV battery,PT0 0,EV battery,-0.104
Store,EV battery,RO0 0,EV battery,-0.1051
Store,EV battery,RS0 0,EV battery,-0.10353
Store,EV battery,SE1 0,EV battery,-0.12147
Store,EV battery,SI0 0,EV battery,-0.10151
Store,EV battery,SK0 0,EV battery,-0.09868
Store,EV battery,XK0 0,EV battery,-0.09046
Store,H2 Store,AT0 0,H2,0.0
Store,H2 Store,BE0 0,H2,-0.0
Store,H2 Store,BG0 0,H2,-0.0
Store,H2 Store,CH0 0,H2,-0.0
Store,H2 Store,CZ0 0,H2,-0.0
Store,H2 Store,EE0 0,H2,0.0
Store,H2 Store,ES6 0,H2,-0.0
Store,H2 Store,FI1 0,H2,-0.0
Store,H2 Store,FR5 0,H2,0.0
Store,H2 Store,HR0 0,H2,0.0
Store,H2 Store,HU0 0,H2,0.0
Store,H2 Store,IE3 0,H2,0.0
Store,H2 Store,IT0 0,H2,-0.0
Store,H2 Store,IT4 0,H2,0.0
Store,H2 Store,LT0 0,H2,-0.0
Store,H2 Store,LU0 0,H2,0.0
Store,H2 Store,LV0 0,H2,0.0
Store,H2 Store,ME0 0,H2,0.0
Store,H2 Store,MK0 0,H2,0.0
Store,H2 Store,RS0 0,H2,-0.0
Store,H2 Store,SE1 0,H2,0.0
Store,H2 Store,SI0 0,H2,-0.0
Store,H2 Store,SK0 0,H2,0.0
Store,H2 Store,XK0 0,H2,0.0
Store,battery,AL0 0,battery,-0.0
Store,battery,AT0 0,battery,0.0
Store,battery,BA0 0,battery,-0.0
Store,battery,BE0 0,battery,0.0
Store,battery,BG0 0,battery,-0.0
Store,battery,CH0 0,battery,0.0
Store,battery,CZ0 0,battery,-0.0
Store,battery,DE0 0,battery,-0.0
Store,battery,DE0 1,battery,-0.0
Store,battery,DK0 0,battery,-0.0
Store,battery,DK1 0,battery,-0.0
Store,battery,EE0 0,battery,-0.0
Store,battery,ES0 0,battery,0.0
Store,battery,ES6 0,battery,-0.0
Store,battery,FI1 0,battery,0.0
Store,battery,FR0 0,battery,-0.0
Store,battery,FR5 0,battery,-0.0
Store,battery,GB2 0,battery,0.0
Store,battery,GB3 0,battery,-0.0
Store,battery,GR0 0,battery,0.0
Store,battery,HR0 0,battery,-0.0
Store,battery,HU0 0,battery,-0.0
Store,battery,IE3 0,battery,0.0
Store,battery,IT0 0,battery,0.00053
Store,battery,IT4 0,battery,0.0
Store,battery,LT0 0,battery,0.00053
Store,battery,LU0 0,battery,0.0
Store,battery,LV0 0,battery,0.0
Store,battery,ME0 0,battery,0.0
Store,battery,MK0 0,battery,0.0
Store,battery,NL0 0,battery,-0.0
Store,battery,NO1 0,battery,-0.0
Store,battery,PL0 0,battery,0.0
Store,battery,PT0 0,battery,-0.0
Store,battery,RO0 0,battery,0.0
Store,battery,RS0 0,battery,-0.0
Store,battery,SE1 0,battery,-0.0
Store,battery,SI0 0,battery,0.0
Store,battery,SK0 0,battery,0.0
Store,battery,XK0 0,battery,-0.0
Store,co2,EU,co2,-0.71227
Store,co2 sequestered,EU,co2 sequestered,-249997310.20475
Store,co2 stored,EU,co2 stored,0.0
Store,gas,EU,gas,0.0
Store,home battery,AL0 0,home battery,-0.0
Store,home battery,AT0 0,home battery,-0.0
Store,home battery,BA0 0,home battery,0.0
Store,home battery,BE0 0,home battery,-0.0
Store,home battery,BG0 0,home battery,-0.0
Store,home battery,CH0 0,home battery,0.0
Store,home battery,CZ0 0,home battery,0.0
Store,home battery,DE0 0,home battery,-0.0
Store,home battery,DE0 1,home battery,-0.0
Store,home battery,DK0 0,home battery,-0.0
Store,home battery,DK1 0,home battery,0.0
Store,home battery,EE0 0,home battery,-0.0
Store,home battery,ES0 0,home battery,0.0
Store,home battery,ES6 0,home battery,0.0
Store,home battery,FI1 0,home battery,-0.0
Store,home battery,FR0 0,home battery,-0.0
Store,home battery,FR5 0,home battery,0.0
Store,home battery,GB2 0,home battery,0.0
Store,home battery,GB3 0,home battery,0.0
Store,home battery,GR0 0,home battery,-0.0
Store,home battery,HR0 0,home battery,-0.0
Store,home battery,HU0 0,home battery,0.0
Store,home battery,IE3 0,home battery,0.0
Store,home battery,IT0 0,home battery,0.0
Store,home battery,IT4 0,home battery,0.0
Store,home battery,LT0 0,home battery,-0.0
Store,home battery,LU0 0,home battery,-0.0
Store,home battery,LV0 0,home battery,-0.0
Store,home battery,ME0 0,home battery,0.0
Store,home battery,MK0 0,home battery,0.0
Store,home battery,NL0 0,home battery,-0.0
Store,home battery,NO1 0,home battery,0.0
Store,home battery,PL0 0,home battery,-0.0
Store,home battery,PT0 0,home battery,-0.0
Store,home battery,RO0 0,home battery,-0.0
Store,home battery,RS0 0,home battery,-0.0
Store,home battery,SE1 0,home battery,0.0
Store,home battery,SI0 0,home battery,-0.0
Store,home battery,SK0 0,home battery,-0.0
Store,home battery,XK0 0,home battery,-0.0
Store,methanol,EU,methanol,-0.0
Store,non-sequestered HVC,EU,non-sequestered HVC,117504290.159
Store,oil,EU,oil,0.0
