component,carrier,location,bus_carrier,0
Generator,biogas,EU,biogas,0.0
Generator,gas,EU,gas,257077965.69717
Generator,load,AL0 0,AC,8.25157
Generator,load,AL0 0,EV battery,7.80952
Generator,load,AL0 0,H2,6.06328
Generator,load,AL0 0,battery,8.30774
Generator,load,AL0 0,home battery,8.34605
Generator,load,AL0 0,low voltage,8.26617
Generator,load,AL0 0,residential rural heat,0.0
Generator,load,AL0 0,residential urban decentral heat,0.0
Generator,load,AL0 0,services rural heat,0.0
Generator,load,AL0 0,services urban decentral heat,0.0
Generator,load,AL0 0,urban central heat,0.0
Generator,load,AT0 0,AC,8.21261
Generator,load,AT0 0,EV battery,8.61898
Generator,load,AT0 0,H2,6.06683
Generator,load,AT0 0,battery,8.23378
Generator,load,AT0 0,home battery,8.2575
Generator,load,AT0 0,low voltage,8.2224
Generator,load,AT0 0,residential rural heat,0.0
Generator,load,AT0 0,residential urban decentral heat,0.0
Generator,load,AT0 0,services rural heat,0.0
Generator,load,AT0 0,services urban decentral heat,0.0
Generator,load,AT0 0,urban central heat,0.0
Generator,load,BA0 0,AC,8.13701
Generator,load,BA0 0,EV battery,8.09816
Generator,load,BA0 0,H2,6.06433
Generator,load,BA0 0,battery,8.21079
Generator,load,BA0 0,home battery,8.26109
Generator,load,BA0 0,low voltage,8.16939
Generator,load,BA0 0,residential rural heat,0.0
Generator,load,BA0 0,residential urban decentral heat,0.0
Generator,load,BA0 0,services rural heat,0.0
Generator,load,BA0 0,services urban decentral heat,0.0
Generator,load,BA0 0,urban central heat,0.0
Generator,load,BE0 0,AC,6.90868
Generator,load,BE0 0,EV battery,8.72468
Generator,load,BE0 0,H2,6.07006
Generator,load,BE0 0,battery,7.00853
Generator,load,BE0 0,home battery,7.08516
Generator,load,BE0 0,low voltage,6.9335
Generator,load,BE0 0,residential rural heat,0.0
Generator,load,BE0 0,residential urban decentral heat,0.0
Generator,load,BE0 0,services rural heat,0.0
Generator,load,BE0 0,services urban decentral heat,0.0
Generator,load,BE0 0,urban central heat,0.0
Generator,load,BG0 0,AC,6.9112
Generator,load,BG0 0,EV battery,8.39356
Generator,load,BG0 0,H2,6.06566
Generator,load,BG0 0,battery,7.01289
Generator,load,BG0 0,home battery,7.12031
Generator,load,BG0 0,low voltage,6.96579
Generator,load,BG0 0,residential rural heat,0.0
Generator,load,BG0 0,residential urban decentral heat,0.0
Generator,load,BG0 0,services rural heat,0.0
Generator,load,BG0 0,services urban decentral heat,0.0
Generator,load,BG0 0,urban central heat,0.0
Generator,load,CH0 0,AC,6.9702
Generator,load,CH0 0,EV battery,8.47043
Generator,load,CH0 0,H2,6.06649
Generator,load,CH0 0,battery,6.97251
Generator,load,CH0 0,home battery,7.09542
Generator,load,CH0 0,low voltage,6.95358
Generator,load,CH0 0,residential rural heat,0.0
Generator,load,CH0 0,residential urban decentral heat,0.0
Generator,load,CH0 0,services rural heat,0.0
Generator,load,CH0 0,services urban decentral heat,0.0
Generator,load,CH0 0,urban central heat,0.0
Generator,load,CZ0 0,AC,6.91186
Generator,load,CZ0 0,EV battery,8.56502
Generator,load,CZ0 0,H2,6.06915
Generator,load,CZ0 0,battery,7.01178
Generator,load,CZ0 0,home battery,7.11393
Generator,load,CZ0 0,low voltage,6.97267
Generator,load,CZ0 0,residential rural heat,0.0
Generator,load,CZ0 0,residential urban decentral heat,0.0
Generator,load,CZ0 0,services rural heat,0.0
Generator,load,CZ0 0,services urban decentral heat,0.0
Generator,load,CZ0 0,urban central heat,0.0
Generator,load,DE0 0,AC,6.90323
Generator,load,DE0 0,EV battery,8.94047
Generator,load,DE0 0,H2,6.06986
Generator,load,DE0 0,battery,6.99453
Generator,load,DE0 0,home battery,7.07678
Generator,load,DE0 0,low voltage,6.95554
Generator,load,DE0 0,residential rural heat,0.0
Generator,load,DE0 0,residential urban decentral heat,0.0
Generator,load,DE0 0,services rural heat,0.0
Generator,load,DE0 0,services urban decentral heat,0.0
Generator,load,DE0 0,urban central heat,0.0
Generator,load,DE0 1,AC,6.97372
Generator,load,DE0 1,EV battery,8.77638
Generator,load,DE0 1,H2,6.07009
Generator,load,DE0 1,battery,6.97552
Generator,load,DE0 1,home battery,7.09241
Generator,load,DE0 1,low voltage,6.95025
Generator,load,DE0 1,residential rural heat,0.0
Generator,load,DE0 1,residential urban decentral heat,0.0
Generator,load,DE0 1,services rural heat,0.0
Generator,load,DE0 1,services urban decentral heat,0.0
Generator,load,DE0 1,urban central heat,0.0
Generator,load,DK0 0,AC,7.69699
Generator,load,DK0 0,EV battery,8.49345
Generator,load,DK0 0,H2,6.07101
Generator,load,DK0 0,battery,7.80075
Generator,load,DK0 0,home battery,7.89511
Generator,load,DK0 0,low voltage,7.72709
Generator,load,DK0 0,residential rural heat,0.0
Generator,load,DK0 0,residential urban decentral heat,0.0
Generator,load,DK0 0,services rural heat,0.0
Generator,load,DK0 0,services urban decentral heat,0.0
Generator,load,DK0 0,urban central heat,0.0
Generator,load,DK1 0,AC,7.89911
Generator,load,DK1 0,EV battery,8.33993
Generator,load,DK1 0,H2,6.07063
Generator,load,DK1 0,battery,8.01863
Generator,load,DK1 0,home battery,8.0941
Generator,load,DK1 0,low voltage,7.92839
Generator,load,DK1 0,residential rural heat,0.0
Generator,load,DK1 0,residential urban decentral heat,0.0
Generator,load,DK1 0,services rural heat,0.0
Generator,load,DK1 0,services urban decentral heat,0.0
Generator,load,DK1 0,urban central heat,0.0
Generator,load,EE0 0,AC,7.41177
Generator,load,EE0 0,EV battery,7.822
Generator,load,EE0 0,H2,6.07436
Generator,load,EE0 0,battery,7.55229
Generator,load,EE0 0,home battery,7.67977
Generator,load,EE0 0,low voltage,7.47676
Generator,load,EE0 0,residential rural heat,0.0
Generator,load,EE0 0,residential urban decentral heat,0.0
Generator,load,EE0 0,services rural heat,0.0
Generator,load,EE0 0,services urban decentral heat,0.0
Generator,load,EE0 0,urban central heat,0.0
Generator,load,ES0 0,AC,6.9618
Generator,load,ES0 0,EV battery,8.8013
Generator,load,ES0 0,H2,6.0763
Generator,load,ES0 0,battery,6.96457
Generator,load,ES0 0,home battery,7.09697
Generator,load,ES0 0,low voltage,6.93991
Generator,load,ES0 0,residential rural heat,0.0
Generator,load,ES0 0,residential urban decentral heat,0.0
Generator,load,ES0 0,services rural heat,0.0
Generator,load,ES0 0,services urban decentral heat,0.0
Generator,load,ES0 0,urban central heat,0.0
Generator,load,ES6 0,AC,6.98099
Generator,load,ES6 0,EV battery,6.72567
Generator,load,ES6 0,H2,6.07874
Generator,load,ES6 0,battery,6.98404
Generator,load,ES6 0,home battery,7.12127
Generator,load,ES6 0,low voltage,6.94268
Generator,load,ES6 0,residential rural heat,0.0
Generator,load,ES6 0,residential urban decentral heat,0.0
Generator,load,ES6 0,services rural heat,0.0
Generator,load,ES6 0,services urban decentral heat,0.0
Generator,load,ES6 0,urban central heat,0.0
Generator,load,EU,agriculture machinery oil,23812062.17801
Generator,load,EU,biogas,0.0
Generator,load,EU,co2,0.0
Generator,load,EU,co2 sequestered,229.98375
Generator,load,EU,co2 stored,178.3961
Generator,load,EU,gas,0.0
Generator,load,EU,gas for industry,250.7386
Generator,load,EU,industry methanol,190.96625
Generator,load,EU,kerosene for aviation,186355292.2354
Generator,load,EU,methanol,8.51973
Generator,load,EU,naphtha for industry,8.13323
Generator,load,EU,non-sequestered HVC,431.48852
Generator,load,EU,none,0.0
Generator,load,EU,oil,8.59657
Generator,load,EU,oil primary,0.0
Generator,load,EU,process emissions,82.22715
Generator,load,EU,shipping methanol,327.05759
Generator,load,EU,solid biomass,7.83001
Generator,load,EU,solid biomass for industry,3.3713
Generator,load,FI1 0,AC,6.97952
Generator,load,FI1 0,EV battery,8.47306
Generator,load,FI1 0,H2,6.07345
Generator,load,FI1 0,battery,6.98142
Generator,load,FI1 0,home battery,7.09853
Generator,load,FI1 0,low voltage,6.96609
Generator,load,FI1 0,residential rural heat,0.0
Generator,load,FI1 0,residential urban decentral heat,0.0
Generator,load,FI1 0,services rural heat,0.0
Generator,load,FI1 0,services urban decentral heat,0.0
Generator,load,FI1 0,urban central heat,0.0
Generator,load,FR0 0,AC,6.97659
Generator,load,FR0 0,EV battery,8.92149
Generator,load,FR0 0,H2,6.06883
Generator,load,FR0 0,battery,6.97808
Generator,load,FR0 0,home battery,7.09836
Generator,load,FR0 0,low voltage,6.94794
Generator,load,FR0 0,residential rural heat,0.0
Generator,load,FR0 0,residential urban decentral heat,0.0
Generator,load,FR0 0,services rural heat,0.0
Generator,load,FR0 0,services urban decentral heat,0.0
Generator,load,FR0 0,urban central heat,0.0
Generator,load,FR5 0,AC,7.99891
Generator,load,FR5 0,EV battery,4.74334
Generator,load,FR5 0,H2,5.99018
Generator,load,FR5 0,battery,8.03982
Generator,load,FR5 0,home battery,8.06297
Generator,load,FR5 0,low voltage,8.04373
Generator,load,FR5 0,residential rural heat,0.0
Generator,load,FR5 0,residential urban decentral heat,0.0
Generator,load,FR5 0,services rural heat,0.0
Generator,load,FR5 0,services urban decentral heat,0.0
Generator,load,GB2 0,AC,6.89709
Generator,load,GB2 0,EV battery,8.83192
Generator,load,GB2 0,H2,6.07088
Generator,load,GB2 0,battery,6.96925
Generator,load,GB2 0,home battery,7.11327
Generator,load,GB2 0,low voltage,6.94673
Generator,load,GB2 0,residential rural heat,0.0
Generator,load,GB2 0,residential urban decentral heat,0.0
Generator,load,GB2 0,services rural heat,0.0
Generator,load,GB2 0,services urban decentral heat,0.0
Generator,load,GB2 0,urban central heat,0.0
Generator,load,GB3 0,AC,6.90358
Generator,load,GB3 0,EV battery,7.73212
Generator,load,GB3 0,H2,6.07149
Generator,load,GB3 0,battery,7.00491
Generator,load,GB3 0,home battery,7.13773
Generator,load,GB3 0,low voltage,6.95112
Generator,load,GB3 0,residential rural heat,0.0
Generator,load,GB3 0,residential urban decentral heat,0.0
Generator,load,GB3 0,services rural heat,0.0
Generator,load,GB3 0,services urban decentral heat,0.0
Generator,load,GB3 0,urban central heat,0.0
Generator,load,GR0 0,AC,7.17308
Generator,load,GR0 0,EV battery,8.51999
Generator,load,GR0 0,H2,6.06453
Generator,load,GR0 0,battery,7.17462
Generator,load,GR0 0,home battery,7.28924
Generator,load,GR0 0,low voltage,7.15378
Generator,load,GR0 0,residential rural heat,0.0
Generator,load,GR0 0,residential urban decentral heat,0.0
Generator,load,GR0 0,services rural heat,0.0
Generator,load,GR0 0,services urban decentral heat,0.0
Generator,load,GR0 0,urban central heat,0.0
Generator,load,HR0 0,AC,7.99033
Generator,load,HR0 0,EV battery,8.41478
Generator,load,HR0 0,H2,6.06517
Generator,load,HR0 0,battery,8.08089
Generator,load,HR0 0,home battery,8.14018
Generator,load,HR0 0,low voltage,8.0189
Generator,load,HR0 0,residential rural heat,0.0
Generator,load,HR0 0,residential urban decentral heat,0.0
Generator,load,HR0 0,services rural heat,0.0
Generator,load,HR0 0,services urban decentral heat,0.0
Generator,load,HR0 0,urban central heat,0.0
Generator,load,HU0 0,AC,6.89031
Generator,load,HU0 0,EV battery,8.54042
Generator,load,HU0 0,H2,6.06618
Generator,load,HU0 0,battery,6.97253
Generator,load,HU0 0,home battery,7.02813
Generator,load,HU0 0,low voltage,6.92601
Generator,load,HU0 0,residential rural heat,0.0
Generator,load,HU0 0,residential urban decentral heat,0.0
Generator,load,HU0 0,services rural heat,0.0
Generator,load,HU0 0,services urban decentral heat,0.0
Generator,load,HU0 0,urban central heat,0.0
Generator,load,IE3 0,AC,7.11569
Generator,load,IE3 0,EV battery,8.46413
Generator,load,IE3 0,H2,6.0707
Generator,load,IE3 0,battery,7.22322
Generator,load,IE3 0,home battery,7.36567
Generator,load,IE3 0,low voltage,7.16942
Generator,load,IE3 0,residential rural heat,0.0
Generator,load,IE3 0,residential urban decentral heat,0.0
Generator,load,IE3 0,services rural heat,0.0
Generator,load,IE3 0,services urban decentral heat,0.0
Generator,load,IE3 0,urban central heat,0.0
Generator,load,IT0 0,AC,0.0
Generator,load,IT0 0,EV battery,9.02973
Generator,load,IT0 0,H2,6.05972
Generator,load,IT0 0,battery,0.0
Generator,load,IT0 0,home battery,7.06445
Generator,load,IT0 0,low voltage,6.91557
Generator,load,IT0 0,residential rural heat,0.0
Generator,load,IT0 0,residential urban decentral heat,0.0
Generator,load,IT0 0,services rural heat,0.0
Generator,load,IT0 0,services urban decentral heat,0.0
Generator,load,IT0 0,urban central heat,0.0
Generator,load,IT4 0,AC,7.26955
Generator,load,IT4 0,EV battery,7.98382
Generator,load,IT4 0,H2,6.06141
Generator,load,IT4 0,battery,7.41098
Generator,load,IT4 0,home battery,7.56183
Generator,load,IT4 0,low voltage,7.30948
Generator,load,IT4 0,residential rural heat,0.0
Generator,load,IT4 0,residential urban decentral heat,0.0
Generator,load,IT4 0,services rural heat,0.0
Generator,load,IT4 0,services urban decentral heat,0.0
Generator,load,IT4 0,urban central heat,0.0
Generator,load,LT0 0,AC,0.0
Generator,load,LT0 0,EV battery,8.40408
Generator,load,LT0 0,H2,6.07234
Generator,load,LT0 0,battery,0.0
Generator,load,LT0 0,home battery,7.0891
Generator,load,LT0 0,low voltage,6.93583
Generator,load,LT0 0,residential rural heat,0.0
Generator,load,LT0 0,residential urban decentral heat,0.0
Generator,load,LT0 0,services rural heat,0.0
Generator,load,LT0 0,services urban decentral heat,0.0
Generator,load,LT0 0,urban central heat,0.0
Generator,load,LU0 0,AC,8.35827
Generator,load,LU0 0,EV battery,8.13207
Generator,load,LU0 0,H2,6.06904
Generator,load,LU0 0,battery,8.39795
Generator,load,LU0 0,home battery,8.43532
Generator,load,LU0 0,low voltage,8.37323
Generator,load,LU0 0,residential rural heat,0.0
Generator,load,LU0 0,residential urban decentral heat,0.0
Generator,load,LU0 0,services rural heat,0.0
Generator,load,LU0 0,services urban decentral heat,0.0
Generator,load,LU0 0,urban central heat,0.0
Generator,load,LV0 0,AC,7.45396
Generator,load,LV0 0,EV battery,8.12081
Generator,load,LV0 0,H2,6.07372
Generator,load,LV0 0,battery,7.609
Generator,load,LV0 0,home battery,7.72911
Generator,load,LV0 0,low voltage,7.51424
Generator,load,LV0 0,residential rural heat,0.0
Generator,load,LV0 0,residential urban decentral heat,0.0
Generator,load,LV0 0,services rural heat,0.0
Generator,load,LV0 0,services urban decentral heat,0.0
Generator,load,LV0 0,urban central heat,0.0
Generator,load,ME0 0,AC,8.13846
Generator,load,ME0 0,EV battery,5.50258
Generator,load,ME0 0,H2,6.06323
Generator,load,ME0 0,battery,8.19053
Generator,load,ME0 0,home battery,8.23373
Generator,load,ME0 0,low voltage,8.16122
Generator,load,ME0 0,residential rural heat,0.0
Generator,load,ME0 0,residential urban decentral heat,0.0
Generator,load,ME0 0,services rural heat,0.0
Generator,load,ME0 0,services urban decentral heat,0.0
Generator,load,ME0 0,urban central heat,0.0
Generator,load,MK0 0,AC,8.36418
Generator,load,MK0 0,EV battery,7.747
Generator,load,MK0 0,H2,6.06385
Generator,load,MK0 0,battery,8.39897
Generator,load,MK0 0,home battery,8.42418
Generator,load,MK0 0,low voltage,8.37644
Generator,load,MK0 0,residential rural heat,0.0
Generator,load,MK0 0,residential urban decentral heat,0.0
Generator,load,MK0 0,services rural heat,0.0
Generator,load,MK0 0,services urban decentral heat,0.0
Generator,load,MK0 0,urban central heat,0.0
Generator,load,NL0 0,AC,6.9066
Generator,load,NL0 0,EV battery,8.75313
Generator,load,NL0 0,H2,6.07079
Generator,load,NL0 0,battery,7.00236
Generator,load,NL0 0,home battery,7.10508
Generator,load,NL0 0,low voltage,6.941
Generator,load,NL0 0,residential rural heat,0.0
Generator,load,NL0 0,residential urban decentral heat,0.0
Generator,load,NL0 0,services rural heat,0.0
Generator,load,NL0 0,services urban decentral heat,0.0
Generator,load,NL0 0,urban central heat,0.0
Generator,load,NO1 0,AC,7.22499
Generator,load,NO1 0,EV battery,8.39267
Generator,load,NO1 0,H2,6.0718
Generator,load,NO1 0,battery,7.22819
Generator,load,NO1 0,home battery,7.36769
Generator,load,NO1 0,low voltage,7.20271
Generator,load,NO1 0,residential rural heat,0.0
Generator,load,NO1 0,residential urban decentral heat,0.0
Generator,load,NO1 0,services rural heat,0.0
Generator,load,NO1 0,services urban decentral heat,0.0
Generator,load,NO1 0,urban central heat,0.0
Generator,load,PL0 0,AC,7.37926
Generator,load,PL0 0,EV battery,8.80238
Generator,load,PL0 0,H2,6.07107
Generator,load,PL0 0,battery,7.52338
Generator,load,PL0 0,home battery,7.73686
Generator,load,PL0 0,low voltage,7.50048
Generator,load,PL0 0,residential rural heat,0.0
Generator,load,PL0 0,residential urban decentral heat,0.0
Generator,load,PL0 0,services rural heat,0.0
Generator,load,PL0 0,services urban decentral heat,0.0
Generator,load,PL0 0,urban central heat,0.0
Generator,load,PT0 0,AC,7.15974
Generator,load,PT0 0,EV battery,8.54494
Generator,load,PT0 0,H2,6.07823
Generator,load,PT0 0,battery,7.1629
Generator,load,PT0 0,home battery,7.32465
Generator,load,PT0 0,low voltage,7.13829
Generator,load,PT0 0,residential rural heat,0.0
Generator,load,PT0 0,residential urban decentral heat,0.0
Generator,load,PT0 0,services rural heat,0.0
Generator,load,PT0 0,services urban decentral heat,0.0
Generator,load,PT0 0,urban central heat,0.0
Generator,load,RO0 0,AC,6.90762
Generator,load,RO0 0,EV battery,8.58407
Generator,load,RO0 0,H2,6.06602
Generator,load,RO0 0,battery,7.00633
Generator,load,RO0 0,home battery,7.10504
Generator,load,RO0 0,low voltage,6.9573
Generator,load,RO0 0,residential rural heat,0.0
Generator,load,RO0 0,residential urban decentral heat,0.0
Generator,load,RO0 0,services rural heat,0.0
Generator,load,RO0 0,services urban decentral heat,0.0
Generator,load,RO0 0,urban central heat,0.0
Generator,load,RS0 0,AC,8.27776
Generator,load,RS0 0,EV battery,8.31087
Generator,load,RS0 0,H2,6.06497
Generator,load,RS0 0,battery,8.29209
Generator,load,RS0 0,home battery,8.30907
Generator,load,RS0 0,low voltage,8.28656
Generator,load,RS0 0,residential rural heat,0.0
Generator,load,RS0 0,residential urban decentral heat,0.0
Generator,load,RS0 0,services rural heat,0.0
Generator,load,RS0 0,services urban decentral heat,0.0
Generator,load,RS0 0,urban central heat,0.0
Generator,load,SE1 0,AC,6.97925
Generator,load,SE1 0,EV battery,8.54957
Generator,load,SE1 0,H2,6.07135
Generator,load,SE1 0,battery,6.98062
Generator,load,SE1 0,home battery,7.1019
Generator,load,SE1 0,low voltage,6.96664
Generator,load,SE1 0,residential rural heat,0.0
Generator,load,SE1 0,residential urban decentral heat,0.0
Generator,load,SE1 0,services rural heat,0.0
Generator,load,SE1 0,services urban decentral heat,0.0
Generator,load,SE1 0,urban central heat,0.0
Generator,load,SI0 0,AC,6.891
Generator,load,SI0 0,EV battery,8.30022
Generator,load,SI0 0,H2,6.06471
Generator,load,SI0 0,battery,6.97398
Generator,load,SI0 0,home battery,7.0872
Generator,load,SI0 0,low voltage,6.93732
Generator,load,SI0 0,residential rural heat,0.0
Generator,load,SI0 0,residential urban decentral heat,0.0
Generator,load,SI0 0,services rural heat,0.0
Generator,load,SI0 0,services urban decentral heat,0.0
Generator,load,SI0 0,urban central heat,0.0
Generator,load,SK0 0,AC,6.90149
Generator,load,SK0 0,EV battery,8.45908
Generator,load,SK0 0,H2,6.06869
Generator,load,SK0 0,battery,6.99312
Generator,load,SK0 0,home battery,7.07556
Generator,load,SK0 0,low voltage,6.94274
Generator,load,SK0 0,residential rural heat,0.0
Generator,load,SK0 0,residential urban decentral heat,0.0
Generator,load,SK0 0,services rural heat,0.0
Generator,load,SK0 0,services urban decentral heat,0.0
Generator,load,SK0 0,urban central heat,0.0
Generator,load,XK0 0,AC,8.35431
Generator,load,XK0 0,EV battery,6.69628
Generator,load,XK0 0,H2,6.06358
Generator,load,XK0 0,battery,8.39178
Generator,load,XK0 0,home battery,8.42609
Generator,load,XK0 0,low voltage,8.37108
Generator,load,XK0 0,residential rural heat,0.0
Generator,load,XK0 0,residential urban decentral heat,0.0
Generator,load,XK0 0,services rural heat,0.0
Generator,load,XK0 0,services urban decentral heat,0.0
Generator,load,XK0 0,urban central heat,0.0
Generator,nuclear,BE0 0,AC,29789157.61458
Generator,nuclear,BG0 0,AC,8911421.00025
Generator,nuclear,CH0 0,AC,14436875.14444
Generator,nuclear,CZ0 0,AC,21982426.54269
Generator,nuclear,DE0 0,AC,88635517.71619
Generator,nuclear,DE0 1,AC,43356789.9755
Generator,nuclear,ES0 0,AC,23199190.83709
Generator,nuclear,ES6 0,AC,15075985.89118
Generator,nuclear,FI1 0,AC,23084757.28332
Generator,nuclear,FR0 0,AC,215941555.36654
Generator,nuclear,GB2 0,AC,57487157.26181
Generator,nuclear,GB3 0,AC,10396456.77637
Generator,nuclear,HU0 0,AC,9211580.7129
Generator,nuclear,IT0 0,AC,7490919.73955
Generator,nuclear,LT0 0,AC,15222158.81233
Generator,nuclear,NL0 0,AC,300328.48746
Generator,nuclear,RO0 0,AC,5868978.88266
Generator,nuclear,SE1 0,AC,46672309.28408
Generator,nuclear,SI0 0,AC,3300941.28461
Generator,nuclear,SK0 0,AC,9908151.19612
Generator,offwind-ac,AL0 0,AC,930012.59995
Generator,offwind-ac,BA0 0,AC,2627.66112
Generator,offwind-ac,BE0 0,AC,9802170.38769
Generator,offwind-ac,BG0 0,AC,141458.11233
Generator,offwind-ac,DE0 0,AC,33450866.66587
Generator,offwind-ac,DE0 1,AC,9331845.27789
Generator,offwind-ac,DK0 0,AC,6560709.98508
Generator,offwind-ac,DK1 0,AC,48045193.90911
Generator,offwind-ac,EE0 0,AC,89909.784
Generator,offwind-ac,ES0 0,AC,52737.42166
Generator,offwind-ac,ES6 0,AC,17625.31267
Generator,offwind-ac,FI1 0,AC,248031.25095
Generator,offwind-ac,FR0 0,AC,9941724.66731
Generator,offwind-ac,FR5 0,AC,16387.15512
Generator,offwind-ac,GB2 0,AC,518703033.46507
Generator,offwind-ac,GB3 0,AC,25041342.81496
Generator,offwind-ac,GR0 0,AC,57300.18936
Generator,offwind-ac,HR0 0,AC,55211.50338
Generator,offwind-ac,IE3 0,AC,208963119.12814
Generator,offwind-ac,IT0 0,AC,45505.77576
Generator,offwind-ac,IT4 0,AC,40704.38597
Generator,offwind-ac,LT0 0,AC,138570.80374
Generator,offwind-ac,LV0 0,AC,112528.2496
Generator,offwind-ac,ME0 0,AC,36195.77959
Generator,offwind-ac,NL0 0,AC,24451901.58138
Generator,offwind-ac,NO1 0,AC,56783781.35821
Generator,offwind-ac,PL0 0,AC,27910728.25983
Generator,offwind-ac,PT0 0,AC,242365.21301
Generator,offwind-ac,RO0 0,AC,5335380.57462
Generator,offwind-ac,SE1 0,AC,1274842.24946
Generator,offwind-ac,SI0 0,AC,5530.34649
Generator,offwind-dc,AL0 0,AC,15814279.83383
Generator,offwind-dc,BE0 0,AC,4028087.62637
Generator,offwind-dc,BG0 0,AC,7438014.3755
Generator,offwind-dc,DE0 0,AC,69818700.77215
Generator,offwind-dc,DE0 1,AC,1218589.86444
Generator,offwind-dc,DK0 0,AC,191402.26186
Generator,offwind-dc,DK1 0,AC,13288093.49887
Generator,offwind-dc,EE0 0,AC,60819.44526
Generator,offwind-dc,ES0 0,AC,633672.77295
Generator,offwind-dc,ES6 0,AC,41349.44963
Generator,offwind-dc,FI1 0,AC,178373955.41769
Generator,offwind-dc,FR0 0,AC,1042733085.12499
Generator,offwind-dc,FR5 0,AC,33283.31633
Generator,offwind-dc,GB2 0,AC,345044.24583
Generator,offwind-dc,GB3 0,AC,7232346.63619
Generator,offwind-dc,GR0 0,AC,162965.01925
Generator,offwind-dc,HR0 0,AC,122102.20064
Generator,offwind-dc,IE3 0,AC,152623907.79119
Generator,offwind-dc,IT0 0,AC,283795269.78527
Generator,offwind-dc,IT4 0,AC,195361.56249
Generator,offwind-dc,LT0 0,AC,3434289.07283
Generator,offwind-dc,LV0 0,AC,904394.89355
Generator,offwind-dc,ME0 0,AC,6310322.35531
Generator,offwind-dc,NL0 0,AC,338997.26332
Generator,offwind-dc,NO1 0,AC,1813658.61145
Generator,offwind-dc,PL0 0,AC,80497932.00791
Generator,offwind-dc,PT0 0,AC,207132.03305
Generator,offwind-dc,RO0 0,AC,71242491.50279
Generator,offwind-dc,SE1 0,AC,304362635.98519
Generator,oil primary,EU,oil primary,175.28484
Generator,onwind,AL0 0,AC,99512.19382
Generator,onwind,AT0 0,AC,3553015.90701
Generator,onwind,BA0 0,AC,152701.34615
Generator,onwind,BE0 0,AC,34616315.46222
Generator,onwind,BG0 0,AC,698462.97672
Generator,onwind,CH0 0,AC,23423.09555
Generator,onwind,CZ0 0,AC,463732.45424
Generator,onwind,DE0 0,AC,64159770.75075
Generator,onwind,DE0 1,AC,41403130.47682
Generator,onwind,DK0 0,AC,214279336.22639
Generator,onwind,DK1 0,AC,62924927.43659
Generator,onwind,EE0 0,AC,38769471.9449
Generator,onwind,ES0 0,AC,188897611.95928
Generator,onwind,ES6 0,AC,5912964.8387
Generator,onwind,FI1 0,AC,16337883.29497
Generator,onwind,FR0 0,AC,45197391.43591
Generator,onwind,FR5 0,AC,24042.03892
Generator,onwind,GB2 0,AC,775186241.62349
Generator,onwind,GB3 0,AC,60393717.2867
Generator,onwind,GR0 0,AC,12621800.73853
Generator,onwind,HR0 0,AC,912162.1802
Generator,onwind,HU0 0,AC,58476011.45189
Generator,onwind,IE3 0,AC,11235959.81061
Generator,onwind,IT0 0,AC,9440992.21519
Generator,onwind,IT4 0,AC,23781323.37743
Generator,onwind,LT0 0,AC,2211200.47688
Generator,onwind,LU0 0,AC,280821.59768
Generator,onwind,LV0 0,AC,260628.66581
Generator,onwind,ME0 0,AC,33730.98013
Generator,onwind,MK0 0,AC,13309.19127
Generator,onwind,NL0 0,AC,135325674.57906
Generator,onwind,NO1 0,AC,9483380.17405
Generator,onwind,PL0 0,AC,141247987.40325
Generator,onwind,PT0 0,AC,8070435.04669
Generator,onwind,RO0 0,AC,5894116.38502
Generator,onwind,RS0 0,AC,695667.02849
Generator,onwind,SE1 0,AC,31169980.9641
Generator,onwind,SI0 0,AC,3597.60873
Generator,onwind,SK0 0,AC,51281.51576
Generator,onwind,XK0 0,AC,39856.29715
Generator,residential rural solar thermal,AL0 0,residential rural heat,10422.43251
Generator,residential rural solar thermal,AT0 0,residential rural heat,2346.79498
Generator,residential rural solar thermal,BA0 0,residential rural heat,2529.03526
Generator,residential rural solar thermal,BE0 0,residential rural heat,690.40694
Generator,residential rural solar thermal,BG0 0,residential rural heat,2540.45598
Generator,residential rural solar thermal,CH0 0,residential rural heat,2511.04818
Generator,residential rural solar thermal,CZ0 0,residential rural heat,1160.71144
Generator,residential rural solar thermal,DE0 0,residential rural heat,1330.7468
Generator,residential rural solar thermal,DE0 1,residential rural heat,1873.89231
Generator,residential rural solar thermal,DK0 0,residential rural heat,730.49696
Generator,residential rural solar thermal,DK1 0,residential rural heat,729.21215
Generator,residential rural solar thermal,EE0 0,residential rural heat,1061.52114
Generator,residential rural solar thermal,ES0 0,residential rural heat,15806.73734
Generator,residential rural solar thermal,ES6 0,residential rural heat,1448.84268
Generator,residential rural solar thermal,FI1 0,residential rural heat,292.19598
Generator,residential rural solar thermal,FR0 0,residential rural heat,3639.42117
Generator,residential rural solar thermal,FR5 0,residential rural heat,2960.11132
Generator,residential rural solar thermal,GB2 0,residential rural heat,1295.53763
Generator,residential rural solar thermal,GB3 0,residential rural heat,719.98148
Generator,residential rural solar thermal,GR0 0,residential rural heat,5583.32213
Generator,residential rural solar thermal,HR0 0,residential rural heat,2370.9758
Generator,residential rural solar thermal,HU0 0,residential rural heat,2018.06389
Generator,residential rural solar thermal,IE3 0,residential rural heat,1043.88007
Generator,residential rural solar thermal,IT0 0,residential rural heat,10897.69239
Generator,residential rural solar thermal,IT4 0,residential rural heat,8413.04463
Generator,residential rural solar thermal,LT0 0,residential rural heat,933.47094
Generator,residential rural solar thermal,LU0 0,residential rural heat,469.15155
Generator,residential rural solar thermal,LV0 0,residential rural heat,1190.20924
Generator,residential rural solar thermal,ME0 0,residential rural heat,2716.75383
Generator,residential rural solar thermal,MK0 0,residential rural heat,3675.47108
Generator,residential rural solar thermal,NL0 0,residential rural heat,784.32931
Generator,residential rural solar thermal,NO1 0,residential rural heat,337.19025
Generator,residential rural solar thermal,PL0 0,residential rural heat,1936.55952
Generator,residential rural solar thermal,PT0 0,residential rural heat,4765.15285
Generator,residential rural solar thermal,RO0 0,residential rural heat,3173.05941
Generator,residential rural solar thermal,RS0 0,residential rural heat,2470.41443
Generator,residential rural solar thermal,SE1 0,residential rural heat,617.86263
Generator,residential rural solar thermal,SI0 0,residential rural heat,1594.33292
Generator,residential rural solar thermal,SK0 0,residential rural heat,1445.97158
Generator,residential rural solar thermal,XK0 0,residential rural heat,1581.99128
Generator,residential urban decentral solar thermal,AL0 0,residential urban decentral heat,9477.65032
Generator,residential urban decentral solar thermal,AT0 0,residential urban decentral heat,2435.79698
Generator,residential urban decentral solar thermal,BA0 0,residential urban decentral heat,2747.72022
Generator,residential urban decentral solar thermal,BE0 0,residential urban decentral heat,1291.70362
Generator,residential urban decentral solar thermal,BG0 0,residential urban decentral heat,3042.28534
Generator,residential urban decentral solar thermal,CH0 0,residential urban decentral heat,3623.40621
Generator,residential urban decentral solar thermal,CZ0 0,residential urban decentral heat,1396.85933
Generator,residential urban decentral solar thermal,DE0 0,residential urban decentral heat,1940.35383
Generator,residential urban decentral solar thermal,DE0 1,residential urban decentral heat,1924.93145
Generator,residential urban decentral solar thermal,DK0 0,residential urban decentral heat,1144.58161
Generator,residential urban decentral solar thermal,DK1 0,residential urban decentral heat,1136.97536
Generator,residential urban decentral solar thermal,EE0 0,residential urban decentral heat,1186.17739
Generator,residential urban decentral solar thermal,ES0 0,residential urban decentral heat,23456.70417
Generator,residential urban decentral solar thermal,ES6 0,residential urban decentral heat,1984.10311
Generator,residential urban decentral solar thermal,FI1 0,residential urban decentral heat,416.03381
Generator,residential urban decentral solar thermal,FR0 0,residential urban decentral heat,4529.48014
Generator,residential urban decentral solar thermal,FR5 0,residential urban decentral heat,0.0
Generator,residential urban decentral solar thermal,GB2 0,residential urban decentral heat,1878.94441
Generator,residential urban decentral solar thermal,GB3 0,residential urban decentral heat,634.27257
Generator,residential urban decentral solar thermal,GR0 0,residential urban decentral heat,6961.90668
Generator,residential urban decentral solar thermal,HR0 0,residential urban decentral heat,2335.58213
Generator,residential urban decentral solar thermal,HU0 0,residential urban decentral heat,2311.74662
Generator,residential urban decentral solar thermal,IE3 0,residential urban decentral heat,1119.29787
Generator,residential urban decentral solar thermal,IT0 0,residential urban decentral heat,13753.26351
Generator,residential urban decentral solar thermal,IT4 0,residential urban decentral heat,5324.5457
Generator,residential urban decentral solar thermal,LT0 0,residential urban decentral heat,1021.36469
Generator,residential urban decentral solar thermal,LU0 0,residential urban decentral heat,1163.68953
Generator,residential urban decentral solar thermal,LV0 0,residential urban decentral heat,1322.70176
Generator,residential urban decentral solar thermal,ME0 0,residential urban decentral heat,3537.23132
Generator,residential urban decentral solar thermal,MK0 0,residential urban decentral heat,3294.74987
Generator,residential urban decentral solar thermal,NL0 0,residential urban decentral heat,1454.00639
Generator,residential urban decentral solar thermal,NO1 0,residential urban decentral heat,456.16911
Generator,residential urban decentral solar thermal,PL0 0,residential urban decentral heat,1972.36276
Generator,residential urban decentral solar thermal,PT0 0,residential urban decentral heat,5859.91139
Generator,residential urban decentral solar thermal,RO0 0,residential urban decentral heat,3196.33084
Generator,residential urban decentral solar thermal,RS0 0,residential urban decentral heat,2381.71081
Generator,residential urban decentral solar thermal,SE1 0,residential urban decentral heat,966.43284
Generator,residential urban decentral solar thermal,SI0 0,residential urban decentral heat,1590.3403
Generator,residential urban decentral solar thermal,SK0 0,residential urban decentral heat,1464.69178
Generator,residential urban decentral solar thermal,XK0 0,residential urban decentral heat,1652.53141
Generator,ror,AL0 0,AC,145560.23534
Generator,ror,AT0 0,AC,18456230.33088
Generator,ror,BE0 0,AC,268153.21816
Generator,ror,BG0 0,AC,188257.01729
Generator,ror,CH0 0,AC,9425589.63722
Generator,ror,CZ0 0,AC,136349.53783
Generator,ror,DE0 0,AC,6735123.9515
Generator,ror,DE0 1,AC,14846713.1734
Generator,ror,ES0 0,AC,274218.37854
Generator,ror,ES6 0,AC,315829.05923
Generator,ror,FI1 0,AC,6755083.95634
Generator,ror,FR0 0,AC,28617564.78692
Generator,ror,FR5 0,AC,565309.88623
Generator,ror,GB2 0,AC,2401776.69052
Generator,ror,GB3 0,AC,1512201.70444
Generator,ror,GR0 0,AC,216203.13642
Generator,ror,HR0 0,AC,1165214.90601
Generator,ror,HU0 0,AC,66856.76644
Generator,ror,IE3 0,AC,497584.78851
Generator,ror,IT0 0,AC,30855278.95461
Generator,ror,IT4 0,AC,466617.804
Generator,ror,LT0 0,AC,478676.50382
Generator,ror,LV0 0,AC,2725427.39335
Generator,ror,ME0 0,AC,21857.513
Generator,ror,MK0 0,AC,456362.24255
Generator,ror,NO1 0,AC,4283615.81032
Generator,ror,PL0 0,AC,1134067.86521
Generator,ror,PT0 0,AC,6559418.25158
Generator,ror,RO0 0,AC,6199025.22516
Generator,ror,RS0 0,AC,6683815.16735
Generator,ror,SE1 0,AC,6228197.74683
Generator,ror,SI0 0,AC,1997497.42257
Generator,ror,SK0 0,AC,3434045.14553
Generator,ror,XK0 0,AC,53370.36276
Generator,services rural solar thermal,AL0 0,services rural heat,1761.37716
Generator,services rural solar thermal,AT0 0,services rural heat,1602.93675
Generator,services rural solar thermal,BA0 0,services rural heat,1343.73906
Generator,services rural solar thermal,BE0 0,services rural heat,973.59021
Generator,services rural solar thermal,BG0 0,services rural heat,2156.01399
Generator,services rural solar thermal,CH0 0,services rural heat,1264.88142
Generator,services rural solar thermal,CZ0 0,services rural heat,1171.95078
Generator,services rural solar thermal,DE0 0,services rural heat,1379.14534
Generator,services rural solar thermal,DE0 1,services rural heat,1576.44557
Generator,services rural solar thermal,DK0 0,services rural heat,870.08303
Generator,services rural solar thermal,DK1 0,services rural heat,904.66465
Generator,services rural solar thermal,EE0 0,services rural heat,1016.4297
Generator,services rural solar thermal,ES0 0,services rural heat,4223.597
Generator,services rural solar thermal,ES6 0,services rural heat,1769.72557
Generator,services rural solar thermal,FI1 0,services rural heat,335.49923
Generator,services rural solar thermal,FR0 0,services rural heat,2860.07939
Generator,services rural solar thermal,FR5 0,services rural heat,1527.88581
Generator,services rural solar thermal,GB2 0,services rural heat,969.54997
Generator,services rural solar thermal,GB3 0,services rural heat,587.38803
Generator,services rural solar thermal,GR0 0,services rural heat,3441.20664
Generator,services rural solar thermal,HR0 0,services rural heat,1847.27315
Generator,services rural solar thermal,HU0 0,services rural heat,2055.94463
Generator,services rural solar thermal,IE3 0,services rural heat,1024.15539
Generator,services rural solar thermal,IT0 0,services rural heat,4450.21203
Generator,services rural solar thermal,IT4 0,services rural heat,2142.4774
Generator,services rural solar thermal,LT0 0,services rural heat,946.07058
Generator,services rural solar thermal,LU0 0,services rural heat,529.81775
Generator,services rural solar thermal,LV0 0,services rural heat,1096.4162
Generator,services rural solar thermal,ME0 0,services rural heat,1451.44079
Generator,services rural solar thermal,MK0 0,services rural heat,1623.52523
Generator,services rural solar thermal,NL0 0,services rural heat,1542.68494
Generator,services rural solar thermal,NO1 0,services rural heat,313.92911
Generator,services rural solar thermal,PL0 0,services rural heat,2140.24808
Generator,services rural solar thermal,PT0 0,services rural heat,5140.79366
Generator,services rural solar thermal,RO0 0,services rural heat,2419.29778
Generator,services rural solar thermal,RS0 0,services rural heat,1627.53236
Generator,services rural solar thermal,SE1 0,services rural heat,634.46705
Generator,services rural solar thermal,SI0 0,services rural heat,1133.58685
Generator,services rural solar thermal,SK0 0,services rural heat,1398.42838
Generator,services rural solar thermal,XK0 0,services rural heat,1377.5091
Generator,services urban decentral solar thermal,AL0 0,services urban decentral heat,1681.89682
Generator,services urban decentral solar thermal,AT0 0,services urban decentral heat,1386.59843
Generator,services urban decentral solar thermal,BA0 0,services urban decentral heat,1309.49491
Generator,services urban decentral solar thermal,BE0 0,services urban decentral heat,1030.91259
Generator,services urban decentral solar thermal,BG0 0,services urban decentral heat,2049.46797
Generator,services urban decentral solar thermal,CH0 0,services urban decentral heat,1609.41771
Generator,services urban decentral solar thermal,CZ0 0,services urban decentral heat,1032.76316
Generator,services urban decentral solar thermal,DE0 0,services urban decentral heat,1508.05573
Generator,services urban decentral solar thermal,DE0 1,services urban decentral heat,1375.45357
Generator,services urban decentral solar thermal,DK0 0,services urban decentral heat,810.73017
Generator,services urban decentral solar thermal,DK1 0,services urban decentral heat,836.57527
Generator,services urban decentral solar thermal,EE0 0,services urban decentral heat,949.97481
Generator,services urban decentral solar thermal,ES0 0,services urban decentral heat,3635.12752
Generator,services urban decentral solar thermal,ES6 0,services urban decentral heat,1465.4139
Generator,services urban decentral solar thermal,FI1 0,services urban decentral heat,308.74539
Generator,services urban decentral solar thermal,FR0 0,services urban decentral heat,2691.59455
Generator,services urban decentral solar thermal,FR5 0,services urban decentral heat,842.24965
Generator,services urban decentral solar thermal,GB2 0,services urban decentral heat,1423.02409
Generator,services urban decentral solar thermal,GB3 0,services urban decentral heat,517.25523
Generator,services urban decentral solar thermal,GR0 0,services urban decentral heat,3166.95859
Generator,services urban decentral solar thermal,HR0 0,services urban decentral heat,1510.56748
Generator,services urban decentral solar thermal,HU0 0,services urban decentral heat,1651.86174
Generator,services urban decentral solar thermal,IE3 0,services urban decentral heat,1018.95002
Generator,services urban decentral solar thermal,IT0 0,services urban decentral heat,4245.32064
Generator,services urban decentral solar thermal,IT4 0,services urban decentral heat,1580.30397
Generator,services urban decentral solar thermal,LT0 0,services urban decentral heat,848.75835
Generator,services urban decentral solar thermal,LU0 0,services urban decentral heat,586.31702
Generator,services urban decentral solar thermal,LV0 0,services urban decentral heat,933.28874
Generator,services urban decentral solar thermal,ME0 0,services urban decentral heat,1208.92738
Generator,services urban decentral solar thermal,MK0 0,services urban decentral heat,1602.56551
Generator,services urban decentral solar thermal,NL0 0,services urban decentral heat,1199.03839
Generator,services urban decentral solar thermal,NO1 0,services urban decentral heat,406.22377
Generator,services urban decentral solar thermal,PL0 0,services urban decentral heat,1409.00165
Generator,services urban decentral solar thermal,PT0 0,services urban decentral heat,4479.52431
Generator,services urban decentral solar thermal,RO0 0,services urban decentral heat,1959.35108
Generator,services urban decentral solar thermal,RS0 0,services urban decentral heat,1586.94561
Generator,services urban decentral solar thermal,SE1 0,services urban decentral heat,686.5258
Generator,services urban decentral solar thermal,SI0 0,services urban decentral heat,1033.94866
Generator,services urban decentral solar thermal,SK0 0,services urban decentral heat,1276.94091
Generator,services urban decentral solar thermal,XK0 0,services urban decentral heat,1286.1873
Generator,solar,AL0 0,AC,9019448.37576
Generator,solar,AT0 0,AC,157548218.69635
Generator,solar,BA0 0,AC,278483.71756
Generator,solar,BE0 0,AC,72442915.90209
Generator,solar,BG0 0,AC,8056072.24896
Generator,solar,CH0 0,AC,83027322.27781
Generator,solar,CZ0 0,AC,1974503.59287
Generator,solar,DE0 0,AC,46269600.31238
Generator,solar,DE0 1,AC,133628185.32802
Generator,solar,DK0 0,AC,1408506.16873
Generator,solar,DK1 0,AC,31307717.81508
Generator,solar,EE0 0,AC,791145.55579
Generator,solar,ES0 0,AC,559549641.70545
Generator,solar,ES6 0,AC,335733.22292
Generator,solar,FI1 0,AC,264210.34391
Generator,solar,FR0 0,AC,91823631.1475
Generator,solar,FR5 0,AC,11463475.20136
Generator,solar,GB2 0,AC,11033859.66296
Generator,solar,GB3 0,AC,248988.93162
Generator,solar,GR0 0,AC,223387382.90913
Generator,solar,HR0 0,AC,173661.00032
Generator,solar,HU0 0,AC,2787950.72874
Generator,solar,IE3 0,AC,936922.15105
Generator,solar,IT0 0,AC,291369368.76724
Generator,solar,IT4 0,AC,32795838.90415
Generator,solar,LT0 0,AC,3097428.59575
Generator,solar,LU0 0,AC,5500405.21107
Generator,solar,LV0 0,AC,17287920.57557
Generator,solar,ME0 0,AC,10749630.5982
Generator,solar,MK0 0,AC,23139364.16659
Generator,solar,NL0 0,AC,110339841.9627
Generator,solar,NO1 0,AC,118497.78857
Generator,solar,PL0 0,AC,40828725.21847
Generator,solar,PT0 0,AC,6579241.01111
Generator,solar,RO0 0,AC,21195285.43091
Generator,solar,RS0 0,AC,4099889.50094
Generator,solar,SE1 0,AC,1025173.89061
Generator,solar,SI0 0,AC,350820.47045
Generator,solar,SK0 0,AC,1589029.51455
Generator,solar,XK0 0,AC,229588.73913
Generator,solar rooftop,AL0 0,low voltage,490998.81953
Generator,solar rooftop,AT0 0,low voltage,16504401.21871
Generator,solar rooftop,BA0 0,low voltage,1846666.66726
Generator,solar rooftop,BE0 0,low voltage,145618.71652
Generator,solar rooftop,BG0 0,low voltage,6591381.76218
Generator,solar rooftop,CH0 0,low voltage,8243409.73749
Generator,solar rooftop,CZ0 0,low voltage,345250.84602
Generator,solar rooftop,DE0 0,low voltage,4886950.29759
Generator,solar rooftop,DE0 1,low voltage,32471537.48571
Generator,solar rooftop,DK0 0,low voltage,24253.76547
Generator,solar rooftop,DK1 0,low voltage,392134.06127
Generator,solar rooftop,EE0 0,low voltage,695132.80845
Generator,solar rooftop,ES0 0,low voltage,74910018.12661
Generator,solar rooftop,ES6 0,low voltage,1434378.13785
Generator,solar rooftop,FI1 0,low voltage,82232.41449
Generator,solar rooftop,FR0 0,low voltage,99066851.54947
Generator,solar rooftop,FR5 0,low voltage,496442.22145
Generator,solar rooftop,GB2 0,low voltage,111808.01423
Generator,solar rooftop,GB3 0,low voltage,17339.52084
Generator,solar rooftop,GR0 0,low voltage,7450499.42195
Generator,solar rooftop,HR0 0,low voltage,704255.06117
Generator,solar rooftop,HU0 0,low voltage,3362604.16316
Generator,solar rooftop,IE3 0,low voltage,33530.99866
Generator,solar rooftop,IT0 0,low voltage,77740653.31585
Generator,solar rooftop,IT4 0,low voltage,2387749.56774
Generator,solar rooftop,LT0 0,low voltage,2483873.48064
Generator,solar rooftop,LU0 0,low voltage,947375.02964
Generator,solar rooftop,LV0 0,low voltage,1939389.59384
Generator,solar rooftop,ME0 0,low voltage,289650.42181
Generator,solar rooftop,MK0 0,low voltage,853578.47578
Generator,solar rooftop,NL0 0,low voltage,2672233.3316
Generator,solar rooftop,NO1 0,low voltage,19240.84364
Generator,solar rooftop,PL0 0,low voltage,310666.87242
Generator,solar rooftop,PT0 0,low voltage,9010790.10089
Generator,solar rooftop,RO0 0,low voltage,19919305.37089
Generator,solar rooftop,RS0 0,low voltage,947206.73984
Generator,solar rooftop,SE1 0,low voltage,304842.1473
Generator,solar rooftop,SI0 0,low voltage,49350.62217
Generator,solar rooftop,SK0 0,low voltage,4568778.90227
Generator,solar rooftop,XK0 0,low voltage,225252.83027
Generator,solar-hsat,AL0 0,AC,251745.39615
Generator,solar-hsat,AT0 0,AC,271842.90046
Generator,solar-hsat,BA0 0,AC,142936.0403
Generator,solar-hsat,BE0 0,AC,143801.98594
Generator,solar-hsat,BG0 0,AC,288608.95747
Generator,solar-hsat,CH0 0,AC,61534017.15456
Generator,solar-hsat,CZ0 0,AC,114079.56871
Generator,solar-hsat,DE0 0,AC,290931.91964
Generator,solar-hsat,DE0 1,AC,229505.8637
Generator,solar-hsat,DK0 0,AC,54265.62572
Generator,solar-hsat,DK1 0,AC,99811.99334
Generator,solar-hsat,EE0 0,AC,101756.13231
Generator,solar-hsat,ES0 0,AC,60080157.22772
Generator,solar-hsat,ES6 0,AC,97220.71243
Generator,solar-hsat,FI1 0,AC,68846.66303
Generator,solar-hsat,FR0 0,AC,546187.54053
Generator,solar-hsat,FR5 0,AC,163527.50351
Generator,solar-hsat,GB2 0,AC,133180.61577
Generator,solar-hsat,GB3 0,AC,23315.56234
Generator,solar-hsat,GR0 0,AC,552822.05951
Generator,solar-hsat,HR0 0,AC,104401.63351
Generator,solar-hsat,HU0 0,AC,181516.96432
Generator,solar-hsat,IE3 0,AC,56709.01028
Generator,solar-hsat,IT0 0,AC,1939626.7595
Generator,solar-hsat,IT4 0,AC,406400.02717
Generator,solar-hsat,LT0 0,AC,167465.4474
Generator,solar-hsat,LU0 0,AC,84874.90722
Generator,solar-hsat,LV0 0,AC,122749.35157
Generator,solar-hsat,ME0 0,AC,208942.072
Generator,solar-hsat,MK0 0,AC,214730.0699
Generator,solar-hsat,NL0 0,AC,130813.4346
Generator,solar-hsat,NO1 0,AC,90207.01675
Generator,solar-hsat,PL0 0,AC,343882.75413
Generator,solar-hsat,PT0 0,AC,12335958.84415
Generator,solar-hsat,RO0 0,AC,260632.16289
Generator,solar-hsat,RS0 0,AC,193329.04033
Generator,solar-hsat,SE1 0,AC,168131.42247
Generator,solar-hsat,SI0 0,AC,33884.71856
Generator,solar-hsat,SK0 0,AC,236045.43083
Generator,solar-hsat,XK0 0,AC,114342.16411
Generator,solid biomass,EU,solid biomass,831355543.77355
Generator,urban central solar thermal,AL0 0,urban central heat,14807.05847
Generator,urban central solar thermal,AT0 0,urban central heat,5595.50442
Generator,urban central solar thermal,BA0 0,urban central heat,5640.44061
Generator,urban central solar thermal,BE0 0,urban central heat,2797.56155
Generator,urban central solar thermal,BG0 0,urban central heat,4431.93227
Generator,urban central solar thermal,CH0 0,urban central heat,9624.87314
Generator,urban central solar thermal,CZ0 0,urban central heat,3137.33596
Generator,urban central solar thermal,DE0 0,urban central heat,4889.81095
Generator,urban central solar thermal,DE0 1,urban central heat,4464.03747
Generator,urban central solar thermal,DK0 0,urban central heat,1757.12961
Generator,urban central solar thermal,DK1 0,urban central heat,1917.37556
Generator,urban central solar thermal,EE0 0,urban central heat,1873.94709
Generator,urban central solar thermal,ES0 0,urban central heat,72594.87863
Generator,urban central solar thermal,ES6 0,urban central heat,1488.717
Generator,urban central solar thermal,FI1 0,urban central heat,876.30641
Generator,urban central solar thermal,FR0 0,urban central heat,12345.42972
Generator,urban central solar thermal,GB2 0,urban central heat,3806.95217
Generator,urban central solar thermal,GB3 0,urban central heat,584.26721
Generator,urban central solar thermal,GR0 0,urban central heat,6064.90322
Generator,urban central solar thermal,HR0 0,urban central heat,4873.75428
Generator,urban central solar thermal,HU0 0,urban central heat,4735.73296
Generator,urban central solar thermal,IE3 0,urban central heat,1735.6807
Generator,urban central solar thermal,IT0 0,urban central heat,154370.41721
Generator,urban central solar thermal,IT4 0,urban central heat,7554.88104
Generator,urban central solar thermal,LT0 0,urban central heat,2120.34349
Generator,urban central solar thermal,LU0 0,urban central heat,1768.40378
Generator,urban central solar thermal,LV0 0,urban central heat,2409.56107
Generator,urban central solar thermal,ME0 0,urban central heat,9665.38623
Generator,urban central solar thermal,MK0 0,urban central heat,5001.37166
Generator,urban central solar thermal,NL0 0,urban central heat,3363.33784
Generator,urban central solar thermal,NO1 0,urban central heat,1008.05621
Generator,urban central solar thermal,PL0 0,urban central heat,4499.37483
Generator,urban central solar thermal,PT0 0,urban central heat,14781.52822
Generator,urban central solar thermal,RO0 0,urban central heat,6115.93286
Generator,urban central solar thermal,RS0 0,urban central heat,4757.30392
Generator,urban central solar thermal,SE1 0,urban central heat,1939.94321
Generator,urban central solar thermal,SI0 0,urban central heat,2874.09134
Generator,urban central solar thermal,SK0 0,urban central heat,2889.72052
Generator,urban central solar thermal,XK0 0,urban central heat,4515.26535
Line,AC,AL0 0,AC,-22701076.99259
Line,AC,AT0 0,AC,-70582714.39346
Line,AC,BA0 0,AC,9508797.74614
Line,AC,BE0 0,AC,26877519.9426
Line,AC,BG0 0,AC,20362353.90055
Line,AC,CH0 0,AC,-41644489.06346
Line,AC,CZ0 0,AC,97878854.37677
Line,AC,DE0 0,AC,134557007.59382
Line,AC,DE0 1,AC,3830307.52413
Line,AC,DK0 0,AC,-51378600.8283
Line,AC,DK1 0,AC,-2932936.23882
Line,AC,EE0 0,AC,-7382670.73073
Line,AC,ES0 0,AC,-50600455.76026
Line,AC,FI1 0,AC,3016553.73947
Line,AC,FR0 0,AC,-67552530.26486
Line,AC,GB3 0,AC,8726024.42208
Line,AC,GR0 0,AC,-73740097.52932
Line,AC,HR0 0,AC,24788239.46233
Line,AC,HU0 0,AC,16369550.36912
Line,AC,IE3 0,AC,-12079941.9932
Line,AC,IT0 0,AC,-21561815.13031
Line,AC,LT0 0,AC,-2175096.31895
Line,AC,LU0 0,AC,6428882.83753
Line,AC,LV0 0,AC,-3560839.19829
Line,AC,ME0 0,AC,-15741979.02252
Line,AC,MK0 0,AC,-12890680.70209
Line,AC,NL0 0,AC,-61570113.87004
Line,AC,NO1 0,AC,2990505.87921
Line,AC,PL0 0,AC,6565848.57861
Line,AC,PT0 0,AC,50924855.51446
Line,AC,RO0 0,AC,-7457006.38757
Line,AC,RS0 0,AC,37149857.16014
Line,AC,SE1 0,AC,-5647266.24092
Line,AC,SI0 0,AC,-53386215.01973
Line,AC,SK0 0,AC,31193608.18574
Line,AC,XK0 0,AC,8872951.35929
Link,BEV charger,AL0 0,EV battery,2065775.28041
Link,BEV charger,AL0 0,low voltage,-2295305.86712
Link,BEV charger,AT0 0,EV battery,21937521.19699
Link,BEV charger,AT0 0,low voltage,-24375023.55221
Link,BEV charger,BA0 0,EV battery,3451079.17298
Link,BEV charger,BA0 0,low voltage,-3834532.41442
Link,BEV charger,BE0 0,EV battery,29297100.64039
Link,BEV charger,BE0 0,low voltage,-32552334.04488
Link,BEV charger,BG0 0,EV battery,8181519.78452
Link,BEV charger,BG0 0,low voltage,-9090577.53836
Link,BEV charger,CH0 0,EV battery,12947423.12782
Link,BEV charger,CH0 0,low voltage,-14386025.69758
Link,BEV charger,CZ0 0,EV battery,20701629.54961
Link,BEV charger,CZ0 0,low voltage,-23001810.61067
Link,BEV charger,DE0 0,EV battery,105879322.33001
Link,BEV charger,DE0 0,low voltage,-117643691.47779
Link,BEV charger,DE0 1,EV battery,61926826.53475
Link,BEV charger,DE0 1,low voltage,-68807585.03861
Link,BEV charger,DK0 0,EV battery,8670518.19374
Link,BEV charger,DK0 0,low voltage,-9633909.10415
Link,BEV charger,DK1 0,EV battery,5005795.47203
Link,BEV charger,DK1 0,low voltage,-5561994.96893
Link,BEV charger,EE0 0,EV battery,2457978.00786
Link,BEV charger,EE0 0,low voltage,-2731086.6754
Link,BEV charger,ES0 0,EV battery,80888482.37177
Link,BEV charger,ES0 0,low voltage,-89876091.52419
Link,BEV charger,ES6 0,EV battery,1318865.16484
Link,BEV charger,ES6 0,low voltage,-1465405.73871
Link,BEV charger,FI1 0,EV battery,13578005.56242
Link,BEV charger,FI1 0,low voltage,-15086672.84713
Link,BEV charger,FR0 0,EV battery,135122124.78076
Link,BEV charger,FR0 0,low voltage,-150135694.20085
Link,BEV charger,FR5 0,EV battery,552769.8619
Link,BEV charger,FR5 0,low voltage,-614188.73544
Link,BEV charger,GB2 0,EV battery,101285200.98034
Link,BEV charger,GB2 0,low voltage,-112539112.20038
Link,BEV charger,GB3 0,EV battery,2742742.54817
Link,BEV charger,GB3 0,low voltage,-3047491.72019
Link,BEV charger,GR0 0,EV battery,15633364.86107
Link,BEV charger,GR0 0,low voltage,-17370405.40119
Link,BEV charger,HR0 0,EV battery,6519026.63714
Link,BEV charger,HR0 0,low voltage,-7243362.93016
Link,BEV charger,HU0 0,EV battery,14019578.9941
Link,BEV charger,HU0 0,low voltage,-15577309.99345
Link,BEV charger,IE3 0,EV battery,10939548.44583
Link,BEV charger,IE3 0,low voltage,-12155053.82871
Link,BEV charger,IT0 0,EV battery,104566894.91398
Link,BEV charger,IT0 0,low voltage,-116185438.79331
Link,BEV charger,IT4 0,EV battery,2611721.37041
Link,BEV charger,IT4 0,low voltage,-2901912.63379
Link,BEV charger,LT0 0,EV battery,6895895.3663
Link,BEV charger,LT0 0,low voltage,-7662105.96255
Link,BEV charger,LU0 0,EV battery,3076466.1982
Link,BEV charger,LU0 0,low voltage,-3418295.77578
Link,BEV charger,LV0 0,EV battery,3281610.09841
Link,BEV charger,LV0 0,low voltage,-3646233.44268
Link,BEV charger,ME0 0,EV battery,693833.08863
Link,BEV charger,ME0 0,low voltage,-770925.65403
Link,BEV charger,MK0 0,EV battery,1978829.74393
Link,BEV charger,MK0 0,low voltage,-2198699.71547
Link,BEV charger,NL0 0,EV battery,36084043.60005
Link,BEV charger,NL0 0,low voltage,-40093381.77784
Link,BEV charger,NO1 0,EV battery,9295329.21015
Link,BEV charger,NO1 0,low voltage,-10328143.56683
Link,BEV charger,PL0 0,EV battery,64121883.38821
Link,BEV charger,PL0 0,low voltage,-71246537.09801
Link,BEV charger,PT0 0,EV battery,19447457.9872
Link,BEV charger,PT0 0,low voltage,-21608286.65244
Link,BEV charger,RO0 0,EV battery,20407568.17232
Link,BEV charger,RO0 0,low voltage,-22675075.74702
Link,BEV charger,RS0 0,EV battery,5902556.96986
Link,BEV charger,RS0 0,low voltage,-6558396.63317
Link,BEV charger,SE1 0,EV battery,21150372.88102
Link,BEV charger,SE1 0,low voltage,-23500414.31224
Link,BEV charger,SI0 0,EV battery,5781908.36451
Link,BEV charger,SI0 0,low voltage,-6424342.62723
Link,BEV charger,SK0 0,EV battery,8955368.5191
Link,BEV charger,SK0 0,low voltage,-9950409.46566
Link,BEV charger,XK0 0,EV battery,1117183.49141
Link,BEV charger,XK0 0,low voltage,-1241314.99046
Link,CCGT,AL0 0,AC,7.0395
Link,CCGT,AT0 0,AC,7.15627
Link,CCGT,BA0 0,AC,7.34849
Link,CCGT,BE0 0,AC,6.8627
Link,CCGT,BG0 0,AC,7.01874
Link,CCGT,CH0 0,AC,6.97078
Link,CCGT,CZ0 0,AC,7.01126
Link,CCGT,DE0 0,AC,7.00252
Link,CCGT,DE0 1,AC,6.98149
Link,CCGT,DK0 0,AC,7.02604
Link,CCGT,DK1 0,AC,7.14026
Link,CCGT,EE0 0,AC,7.06156
Link,CCGT,ES0 0,AC,6.97436
Link,CCGT,ES6 0,AC,6.97004
Link,CCGT,EU,co2,92.84997
Link,CCGT,EU,gas,-468.93927
Link,CCGT,FI1 0,AC,6.97532
Link,CCGT,FR0 0,AC,6.99463
Link,CCGT,FR5 0,AC,6.86531
Link,CCGT,GB2 0,AC,7.00646
Link,CCGT,GB3 0,AC,7.00628
Link,CCGT,GR0 0,AC,6.96225
Link,CCGT,HR0 0,AC,7.19772
Link,CCGT,HU0 0,AC,6.99486
Link,CCGT,IE3 0,AC,6.99248
Link,CCGT,IT0 0,AC,6.99871
Link,CCGT,IT4 0,AC,7.00872
Link,CCGT,LT0 0,AC,6.9974
Link,CCGT,LU0 0,AC,7.21696
Link,CCGT,LV0 0,AC,7.04978
Link,CCGT,ME0 0,AC,7.22706
Link,CCGT,MK0 0,AC,7.13051
Link,CCGT,NL0 0,AC,6.98432
Link,CCGT,NO1 0,AC,6.97374
Link,CCGT,PL0 0,AC,6.99817
Link,CCGT,PT0 0,AC,6.97447
Link,CCGT,RO0 0,AC,7.00437
Link,CCGT,RS0 0,AC,7.07462
Link,CCGT,SE1 0,AC,6.99401
Link,CCGT,SI0 0,AC,6.95517
Link,CCGT,SK0 0,AC,6.97368
Link,CCGT,XK0 0,AC,7.24259
Link,DC,BE0 0,AC,9946958.06669
Link,DC,CH0 0,AC,13552777.72572
Link,DC,DE0 0,AC,239713510.39434
Link,DC,DE0 1,AC,123513079.95159
Link,DC,DK0 0,AC,-29618851.83862
Link,DC,DK1 0,AC,-87687394.97502
Link,DC,EE0 0,AC,-1336080.02583
Link,DC,ES0 0,AC,17873278.64669
Link,DC,ES6 0,AC,-3421637.18763
Link,DC,FI1 0,AC,1089513.66864
Link,DC,FR0 0,AC,-107927404.99141
Link,DC,FR5 0,AC,12013967.79112
Link,DC,GB2 0,AC,-7113571.00974
Link,DC,GB3 0,AC,-73170205.54957
Link,DC,GR0 0,AC,-4117310.38685
Link,DC,IE3 0,AC,-186281409.08038
Link,DC,IT0 0,AC,-67801506.34236
Link,DC,IT4 0,AC,-32580354.9937
Link,DC,LT0 0,AC,2627890.83601
Link,DC,ME0 0,AC,1453968.53337
Link,DC,NL0 0,AC,56495255.64262
Link,DC,NO1 0,AC,12545632.21794
Link,DC,PL0 0,AC,49158088.33086
Link,DC,SE1 0,AC,-83618678.09669
Link,DC,SI0 0,AC,70089386.38276
Link,Fischer-Tropsch,AL0 0,H2,-879038.61629
Link,Fischer-Tropsch,AL0 0,urban central heat,33183.70777
Link,Fischer-Tropsch,AT0 0,H2,-367140.18983
Link,Fischer-Tropsch,AT0 0,urban central heat,13859.54217
Link,Fischer-Tropsch,BA0 0,H2,-290720.99126
Link,Fischer-Tropsch,BA0 0,urban central heat,10974.71742
Link,Fischer-Tropsch,BE0 0,H2,-8448958.71143
Link,Fischer-Tropsch,BE0 0,urban central heat,318948.19136
Link,Fischer-Tropsch,BG0 0,H2,-620539.84035
Link,Fischer-Tropsch,BG0 0,urban central heat,23425.37897
Link,Fischer-Tropsch,CH0 0,H2,-28003854.17231
Link,Fischer-Tropsch,CH0 0,urban central heat,1057145.495
Link,Fischer-Tropsch,CZ0 0,H2,-276083.92357
Link,Fischer-Tropsch,CZ0 0,urban central heat,10422.16811
Link,Fischer-Tropsch,DE0 0,H2,-552612.39801
Link,Fischer-Tropsch,DE0 0,urban central heat,20861.11802
Link,Fischer-Tropsch,DE0 1,H2,-353871.78331
Link,Fischer-Tropsch,DE0 1,urban central heat,13358.65982
Link,Fischer-Tropsch,DK0 0,H2,-27383765.92016
Link,Fischer-Tropsch,DK0 0,urban central heat,1033737.16349
Link,Fischer-Tropsch,DK1 0,H2,-17337178.61118
Link,Fischer-Tropsch,DK1 0,urban central heat,654478.49257
Link,Fischer-Tropsch,EE0 0,H2,-1309389.44981
Link,Fischer-Tropsch,EE0 0,urban central heat,49429.45173
Link,Fischer-Tropsch,ES0 0,H2,-2056206.92805
Link,Fischer-Tropsch,ES0 0,urban central heat,77621.81153
Link,Fischer-Tropsch,ES6 0,H2,-50698.71773
Link,Fischer-Tropsch,ES6 0,urban central heat,1913.87659
Link,Fischer-Tropsch,EU,co2 stored,-221626183.85417
Link,Fischer-Tropsch,EU,oil,862023274.42306
Link,Fischer-Tropsch,FI1 0,H2,-69608751.80801
Link,Fischer-Tropsch,FI1 0,urban central heat,2627730.38075
Link,Fischer-Tropsch,FR0 0,H2,-395808126.47801
Link,Fischer-Tropsch,FR0 0,urban central heat,14941756.77454
Link,Fischer-Tropsch,FR5 0,H2,-1295982.18547
Link,Fischer-Tropsch,GB2 0,H2,-340103876.49454
Link,Fischer-Tropsch,GB2 0,urban central heat,12838921.33767
Link,Fischer-Tropsch,GB3 0,H2,-108835.36922
Link,Fischer-Tropsch,GB3 0,urban central heat,4108.53519
Link,Fischer-Tropsch,GR0 0,H2,-248625.31483
Link,Fischer-Tropsch,GR0 0,urban central heat,9385.60563
Link,Fischer-Tropsch,HR0 0,H2,-206909.0425
Link,Fischer-Tropsch,HR0 0,urban central heat,7810.81635
Link,Fischer-Tropsch,HU0 0,H2,-238292.07214
Link,Fischer-Tropsch,HU0 0,urban central heat,8995.52572
Link,Fischer-Tropsch,IE3 0,H2,-129437.22585
Link,Fischer-Tropsch,IE3 0,urban central heat,4886.25528
Link,Fischer-Tropsch,IT0 0,H2,-16868890.71961
Link,Fischer-Tropsch,IT0 0,urban central heat,636800.62467
Link,Fischer-Tropsch,IT4 0,H2,-69310.33046
Link,Fischer-Tropsch,IT4 0,urban central heat,2616.46497
Link,Fischer-Tropsch,LT0 0,H2,-240595.87077
Link,Fischer-Tropsch,LT0 0,urban central heat,9082.49412
Link,Fischer-Tropsch,LU0 0,H2,-1191793.29666
Link,Fischer-Tropsch,LU0 0,urban central heat,44990.19695
Link,Fischer-Tropsch,LV0 0,H2,-1132017.58821
Link,Fischer-Tropsch,LV0 0,urban central heat,42733.66395
Link,Fischer-Tropsch,ME0 0,H2,-389806.43117
Link,Fischer-Tropsch,ME0 0,urban central heat,14715.19278
Link,Fischer-Tropsch,MK0 0,H2,-880804.93886
Link,Fischer-Tropsch,MK0 0,urban central heat,33250.38644
Link,Fischer-Tropsch,NL0 0,H2,-1000177.50695
Link,Fischer-Tropsch,NL0 0,urban central heat,37756.70089
Link,Fischer-Tropsch,NO1 0,H2,-53798716.45957
Link,Fischer-Tropsch,NO1 0,urban central heat,2030901.54635
Link,Fischer-Tropsch,PL0 0,H2,-214362.42091
Link,Fischer-Tropsch,PL0 0,urban central heat,8092.18139
Link,Fischer-Tropsch,PT0 0,H2,-10929304.73648
Link,Fischer-Tropsch,PT0 0,urban central heat,412581.2538
Link,Fischer-Tropsch,RO0 0,H2,-659601.86724
Link,Fischer-Tropsch,RO0 0,urban central heat,24899.97049
Link,Fischer-Tropsch,RS0 0,H2,-338697.35
Link,Fischer-Tropsch,RS0 0,urban central heat,12785.82496
Link,Fischer-Tropsch,SE1 0,H2,-94459952.68444
Link,Fischer-Tropsch,SE1 0,urban central heat,3565863.21384
Link,Fischer-Tropsch,SI0 0,H2,-264576.93331
Link,Fischer-Tropsch,SI0 0,urban central heat,9987.77923
Link,Fischer-Tropsch,SK0 0,H2,-150341.23329
Link,Fischer-Tropsch,SK0 0,urban central heat,5675.38156
Link,Fischer-Tropsch,XK0 0,H2,-609843.52972
Link,Fischer-Tropsch,XK0 0,urban central heat,23021.59325
Link,H2 Electrolysis,AL0 0,AC,-602161.05623
Link,H2 Electrolysis,AL0 0,H2,421151.44273
Link,H2 Electrolysis,AL0 0,urban central heat,21165.96113
Link,H2 Electrolysis,AT0 0,AC,-170925.84432
Link,H2 Electrolysis,AT0 0,H2,119545.53552
Link,H2 Electrolysis,AT0 0,urban central heat,6008.04343
Link,H2 Electrolysis,BA0 0,AC,-197175.37211
Link,H2 Electrolysis,BA0 0,H2,137904.45526
Link,H2 Electrolysis,BA0 0,urban central heat,6930.71433
Link,H2 Electrolysis,BE0 0,AC,-462083.06886
Link,H2 Electrolysis,BE0 0,H2,323180.89836
Link,H2 Electrolysis,BE0 0,urban central heat,16242.21987
Link,H2 Electrolysis,BG0 0,AC,-1714071.84085
Link,H2 Electrolysis,BG0 0,H2,1198821.84549
Link,H2 Electrolysis,BG0 0,urban central heat,60249.62521
Link,H2 Electrolysis,CH0 0,AC,-78741941.36177
Link,H2 Electrolysis,CH0 0,H2,55072113.78842
Link,H2 Electrolysis,CH0 0,urban central heat,2767779.23887
Link,H2 Electrolysis,CZ0 0,AC,-98954.46802
Link,H2 Electrolysis,CZ0 0,H2,69208.75494
Link,H2 Electrolysis,CZ0 0,urban central heat,3478.24955
Link,H2 Electrolysis,DE0 0,AC,-185400.39865
Link,H2 Electrolysis,DE0 0,H2,129669.03882
Link,H2 Electrolysis,DE0 0,urban central heat,6516.82401
Link,H2 Electrolysis,DE0 1,AC,-213281.27182
Link,H2 Electrolysis,DE0 1,H2,149168.92151
Link,H2 Electrolysis,DE0 1,urban central heat,7496.8367
Link,H2 Electrolysis,DK0 0,AC,-92822398.84496
Link,H2 Electrolysis,DK0 0,H2,64919985.75217
Link,H2 Electrolysis,DK0 0,urban central heat,3262707.3194
Link,H2 Electrolysis,DK1 0,AC,-35330399.87008
Link,H2 Electrolysis,DK1 0,H2,24710081.66913
Link,H2 Electrolysis,DK1 0,urban central heat,1241863.55543
Link,H2 Electrolysis,EE0 0,AC,-17157547.42723
Link,H2 Electrolysis,EE0 0,H2,11999988.67061
Link,H2 Electrolysis,EE0 0,urban central heat,603087.79207
Link,H2 Electrolysis,ES0 0,AC,-371290595.46421
Link,H2 Electrolysis,ES0 0,H2,259680642.46767
Link,H2 Electrolysis,ES0 0,urban central heat,13050864.43057
Link,H2 Electrolysis,ES6 0,AC,-10492840.52818
Link,H2 Electrolysis,ES6 0,H2,7338692.66541
Link,H2 Electrolysis,ES6 0,urban central heat,368823.34457
Link,H2 Electrolysis,FI1 0,AC,-101512304.74732
Link,H2 Electrolysis,FI1 0,H2,70997705.94028
Link,H2 Electrolysis,FI1 0,urban central heat,3568157.51187
Link,H2 Electrolysis,FR0 0,AC,-580599609.95604
Link,H2 Electrolysis,FR0 0,H2,406071367.20325
Link,H2 Electrolysis,FR0 0,urban central heat,20408076.28995
Link,H2 Electrolysis,FR5 0,AC,-25468772.19257
Link,H2 Electrolysis,FR5 0,H2,17812859.27148
Link,H2 Electrolysis,GB2 0,AC,-735206915.6143
Link,H2 Electrolysis,GB2 0,H2,514203716.78064
Link,H2 Electrolysis,GB2 0,urban central heat,25842523.08384
Link,H2 Electrolysis,GB3 0,AC,-21649955.7232
Link,H2 Electrolysis,GB3 0,H2,15141979.03281
Link,H2 Electrolysis,GB3 0,urban central heat,760995.94367
Link,H2 Electrolysis,GR0 0,AC,-85827109.47671
Link,H2 Electrolysis,GR0 0,H2,60027480.36801
Link,H2 Electrolysis,GR0 0,urban central heat,3016822.89811
Link,H2 Electrolysis,HR0 0,AC,-131769.20978
Link,H2 Electrolysis,HR0 0,H2,92159.38532
Link,H2 Electrolysis,HR0 0,urban central heat,4631.68772
Link,H2 Electrolysis,HU0 0,AC,-155394.56569
Link,H2 Electrolysis,HU0 0,H2,108682.95924
Link,H2 Electrolysis,HU0 0,urban central heat,5462.11898
Link,H2 Electrolysis,IE3 0,AC,-123553335.24247
Link,H2 Electrolysis,IE3 0,H2,86413202.66858
Link,H2 Electrolysis,IE3 0,urban central heat,4342899.73377
Link,H2 Electrolysis,IT0 0,AC,-44543419.2438
Link,H2 Electrolysis,IT0 0,H2,31153667.41911
Link,H2 Electrolysis,IT0 0,urban central heat,1565701.18642
Link,H2 Electrolysis,IT4 0,AC,-8594729.08549
Link,H2 Electrolysis,IT4 0,H2,6011153.52239
Link,H2 Electrolysis,IT4 0,urban central heat,302104.72736
Link,H2 Electrolysis,LT0 0,AC,-3398740.13042
Link,H2 Electrolysis,LT0 0,H2,2377078.84722
Link,H2 Electrolysis,LT0 0,urban central heat,119465.71558
Link,H2 Electrolysis,LU0 0,AC,-90146.05569
Link,H2 Electrolysis,LU0 0,H2,63048.15135
Link,H2 Electrolysis,LU0 0,urban central heat,3168.63386
Link,H2 Electrolysis,LV0 0,AC,-1672669.28192
Link,H2 Electrolysis,LV0 0,H2,1169864.89578
Link,H2 Electrolysis,LV0 0,urban central heat,58794.32526
Link,H2 Electrolysis,ME0 0,AC,-276244.44577
Link,H2 Electrolysis,ME0 0,H2,193205.36537
Link,H2 Electrolysis,ME0 0,urban central heat,9709.99227
Link,H2 Electrolysis,MK0 0,AC,-1252730.9706
Link,H2 Electrolysis,MK0 0,H2,876160.04084
Link,H2 Electrolysis,MK0 0,urban central heat,44033.49362
Link,H2 Electrolysis,NL0 0,AC,-715165.07717
Link,H2 Electrolysis,NL0 0,H2,500186.45497
Link,H2 Electrolysis,NL0 0,urban central heat,25138.05246
Link,H2 Electrolysis,NO1 0,AC,-65188201.30697
Link,H2 Electrolysis,NO1 0,H2,45592627.99409
Link,H2 Electrolysis,NO1 0,urban central heat,2291365.27594
Link,H2 Electrolysis,PL0 0,AC,-20713741.83058
Link,H2 Electrolysis,PL0 0,H2,14487191.03631
Link,H2 Electrolysis,PL0 0,urban central heat,728088.02534
Link,H2 Electrolysis,PT0 0,AC,-7353574.92876
Link,H2 Electrolysis,PT0 0,H2,5143090.30518
Link,H2 Electrolysis,PT0 0,urban central heat,258478.15875
Link,H2 Electrolysis,RO0 0,AC,-20021285.83857
Link,H2 Electrolysis,RO0 0,H2,14002887.31549
Link,H2 Electrolysis,RO0 0,urban central heat,703748.19723
Link,H2 Electrolysis,RS0 0,AC,-227670.35619
Link,H2 Electrolysis,RS0 0,H2,159232.64712
Link,H2 Electrolysis,RS0 0,urban central heat,8002.61302
Link,H2 Electrolysis,SE1 0,AC,-173759045.67064
Link,H2 Electrolysis,SE1 0,H2,121527076.54205
Link,H2 Electrolysis,SE1 0,urban central heat,6107630.45532
Link,H2 Electrolysis,SI0 0,AC,-253855.74466
Link,H2 Electrolysis,SI0 0,H2,177546.70782
Link,H2 Electrolysis,SI0 0,urban central heat,8923.02942
Link,H2 Electrolysis,SK0 0,AC,-105127.63272
Link,H2 Electrolysis,SK0 0,H2,73526.26632
Link,H2 Electrolysis,SK0 0,urban central heat,3695.23629
Link,H2 Electrolysis,XK0 0,AC,-340630.63814
Link,H2 Electrolysis,XK0 0,H2,238237.06831
Link,H2 Electrolysis,XK0 0,urban central heat,11973.16693
Link,H2 pipeline,AL0 0,AC,-28451.02014
Link,H2 pipeline,AL0 0,H2,886690.34142
Link,H2 pipeline,AT0 0,AC,-73180.8638
Link,H2 pipeline,AT0 0,H2,9496205.45548
Link,H2 pipeline,BA0 0,AC,-18552.37274
Link,H2 pipeline,BA0 0,H2,1022749.96215
Link,H2 pipeline,BE0 0,AC,-578218.56643
Link,H2 pipeline,BE0 0,H2,18741097.98154
Link,H2 pipeline,BG0 0,AC,-38671.0886
Link,H2 pipeline,BG0 0,H2,1520947.14228
Link,H2 pipeline,CH0 0,AC,-312803.79447
Link,H2 pipeline,CH0 0,H2,-26056945.28854
Link,H2 pipeline,CZ0 0,AC,-47254.57468
Link,H2 pipeline,CZ0 0,H2,3889984.68295
Link,H2 pipeline,DE0 0,AC,-173061.85271
Link,H2 pipeline,DE0 0,H2,33037288.60911
Link,H2 pipeline,DE0 1,AC,-88886.1183
Link,H2 pipeline,DE0 1,H2,8117603.49232
Link,H2 pipeline,DK0 0,AC,-525557.77918
Link,H2 pipeline,DK0 0,H2,-37275461.72384
Link,H2 pipeline,DK1 0,AC,-92383.33821
Link,H2 pipeline,DK1 0,H2,-7131638.24316
Link,H2 pipeline,EE0 0,AC,-61140.95288
Link,H2 pipeline,EE0 0,H2,-10340773.319
Link,H2 pipeline,ES0 0,AC,-441113.56927
Link,H2 pipeline,ES0 0,H2,69183434.31899
Link,H2 pipeline,ES6 0,AC,-79898.73685
Link,H2 pipeline,ES6 0,H2,-7155419.46265
Link,H2 pipeline,FI1 0,AC,-63473.38193
Link,H2 pipeline,FI1 0,H2,1357583.11907
Link,H2 pipeline,FR0 0,AC,-1801787.72306
Link,H2 pipeline,FR0 0,H2,5015492.98067
Link,H2 pipeline,FR5 0,AC,-39762.20806
Link,H2 pipeline,FR5 0,H2,-4924370.69374
Link,H2 pipeline,GB2 0,AC,-991375.07102
Link,H2 pipeline,GB2 0,H2,25803110.47096
Link,H2 pipeline,GB3 0,AC,-83322.25667
Link,H2 pipeline,GB3 0,H2,-12296913.64959
Link,H2 pipeline,GR0 0,AC,-191645.37525
Link,H2 pipeline,GR0 0,H2,-14171418.1183
Link,H2 pipeline,HR0 0,AC,-22606.76546
Link,H2 pipeline,HR0 0,H2,3074219.67809
Link,H2 pipeline,HU0 0,AC,-61680.25439
Link,H2 pipeline,HU0 0,H2,4144074.68353
Link,H2 pipeline,IE3 0,AC,-693041.07887
Link,H2 pipeline,IE3 0,H2,-83105212.37216
Link,H2 pipeline,IT0 0,AC,-342696.51267
Link,H2 pipeline,IT0 0,H2,-6786055.59255
Link,H2 pipeline,IT4 0,AC,-45938.3435
Link,H2 pipeline,IT4 0,H2,-5820502.83869
Link,H2 pipeline,LT0 0,AC,-77812.1482
Link,H2 pipeline,LT0 0,H2,4191980.44623
Link,H2 pipeline,LU0 0,AC,-84996.61119
Link,H2 pipeline,LU0 0,H2,1220030.13259
Link,H2 pipeline,LV0 0,AC,-39504.20773
Link,H2 pipeline,LV0 0,H2,83117.00647
Link,H2 pipeline,ME0 0,AC,-44028.46147
Link,H2 pipeline,ME0 0,H2,433347.37368
Link,H2 pipeline,MK0 0,AC,-48266.46272
Link,H2 pipeline,MK0 0,H2,1137529.39105
Link,H2 pipeline,NL0 0,AC,-176095.23045
Link,H2 pipeline,NL0 0,H2,21340745.32296
Link,H2 pipeline,NO1 0,AC,-181387.90836
Link,H2 pipeline,NO1 0,H2,12734480.81241
Link,H2 pipeline,PL0 0,AC,-96634.99464
Link,H2 pipeline,PL0 0,H2,5195606.74115
Link,H2 pipeline,PT0 0,AC,-3574.63079
Link,H2 pipeline,PT0 0,H2,6002148.92104
Link,H2 pipeline,RO0 0,AC,-76753.01332
Link,H2 pipeline,RO0 0,H2,-7379424.45553
Link,H2 pipeline,RS0 0,AC,-56794.78423
Link,H2 pipeline,RS0 0,H2,1559286.64963
Link,H2 pipeline,SE1 0,AC,-409258.88644
Link,H2 pipeline,SE1 0,H2,-24196820.51015
Link,H2 pipeline,SI0 0,AC,-55643.18718
Link,H2 pipeline,SI0 0,H2,232907.75042
Link,H2 pipeline,SK0 0,AC,-40829.61266
Link,H2 pipeline,SK0 0,H2,6377834.43377
Link,H2 pipeline,XK0 0,AC,-21491.63885
Link,H2 pipeline,XK0 0,H2,841458.3679
Link,HVC to air,EU,co2,2.43602
Link,HVC to air,EU,non-sequestered HVC,-9.47499
Link,agriculture machinery oil,EU,agriculture machinery oil,27611757.17639
Link,agriculture machinery oil,EU,co2,7098982.77005
Link,agriculture machinery oil,EU,oil,-27611757.17639
Link,battery charger,AL0 0,AC,-1662717.79677
Link,battery charger,AL0 0,battery,1629124.07533
Link,battery charger,AT0 0,AC,-57623349.84002
Link,battery charger,AT0 0,battery,56459121.75117
Link,battery charger,BA0 0,AC,-669857.28189
Link,battery charger,BA0 0,battery,656323.41644
Link,battery charger,BE0 0,AC,-12480073.41479
Link,battery charger,BE0 0,battery,12227924.72748
Link,battery charger,BG0 0,AC,-1818964.08851
Link,battery charger,BG0 0,battery,1782213.55092
Link,battery charger,CH0 0,AC,-14757876.30329
Link,battery charger,CH0 0,battery,14459706.65207
Link,battery charger,CZ0 0,AC,-5583981.77133
Link,battery charger,CZ0 0,battery,5471162.42911
Link,battery charger,DE0 0,AC,-9978836.8229
Link,battery charger,DE0 0,battery,9777223.37704
Link,battery charger,DE0 1,AC,-26740602.99234
Link,battery charger,DE0 1,battery,26200333.09823
Link,battery charger,DK0 0,AC,-7880317.07682
Link,battery charger,DK0 0,battery,7721102.33982
Link,battery charger,DK1 0,AC,-21110417.18384
Link,battery charger,DK1 0,battery,20683900.14307
Link,battery charger,EE0 0,AC,-2979008.13432
Link,battery charger,EE0 0,battery,2918819.94747
Link,battery charger,ES0 0,AC,-242672719.6636
Link,battery charger,ES0 0,battery,237769735.06771
Link,battery charger,ES6 0,AC,-1076151.43618
Link,battery charger,ES6 0,battery,1054408.76184
Link,battery charger,FI1 0,AC,-11103291.23353
Link,battery charger,FI1 0,battery,10878959.19507
Link,battery charger,FR0 0,AC,-1095986.08283
Link,battery charger,FR0 0,battery,1073842.66725
Link,battery charger,FR5 0,AC,-5351253.92727
Link,battery charger,FR5 0,battery,5243136.64235
Link,battery charger,GB2 0,AC,-19517630.66474
Link,battery charger,GB2 0,battery,19123294.44669
Link,battery charger,GB3 0,AC,-5472267.50654
Link,battery charger,GB3 0,battery,5361705.25082
Link,battery charger,GR0 0,AC,-100011430.44549
Link,battery charger,GR0 0,battery,97990789.21492
Link,battery charger,HR0 0,AC,-924560.0461
Link,battery charger,HR0 0,battery,905880.1398
Link,battery charger,HU0 0,AC,-7155209.29644
Link,battery charger,HU0 0,battery,7010644.71164
Link,battery charger,IE3 0,AC,-4266166.72162
Link,battery charger,IE3 0,battery,4179972.65025
Link,battery charger,IT0 0,AC,-106702156.03514
Link,battery charger,IT0 0,battery,104546334.69637
Link,battery charger,IT4 0,AC,-19420161.21661
Link,battery charger,IT4 0,battery,19027794.28131
Link,battery charger,LT0 0,AC,-1927317.42577
Link,battery charger,LT0 0,battery,1888377.70621
Link,battery charger,LU0 0,AC,-2017517.14054
Link,battery charger,LU0 0,battery,1976755.01666
Link,battery charger,LV0 0,AC,-3094311.6585
Link,battery charger,LV0 0,battery,3031793.86739
Link,battery charger,ME0 0,AC,-1579276.18479
Link,battery charger,ME0 0,battery,1547368.32627
Link,battery charger,MK0 0,AC,-6431372.62237
Link,battery charger,MK0 0,battery,6301432.5082
Link,battery charger,NL0 0,AC,-41617420.90004
Link,battery charger,NL0 0,battery,40776578.2463
Link,battery charger,NO1 0,AC,-1323051.96371
Link,battery charger,NO1 0,battery,1296320.88571
Link,battery charger,PL0 0,AC,-31471578.79114
Link,battery charger,PL0 0,battery,30835723.77524
Link,battery charger,PT0 0,AC,-3428005.21857
Link,battery charger,PT0 0,battery,3358745.44844
Link,battery charger,RO0 0,AC,-3967742.52549
Link,battery charger,RO0 0,battery,3887577.84727
Link,battery charger,RS0 0,AC,-817225.18792
Link,battery charger,RS0 0,battery,800713.88614
Link,battery charger,SE1 0,AC,-2379365.54962
Link,battery charger,SE1 0,battery,2331292.60325
Link,battery charger,SI0 0,AC,-4401816.03532
Link,battery charger,SI0 0,battery,4312881.29126
Link,battery charger,SK0 0,AC,-4560343.85933
Link,battery charger,SK0 0,battery,4468206.2028
Link,battery charger,XK0 0,AC,-1080512.71041
Link,battery charger,XK0 0,battery,1058681.92043
Link,battery discharger,AL0 0,AC,1596217.0741
Link,battery discharger,AL0 0,battery,-1629132.22928
Link,battery discharger,AT0 0,AC,55318423.78612
Link,battery discharger,AT0 0,battery,-56459129.85459
Link,battery discharger,BA0 0,AC,643070.89864
Link,battery discharger,BA0 0,battery,-656331.48754
Link,battery discharger,BE0 0,AC,11980877.28242
Link,battery discharger,BE0 0,battery,-12227931.67201
Link,battery discharger,BG0 0,AC,1746212.33202
Link,battery discharger,BG0 0,battery,-1782220.49834
Link,battery discharger,CH0 0,AC,14167568.02318
Link,battery discharger,CH0 0,battery,-14459713.56374
Link,battery discharger,CZ0 0,AC,5360629.31171
Link,battery discharger,CZ0 0,battery,-5471169.38079
Link,battery discharger,DE0 0,AC,9579690.14596
Link,battery discharger,DE0 0,battery,-9777230.31316
Link,battery discharger,DE0 1,AC,25670985.64447
Link,battery discharger,DE0 1,battery,-26200340.00969
Link,battery discharger,DK0 0,AC,7565111.95186
Link,battery discharger,DK0 0,battery,-7721110.05379
Link,battery discharger,DK1 0,AC,20266008.3141
Link,battery discharger,DK1 0,battery,-20683908.1219
Link,battery discharger,EE0 0,AC,2859855.1751
Link,battery discharger,EE0 0,battery,-2918827.46552
Link,battery discharger,ES0 0,AC,232965817.63829
Link,battery discharger,ES0 0,battery,-237769741.96837
Link,battery discharger,ES6 0,AC,1033112.15869
Link,battery discharger,ES6 0,battery,-1054415.6816
Link,battery discharger,FI1 0,AC,10659166.36177
Link,battery discharger,FI1 0,battery,-10878966.1124
Link,battery discharger,FR0 0,AC,1052153.41581
Link,battery discharger,FR0 0,battery,-1073849.58328
Link,battery discharger,FR5 0,AC,5137211.75034
Link,battery discharger,FR5 0,battery,-5243144.78707
Link,battery discharger,GB2 0,AC,18736932.23822
Link,battery discharger,GB2 0,battery,-19123301.38697
Link,battery discharger,GB3 0,AC,5253383.60524
Link,battery discharger,GB3 0,battery,-5361712.18997
Link,battery discharger,GR0 0,AC,96010980.15152
Link,battery discharger,GR0 0,battery,-97990796.28154
Link,battery discharger,HR0 0,AC,887585.50456
Link,battery discharger,HR0 0,battery,-905888.16219
Link,battery discharger,HU0 0,AC,6869007.69788
Link,battery discharger,HU0 0,battery,-7010651.6246
Link,battery discharger,IE3 0,AC,4095527.04518
Link,battery discharger,IE3 0,battery,-4179979.78686
Link,battery discharger,IT0 0,AC,102434069.79653
Link,battery discharger,IT0 0,battery,-104546334.69922
Link,battery discharger,IT4 0,AC,18643362.01414
Link,battery discharger,IT4 0,battery,-19027801.67693
Link,battery discharger,LT0 0,AC,1850224.7302
Link,battery discharger,LT0 0,battery,-1888377.7077
Link,battery discharger,LU0 0,AC,1936824.3901
Link,battery discharger,LU0 0,battery,-1976763.11547
Link,battery discharger,LV0 0,AC,2970546.61955
Link,battery discharger,LV0 0,battery,-3031801.44794
Link,battery discharger,ME0 0,AC,1516113.09564
Link,battery discharger,ME0 0,battery,-1547376.44862
Link,battery discharger,MK0 0,AC,6174125.88346
Link,battery discharger,MK0 0,battery,-6301440.84258
Link,battery discharger,NL0 0,AC,39952730.86073
Link,battery discharger,NL0 0,battery,-40776585.18314
Link,battery discharger,NO1 0,AC,1270136.88612
Link,battery discharger,NO1 0,battery,-1296328.03103
Link,battery discharger,PL0 0,AC,30212722.80808
Link,battery discharger,PL0 0,battery,-30835731.09165
Link,battery discharger,PT0 0,AC,3290891.93186
Link,battery discharger,PT0 0,battery,-3358752.51321
Link,battery discharger,RO0 0,AC,3809039.6259
Link,battery discharger,RO0 0,battery,-3887584.78896
Link,battery discharger,RS0 0,AC,784544.26605
Link,battery discharger,RS0 0,battery,-800722.13853
Link,battery discharger,SE1 0,AC,2284197.70525
Link,battery discharger,SE1 0,battery,-2331299.52062
Link,battery discharger,SI0 0,AC,4225750.1585
Link,battery discharger,SI0 0,battery,-4312888.19534
Link,battery discharger,SK0 0,AC,4377936.88987
Link,battery discharger,SK0 0,battery,-4468213.12762
Link,battery discharger,XK0 0,AC,1037299.99285
Link,battery discharger,XK0 0,battery,-1058689.87195
Link,co2 sequestered,EU,co2 sequestered,143821531.48632
Link,co2 sequestered,EU,co2 stored,-143821531.48632
Link,electricity distribution grid,AL0 0,AC,-8110390.75265
Link,electricity distribution grid,AL0 0,low voltage,7852998.1695
Link,electricity distribution grid,AT0 0,AC,-120404637.6904
Link,electricity distribution grid,AT0 0,low voltage,116707988.44009
Link,electricity distribution grid,BA0 0,AC,-16169298.2836
Link,electricity distribution grid,BA0 0,low voltage,15650659.52035
Link,electricity distribution grid,BE0 0,AC,-187054388.68973
Link,electricity distribution grid,BE0 0,low voltage,181264417.40821
Link,electricity distribution grid,BG0 0,AC,-46967765.26432
Link,electricity distribution grid,BG0 0,low voltage,45398326.15615
Link,electricity distribution grid,CH0 0,AC,-80030296.46293
Link,electricity distribution grid,CH0 0,low voltage,77453068.92145
Link,electricity distribution grid,CZ0 0,AC,-127204632.24816
Link,electricity distribution grid,CZ0 0,low voltage,123291215.09849
Link,electricity distribution grid,DE0 0,AC,-688356246.98628
Link,electricity distribution grid,DE0 0,low voltage,667548745.38705
Link,electricity distribution grid,DE0 1,AC,-373001195.99258
Link,electricity distribution grid,DE0 1,low voltage,361669170.66796
Link,electricity distribution grid,DK0 0,AC,-47777392.95492
Link,electricity distribution grid,DK0 0,low voltage,46243512.11581
Link,electricity distribution grid,DK1 0,AC,-28729661.83228
Link,electricity distribution grid,DK1 0,low voltage,27802384.07667
Link,electricity distribution grid,EE0 0,AC,-13867363.25413
Link,electricity distribution grid,EE0 0,low voltage,13407798.4937
Link,electricity distribution grid,ES0 0,AC,-365184699.86714
Link,electricity distribution grid,ES0 0,low voltage,353991569.20834
Link,electricity distribution grid,ES6 0,AC,-9688717.76605
Link,electricity distribution grid,ES6 0,low voltage,9344997.38103
Link,electricity distribution grid,FI1 0,AC,-132597015.68101
Link,electricity distribution grid,FI1 0,low voltage,128469189.44347
Link,electricity distribution grid,FR0 0,AC,-700441172.59317
Link,electricity distribution grid,FR0 0,low voltage,679254660.8929
Link,electricity distribution grid,FR5 0,AC,-5334267.36237
Link,electricity distribution grid,FR5 0,low voltage,5144240.90316
Link,electricity distribution grid,GB2 0,AC,-575515936.86155
Link,electricity distribution grid,GB2 0,low voltage,557917540.70447
Link,electricity distribution grid,GB3 0,AC,-17789039.60356
Link,electricity distribution grid,GB3 0,low voltage,17168655.419
Link,electricity distribution grid,GR0 0,AC,-63554557.73574
Link,electricity distribution grid,GR0 0,low voltage,61400151.79371
Link,electricity distribution grid,HR0 0,AC,-33372551.0077
Link,electricity distribution grid,HR0 0,low voltage,32333656.33447
Link,electricity distribution grid,HU0 0,AC,-86692653.91114
Link,electricity distribution grid,HU0 0,low voltage,83983993.88288
Link,electricity distribution grid,IE3 0,AC,-50592359.18301
Link,electricity distribution grid,IE3 0,low voltage,48919424.52618
Link,electricity distribution grid,IT0 0,AC,-497244413.46778
Link,electricity distribution grid,IT0 0,low voltage,482107975.68651
Link,electricity distribution grid,IT4 0,AC,-15576885.19157
Link,electricity distribution grid,IT4 0,low voltage,15048559.10336
Link,electricity distribution grid,LT0 0,AC,-21742521.18643
Link,electricity distribution grid,LT0 0,low voltage,21003478.2176
Link,electricity distribution grid,LU0 0,AC,-11750271.68951
Link,electricity distribution grid,LU0 0,low voltage,11380212.38442
Link,electricity distribution grid,LV0 0,AC,-16325943.86025
Link,electricity distribution grid,LV0 0,low voltage,15791726.64794
Link,electricity distribution grid,ME0 0,AC,-4150436.82057
Link,electricity distribution grid,ME0 0,low voltage,4014008.71365
Link,electricity distribution grid,MK0 0,AC,-10133256.8589
Link,electricity distribution grid,MK0 0,low voltage,9807035.73187
Link,electricity distribution grid,NL0 0,AC,-264922274.66388
Link,electricity distribution grid,NL0 0,low voltage,256732095.98915
Link,electricity distribution grid,NO1 0,AC,-133218364.30707
Link,electricity distribution grid,NO1 0,low voltage,129095594.25474
Link,electricity distribution grid,PL0 0,AC,-332956440.72112
Link,electricity distribution grid,PL0 0,low voltage,322866671.21526
Link,electricity distribution grid,PT0 0,AC,-79480634.77193
Link,electricity distribution grid,PT0 0,low voltage,77019127.07394
Link,electricity distribution grid,RO0 0,AC,-95673240.27494
Link,electricity distribution grid,RO0 0,low voltage,92540186.50659
Link,electricity distribution grid,RS0 0,AC,-50997306.61876
Link,electricity distribution grid,RS0 0,low voltage,49416264.42682
Link,electricity distribution grid,SE1 0,AC,-176810875.09061
Link,electricity distribution grid,SE1 0,low voltage,171375661.34999
Link,electricity distribution grid,SI0 0,AC,-23979998.54972
Link,electricity distribution grid,SI0 0,low voltage,23185554.809
Link,electricity distribution grid,SK0 0,AC,-46888682.86112
Link,electricity distribution grid,SK0 0,low voltage,45385684.95415
Link,electricity distribution grid,XK0 0,AC,-8903190.84397
Link,electricity distribution grid,XK0 0,low voltage,8616276.7984
Link,gas for industry,EU,co2,1.42921
Link,gas for industry,EU,gas,-7.21824
Link,gas for industry,EU,gas for industry,7.21824
Link,gas for industry CC,EU,co2,2545067.16867
Link,gas for industry CC,EU,co2 stored,48356276.20466
Link,gas for industry CC,EU,gas,-257077491.7845
Link,gas for industry CC,EU,gas for industry,231369742.60605
Link,home battery charger,AL0 0,home battery,306573.39908
Link,home battery charger,AL0 0,low voltage,-312895.16519
Link,home battery charger,AT0 0,home battery,1472928.64124
Link,home battery charger,AT0 0,low voltage,-1503301.49941
Link,home battery charger,BA0 0,home battery,533434.35654
Link,home battery charger,BA0 0,low voltage,-544434.16033
Link,home battery charger,BE0 0,home battery,4735467.31618
Link,home battery charger,BE0 0,low voltage,-4833116.09095
Link,home battery charger,BG0 0,home battery,1255405.11495
Link,home battery charger,BG0 0,low voltage,-1281292.48005
Link,home battery charger,CH0 0,home battery,918700.62575
Link,home battery charger,CH0 0,low voltage,-937644.89978
Link,home battery charger,CZ0 0,home battery,4025212.85251
Link,home battery charger,CZ0 0,low voltage,-4108215.66448
Link,home battery charger,DE0 0,home battery,18410776.74542
Link,home battery charger,DE0 0,low voltage,-18790420.33107
Link,home battery charger,DE0 1,home battery,11692783.07669
Link,home battery charger,DE0 1,low voltage,-11933896.75455
Link,home battery charger,DK0 0,home battery,1144492.70337
Link,home battery charger,DK0 0,low voltage,-1168092.974
Link,home battery charger,DK1 0,home battery,1078345.88489
Link,home battery charger,DK1 0,low voltage,-1100582.16009
Link,home battery charger,EE0 0,home battery,734937.82351
Link,home battery charger,EE0 0,low voltage,-750092.77511
Link,home battery charger,ES0 0,home battery,16504605.86592
Link,home battery charger,ES0 0,low voltage,-16844942.82385
Link,home battery charger,ES6 0,home battery,859360.38051
Link,home battery charger,ES6 0,low voltage,-877081.01559
Link,home battery charger,FI1 0,home battery,3391853.83521
Link,home battery charger,FI1 0,low voltage,-3461796.32432
Link,home battery charger,FR0 0,home battery,22889366.7429
Link,home battery charger,FR0 0,low voltage,-23361362.10648
Link,home battery charger,FR5 0,home battery,435899.18363
Link,home battery charger,FR5 0,low voltage,-444887.74132
Link,home battery charger,GB2 0,home battery,13442681.12077
Link,home battery charger,GB2 0,low voltage,-13719878.96701
Link,home battery charger,GB3 0,home battery,771358.19339
Link,home battery charger,GB3 0,low voltage,-787264.15947
Link,home battery charger,GR0 0,home battery,1240138.15268
Link,home battery charger,GR0 0,low voltage,-1265710.70193
Link,home battery charger,HR0 0,home battery,1184190.82732
Link,home battery charger,HR0 0,low voltage,-1208609.70209
Link,home battery charger,HU0 0,home battery,3041714.84111
Link,home battery charger,HU0 0,low voltage,-3104437.20991
Link,home battery charger,IE3 0,home battery,1093380.75316
Link,home battery charger,IE3 0,low voltage,-1115927.05826
Link,home battery charger,IT0 0,home battery,17669136.1087
Link,home battery charger,IT0 0,low voltage,-18033486.52587
Link,home battery charger,IT4 0,home battery,911937.79364
Link,home battery charger,IT4 0,low voltage,-930742.61315
Link,home battery charger,LT0 0,home battery,1262961.22592
Link,home battery charger,LT0 0,low voltage,-1289004.40351
Link,home battery charger,LU0 0,home battery,510815.37567
Link,home battery charger,LU0 0,low voltage,-521348.75965
Link,home battery charger,LV0 0,home battery,663241.87514
Link,home battery charger,LV0 0,low voltage,-676918.40423
Link,home battery charger,ME0 0,home battery,315104.65475
Link,home battery charger,ME0 0,low voltage,-321602.34154
Link,home battery charger,MK0 0,home battery,533115.451
Link,home battery charger,MK0 0,low voltage,-544108.67873
Link,home battery charger,NL0 0,home battery,5158307.24234
Link,home battery charger,NL0 0,low voltage,-5264675.28343
Link,home battery charger,NO1 0,home battery,1710627.83495
Link,home battery charger,NO1 0,low voltage,-1745902.22309
Link,home battery charger,PL0 0,home battery,9650803.1621
Link,home battery charger,PL0 0,low voltage,-9849809.73133
Link,home battery charger,PT0 0,home battery,3345145.58853
Link,home battery charger,PT0 0,low voltage,-3414124.91968
Link,home battery charger,RO0 0,home battery,2501683.83743
Link,home battery charger,RO0 0,low voltage,-2553270.37478
Link,home battery charger,RS0 0,home battery,1172494.8253
Link,home battery charger,RS0 0,low voltage,-1196672.52002
Link,home battery charger,SE1 0,home battery,2522536.26471
Link,home battery charger,SE1 0,low voltage,-2574552.79425
Link,home battery charger,SI0 0,home battery,1469266.62266
Link,home battery charger,SI0 0,low voltage,-1499563.96734
Link,home battery charger,SK0 0,home battery,866154.87645
Link,home battery charger,SK0 0,low voltage,-884015.61897
Link,home battery charger,XK0 0,home battery,362984.09072
Link,home battery charger,XK0 0,low voltage,-370469.08626
Link,home battery discharger,AL0 0,home battery,-306581.60137
Link,home battery discharger,AL0 0,low voltage,300387.39515
Link,home battery discharger,AT0 0,home battery,-1472936.92392
Link,home battery discharger,AT0 0,low voltage,1443177.55476
Link,home battery discharger,BA0 0,home battery,-533442.46651
Link,home battery discharger,BA0 0,low voltage,522664.74004
Link,home battery discharger,BE0 0,home battery,-4735474.3
Link,home battery discharger,BE0 0,low voltage,4639798.29002
Link,home battery discharger,BG0 0,home battery,-1255412.11751
Link,home battery discharger,BG0 0,low voltage,1230047.64192
Link,home battery discharger,CH0 0,home battery,-918707.601
Link,home battery discharger,CH0 0,low voltage,900145.9381
Link,home battery discharger,CZ0 0,home battery,-4025219.85248
Link,home battery discharger,CZ0 0,low voltage,3943893.89644
Link,home battery discharger,DE0 0,home battery,-18410783.72314
Link,home battery discharger,DE0 0,low voltage,18038810.35458
Link,home battery discharger,DE0 1,home battery,-11692790.05421
Link,home battery discharger,DE0 1,low voltage,11456547.72093
Link,home battery discharger,DK0 0,home battery,-1144500.40244
Link,home battery discharger,DK0 0,low voltage,1121376.79856
Link,home battery discharger,DK1 0,home battery,-1078353.87499
Link,home battery discharger,DK1 0,low voltage,1056566.70235
Link,home battery discharger,EE0 0,home battery,-734945.39259
Link,home battery discharger,EE0 0,low voltage,720096.48027
Link,home battery discharger,ES0 0,home battery,-16504612.83646
Link,home battery discharger,ES0 0,low voltage,16171151.94061
Link,home battery discharger,ES6 0,home battery,-859367.37868
Link,home battery discharger,ES6 0,low voltage,842004.63174
Link,home battery discharger,FI1 0,home battery,-3391860.8165
Link,home battery discharger,FI1 0,low voltage,3323331.31159
Link,home battery discharger,FR0 0,home battery,-22889373.72831
Link,home battery discharger,FR0 0,low voltage,22426914.46649
Link,home battery discharger,FR5 0,home battery,-435907.0646
Link,home battery discharger,FR5 0,low voltage,427099.95341
Link,home battery discharger,GB2 0,home battery,-13442688.114
Link,home battery discharger,GB2 0,low voltage,13171090.66027
Link,home battery discharger,GB3 0,home battery,-771365.20453
Link,home battery discharger,GB3 0,low voltage,755780.46257
Link,home battery discharger,GR0 0,home battery,-1240145.33295
Link,home battery discharger,GR0 0,low voltage,1215089.30904
Link,home battery discharger,HR0 0,home battery,-1184198.8406
Link,home battery discharger,HR0 0,low voltage,1160273.16538
Link,home battery discharger,HU0 0,home battery,-3041721.77907
Link,home battery discharger,HU0 0,low voltage,2980266.51929
Link,home battery discharger,IE3 0,home battery,-1093387.96947
Link,home battery discharger,IE3 0,low voltage,1071297.04644
Link,home battery discharger,IT0 0,home battery,-17669143.06776
Link,home battery discharger,IT0 0,low voltage,17312153.8833
Link,home battery discharger,IT4 0,home battery,-911945.2558
Link,home battery discharger,IT4 0,low voltage,893520.22002
Link,home battery discharger,LT0 0,home battery,-1262968.20451
Link,home battery discharger,LT0 0,low voltage,1237451.06496
Link,home battery discharger,LU0 0,home battery,-510823.89592
Link,home battery discharger,LU0 0,low voltage,500503.15737
Link,home battery discharger,LV0 0,home battery,-663249.48028
Link,home battery discharger,LV0 0,low voltage,649849.11954
Link,home battery discharger,ME0 0,home battery,-315112.79158
Link,home battery discharger,ME0 0,low voltage,308746.22032
Link,home battery discharger,MK0 0,home battery,-533123.91753
Link,home battery discharger,MK0 0,low voltage,522352.62705
Link,home battery discharger,NL0 0,home battery,-5158314.23844
Link,home battery discharger,NL0 0,low voltage,5054095.12685
Link,home battery discharger,NO1 0,home battery,-1710635.0381
Link,home battery discharger,NO1 0,low voltage,1676073.19179
Link,home battery discharger,PL0 0,home battery,-9650810.67774
Link,home battery discharger,PL0 0,low voltage,9455824.70587
Link,home battery discharger,PT0 0,home battery,-3345152.75115
Link,home battery discharger,PT0 0,low voltage,3277566.94079
Link,home battery discharger,RO0 0,home battery,-2501690.82966
Link,home battery discharger,RO0 0,low voltage,2451146.41075
Link,home battery discharger,RS0 0,home battery,-1172503.1728
Link,home battery discharger,RS0 0,low voltage,1148813.79806
Link,home battery discharger,SE1 0,home battery,-2522543.24945
Link,home battery discharger,SE1 0,low voltage,2471577.5261
Link,home battery discharger,SI0 0,home battery,-1469273.59361
Link,home battery discharger,SI0 0,low voltage,1439588.23876
Link,home battery discharger,SK0 0,home battery,-866161.84954
Link,home battery discharger,SK0 0,low voltage,848661.82642
Link,home battery discharger,XK0 0,home battery,-362992.73827
Link,home battery discharger,XK0 0,low voltage,355658.79564
Link,industry methanol,EU,co2,2167557.60863
Link,industry methanol,EU,industry methanol,8739809.03375
Link,industry methanol,EU,methanol,-8739809.03375
Link,kerosene for aviation,EU,co2,143346538.05616
Link,kerosene for aviation,EU,kerosene for aviation,557551684.38803
Link,kerosene for aviation,EU,oil,-557551684.38803
Link,methanolisation,AL0 0,AC,-80665.14385
Link,methanolisation,AL0 0,H2,-338808.29225
Link,methanolisation,AL0 0,urban central heat,7443.06442
Link,methanolisation,AT0 0,AC,-28242.06827
Link,methanolisation,AT0 0,H2,-118621.82925
Link,methanolisation,AT0 0,urban central heat,2605.92771
Link,methanolisation,BA0 0,AC,-35698.10631
Link,methanolisation,BA0 0,H2,-149938.54667
Link,methanolisation,BA0 0,urban central heat,3293.9048
Link,methanolisation,BE0 0,AC,-34609.49499
Link,methanolisation,BE0 0,H2,-145366.18092
Link,methanolisation,BE0 0,urban central heat,3193.4574
Link,methanolisation,BG0 0,AC,-114100.22163
Link,methanolisation,BG0 0,H2,-479241.70703
Link,methanolisation,BG0 0,urban central heat,10528.15701
Link,methanolisation,CH0 0,AC,-107455.06815
Link,methanolisation,CH0 0,H2,-451330.85242
Link,methanolisation,CH0 0,urban central heat,9915.00115
Link,methanolisation,CZ0 0,AC,-15033.94862
Link,methanolisation,CZ0 0,H2,-63145.32169
Link,methanolisation,CZ0 0,urban central heat,1387.19951
Link,methanolisation,DE0 0,AC,-17720.69171
Link,methanolisation,DE0 0,H2,-74430.13191
Link,methanolisation,DE0 0,urban central heat,1635.10835
Link,methanolisation,DE0 1,AC,-17369.24751
Link,methanolisation,DE0 1,H2,-72954.00226
Link,methanolisation,DE0 1,urban central heat,1602.68019
Link,methanolisation,DK0 0,AC,-62083.7945
Link,methanolisation,DK0 0,H2,-260763.24156
Link,methanolisation,DK0 0,urban central heat,5728.54221
Link,methanolisation,DK1 0,AC,-57442.73484
Link,methanolisation,DK1 0,H2,-241269.94591
Link,methanolisation,DK1 0,urban central heat,5300.30637
Link,methanolisation,EE0 0,AC,-45196.18332
Link,methanolisation,EE0 0,H2,-189832.1996
Link,methanolisation,EE0 0,urban central heat,4170.30315
Link,methanolisation,ES0 0,AC,-76241427.35758
Link,methanolisation,ES0 0,H2,-320227877.48789
Link,methanolisation,ES0 0,urban central heat,7034883.07311
Link,methanolisation,ES6 0,AC,-31565.31925
Link,methanolisation,ES6 0,H2,-132580.08847
Link,methanolisation,ES6 0,urban central heat,2912.56785
Link,methanolisation,EU,co2 stored,-126908879.16036
Link,methanolisation,EU,methanol,511709291.6625
Link,methanolisation,FI1 0,AC,-61080.32557
Link,methanolisation,FI1 0,H2,-256548.48934
Link,methanolisation,FI1 0,urban central heat,5635.951
Link,methanolisation,FR0 0,AC,-154465.6892
Link,methanolisation,FR0 0,H2,-648784.02084
Link,methanolisation,FR0 0,urban central heat,14252.72454
Link,methanolisation,FR5 0,AC,-2760002.74092
Link,methanolisation,FR5 0,H2,-11592514.07296
Link,methanolisation,GB2 0,AC,-45686821.34012
Link,methanolisation,GB2 0,H2,-191892968.61269
Link,methanolisation,GB2 0,urban central heat,4215574.88165
Link,methanolisation,GB3 0,AC,-653837.21185
Link,methanolisation,GB3 0,H2,-2746235.34512
Link,methanolisation,GB3 0,urban central heat,60330.30196
Link,methanolisation,GR0 0,AC,-10675118.60037
Link,methanolisation,GR0 0,H2,-44837441.92373
Link,methanolisation,GR0 0,urban central heat,985005.31467
Link,methanolisation,HR0 0,AC,-28445.91229
Link,methanolisation,HR0 0,H2,-119478.01126
Link,methanolisation,HR0 0,urban central heat,2624.73663
Link,methanolisation,HU0 0,AC,-24884.88895
Link,methanolisation,HU0 0,H2,-104521.06482
Link,methanolisation,HU0 0,urban central heat,2296.15696
Link,methanolisation,IE3 0,AC,-756766.84227
Link,methanolisation,IE3 0,H2,-3178558.53507
Link,methanolisation,IE3 0,urban central heat,69827.73583
Link,methanolisation,IT0 0,AC,-166369.36139
Link,methanolisation,IT0 0,H2,-698781.61157
Link,methanolisation,IT0 0,urban central heat,15351.08989
Link,methanolisation,IT4 0,AC,-36033.2697
Link,methanolisation,IT4 0,H2,-151346.29394
Link,methanolisation,IT4 0,urban central heat,3324.83071
Link,methanolisation,LT0 0,AC,-23444.71541
Link,methanolisation,LT0 0,H2,-98472.07369
Link,methanolisation,LT0 0,urban central heat,2163.27051
Link,methanolisation,LU0 0,AC,-21735.20508
Link,methanolisation,LU0 0,H2,-91291.81902
Link,methanolisation,LU0 0,urban central heat,2005.53205
Link,methanolisation,LV0 0,AC,-28801.23914
Link,methanolisation,LV0 0,H2,-120970.44872
Link,methanolisation,LV0 0,urban central heat,2657.52304
Link,methanolisation,ME0 0,AC,-51605.80027
Link,methanolisation,ME0 0,H2,-216753.75789
Link,methanolisation,ME0 0,urban central heat,4761.72579
Link,methanolisation,MK0 0,AC,-114969.13807
Link,methanolisation,MK0 0,H2,-482891.31429
Link,methanolisation,MK0 0,urban central heat,10608.33292
Link,methanolisation,NL0 0,AC,-31137.14561
Link,methanolisation,NL0 0,H2,-130781.68122
Link,methanolisation,NL0 0,urban central heat,2873.05978
Link,methanolisation,NO1 0,AC,-68663.1026
Link,methanolisation,NO1 0,H2,-288397.53358
Link,methanolisation,NO1 0,urban central heat,6335.62244
Link,methanolisation,PL0 0,AC,-16294.64449
Link,methanolisation,PL0 0,H2,-68440.47391
Link,methanolisation,PL0 0,urban central heat,1503.52535
Link,methanolisation,PT0 0,AC,-68077.87498
Link,methanolisation,PT0 0,H2,-285939.47103
Link,methanolisation,PT0 0,urban central heat,6281.62283
Link,methanolisation,RO0 0,AC,-124726.10549
Link,methanolisation,RO0 0,H2,-523872.35407
Link,methanolisation,RO0 0,urban central heat,11508.61938
Link,methanolisation,RS0 0,AC,-35672.75724
Link,methanolisation,RS0 0,H2,-149832.07594
Link,methanolisation,RS0 0,urban central heat,3291.56582
Link,methanolisation,SE1 0,AC,-52455.13711
Link,methanolisation,SE1 0,H2,-220321.12728
Link,methanolisation,SE1 0,urban central heat,4840.09506
Link,methanolisation,SI0 0,AC,-34735.14433
Link,methanolisation,SI0 0,H2,-145893.931
Link,methanolisation,SI0 0,urban central heat,3205.05121
Link,methanolisation,SK0 0,AC,-19300.19556
Link,methanolisation,SK0 0,H2,-81064.33567
Link,methanolisation,SK0 0,urban central heat,1780.85096
Link,methanolisation,XK0 0,AC,-64249.17199
Link,methanolisation,XK0 0,H2,-269858.22132
Link,methanolisation,XK0 0,urban central heat,5928.34405
Link,naphtha for industry,EU,naphtha for industry,276859991.86721
Link,naphtha for industry,EU,oil,-276859991.86721
Link,naphtha for industry,EU,process emissions,10759999.68392
Link,oil refining,EU,co2,2.2787
Link,oil refining,EU,oil,166.42174
Link,oil refining,EU,oil primary,-175.28484
Link,process emissions,EU,co2,2.28825
Link,process emissions,EU,process emissions,-2.28825
Link,process emissions CC,EU,co2,6694503.98106
Link,process emissions CC,EU,co2 stored,127195575.64012
Link,process emissions CC,EU,process emissions,-133890079.62118
Link,residential rural air heat pump,AL0 0,low voltage,-37655.89964
Link,residential rural air heat pump,AL0 0,residential rural heat,100931.66551
Link,residential rural air heat pump,AT0 0,low voltage,-252094.0064
Link,residential rural air heat pump,AT0 0,residential rural heat,651372.06149
Link,residential rural air heat pump,BA0 0,low voltage,-99043.93912
Link,residential rural air heat pump,BA0 0,residential rural heat,248054.99149
Link,residential rural air heat pump,BE0 0,low voltage,-32516.35519
Link,residential rural air heat pump,BE0 0,residential rural heat,86602.41725
Link,residential rural air heat pump,BG0 0,low voltage,-68704.13986
Link,residential rural air heat pump,BG0 0,residential rural heat,187817.22636
Link,residential rural air heat pump,CH0 0,low voltage,-129101.81911
Link,residential rural air heat pump,CH0 0,residential rural heat,312060.00724
Link,residential rural air heat pump,CZ0 0,low voltage,-123990.79755
Link,residential rural air heat pump,CZ0 0,residential rural heat,351836.97955
Link,residential rural air heat pump,DE0 0,low voltage,-172706.64514
Link,residential rural air heat pump,DE0 0,residential rural heat,501312.08283
Link,residential rural air heat pump,DE0 1,low voltage,-416264.61944
Link,residential rural air heat pump,DE0 1,residential rural heat,1218042.71084
Link,residential rural air heat pump,DK0 0,low voltage,-27931.57299
Link,residential rural air heat pump,DK0 0,residential rural heat,71397.26374
Link,residential rural air heat pump,DK1 0,low voltage,-17853.69827
Link,residential rural air heat pump,DK1 0,residential rural heat,44839.79113
Link,residential rural air heat pump,EE0 0,low voltage,-55345.32639
Link,residential rural air heat pump,EE0 0,residential rural heat,130994.47163
Link,residential rural air heat pump,ES0 0,low voltage,-583086.7199
Link,residential rural air heat pump,ES0 0,residential rural heat,1514984.35465
Link,residential rural air heat pump,ES6 0,low voltage,-15940.90148
Link,residential rural air heat pump,ES6 0,residential rural heat,45322.3122
Link,residential rural air heat pump,FI1 0,low voltage,-109822.44785
Link,residential rural air heat pump,FI1 0,residential rural heat,264692.17995
Link,residential rural air heat pump,FR0 0,low voltage,-985219.04979
Link,residential rural air heat pump,FR0 0,residential rural heat,2419887.67071
Link,residential rural air heat pump,FR5 0,low voltage,-66427.60735
Link,residential rural air heat pump,FR5 0,residential rural heat,169851.11885
Link,residential rural air heat pump,GB2 0,low voltage,-572112.86421
Link,residential rural air heat pump,GB2 0,residential rural heat,1414324.10835
Link,residential rural air heat pump,GB3 0,low voltage,-204289.73474
Link,residential rural air heat pump,GB3 0,residential rural heat,496917.72801
Link,residential rural air heat pump,GR0 0,low voltage,-160956.71209
Link,residential rural air heat pump,GR0 0,residential rural heat,443499.08257
Link,residential rural air heat pump,HR0 0,low voltage,-122077.11945
Link,residential rural air heat pump,HR0 0,residential rural heat,305405.94334
Link,residential rural air heat pump,HU0 0,low voltage,-134663.8291
Link,residential rural air heat pump,HU0 0,residential rural heat,361588.34679
Link,residential rural air heat pump,IE3 0,low voltage,-382680.63577
Link,residential rural air heat pump,IE3 0,residential rural heat,933367.41026
Link,residential rural air heat pump,IT0 0,low voltage,-1340483.55134
Link,residential rural air heat pump,IT0 0,residential rural heat,3411505.18036
Link,residential rural air heat pump,IT4 0,low voltage,-227092.82994
Link,residential rural air heat pump,IT4 0,residential rural heat,592417.51063
Link,residential rural air heat pump,LT0 0,low voltage,-45187.5609
Link,residential rural air heat pump,LT0 0,residential rural heat,109923.22427
Link,residential rural air heat pump,LU0 0,low voltage,-7112.38163
Link,residential rural air heat pump,LU0 0,residential rural heat,16859.45961
Link,residential rural air heat pump,LV0 0,low voltage,-49854.55282
Link,residential rural air heat pump,LV0 0,residential rural heat,128257.82095
Link,residential rural air heat pump,ME0 0,low voltage,-19861.87105
Link,residential rural air heat pump,ME0 0,residential rural heat,48915.48468
Link,residential rural air heat pump,MK0 0,low voltage,-33697.69679
Link,residential rural air heat pump,MK0 0,residential rural heat,87613.01888
Link,residential rural air heat pump,NL0 0,low voltage,-50318.10983
Link,residential rural air heat pump,NL0 0,residential rural heat,133814.35862
Link,residential rural air heat pump,NO1 0,low voltage,-53156.39644
Link,residential rural air heat pump,NO1 0,residential rural heat,123539.90311
Link,residential rural air heat pump,PL0 0,low voltage,-483650.85164
Link,residential rural air heat pump,PL0 0,residential rural heat,1362469.14862
Link,residential rural air heat pump,PT0 0,low voltage,-252291.15539
Link,residential rural air heat pump,PT0 0,residential rural heat,680708.24179
Link,residential rural air heat pump,RO0 0,low voltage,-277096.65202
Link,residential rural air heat pump,RO0 0,residential rural heat,771731.06236
Link,residential rural air heat pump,RS0 0,low voltage,-128808.23578
Link,residential rural air heat pump,RS0 0,residential rural heat,348975.94013
Link,residential rural air heat pump,SE1 0,low voltage,-84986.75146
Link,residential rural air heat pump,SE1 0,residential rural heat,205001.5886
Link,residential rural air heat pump,SI0 0,low voltage,-77301.3331
Link,residential rural air heat pump,SI0 0,residential rural heat,198586.3762
Link,residential rural air heat pump,SK0 0,low voltage,-75308.74086
Link,residential rural air heat pump,SK0 0,residential rural heat,208537.0197
Link,residential rural air heat pump,XK0 0,low voltage,-26954.74906
Link,residential rural air heat pump,XK0 0,residential rural heat,68917.49875
Link,residential rural ground heat pump,AL0 0,low voltage,-249492.09444
Link,residential rural ground heat pump,AL0 0,residential rural heat,902302.67357
Link,residential rural ground heat pump,AT0 0,low voltage,-6895556.72072
Link,residential rural ground heat pump,AT0 0,residential rural heat,21857776.43421
Link,residential rural ground heat pump,BA0 0,low voltage,-1119481.73837
Link,residential rural ground heat pump,BA0 0,residential rural heat,3822446.08508
Link,residential rural ground heat pump,BE0 0,low voltage,-876155.92864
Link,residential rural ground heat pump,BE0 0,residential rural heat,2910085.59645
Link,residential rural ground heat pump,BG0 0,low voltage,-796604.19114
Link,residential rural ground heat pump,BG0 0,residential rural heat,2797682.1484
Link,residential rural ground heat pump,CH0 0,low voltage,-2921935.10141
Link,residential rural ground heat pump,CH0 0,residential rural heat,9102791.97627
Link,residential rural ground heat pump,CZ0 0,low voltage,-4582519.4825
Link,residential rural ground heat pump,CZ0 0,residential rural heat,14745051.65908
Link,residential rural ground heat pump,DE0 0,low voltage,-12412080.99911
Link,residential rural ground heat pump,DE0 0,residential rural heat,40520725.77424
Link,residential rural ground heat pump,DE0 1,low voltage,-21398156.24507
Link,residential rural ground heat pump,DE0 1,residential rural heat,69195799.29588
Link,residential rural ground heat pump,DK0 0,low voltage,-736698.75648
Link,residential rural ground heat pump,DK0 0,residential rural heat,2320910.1519
Link,residential rural ground heat pump,DK1 0,low voltage,-317877.67084
Link,residential rural ground heat pump,DK1 0,residential rural heat,1002119.6548
Link,residential rural ground heat pump,EE0 0,low voltage,-618255.6576
Link,residential rural ground heat pump,EE0 0,residential rural heat,1888474.77803
Link,residential rural ground heat pump,ES0 0,low voltage,-3429851.38528
Link,residential rural ground heat pump,ES0 0,residential rural heat,12739875.8142
Link,residential rural ground heat pump,ES6 0,low voltage,-12485.90804
Link,residential rural ground heat pump,ES6 0,residential rural heat,52102.04824
Link,residential rural ground heat pump,FI1 0,low voltage,-2540681.34653
Link,residential rural ground heat pump,FI1 0,residential rural heat,7573562.74145
Link,residential rural ground heat pump,FR0 0,low voltage,-19477259.83395
Link,residential rural ground heat pump,FR0 0,residential rural heat,66894807.63107
Link,residential rural ground heat pump,FR5 0,low voltage,-371148.0421
Link,residential rural ground heat pump,FR5 0,residential rural heat,1350575.88951
Link,residential rural ground heat pump,GB2 0,low voltage,-11403934.25358
Link,residential rural ground heat pump,GB2 0,residential rural heat,37566071.24618
Link,residential rural ground heat pump,GB3 0,low voltage,-1303901.81707
Link,residential rural ground heat pump,GB3 0,residential rural heat,4320325.97156
Link,residential rural ground heat pump,GR0 0,low voltage,-790028.4131
Link,residential rural ground heat pump,GR0 0,residential rural heat,3011450.24111
Link,residential rural ground heat pump,HR0 0,low voltage,-1724623.2612
Link,residential rural ground heat pump,HR0 0,residential rural heat,5997059.05301
Link,residential rural ground heat pump,HU0 0,low voltage,-3562434.45467
Link,residential rural ground heat pump,HU0 0,residential rural heat,12195394.90082
Link,residential rural ground heat pump,IE3 0,low voltage,-1926849.78258
Link,residential rural ground heat pump,IE3 0,residential rural heat,6467319.72873
Link,residential rural ground heat pump,IT0 0,low voltage,-15849925.83121
Link,residential rural ground heat pump,IT0 0,residential rural heat,56711632.1221
Link,residential rural ground heat pump,IT4 0,low voltage,-1014463.65907
Link,residential rural ground heat pump,IT4 0,residential rural heat,3898384.29538
Link,residential rural ground heat pump,LT0 0,low voltage,-1056875.66331
Link,residential rural ground heat pump,LT0 0,residential rural heat,3288557.46769
Link,residential rural ground heat pump,LU0 0,low voltage,-88407.08087
Link,residential rural ground heat pump,LU0 0,residential rural heat,289088.95799
Link,residential rural ground heat pump,LV0 0,low voltage,-922910.9625
Link,residential rural ground heat pump,LV0 0,residential rural heat,2867945.44301
Link,residential rural ground heat pump,ME0 0,low voltage,-122359.30375
Link,residential rural ground heat pump,ME0 0,residential rural heat,415765.78387
Link,residential rural ground heat pump,MK0 0,low voltage,-348145.69498
Link,residential rural ground heat pump,MK0 0,residential rural heat,1207839.80158
Link,residential rural ground heat pump,NL0 0,low voltage,-1416268.98345
Link,residential rural ground heat pump,NL0 0,residential rural heat,4679899.38199
Link,residential rural ground heat pump,NO1 0,low voltage,-1735079.42264
Link,residential rural ground heat pump,NO1 0,residential rural heat,5101759.63421
Link,residential rural ground heat pump,PL0 0,low voltage,-19945693.07956
Link,residential rural ground heat pump,PL0 0,residential rural heat,63620922.51931
Link,residential rural ground heat pump,PT0 0,low voltage,-779293.8167
Link,residential rural ground heat pump,PT0 0,residential rural heat,3015152.46266
Link,residential rural ground heat pump,RO0 0,low voltage,-6545503.7569
Link,residential rural ground heat pump,RO0 0,residential rural heat,22041243.56835
Link,residential rural ground heat pump,RS0 0,low voltage,-2275442.21164
Link,residential rural ground heat pump,RS0 0,residential rural heat,7882650.13907
Link,residential rural ground heat pump,SE1 0,low voltage,-3233924.06294
Link,residential rural ground heat pump,SE1 0,residential rural heat,9560140.22626
Link,residential rural ground heat pump,SI0 0,low voltage,-1114381.88569
Link,residential rural ground heat pump,SI0 0,residential rural heat,3700409.7971
Link,residential rural ground heat pump,SK0 0,low voltage,-2631007.13725
Link,residential rural ground heat pump,SK0 0,residential rural heat,8537845.69789
Link,residential rural ground heat pump,XK0 0,low voltage,-279411.03349
Link,residential rural ground heat pump,XK0 0,residential rural heat,970301.64469
Link,residential urban decentral air heat pump,AL0 0,low voltage,-255566.3439
Link,residential urban decentral air heat pump,AL0 0,residential urban decentral heat,640765.17451
Link,residential urban decentral air heat pump,AT0 0,low voltage,-5886589.20958
Link,residential urban decentral air heat pump,AT0 0,residential urban decentral heat,12557491.73591
Link,residential urban decentral air heat pump,BA0 0,low voltage,-707002.95041
Link,residential urban decentral air heat pump,BA0 0,residential urban decentral heat,1612607.41902
Link,residential urban decentral air heat pump,BE0 0,low voltage,-11054668.39033
Link,residential urban decentral air heat pump,BE0 0,residential urban decentral heat,25011253.23445
Link,residential urban decentral air heat pump,BG0 0,low voltage,-1579569.46802
Link,residential urban decentral air heat pump,BG0 0,residential urban decentral heat,3680590.0148
Link,residential urban decentral air heat pump,CH0 0,low voltage,-7101932.19699
Link,residential urban decentral air heat pump,CH0 0,residential urban decentral heat,14597547.8999
Link,residential urban decentral air heat pump,CZ0 0,low voltage,-7607742.62534
Link,residential urban decentral air heat pump,CZ0 0,residential urban decentral heat,16444356.24139
Link,residential urban decentral air heat pump,DE0 0,low voltage,-50012652.32696
Link,residential urban decentral air heat pump,DE0 0,residential urban decentral heat,111872213.17453
Link,residential urban decentral air heat pump,DE0 1,low voltage,-21276486.12237
Link,residential urban decentral air heat pump,DE0 1,residential urban decentral heat,46759146.72795
Link,residential urban decentral air heat pump,DK0 0,low voltage,-4525512.37538
Link,residential urban decentral air heat pump,DK0 0,residential urban decentral heat,10175745.33787
Link,residential urban decentral air heat pump,DK1 0,low voltage,-2673582.42198
Link,residential urban decentral air heat pump,DK1 0,residential urban decentral heat,6011823.96431
Link,residential urban decentral air heat pump,EE0 0,low voltage,-976430.73419
Link,residential urban decentral air heat pump,EE0 0,residential urban decentral heat,1950040.52309
Link,residential urban decentral air heat pump,ES0 0,low voltage,-9331625.07421
Link,residential urban decentral air heat pump,ES0 0,residential urban decentral heat,23901420.72671
Link,residential urban decentral air heat pump,ES6 0,low voltage,-158158.23848
Link,residential urban decentral air heat pump,ES6 0,residential urban decentral heat,450968.18976
Link,residential urban decentral air heat pump,FI1 0,low voltage,-10027778.66416
Link,residential urban decentral air heat pump,FI1 0,residential urban decentral heat,18887511.18137
Link,residential urban decentral air heat pump,FR0 0,low voltage,-50758156.29928
Link,residential urban decentral air heat pump,FR0 0,residential urban decentral heat,118801287.70687
Link,residential urban decentral air heat pump,FR5 0,low voltage,0.0
Link,residential urban decentral air heat pump,FR5 0,residential urban decentral heat,0.0
Link,residential urban decentral air heat pump,GB2 0,low voltage,-40296803.38481
Link,residential urban decentral air heat pump,GB2 0,residential urban decentral heat,95800876.08675
Link,residential urban decentral air heat pump,GB3 0,low voltage,-452225.96931
Link,residential urban decentral air heat pump,GB3 0,residential urban decentral heat,1093624.32404
Link,residential urban decentral air heat pump,GR0 0,low voltage,-2392380.02729
Link,residential urban decentral air heat pump,GR0 0,residential urban decentral heat,6206455.04444
Link,residential urban decentral air heat pump,HR0 0,low voltage,-1531175.39923
Link,residential urban decentral air heat pump,HR0 0,residential urban decentral heat,3543362.35607
Link,residential urban decentral air heat pump,HU0 0,low voltage,-5397055.04131
Link,residential urban decentral air heat pump,HU0 0,residential urban decentral heat,12119202.69678
Link,residential urban decentral air heat pump,IE3 0,low voltage,-2334362.54076
Link,residential urban decentral air heat pump,IE3 0,residential urban decentral heat,5687984.09218
Link,residential urban decentral air heat pump,IT0 0,low voltage,-27586749.68359
Link,residential urban decentral air heat pump,IT0 0,residential urban decentral heat,67243538.68176
Link,residential urban decentral air heat pump,IT4 0,low voltage,-199126.27405
Link,residential urban decentral air heat pump,IT4 0,residential urban decentral heat,516414.14805
Link,residential urban decentral air heat pump,LT0 0,low voltage,-1502525.16813
Link,residential urban decentral air heat pump,LT0 0,residential urban decentral heat,3023074.32199
Link,residential urban decentral air heat pump,LU0 0,low voltage,-617713.77432
Link,residential urban decentral air heat pump,LU0 0,residential urban decentral heat,1354777.25901
Link,residential urban decentral air heat pump,LV0 0,low voltage,-1220089.34984
Link,residential urban decentral air heat pump,LV0 0,residential urban decentral heat,2470230.1628
Link,residential urban decentral air heat pump,ME0 0,low voltage,-148360.75354
Link,residential urban decentral air heat pump,ME0 0,residential urban decentral heat,342879.75027
Link,residential urban decentral air heat pump,MK0 0,low voltage,-336914.9818
Link,residential urban decentral air heat pump,MK0 0,residential urban decentral heat,772302.96967
Link,residential urban decentral air heat pump,NL0 0,low voltage,-14083163.92087
Link,residential urban decentral air heat pump,NL0 0,residential urban decentral heat,32340773.77519
Link,residential urban decentral air heat pump,NO1 0,low voltage,-5424155.12576
Link,residential urban decentral air heat pump,NO1 0,residential urban decentral heat,10574788.51894
Link,residential urban decentral air heat pump,PL0 0,low voltage,-18358484.11572
Link,residential urban decentral air heat pump,PL0 0,residential urban decentral heat,39255362.84832
Link,residential urban decentral air heat pump,PT0 0,low voltage,-1070066.43699
Link,residential urban decentral air heat pump,PT0 0,residential urban decentral heat,2897306.71976
Link,residential urban decentral air heat pump,RO0 0,low voltage,-5025451.49075
Link,residential urban decentral air heat pump,RO0 0,residential urban decentral heat,11065587.62566
Link,residential urban decentral air heat pump,RS0 0,low voltage,-1854068.97082
Link,residential urban decentral air heat pump,RS0 0,residential urban decentral heat,4231329.38686
Link,residential urban decentral air heat pump,SE1 0,low voltage,-14673960.88616
Link,residential urban decentral air heat pump,SE1 0,residential urban decentral heat,28357347.33748
Link,residential urban decentral air heat pump,SI0 0,low voltage,-935051.28827
Link,residential urban decentral air heat pump,SI0 0,residential urban decentral heat,2096006.88775
Link,residential urban decentral air heat pump,SK0 0,low voltage,-2263366.27661
Link,residential urban decentral air heat pump,SK0 0,residential urban decentral heat,4866923.4206
Link,residential urban decentral air heat pump,XK0 0,low voltage,-295419.12978
Link,residential urban decentral air heat pump,XK0 0,residential urban decentral heat,668917.43006
Link,services rural air heat pump,AL0 0,low voltage,-25561.11017
Link,services rural air heat pump,AL0 0,services rural heat,67444.20836
Link,services rural air heat pump,AT0 0,low voltage,-118376.19161
Link,services rural air heat pump,AT0 0,services rural heat,314537.00313
Link,services rural air heat pump,BA0 0,low voltage,-39783.41753
Link,services rural air heat pump,BA0 0,services rural heat,98053.52502
Link,services rural air heat pump,BE0 0,low voltage,-33566.72792
Link,services rural air heat pump,BE0 0,services rural heat,90964.84858
Link,services rural air heat pump,BG0 0,low voltage,-48676.22606
Link,services rural air heat pump,BG0 0,services rural heat,141139.88744
Link,services rural air heat pump,CH0 0,low voltage,-92212.59412
Link,services rural air heat pump,CH0 0,services rural heat,210570.47831
Link,services rural air heat pump,CZ0 0,low voltage,-77156.43764
Link,services rural air heat pump,CZ0 0,services rural heat,224201.25919
Link,services rural air heat pump,DE0 0,low voltage,-115200.79148
Link,services rural air heat pump,DE0 0,services rural heat,327124.68116
Link,services rural air heat pump,DE0 1,low voltage,-255304.8789
Link,services rural air heat pump,DE0 1,services rural heat,748354.13563
Link,services rural air heat pump,DK0 0,low voltage,-19550.95435
Link,services rural air heat pump,DK0 0,services rural heat,49622.99198
Link,services rural air heat pump,DK1 0,low voltage,-12490.55708
Link,services rural air heat pump,DK1 0,services rural heat,30795.95437
Link,services rural air heat pump,EE0 0,low voltage,-33732.21754
Link,services rural air heat pump,EE0 0,services rural heat,84535.50388
Link,services rural air heat pump,ES0 0,low voltage,-401383.99211
Link,services rural air heat pump,ES0 0,services rural heat,1093104.53226
Link,services rural air heat pump,ES6 0,low voltage,-36527.84778
Link,services rural air heat pump,ES6 0,services rural heat,114768.42726
Link,services rural air heat pump,FI1 0,low voltage,-67491.32225
Link,services rural air heat pump,FI1 0,services rural heat,165984.45618
Link,services rural air heat pump,FR0 0,low voltage,-720772.83535
Link,services rural air heat pump,FR0 0,services rural heat,2003154.46694
Link,services rural air heat pump,FR5 0,low voltage,-36754.93614
Link,services rural air heat pump,FR5 0,services rural heat,98706.10057
Link,services rural air heat pump,GB2 0,low voltage,-242072.31624
Link,services rural air heat pump,GB2 0,services rural heat,597265.07176
Link,services rural air heat pump,GB3 0,low voltage,-78138.96853
Link,services rural air heat pump,GB3 0,services rural heat,189660.03145
Link,services rural air heat pump,GR0 0,low voltage,-154911.69869
Link,services rural air heat pump,GR0 0,services rural heat,472715.63108
Link,services rural air heat pump,HR0 0,low voltage,-55533.63155
Link,services rural air heat pump,HR0 0,services rural heat,155716.36187
Link,services rural air heat pump,HU0 0,low voltage,-94337.08067
Link,services rural air heat pump,HU0 0,services rural heat,267511.12592
Link,services rural air heat pump,IE3 0,low voltage,-187393.66774
Link,services rural air heat pump,IE3 0,services rural heat,461075.04096
Link,services rural air heat pump,IT0 0,low voltage,-1038386.73346
Link,services rural air heat pump,IT0 0,services rural heat,2784787.72461
Link,services rural air heat pump,IT4 0,low voltage,-168975.13826
Link,services rural air heat pump,IT4 0,services rural heat,448497.70275
Link,services rural air heat pump,LT0 0,low voltage,-28272.44727
Link,services rural air heat pump,LT0 0,services rural heat,71239.82903
Link,services rural air heat pump,LU0 0,low voltage,-8730.9352
Link,services rural air heat pump,LU0 0,services rural heat,21192.06094
Link,services rural air heat pump,LV0 0,low voltage,-44628.96029
Link,services rural air heat pump,LV0 0,services rural heat,116392.17161
Link,services rural air heat pump,ME0 0,low voltage,-7420.70026
Link,services rural air heat pump,ME0 0,services rural heat,18634.62505
Link,services rural air heat pump,MK0 0,low voltage,-18556.66915
Link,services rural air heat pump,MK0 0,services rural heat,47327.33071
Link,services rural air heat pump,NL0 0,low voltage,-60441.97396
Link,services rural air heat pump,NL0 0,services rural heat,164161.08999
Link,services rural air heat pump,NO1 0,low voltage,-54817.82422
Link,services rural air heat pump,NO1 0,services rural heat,126170.96163
Link,services rural air heat pump,PL0 0,low voltage,-281206.69496
Link,services rural air heat pump,PL0 0,services rural heat,807253.75885
Link,services rural air heat pump,PT0 0,low voltage,-364674.43076
Link,services rural air heat pump,PT0 0,services rural heat,986202.82237
Link,services rural air heat pump,RO0 0,low voltage,-142810.74923
Link,services rural air heat pump,RO0 0,services rural heat,417770.24836
Link,services rural air heat pump,RS0 0,low voltage,-58875.48083
Link,services rural air heat pump,RS0 0,services rural heat,152647.28193
Link,services rural air heat pump,SE1 0,low voltage,-48399.03271
Link,services rural air heat pump,SE1 0,services rural heat,115459.18621
Link,services rural air heat pump,SI0 0,low voltage,-39527.88981
Link,services rural air heat pump,SI0 0,services rural heat,106053.29313
Link,services rural air heat pump,SK0 0,low voltage,-77372.23614
Link,services rural air heat pump,SK0 0,services rural heat,210613.65259
Link,services rural air heat pump,XK0 0,low voltage,-15580.24363
Link,services rural air heat pump,XK0 0,services rural heat,39024.74432
Link,services rural ground heat pump,AL0 0,low voltage,-109889.59094
Link,services rural ground heat pump,AL0 0,services rural heat,396000.58492
Link,services rural ground heat pump,AT0 0,low voltage,-3318297.86385
Link,services rural ground heat pump,AT0 0,services rural heat,10626379.63995
Link,services rural ground heat pump,BA0 0,low voltage,-310043.08228
Link,services rural ground heat pump,BA0 0,services rural heat,1058259.53446
Link,services rural ground heat pump,BE0 0,low voltage,-2281225.71015
Link,services rural ground heat pump,BE0 0,services rural heat,7851875.311
Link,services rural ground heat pump,BG0 0,low voltage,-643572.13911
Link,services rural ground heat pump,BG0 0,services rural heat,2314648.63217
Link,services rural ground heat pump,CH0 0,low voltage,-1287273.97216
Link,services rural ground heat pump,CH0 0,services rural heat,4007077.10044
Link,services rural ground heat pump,CZ0 0,low voltage,-2776405.21165
Link,services rural ground heat pump,CZ0 0,services rural heat,9106522.84528
Link,services rural ground heat pump,DE0 0,low voltage,-9375788.25698
Link,services rural ground heat pump,DE0 0,services rural heat,31245291.48391
Link,services rural ground heat pump,DE0 1,low voltage,-10709316.75984
Link,services rural ground heat pump,DE0 1,services rural heat,34975816.94238
Link,services rural ground heat pump,DK0 0,low voltage,-1084301.34466
Link,services rural ground heat pump,DK0 0,services rural heat,3585722.91234
Link,services rural ground heat pump,DK1 0,low voltage,-589455.30792
Link,services rural ground heat pump,DK1 0,services rural heat,1979623.02235
Link,services rural ground heat pump,EE0 0,low voltage,-437943.78462
Link,services rural ground heat pump,EE0 0,services rural heat,1381702.78985
Link,services rural ground heat pump,ES0 0,low voltage,-6312088.84386
Link,services rural ground heat pump,ES0 0,services rural heat,23996748.96193
Link,services rural ground heat pump,ES6 0,low voltage,-55741.7921
Link,services rural ground heat pump,ES6 0,services rural heat,240541.94149
Link,services rural ground heat pump,FI1 0,low voltage,-2861740.24279
Link,services rural ground heat pump,FI1 0,services rural heat,8688736.7443
Link,services rural ground heat pump,FR0 0,low voltage,-15293836.45743
Link,services rural ground heat pump,FR0 0,services rural heat,53633659.90388
Link,services rural ground heat pump,FR5 0,low voltage,-157371.55528
Link,services rural ground heat pump,FR5 0,services rural heat,579110.98134
Link,services rural ground heat pump,GB2 0,low voltage,-4356978.79206
Link,services rural ground heat pump,GB2 0,services rural heat,14366558.66416
Link,services rural ground heat pump,GB3 0,low voltage,-463142.00519
Link,services rural ground heat pump,GB3 0,services rural heat,1532728.0951
Link,services rural ground heat pump,GR0 0,low voltage,-1278888.12107
Link,services rural ground heat pump,GR0 0,services rural heat,5037047.85224
Link,services rural ground heat pump,HR0 0,low voltage,-842045.70333
Link,services rural ground heat pump,HR0 0,services rural heat,3020169.17121
Link,services rural ground heat pump,HU0 0,low voltage,-2444351.08925
Link,services rural ground heat pump,HU0 0,services rural heat,8621119.85824
Link,services rural ground heat pump,IE3 0,low voltage,-1235123.98926
Link,services rural ground heat pump,IE3 0,services rural heat,4177196.02627
Link,services rural ground heat pump,IT0 0,low voltage,-13050982.67368
Link,services rural ground heat pump,IT0 0,services rural heat,47409208.33663
Link,services rural ground heat pump,IT4 0,low voltage,-619949.39082
Link,services rural ground heat pump,IT4 0,services rural heat,2397324.64988
Link,services rural ground heat pump,LT0 0,low voltage,-538828.50781
Link,services rural ground heat pump,LT0 0,services rural heat,1727907.51126
Link,services rural ground heat pump,LU0 0,low voltage,-103909.32797
Link,services rural ground heat pump,LU0 0,services rural heat,346132.39648
Link,services rural ground heat pump,LV0 0,low voltage,-795379.81275
Link,services rural ground heat pump,LV0 0,services rural heat,2537258.73711
Link,services rural ground heat pump,ME0 0,low voltage,-11762.44497
Link,services rural ground heat pump,ME0 0,services rural heat,40487.59901
Link,services rural ground heat pump,MK0 0,low voltage,-117901.46916
Link,services rural ground heat pump,MK0 0,services rural heat,410195.01787
Link,services rural ground heat pump,NL0 0,low voltage,-10365277.74294
Link,services rural ground heat pump,NL0 0,services rural heat,35808594.35175
Link,services rural ground heat pump,NO1 0,low voltage,-1505892.38221
Link,services rural ground heat pump,NO1 0,services rural heat,4433306.22506
Link,services rural ground heat pump,PL0 0,low voltage,-14219670.11021
Link,services rural ground heat pump,PL0 0,services rural heat,46932528.71163
Link,services rural ground heat pump,PT0 0,low voltage,-1440302.89579
Link,services rural ground heat pump,PT0 0,services rural heat,5614254.01526
Link,services rural ground heat pump,RO0 0,low voltage,-2312747.64486
Link,services rural ground heat pump,RO0 0,services rural heat,7979443.33801
Link,services rural ground heat pump,RS0 0,low voltage,-602075.99999
Link,services rural ground heat pump,RS0 0,services rural heat,2087392.54555
Link,services rural ground heat pump,SE1 0,low voltage,-2406451.82544
Link,services rural ground heat pump,SE1 0,services rural heat,7266793.99106
Link,services rural ground heat pump,SI0 0,low voltage,-476187.41049
Link,services rural ground heat pump,SI0 0,services rural heat,1601981.50479
Link,services rural ground heat pump,SK0 0,low voltage,-1649415.83119
Link,services rural ground heat pump,SK0 0,services rural heat,5385324.57265
Link,services rural ground heat pump,XK0 0,low voltage,-78045.81052
Link,services rural ground heat pump,XK0 0,services rural heat,272460.81613
Link,services urban decentral air heat pump,AL0 0,low voltage,-99826.52484
Link,services urban decentral air heat pump,AL0 0,services urban decentral heat,241701.10269
Link,services urban decentral air heat pump,AT0 0,low voltage,-1906052.54374
Link,services urban decentral air heat pump,AT0 0,services urban decentral heat,4050664.68231
Link,services urban decentral air heat pump,BA0 0,low voltage,-194578.1309
Link,services urban decentral air heat pump,BA0 0,services urban decentral heat,440544.6986
Link,services urban decentral air heat pump,BE0 0,low voltage,-4935156.3551
Link,services urban decentral air heat pump,BE0 0,services urban decentral heat,11133232.02006
Link,services urban decentral air heat pump,BG0 0,low voltage,-592017.2102
Link,services urban decentral air heat pump,BG0 0,services urban decentral heat,1370954.53296
Link,services urban decentral air heat pump,CH0 0,low voltage,-3204215.82312
Link,services urban decentral air heat pump,CH0 0,services urban decentral heat,6539612.53326
Link,services urban decentral air heat pump,CZ0 0,low voltage,-2443396.30354
Link,services urban decentral air heat pump,CZ0 0,services urban decentral heat,5239343.84603
Link,services urban decentral air heat pump,DE0 0,low voltage,-18745690.33175
Link,services urban decentral air heat pump,DE0 0,services urban decentral heat,41622911.63127
Link,services urban decentral air heat pump,DE0 1,low voltage,-7977590.7448
Link,services urban decentral air heat pump,DE0 1,services urban decentral heat,17396767.10552
Link,services urban decentral air heat pump,DK0 0,low voltage,-1223320.84981
Link,services urban decentral air heat pump,DK0 0,services urban decentral heat,2713327.61233
Link,services urban decentral air heat pump,DK1 0,low voltage,-722976.50427
Link,services urban decentral air heat pump,DK1 0,services urban decentral heat,1602797.53766
Link,services urban decentral air heat pump,EE0 0,low voltage,-335991.85417
Link,services urban decentral air heat pump,EE0 0,services urban decentral heat,665777.10283
Link,services urban decentral air heat pump,ES0 0,low voltage,-4086787.22588
Link,services urban decentral air heat pump,ES0 0,services urban decentral heat,10372538.10488
Link,services urban decentral air heat pump,ES6 0,low voltage,-68888.30104
Link,services urban decentral air heat pump,ES6 0,services urban decentral heat,194979.12257
Link,services urban decentral air heat pump,FI1 0,low voltage,-3456613.3107
Link,services urban decentral air heat pump,FI1 0,services urban decentral heat,6449225.17183
Link,services urban decentral air heat pump,FR0 0,low voltage,-18395313.69584
Link,services urban decentral air heat pump,FR0 0,services urban decentral heat,43086962.85504
Link,services urban decentral air heat pump,FR5 0,low voltage,-3196.95299
Link,services urban decentral air heat pump,FR5 0,services urban decentral heat,9157.75035
Link,services urban decentral air heat pump,GB2 0,low voltage,-14199599.10933
Link,services urban decentral air heat pump,GB2 0,services urban decentral heat,33551256.57194
Link,services urban decentral air heat pump,GB3 0,low voltage,-159164.11174
Link,services urban decentral air heat pump,GB3 0,services urban decentral heat,382721.28604
Link,services urban decentral air heat pump,GR0 0,low voltage,-1147786.47092
Link,services urban decentral air heat pump,GR0 0,services urban decentral heat,2970001.83784
Link,services urban decentral air heat pump,HR0 0,low voltage,-338413.51048
Link,services urban decentral air heat pump,HR0 0,services urban decentral heat,793244.48738
Link,services urban decentral air heat pump,HU0 0,low voltage,-1749063.5463
Link,services urban decentral air heat pump,HU0 0,services urban decentral heat,3911876.69566
Link,services urban decentral air heat pump,IE3 0,low voltage,-968816.95299
Link,services urban decentral air heat pump,IE3 0,services urban decentral heat,2341359.7939
Link,services urban decentral air heat pump,IT0 0,low voltage,-14713467.75853
Link,services urban decentral air heat pump,IT0 0,services urban decentral heat,35584101.74132
Link,services urban decentral air heat pump,IT4 0,low voltage,-106661.59801
Link,services urban decentral air heat pump,IT4 0,services urban decentral heat,274491.14005
Link,services urban decentral air heat pump,LT0 0,low voltage,-396422.32593
Link,services urban decentral air heat pump,LT0 0,services urban decentral heat,805360.8043
Link,services urban decentral air heat pump,LU0 0,low voltage,-411347.70569
Link,services urban decentral air heat pump,LU0 0,services urban decentral heat,904949.82535
Link,services urban decentral air heat pump,LV0 0,low voltage,-479373.09175
Link,services urban decentral air heat pump,LV0 0,services urban decentral heat,951641.93159
Link,services urban decentral air heat pump,ME0 0,low voltage,-16492.46449
Link,services urban decentral air heat pump,ME0 0,services urban decentral heat,39641.46158
Link,services urban decentral air heat pump,MK0 0,low voltage,-112485.09415
Link,services urban decentral air heat pump,MK0 0,services urban decentral heat,258249.42782
Link,services urban decentral air heat pump,NL0 0,low voltage,-7642171.42746
Link,services urban decentral air heat pump,NL0 0,services urban decentral heat,17436208.94257
Link,services urban decentral air heat pump,NO1 0,low voltage,-4381429.70819
Link,services urban decentral air heat pump,NO1 0,services urban decentral heat,8506236.60549
Link,services urban decentral air heat pump,PL0 0,low voltage,-5172498.34042
Link,services urban decentral air heat pump,PL0 0,services urban decentral heat,10975025.39036
Link,services urban decentral air heat pump,PT0 0,low voltage,-1067230.53731
Link,services urban decentral air heat pump,PT0 0,services urban decentral heat,2791621.98238
Link,services urban decentral air heat pump,RO0 0,low voltage,-989827.26181
Link,services urban decentral air heat pump,RO0 0,services urban decentral heat,2193613.09578
Link,services urban decentral air heat pump,RS0 0,low voltage,-470577.53475
Link,services urban decentral air heat pump,RS0 0,services urban decentral heat,1064329.86815
Link,services urban decentral air heat pump,SE1 0,low voltage,-4361318.87503
Link,services urban decentral air heat pump,SE1 0,services urban decentral heat,8435765.22591
Link,services urban decentral air heat pump,SI0 0,low voltage,-281632.38411
Link,services urban decentral air heat pump,SI0 0,services urban decentral heat,627439.37562
Link,services urban decentral air heat pump,SK0 0,low voltage,-1227633.38577
Link,services urban decentral air heat pump,SK0 0,services urban decentral heat,2622951.53102
Link,services urban decentral air heat pump,XK0 0,low voltage,-76550.51969
Link,services urban decentral air heat pump,XK0 0,services urban decentral heat,174324.45083
Link,shipping methanol,EU,co2,124741295.48581
Link,shipping methanol,EU,methanol,-502969377.52834
Link,shipping methanol,EU,shipping methanol,502969377.52834
Link,solid biomass for industry,EU,solid biomass,-5.64965
Link,solid biomass for industry,EU,solid biomass for industry,5.64965
Link,solid biomass for industry CC,EU,co2,-289615174.73202
Link,solid biomass for industry CC,EU,co2 stored,289615174.73202
Link,solid biomass for industry CC,EU,solid biomass,-831355545.85571
Link,solid biomass for industry CC,EU,solid biomass for industry,748219991.27014
Link,urban central air heat pump,AL0 0,low voltage,-455887.44959
Link,urban central air heat pump,AL0 0,urban central heat,1497312.12766
Link,urban central air heat pump,AT0 0,low voltage,-10001176.27569
Link,urban central air heat pump,AT0 0,urban central heat,29144609.14071
Link,urban central air heat pump,BA0 0,low voltage,-1186767.16679
Link,urban central air heat pump,BA0 0,urban central heat,3608255.6242
Link,urban central air heat pump,BE0 0,low voltage,-19871921.41703
Link,urban central air heat pump,BE0 0,urban central heat,60735817.95959
Link,urban central air heat pump,BG0 0,low voltage,-2920954.6814
Link,urban central air heat pump,BG0 0,urban central heat,9101238.98381
Link,urban central air heat pump,CH0 0,low voltage,-11915593.84273
Link,urban central air heat pump,CH0 0,urban central heat,33198907.42419
Link,urban central air heat pump,CZ0 0,low voltage,-10663984.40631
Link,urban central air heat pump,CZ0 0,urban central heat,28616432.19529
Link,urban central air heat pump,DE0 0,low voltage,-83118322.28358
Link,urban central air heat pump,DE0 0,urban central heat,250063323.9963
Link,urban central air heat pump,DE0 1,low voltage,-33979485.48964
Link,urban central air heat pump,DE0 1,urban central heat,101249549.9661
Link,urban central air heat pump,DK0 0,low voltage,-5008534.16731
Link,urban central air heat pump,DK0 0,urban central heat,18372468.21372
Link,urban central air heat pump,DK1 0,low voltage,-3081503.61522
Link,urban central air heat pump,DK1 0,urban central heat,11343832.94121
Link,urban central air heat pump,EE0 0,low voltage,-1255982.92054
Link,urban central air heat pump,EE0 0,urban central heat,3467864.9931
Link,urban central air heat pump,ES0 0,low voltage,-13375516.79896
Link,urban central air heat pump,ES0 0,urban central heat,43720714.41412
Link,urban central air heat pump,ES6 0,low voltage,-213852.5017
Link,urban central air heat pump,ES6 0,urban central heat,782108.46133
Link,urban central air heat pump,FI1 0,low voltage,-14898105.02012
Link,urban central air heat pump,FI1 0,urban central heat,37973202.00689
Link,urban central air heat pump,FR0 0,low voltage,-82998684.91627
Link,urban central air heat pump,FR0 0,urban central heat,250727245.83319
Link,urban central air heat pump,GB2 0,low voltage,-59817777.36166
Link,urban central air heat pump,GB2 0,urban central heat,185039648.96262
Link,urban central air heat pump,GB3 0,low voltage,-582566.70679
Link,urban central air heat pump,GB3 0,urban central heat,1826357.53464
Link,urban central air heat pump,GR0 0,low voltage,-3739474.95856
Link,urban central air heat pump,GR0 0,urban central heat,12349113.57225
Link,urban central air heat pump,HR0 0,low voltage,-2524862.13507
Link,urban central air heat pump,HR0 0,urban central heat,7809574.4968
Link,urban central air heat pump,HU0 0,low voltage,-9542873.3833
Link,urban central air heat pump,HU0 0,urban central heat,28651169.19216
Link,urban central air heat pump,IE3 0,low voltage,-3149376.1999
Link,urban central air heat pump,IE3 0,urban central heat,9953751.58519
Link,urban central air heat pump,IT0 0,low voltage,-49916367.31755
Link,urban central air heat pump,IT0 0,urban central heat,181899908.51626
Link,urban central air heat pump,IT4 0,low voltage,-321810.1159
Link,urban central air heat pump,IT4 0,urban central heat,1246257.00459
Link,urban central air heat pump,LT0 0,low voltage,-1862240.47651
Link,urban central air heat pump,LT0 0,urban central heat,5348749.54507
Link,urban central air heat pump,LU0 0,low voltage,-1236467.28156
Link,urban central air heat pump,LU0 0,urban central heat,3682950.33138
Link,urban central air heat pump,LV0 0,low voltage,-1658335.58536
Link,urban central air heat pump,LV0 0,urban central heat,4810105.63345
Link,urban central air heat pump,ME0 0,low voltage,-208311.14013
Link,urban central air heat pump,ME0 0,urban central heat,641516.22568
Link,urban central air heat pump,MK0 0,low voltage,-568340.16482
Link,urban central air heat pump,MK0 0,urban central heat,1724216.24507
Link,urban central air heat pump,NL0 0,low voltage,-26573155.01439
Link,urban central air heat pump,NL0 0,urban central heat,82405243.69134
Link,urban central air heat pump,NO1 0,low voltage,-10886577.88274
Link,urban central air heat pump,NO1 0,urban central heat,29399345.80319
Link,urban central air heat pump,PL0 0,low voltage,-24043763.41957
Link,urban central air heat pump,PL0 0,urban central heat,64431239.40272
Link,urban central air heat pump,PT0 0,low voltage,-2889073.3146
Link,urban central air heat pump,PT0 0,urban central heat,10329867.43886
Link,urban central air heat pump,RO0 0,low voltage,-7917873.30976
Link,urban central air heat pump,RO0 0,urban central heat,23468134.00063
Link,urban central air heat pump,RS0 0,low voltage,-3098615.43282
Link,urban central air heat pump,RS0 0,urban central heat,9447207.46638
Link,urban central air heat pump,SE1 0,low voltage,-19302886.72532
Link,urban central air heat pump,SE1 0,urban central heat,53366672.60358
Link,urban central air heat pump,SI0 0,low voltage,-1638139.41281
Link,urban central air heat pump,SI0 0,urban central heat,4913809.51664
Link,urban central air heat pump,SK0 0,low voltage,-4150415.32213
Link,urban central air heat pump,SK0 0,urban central heat,12205803.7179
Link,urban central air heat pump,XK0 0,low voltage,-475992.92526
Link,urban central air heat pump,XK0 0,urban central heat,1435353.10003
Link,waste CHP,AL0 0,AC,1.53793
Link,waste CHP,AL0 0,urban central heat,5.41649
Link,waste CHP,AT0 0,AC,2.10324
Link,waste CHP,AT0 0,urban central heat,7.40747
Link,waste CHP,BA0 0,AC,1.74903
Link,waste CHP,BA0 0,urban central heat,6.15999
Link,waste CHP,BE0 0,AC,2.12679
Link,waste CHP,BE0 0,urban central heat,7.49043
Link,waste CHP,BG0 0,AC,2.04329
Link,waste CHP,BG0 0,urban central heat,7.19634
Link,waste CHP,CH0 0,AC,2.11033
Link,waste CHP,CH0 0,urban central heat,7.43244
Link,waste CHP,CZ0 0,AC,2.10169
Link,waste CHP,CZ0 0,urban central heat,7.40201
Link,waste CHP,DE0 0,AC,2.12815
Link,waste CHP,DE0 0,urban central heat,7.4952
Link,waste CHP,DE0 1,AC,2.1256
Link,waste CHP,DE0 1,urban central heat,7.48625
Link,waste CHP,DK0 0,AC,2.09038
Link,waste CHP,DK0 0,urban central heat,7.36221
Link,waste CHP,DK1 0,AC,2.06436
Link,waste CHP,DK1 0,urban central heat,7.27056
Link,waste CHP,EE0 0,AC,1.76976
Link,waste CHP,EE0 0,urban central heat,6.233
Link,waste CHP,ES0 0,AC,2.12431
Link,waste CHP,ES0 0,urban central heat,7.4817
Link,waste CHP,ES6 0,AC,1.35763
Link,waste CHP,ES6 0,urban central heat,4.7815
Link,waste CHP,EU,co2,92.31985
Link,waste CHP,EU,non-sequestered HVC,-359.0815
Link,waste CHP,FI1 0,AC,2.11221
Link,waste CHP,FI1 0,urban central heat,7.43909
Link,waste CHP,FR0 0,AC,2.12748
Link,waste CHP,FR0 0,urban central heat,7.49284
Link,waste CHP,FR5 0,AC,2.05256
Link,waste CHP,GB2 0,AC,2.13044
Link,waste CHP,GB2 0,urban central heat,7.50327
Link,waste CHP,GB3 0,AC,1.78656
Link,waste CHP,GB3 0,urban central heat,6.29217
Link,waste CHP,GR0 0,AC,2.07286
Link,waste CHP,GR0 0,urban central heat,7.3005
Link,waste CHP,HR0 0,AC,1.93117
Link,waste CHP,HR0 0,urban central heat,6.80146
Link,waste CHP,HU0 0,AC,2.09893
Link,waste CHP,HU0 0,urban central heat,7.39232
Link,waste CHP,IE3 0,AC,2.07203
Link,waste CHP,IE3 0,urban central heat,7.29757
Link,waste CHP,IT0 0,AC,2.14623
Link,waste CHP,IT0 0,urban central heat,7.55888
Link,waste CHP,IT4 0,AC,1.41104
Link,waste CHP,IT4 0,urban central heat,4.96958
Link,waste CHP,LT0 0,AC,1.82896
Link,waste CHP,LT0 0,urban central heat,6.44147
Link,waste CHP,LU0 0,AC,1.78159
Link,waste CHP,LU0 0,urban central heat,6.27465
Link,waste CHP,LV0 0,AC,1.92482
Link,waste CHP,LV0 0,urban central heat,6.77908
Link,waste CHP,ME0 0,AC,1.33525
Link,waste CHP,ME0 0,urban central heat,4.70268
Link,waste CHP,MK0 0,AC,1.51831
Link,waste CHP,MK0 0,urban central heat,5.3474
Link,waste CHP,NL0 0,AC,2.13251
Link,waste CHP,NL0 0,urban central heat,7.51057
Link,waste CHP,NO1 0,AC,2.10805
Link,waste CHP,NO1 0,urban central heat,7.42443
Link,waste CHP,PL0 0,AC,2.11691
Link,waste CHP,PL0 0,urban central heat,7.45564
Link,waste CHP,PT0 0,AC,2.06262
Link,waste CHP,PT0 0,urban central heat,7.26444
Link,waste CHP,RO0 0,AC,2.08401
Link,waste CHP,RO0 0,urban central heat,7.33974
Link,waste CHP,RS0 0,AC,2.01983
Link,waste CHP,RS0 0,urban central heat,7.11373
Link,waste CHP,SE1 0,AC,2.1202
Link,waste CHP,SE1 0,urban central heat,7.46721
Link,waste CHP,SI0 0,AC,1.79914
Link,waste CHP,SI0 0,urban central heat,6.33647
Link,waste CHP,SK0 0,AC,2.04413
Link,waste CHP,SK0 0,urban central heat,7.1993
Link,waste CHP,XK0 0,AC,1.49081
Link,waste CHP,XK0 0,urban central heat,5.25055
Link,waste CHP CC,AL0 0,AC,2154.28821
Link,waste CHP CC,AL0 0,urban central heat,7587.27371
Link,waste CHP CC,AT0 0,AC,270583.25312
Link,waste CHP CC,AT0 0,urban central heat,952977.96999
Link,waste CHP CC,BA0 0,AC,3857.13545
Link,waste CHP CC,BA0 0,urban central heat,13584.59947
Link,waste CHP CC,BE0 0,AC,1012577.38714
Link,waste CHP CC,BE0 0,urban central heat,3566236.75609
Link,waste CHP CC,BG0 0,AC,3639.02565
Link,waste CHP CC,BG0 0,urban central heat,12816.42982
Link,waste CHP CC,CH0 0,AC,4897.58026
Link,waste CHP CC,CH0 0,urban central heat,17248.98358
Link,waste CHP CC,CZ0 0,AC,2891505.65126
Link,waste CHP CC,CZ0 0,urban central heat,10183709.27984
Link,waste CHP CC,DE0 0,AC,6387901.21796
Link,waste CHP CC,DE0 0,urban central heat,22497804.52054
Link,waste CHP CC,DE0 1,AC,3798521.58603
Link,waste CHP CC,DE0 1,urban central heat,13378164.93926
Link,waste CHP CC,DK0 0,AC,5854.18855
Link,waste CHP CC,DK0 0,urban central heat,20618.10056
Link,waste CHP CC,DK1 0,AC,8866.30786
Link,waste CHP CC,DK1 0,urban central heat,31226.6039
Link,waste CHP CC,EE0 0,AC,156032.65143
Link,waste CHP CC,EE0 0,urban central heat,549537.62918
Link,waste CHP CC,ES0 0,AC,3585.06601
Link,waste CHP CC,ES0 0,urban central heat,12626.38723
Link,waste CHP CC,ES6 0,AC,839.83889
Link,waste CHP CC,ES6 0,urban central heat,2957.86213
Link,waste CHP CC,EU,co2,3021036.98039
Link,waste CHP CC,EU,co2 stored,27189332.82355
Link,waste CHP CC,EU,non-sequestered HVC,-117504355.51902
Link,waste CHP CC,FI1 0,AC,397937.2031
Link,waste CHP CC,FI1 0,urban central heat,1401510.93469
Link,waste CHP CC,FR0 0,AC,4544.11745
Link,waste CHP CC,FR0 0,urban central heat,16004.10879
Link,waste CHP CC,FR5 0,AC,1759.45015
Link,waste CHP CC,GB2 0,AC,5009.1961
Link,waste CHP CC,GB2 0,urban central heat,17642.08789
Link,waste CHP CC,GB3 0,AC,1788.72067
Link,waste CHP CC,GB3 0,urban central heat,6299.76678
Link,waste CHP CC,GR0 0,AC,2970.21164
Link,waste CHP CC,GR0 0,urban central heat,10460.90703
Link,waste CHP CC,HR0 0,AC,5042.44301
Link,waste CHP CC,HR0 0,urban central heat,17759.18149
Link,waste CHP CC,HU0 0,AC,22085.30526
Link,waste CHP CC,HU0 0,urban central heat,77783.11898
Link,waste CHP CC,IE3 0,AC,3179.63193
Link,waste CHP CC,IE3 0,urban central heat,11198.47274
Link,waste CHP CC,IT0 0,AC,4709.8919
Link,waste CHP CC,IT0 0,urban central heat,16587.95646
Link,waste CHP CC,IT4 0,AC,1237.86686
Link,waste CHP CC,IT4 0,urban central heat,4359.69275
Link,waste CHP CC,LT0 0,AC,373569.34604
Link,waste CHP CC,LT0 0,urban central heat,1315688.80532
Link,waste CHP CC,LU0 0,AC,78410.95297
Link,waste CHP CC,LU0 0,urban central heat,276158.66807
Link,waste CHP CC,LV0 0,AC,337857.41292
Link,waste CHP CC,LV0 0,urban central heat,1189913.52126
Link,waste CHP CC,ME0 0,AC,2175.8039
Link,waste CHP CC,ME0 0,urban central heat,7663.0507
Link,waste CHP CC,MK0 0,AC,2565.52932
Link,waste CHP CC,MK0 0,urban central heat,9035.64021
Link,waste CHP CC,NL0 0,AC,1696647.15335
Link,waste CHP CC,NL0 0,urban central heat,5975489.39689
Link,waste CHP CC,NO1 0,AC,16267.26057
Link,waste CHP CC,NO1 0,urban central heat,57292.31495
Link,waste CHP CC,PL0 0,AC,6913752.93132
Link,waste CHP CC,PL0 0,urban central heat,24349822.67959
Link,waste CHP CC,PT0 0,AC,2623.65485
Link,waste CHP CC,PT0 0,urban central heat,9240.35485
Link,waste CHP CC,RO0 0,AC,4713.54482
Link,waste CHP CC,RO0 0,urban central heat,16600.82183
Link,waste CHP CC,RS0 0,AC,4487.96532
Link,waste CHP CC,RS0 0,urban central heat,15806.34439
Link,waste CHP CC,SE1 0,AC,637153.62974
Link,waste CHP CC,SE1 0,urban central heat,2244016.8253
Link,waste CHP CC,SI0 0,AC,3880.2423
Link,waste CHP CC,SI0 0,urban central heat,13665.98037
Link,waste CHP CC,SK0 0,AC,361991.28303
Link,waste CHP CC,SK0 0,urban central heat,1274911.56264
Link,waste CHP CC,XK0 0,AC,2517.04353
Link,waste CHP CC,XK0 0,urban central heat,8864.87617
Load,H2 for industry,AL0 0,H2,-90000.0
Load,H2 for industry,AT0 0,H2,-9130000.0
Load,H2 for industry,BA0 0,H2,-720000.0
Load,H2 for industry,BE0 0,H2,-10470000.0
Load,H2 for industry,BG0 0,H2,-1620000.0
Load,H2 for industry,CH0 0,H2,-560000.0
Load,H2 for industry,CZ0 0,H2,-3620000.0
Load,H2 for industry,DE0 0,H2,-32540000.0
Load,H2 for industry,DE0 1,H2,-7840000.0
Load,H2 for industry,DK0 0,H2,0.0
Load,H2 for industry,DK1 0,H2,0.0
Load,H2 for industry,EE0 0,H2,-160000.0
Load,H2 for industry,ES0 0,H2,-6580000.0
Load,H2 for industry,ES6 0,H2,0.0
Load,H2 for industry,FI1 0,H2,-2490000.0
Load,H2 for industry,FR0 0,H2,-14630000.0
Load,H2 for industry,FR5 0,H2,0.0
Load,H2 for industry,GB2 0,H2,-8010000.0
Load,H2 for industry,GB3 0,H2,10000.0
Load,H2 for industry,GR0 0,H2,-770000.0
Load,H2 for industry,HR0 0,H2,-2840000.0
Load,H2 for industry,HU0 0,H2,-3910000.0
Load,H2 for industry,IE3 0,H2,0.0
Load,H2 for industry,IT0 0,H2,-6800000.0
Load,H2 for industry,IT4 0,H2,30000.0
Load,H2 for industry,LT0 0,H2,-6230000.0
Load,H2 for industry,LU0 0,H2,0.0
Load,H2 for industry,LV0 0,H2,0.0
Load,H2 for industry,ME0 0,H2,-20000.0
Load,H2 for industry,MK0 0,H2,-650000.0
Load,H2 for industry,NL0 0,H2,-20710000.0
Load,H2 for industry,NO1 0,H2,-4240000.0
Load,H2 for industry,PL0 0,H2,-19400000.0
Load,H2 for industry,PT0 0,H2,70000.0
Load,H2 for industry,RO0 0,H2,-5440000.0
Load,H2 for industry,RS0 0,H2,-1230000.0
Load,H2 for industry,SE1 0,H2,-2650000.0
Load,H2 for industry,SI0 0,H2,0.0
Load,H2 for industry,SK0 0,H2,-6220000.0
Load,H2 for industry,XK0 0,H2,-200000.0
Load,agriculture electricity,AL0 0,low voltage,-85798.76348
Load,agriculture electricity,AT0 0,low voltage,-714494.79218
Load,agriculture electricity,BA0 0,low voltage,-43545.30092
Load,agriculture electricity,BE0 0,low voltage,-1205990.47002
Load,agriculture electricity,BG0 0,low voltage,-230887.1039
Load,agriculture electricity,CH0 0,low voltage,0.0
Load,agriculture electricity,CZ0 0,low voltage,-709493.13383
Load,agriculture electricity,DE0 0,low voltage,-2349612.61315
Load,agriculture electricity,DE0 1,low voltage,-1372353.14023
Load,agriculture electricity,DK0 0,low voltage,-705298.73519
Load,agriculture electricity,DK1 0,low voltage,-407442.45602
Load,agriculture electricity,EE0 0,low voltage,-103098.23217
Load,agriculture electricity,ES0 0,low voltage,-3652592.73631
Load,agriculture electricity,ES6 0,low voltage,-60705.91973
Load,agriculture electricity,FI1 0,low voltage,-951485.88405
Load,agriculture electricity,FR0 0,low voltage,-5689059.88603
Load,agriculture electricity,FR5 0,low voltage,-23657.82342
Load,agriculture electricity,GB2 0,low voltage,-1312365.50001
Load,agriculture electricity,GB3 0,low voltage,-35596.06384
Load,agriculture electricity,GR0 0,low voltage,-961118.06212
Load,agriculture electricity,HR0 0,low voltage,-119437.90737
Load,agriculture electricity,HU0 0,low voltage,-741103.49213
Load,agriculture electricity,IE3 0,low voltage,-358929.60966
Load,agriculture electricity,IT0 0,low voltage,-3915329.56151
Load,agriculture electricity,IT4 0,low voltage,-99540.597
Load,agriculture electricity,LT0 0,low voltage,-142711.73871
Load,agriculture electricity,LU0 0,low voltage,-23787.06055
Load,agriculture electricity,LV0 0,low voltage,-148380.95546
Load,agriculture electricity,ME0 0,low voltage,-5456.65404
Load,agriculture electricity,MK0 0,low voltage,-23892.88991
Load,agriculture electricity,NL0 0,low voltage,-7161190.83362
Load,agriculture electricity,NO1 0,low voltage,-356330.41298
Load,agriculture electricity,PL0 0,low voltage,-1473035.8883
Load,agriculture electricity,PT0 0,low voltage,-667296.12856
Load,agriculture electricity,RO0 0,low voltage,-554892.92974
Load,agriculture electricity,RS0 0,low voltage,-168577.67396
Load,agriculture electricity,SE1 0,low voltage,-702605.47146
Load,agriculture electricity,SI0 0,low voltage,-13990.7192
Load,agriculture electricity,SK0 0,low voltage,-194501.53782
Load,agriculture electricity,XK0 0,low voltage,-40295.12016
Load,agriculture heat,AL0 0,services rural heat,-85798.76348
Load,agriculture heat,AT0 0,services rural heat,-3679919.14599
Load,agriculture heat,BA0 0,services rural heat,-43545.30092
Load,agriculture heat,BE0 0,services rural heat,-6609539.22088
Load,agriculture heat,BG0 0,services rural heat,-1344209.21661
Load,agriculture heat,CH0 0,services rural heat,0.0
Load,agriculture heat,CZ0 0,services rural heat,-4520959.97279
Load,agriculture heat,DE0 0,services rural heat,-16310449.20947
Load,agriculture heat,DE0 1,services rural heat,-9526547.51083
Load,agriculture heat,DK0 0,services rural heat,-2998001.65899
Load,agriculture heat,DK1 0,services rural heat,-1731908.90349
Load,agriculture heat,EE0 0,services rural heat,-776846.56686
Load,agriculture heat,ES0 0,services rural heat,-18904916.1813
Load,agriculture heat,ES6 0,services rural heat,-314198.81905
Load,agriculture heat,FI1 0,services rural heat,-6178480.46013
Load,agriculture heat,FR0 0,services rural heat,-30498623.46344
Load,agriculture heat,FR5 0,services rural heat,-126827.81739
Load,agriculture heat,GB2 0,services rural heat,-1312365.50001
Load,agriculture heat,GB3 0,services rural heat,-35596.06384
Load,agriculture heat,GR0 0,services rural heat,-3857312.45687
Load,agriculture heat,HR0 0,services rural heat,-1764526.9869
Load,agriculture heat,HU0 0,services rural heat,-4835912.03061
Load,agriculture heat,IE3 0,services rural heat,-1591774.945
Load,agriculture heat,IT0 0,services rural heat,-18379280.59196
Load,agriculture heat,IT4 0,services rural heat,-467261.95937
Load,agriculture heat,LT0 0,services rural heat,-893825.58993
Load,agriculture heat,LU0 0,services rural heat,-163219.81114
Load,agriculture heat,LV0 0,services rural heat,-1499504.77398
Load,agriculture heat,ME0 0,services rural heat,-5456.65404
Load,agriculture heat,MK0 0,services rural heat,-23892.88991
Load,agriculture heat,NL0 0,services rural heat,-33378547.14769
Load,agriculture heat,NO1 0,services rural heat,-356330.41298
Load,agriculture heat,PL0 0,services rural heat,-29571886.61201
Load,agriculture heat,PT0 0,services rural heat,-3041446.18069
Load,agriculture heat,RO0 0,services rural heat,-3873886.60377
Load,agriculture heat,RS0 0,services rural heat,-168577.67396
Load,agriculture heat,SE1 0,services rural heat,-4477624.51413
Load,agriculture heat,SI0 0,services rural heat,-540489.59035
Load,agriculture heat,SK0 0,services rural heat,-881956.30939
Load,agriculture heat,XK0 0,services rural heat,-40295.12016
Load,agriculture machinery electric,AL0 0,low voltage,-18385.44932
Load,agriculture machinery electric,AT0 0,low voltage,-357420.01325
Load,agriculture machinery electric,BA0 0,low voltage,-9331.13591
Load,agriculture machinery electric,BE0 0,low voltage,-664842.28052
Load,agriculture machinery electric,BG0 0,low voltage,-153340.43132
Load,agriculture machinery electric,CH0 0,low voltage,0.0
Load,agriculture machinery electric,CZ0 0,low voltage,-490237.69144
Load,agriculture machinery electric,DE0 0,low voltage,-1753990.07644
Load,agriculture machinery electric,DE0 1,low voltage,-1024464.10777
Load,agriculture machinery electric,DK0 0,low voltage,-339157.85151
Load,agriculture machinery electric,DK1 0,low voltage,-195927.34412
Load,agriculture machinery electric,EE0 0,low voltage,-94104.68592
Load,agriculture machinery electric,ES0 0,low voltage,-2345631.57277
Load,agriculture machinery electric,ES6 0,low voltage,-38984.28658
Load,agriculture machinery electric,FI1 0,low voltage,-606144.14053
Load,agriculture machinery electric,FR0 0,low voltage,-3658066.23289
Load,agriculture machinery electric,FR5 0,low voltage,-15211.98348
Load,agriculture machinery electric,GB2 0,low voltage,-281221.17857
Load,agriculture machinery electric,GB3 0,low voltage,-7627.72797
Load,agriculture machinery electric,GR0 0,low voltage,-247346.46022
Load,agriculture machinery electric,HR0 0,low voltage,-206266.73694
Load,agriculture machinery electric,HU0 0,low voltage,-532127.88798
Load,agriculture machinery electric,IE3 0,low voltage,-211292.024
Load,agriculture machinery electric,IT0 0,low voltage,-2340605.15574
Load,agriculture machinery electric,IT4 0,low voltage,-59505.90643
Load,agriculture machinery electric,LT0 0,low voltage,-81069.35815
Load,agriculture machinery electric,LU0 0,low voltage,-20614.09892
Load,agriculture machinery electric,LV0 0,low voltage,-166309.77226
Load,agriculture machinery electric,ME0 0,low voltage,-1169.28301
Load,agriculture machinery electric,MK0 0,low voltage,-5119.90498
Load,agriculture machinery electric,NL0 0,low voltage,-1650261.004
Load,agriculture machinery electric,NO1 0,low voltage,-76356.51707
Load,agriculture machinery electric,PL0 0,low voltage,-2853179.46422
Load,agriculture machinery electric,PT0 0,low voltage,-394925.50516
Load,agriculture machinery electric,RO0 0,low voltage,-440005.17139
Load,agriculture machinery electric,RS0 0,low voltage,-36123.78728
Load,agriculture machinery electric,SE1 0,low voltage,-497979.64594
Load,agriculture machinery electric,SI0 0,low voltage,-64084.0051
Load,agriculture machinery electric,SK0 0,low voltage,-91715.1756
Load,agriculture machinery electric,XK0 0,low voltage,-8634.66861
Load,agriculture machinery oil,EU,agriculture machinery oil,-51423819.35442
Load,electricity,AL0 0,low voltage,-3688128.45575
Load,electricity,AT0 0,low voltage,-31307192.84121
Load,electricity,BA0 0,low voltage,-5621455.72685
Load,electricity,BE0 0,low voltage,-36208347.64067
Load,electricity,BG0 0,low voltage,-19943566.99285
Load,electricity,CH0 0,low voltage,-27370695.6871
Load,electricity,CZ0 0,low voltage,-27415414.5278
Load,electricity,DE0 0,low voltage,-138724356.93798
Load,electricity,DE0 1,low voltage,-100676358.99621
Load,electricity,DK0 0,low voltage,-8946841.78615
Load,electricity,DK1 0,low voltage,-10699406.12813
Load,electricity,EE0 0,low voltage,-4340970.47174
Load,electricity,ES0 0,low voltage,-141033147.59372
Load,electricity,ES6 0,low voltage,-7607614.7087
Load,electricity,FI1 0,low voltage,-24636428.6686
Load,electricity,FR0 0,low voltage,-225205008.41863
Load,electricity,FR5 0,low voltage,-3974945.85382
Load,electricity,GB2 0,low voltage,-188358590.4946
Load,electricity,GB3 0,low voltage,-7920373.44187
Load,electricity,GR0 0,low voltage,-24406740.72144
Load,electricity,HR0 0,low voltage,-10221784.60559
Load,electricity,HU0 0,low voltage,-16157114.54792
Load,electricity,IE3 0,low voltage,-11048453.5268
Load,electricity,IT0 0,low voltage,-136059566.27593
Load,electricity,IT4 0,low voltage,-4770055.51228
Load,electricity,LT0 0,low voltage,-6019566.14902
Load,electricity,LU0 0,low voltage,-1840364.82962
Load,electricity,LV0 0,low voltage,-4252558.05139
Load,electricity,ME0 0,low voltage,-2208690.9719
Load,electricity,MK0 0,low voltage,-4675112.31259
Load,electricity,NL0 0,low voltage,-64048125.38123
Load,electricity,NO1 0,low voltage,-58893074.1169
Load,electricity,PL0 0,low voltage,-70995641.6039
Load,electricity,PT0 0,low voltage,-26399925.53495
Load,electricity,RO0 0,low voltage,-26416090.23154
Load,electricity,RS0 0,low voltage,-25244058.84176
Load,electricity,SE1 0,low voltage,-49094607.69077
Load,electricity,SI0 0,low voltage,-4000297.75502
Load,electricity,SK0 0,low voltage,-9517971.96242
Load,electricity,XK0 0,low voltage,-5018528.57961
Load,gas for industry,EU,gas for industry,-231370000.0
Load,industry electricity,AL0 0,low voltage,-1010000.0
Load,industry electricity,AT0 0,low voltage,-48020000.0
Load,industry electricity,BA0 0,low voltage,-4310000.0
Load,industry electricity,BE0 0,low voltage,-71500000.0
Load,industry electricity,BG0 0,low voltage,-15870000.0
Load,industry electricity,CH0 0,low voltage,-17250000.0
Load,industry electricity,CZ0 0,low voltage,-43580000.0
Load,industry electricity,DE0 0,low voltage,-237260000.0
Load,industry electricity,DE0 1,low voltage,-125770000.0
Load,industry electricity,DK0 0,low voltage,-13970000.0
Load,industry electricity,DK1 0,low voltage,-3870000.0
Load,industry electricity,EE0 0,low voltage,-3090000.0
Load,industry electricity,ES0 0,low voltage,-153800000.0
Load,industry electricity,ES6 0,low voltage,-1010000.0
Load,industry electricity,FI1 0,low voltage,-53170000.0
Load,industry electricity,FR0 0,low voltage,-204070000.0
Load,industry electricity,FR5 0,low voltage,-360000.0
Load,industry electricity,GB2 0,low voltage,-124100000.0
Load,industry electricity,GB3 0,low voltage,-2900000.0
Load,industry electricity,GR0 0,low voltage,-16150000.0
Load,industry electricity,HR0 0,low voltage,-8060000.0
Load,industry electricity,HU0 0,low voltage,-31290000.0
Load,industry electricity,IE3 0,low voltage,-14950000.0
Load,industry electricity,IT0 0,low voltage,-177130000.0
Load,industry electricity,IT4 0,low voltage,-6910000.0
Load,industry electricity,LT0 0,low voltage,-4100000.0
Load,industry electricity,LU0 0,low voltage,-4530000.0
Load,industry electricity,LV0 0,low voltage,-4320000.0
Load,industry electricity,ME0 0,low voltage,-770000.0
Load,industry electricity,MK0 0,low voltage,-2200000.0
Load,industry electricity,NL0 0,low voltage,-86050000.0
Load,industry electricity,NO1 0,low voltage,-35350000.0
Load,industry electricity,PL0 0,low voltage,-93710000.0
Load,industry electricity,PT0 0,low voltage,-28960000.0
Load,industry electricity,RO0 0,low voltage,-39060000.0
Load,industry electricity,RS0 0,low voltage,-9820000.0
Load,industry electricity,SE1 0,low voltage,-53670000.0
Load,industry electricity,SI0 0,low voltage,-8110000.0
Load,industry electricity,SK0 0,low voltage,-18090000.0
Load,industry electricity,XK0 0,low voltage,-1270000.0
Load,industry methanol,EU,industry methanol,-8740000.0
Load,kerosene for aviation,EU,kerosene for aviation,-743906976.62384
Load,land transport EV,AL0 0,EV battery,-2065783.08993
Load,land transport EV,AT0 0,EV battery,-21937529.81597
Load,land transport EV,BA0 0,EV battery,-3451087.27114
Load,land transport EV,BE0 0,EV battery,-29297109.36508
Load,land transport EV,BG0 0,EV battery,-8181528.17808
Load,land transport EV,CH0 0,EV battery,-12947431.59825
Load,land transport EV,CZ0 0,EV battery,-20701638.11463
Load,land transport EV,DE0 0,EV battery,-105879331.27049
Load,land transport EV,DE0 1,EV battery,-61926835.31112
Load,land transport EV,DK0 0,EV battery,-8670526.68719
Load,land transport EV,DK1 0,EV battery,-5005803.81196
Load,land transport EV,EE0 0,EV battery,-2457985.82986
Load,land transport EV,ES0 0,EV battery,-80888491.17308
Load,land transport EV,ES6 0,EV battery,-1318871.89051
Load,land transport EV,FI1 0,EV battery,-13578014.03547
Load,land transport EV,FR0 0,EV battery,-135122133.70225
Load,land transport EV,FR5 0,EV battery,-552774.60524
Load,land transport EV,GB2 0,EV battery,-101285209.81227
Load,land transport EV,GB3 0,EV battery,-2742750.28029
Load,land transport EV,GR0 0,EV battery,-15633373.38106
Load,land transport EV,HR0 0,EV battery,-6519035.05193
Load,land transport EV,HU0 0,EV battery,-14019587.53452
Load,land transport EV,IE3 0,EV battery,-10939556.90996
Load,land transport EV,IT0 0,EV battery,-104566903.94371
Load,land transport EV,IT4 0,EV battery,-2611729.35423
Load,land transport EV,LT0 0,EV battery,-6895903.77038
Load,land transport EV,LU0 0,EV battery,-3076474.33027
Load,land transport EV,LV0 0,EV battery,-3281618.21923
Load,land transport EV,ME0 0,EV battery,-693838.59121
Load,land transport EV,MK0 0,EV battery,-1978837.49092
Load,land transport EV,NL0 0,EV battery,-36084052.35319
Load,land transport EV,NO1 0,EV battery,-9295337.60282
Load,land transport EV,PL0 0,EV battery,-64121892.19059
Load,land transport EV,PT0 0,EV battery,-19447466.53214
Load,land transport EV,RO0 0,EV battery,-20407576.75639
Load,land transport EV,RS0 0,EV battery,-5902565.28072
Load,land transport EV,SE1 0,EV battery,-21150381.43059
Load,land transport EV,SI0 0,EV battery,-5781916.66473
Load,land transport EV,SK0 0,EV battery,-8955376.97818
Load,land transport EV,XK0 0,EV battery,-1117190.1877
Load,low-temperature heat for industry,AL0 0,urban central heat,-40000.0
Load,low-temperature heat for industry,AT0 0,urban central heat,-1470000.0
Load,low-temperature heat for industry,BA0 0,urban central heat,-100000.0
Load,low-temperature heat for industry,BE0 0,urban central heat,-2290000.0
Load,low-temperature heat for industry,BG0 0,urban central heat,-490000.0
Load,low-temperature heat for industry,CH0 0,urban central heat,-590000.0
Load,low-temperature heat for industry,CZ0 0,urban central heat,-1410000.0
Load,low-temperature heat for industry,DE0 0,urban central heat,-7810000.0
Load,low-temperature heat for industry,DE0 1,urban central heat,-3980000.0
Load,low-temperature heat for industry,DK0 0,urban central heat,-460000.0
Load,low-temperature heat for industry,DK1 0,urban central heat,-140000.0
Load,low-temperature heat for industry,EE0 0,urban central heat,-160000.0
Load,low-temperature heat for industry,ES0 0,urban central heat,-4800000.0
Load,low-temperature heat for industry,ES6 0,urban central heat,-40000.0
Load,low-temperature heat for industry,FI1 0,urban central heat,-1870000.0
Load,low-temperature heat for industry,FR0 0,urban central heat,-6850000.0
Load,low-temperature heat for industry,FR5 0,services urban decentral heat,-10000.0
Load,low-temperature heat for industry,GB2 0,urban central heat,-4820000.0
Load,low-temperature heat for industry,GB3 0,urban central heat,-110000.0
Load,low-temperature heat for industry,GR0 0,urban central heat,-530000.0
Load,low-temperature heat for industry,HR0 0,urban central heat,-360000.0
Load,low-temperature heat for industry,HU0 0,urban central heat,-1090000.0
Load,low-temperature heat for industry,IE3 0,urban central heat,-530000.0
Load,low-temperature heat for industry,IT0 0,urban central heat,-6880000.0
Load,low-temperature heat for industry,IT4 0,urban central heat,-190000.0
Load,low-temperature heat for industry,LT0 0,urban central heat,-190000.0
Load,low-temperature heat for industry,LU0 0,urban central heat,-110000.0
Load,low-temperature heat for industry,LV0 0,urban central heat,-200000.0
Load,low-temperature heat for industry,ME0 0,urban central heat,-20000.0
Load,low-temperature heat for industry,MK0 0,urban central heat,-40000.0
Load,low-temperature heat for industry,NL0 0,urban central heat,-2580000.0
Load,low-temperature heat for industry,NO1 0,urban central heat,-870000.0
Load,low-temperature heat for industry,PL0 0,urban central heat,-2870000.0
Load,low-temperature heat for industry,PT0 0,urban central heat,-1200000.0
Load,low-temperature heat for industry,RO0 0,urban central heat,-1350000.0
Load,low-temperature heat for industry,RS0 0,urban central heat,-350000.0
Load,low-temperature heat for industry,SE1 0,urban central heat,-1820000.0
Load,low-temperature heat for industry,SI0 0,urban central heat,-250000.0
Load,low-temperature heat for industry,SK0 0,urban central heat,-570000.0
Load,low-temperature heat for industry,XK0 0,urban central heat,-30000.0
Load,naphtha for industry,EU,naphtha for industry,-276860000.0
Load,process emissions,EU,process emissions,123130000.0
Load,residential rural heat,AL0 0,residential rural heat,-1013656.48029
Load,residential rural heat,AT0 0,residential rural heat,-22511495.07671
Load,residential rural heat,BA0 0,residential rural heat,-4073029.85851
Load,residential rural heat,BE0 0,residential rural heat,-2997378.26427
Load,residential rural heat,BG0 0,residential rural heat,-2988039.50833
Load,residential rural heat,CH0 0,residential rural heat,-9417362.81377
Load,residential rural heat,CZ0 0,residential rural heat,-15098049.14152
Load,residential rural heat,DE0 0,residential rural heat,-41023368.41438
Load,residential rural heat,DE0 1,residential rural heat,-70415715.70823
Load,residential rural heat,DK0 0,residential rural heat,-2393037.77711
Load,residential rural heat,DK1 0,residential rural heat,-1047688.51452
Load,residential rural heat,EE0 0,residential rural heat,-2020530.57366
Load,residential rural heat,ES0 0,residential rural heat,-14270666.60967
Load,residential rural heat,ES6 0,residential rural heat,-98872.92478
Load,residential rural heat,FI1 0,residential rural heat,-7838546.98039
Load,residential rural heat,FR0 0,residential rural heat,-69318334.49592
Load,residential rural heat,FR5 0,residential rural heat,-1523386.76343
Load,residential rural heat,GB2 0,residential rural heat,-38981690.72935
Load,residential rural heat,GB3 0,residential rural heat,-4817963.54502
Load,residential rural heat,GR0 0,residential rural heat,-3460532.27892
Load,residential rural heat,HR0 0,residential rural heat,-6304835.72086
Load,residential rural heat,HU0 0,residential rural heat,-12559001.04641
Load,residential rural heat,IE3 0,residential rural heat,-7401730.86094
Load,residential rural heat,IT0 0,residential rural heat,-60134034.74067
Load,residential rural heat,IT4 0,residential rural heat,-4499214.58596
Load,residential rural heat,LT0 0,residential rural heat,-3399413.98131
Load,residential rural heat,LU0 0,residential rural heat,-306417.4232
Load,residential rural heat,LV0 0,residential rural heat,-2997393.28366
Load,residential rural heat,ME0 0,residential rural heat,-467397.76874
Load,residential rural heat,MK0 0,residential rural heat,-1299128.00926
Load,residential rural heat,NL0 0,residential rural heat,-4814497.91171
Load,residential rural heat,NO1 0,residential rural heat,-5225636.59602
Load,residential rural heat,PL0 0,residential rural heat,-64985327.99762
Load,residential rural heat,PT0 0,residential rural heat,-3700625.53669
Load,residential rural heat,RO0 0,residential rural heat,-22816147.39623
Load,residential rural heat,RS0 0,residential rural heat,-8234096.20701
Load,residential rural heat,SE1 0,residential rural heat,-9765759.5222
Load,residential rural heat,SI0 0,residential rural heat,-3900590.29007
Load,residential rural heat,SK0 0,residential rural heat,-8747828.46656
Load,residential rural heat,XK0 0,residential rural heat,-1040800.87635
Load,residential urban decentral heat,AL0 0,residential urban decentral heat,-650242.82483
Load,residential urban decentral heat,AT0 0,residential urban decentral heat,-12559927.53289
Load,residential urban decentral heat,BA0 0,residential urban decentral heat,-1615355.13924
Load,residential urban decentral heat,BE0 0,residential urban decentral heat,-25012544.93807
Load,residential urban decentral heat,BG0 0,residential urban decentral heat,-3683632.30014
Load,residential urban decentral heat,CH0 0,residential urban decentral heat,-14601171.3061
Load,residential urban decentral heat,CZ0 0,residential urban decentral heat,-16445753.10072
Load,residential urban decentral heat,DE0 0,residential urban decentral heat,-111874153.52836
Load,residential urban decentral heat,DE0 1,residential urban decentral heat,-46761071.65939
Load,residential urban decentral heat,DK0 0,residential urban decentral heat,-10176889.91948
Load,residential urban decentral heat,DK1 0,residential urban decentral heat,-6012960.93967
Load,residential urban decentral heat,EE0 0,residential urban decentral heat,-1951226.70047
Load,residential urban decentral heat,ES0 0,residential urban decentral heat,-23924877.43089
Load,residential urban decentral heat,ES6 0,residential urban decentral heat,-452952.29287
Load,residential urban decentral heat,FI1 0,residential urban decentral heat,-18887927.21518
Load,residential urban decentral heat,FR0 0,residential urban decentral heat,-118805817.18702
Load,residential urban decentral heat,FR5 0,residential urban decentral heat,0.0
Load,residential urban decentral heat,GB2 0,residential urban decentral heat,-95802755.03116
Load,residential urban decentral heat,GB3 0,residential urban decentral heat,-1094258.59662
Load,residential urban decentral heat,GR0 0,residential urban decentral heat,-6213416.95113
Load,residential urban decentral heat,HR0 0,residential urban decentral heat,-3545697.9382
Load,residential urban decentral heat,HU0 0,residential urban decentral heat,-12121514.4434
Load,residential urban decentral heat,IE3 0,residential urban decentral heat,-5689103.39005
Load,residential urban decentral heat,IT0 0,residential urban decentral heat,-67257291.94527
Load,residential urban decentral heat,IT4 0,residential urban decentral heat,-521738.69374
Load,residential urban decentral heat,LT0 0,residential urban decentral heat,-3024095.68668
Load,residential urban decentral heat,LU0 0,residential urban decentral heat,-1355940.94854
Load,residential urban decentral heat,LV0 0,residential urban decentral heat,-2471552.86456
Load,residential urban decentral heat,ME0 0,residential urban decentral heat,-346416.98159
Load,residential urban decentral heat,MK0 0,residential urban decentral heat,-775597.71954
Load,residential urban decentral heat,NL0 0,residential urban decentral heat,-32342227.78158
Load,residential urban decentral heat,NO1 0,residential urban decentral heat,-10575244.68805
Load,residential urban decentral heat,PL0 0,residential urban decentral heat,-39257335.21109
Load,residential urban decentral heat,PT0 0,residential urban decentral heat,-2903166.63116
Load,residential urban decentral heat,RO0 0,residential urban decentral heat,-11068783.9565
Load,residential urban decentral heat,RS0 0,residential urban decentral heat,-4233711.09767
Load,residential urban decentral heat,SE1 0,residential urban decentral heat,-28358313.77033
Load,residential urban decentral heat,SI0 0,residential urban decentral heat,-2097597.22804
Load,residential urban decentral heat,SK0 0,residential urban decentral heat,-4868388.11238
Load,residential urban decentral heat,XK0 0,residential urban decentral heat,-670569.96147
Load,services rural heat,AL0 0,services rural heat,-379407.11566
Load,services rural heat,AT0 0,services rural heat,-7262600.21948
Load,services rural heat,BA0 0,services rural heat,-1114111.24374
Load,services rural heat,BE0 0,services rural heat,-1334274.37254
Load,services rural heat,BG0 0,services rural heat,-1113734.99459
Load,services rural heat,CH0 0,services rural heat,-4218912.24109
Load,services rural heat,CZ0 0,services rural heat,-4810935.8739
Load,services rural heat,DE0 0,services rural heat,-15263345.91146
Load,services rural heat,DE0 1,services rural heat,-26199199.82194
Load,services rural heat,DK0 0,services rural heat,-638214.19287
Load,services rural heat,DK1 0,services rural heat,-279414.59432
Load,services rural heat,EE0 0,services rural heat,-690407.95943
Load,services rural heat,ES0 0,services rural heat,-6189160.60538
Load,services rural heat,ES6 0,services rural heat,-42880.99693
Load,services rural heat,FI1 0,services rural heat,-2676576.1026
Load,services rural heat,FR0 0,services rural heat,-25141050.75973
Load,services rural heat,FR5 0,services rural heat,-552516.79407
Load,services rural heat,GB2 0,services rural heat,-13652427.62307
Load,services rural heat,GB3 0,services rural heat,-1687379.3147
Load,services rural heat,GR0 0,services rural heat,-1655891.86621
Load,services rural heat,HR0 0,services rural heat,-1413205.56532
Load,services rural heat,HU0 0,services rural heat,-4054774.63044
Load,services rural heat,IE3 0,services rural heat,-3047520.11841
Load,services rural heat,IT0 0,services rural heat,-31819165.42712
Load,services rural heat,IT4 0,services rural heat,-2380702.60578
Load,services rural heat,LT0 0,services rural heat,-906267.63935
Load,services rural heat,LU0 0,services rural heat,-204634.31808
Load,services rural heat,LV0 0,services rural heat,-1155242.3614
Load,services rural heat,ME0 0,services rural heat,-55116.75717
Load,services rural heat,MK0 0,services rural heat,-435252.70162
Load,services rural heat,NL0 0,services rural heat,-2595750.82078
Load,services rural heat,NO1 0,services rural heat,-4203460.57128
Load,services rural heat,PL0 0,services rural heat,-18170035.87671
Load,services rural heat,PT0 0,services rural heat,-3564151.13339
Load,services rural heat,RO0 0,services rural heat,-4525745.9865
Load,services rural heat,RS0 0,services rural heat,-2073089.39857
Load,services rural heat,SE1 0,services rural heat,-2905262.97491
Load,services rural heat,SI0 0,services rural heat,-1168678.57827
Load,services rural heat,SK0 0,services rural heat,-4715380.12163
Load,services rural heat,XK0 0,services rural heat,-272567.69102
Load,services urban decentral heat,AL0 0,services urban decentral heat,-243382.99951
Load,services urban decentral heat,AT0 0,services urban decentral heat,-4052051.28074
Load,services urban decentral heat,BA0 0,services urban decentral heat,-441854.19351
Load,services urban decentral heat,BE0 0,services urban decentral heat,-11134262.93265
Load,services urban decentral heat,BG0 0,services urban decentral heat,-1373004.00092
Load,services urban decentral heat,CH0 0,services urban decentral heat,-6541221.95096
Load,services urban decentral heat,CZ0 0,services urban decentral heat,-5240376.60919
Load,services urban decentral heat,DE0 0,services urban decentral heat,-41624419.687
Load,services urban decentral heat,DE0 1,services urban decentral heat,-17398142.5591
Load,services urban decentral heat,DK0 0,services urban decentral heat,-2714138.34251
Load,services urban decentral heat,DK1 0,services urban decentral heat,-1603634.11292
Load,services urban decentral heat,EE0 0,services urban decentral heat,-666727.07764
Load,services urban decentral heat,ES0 0,services urban decentral heat,-10376173.23239
Load,services urban decentral heat,ES6 0,services urban decentral heat,-196444.53646
Load,services urban decentral heat,FI1 0,services urban decentral heat,-6449533.91722
Load,services urban decentral heat,FR0 0,services urban decentral heat,-43089654.44959
Load,services urban decentral heat,FR5 0,services urban decentral heat,0.0
Load,services urban decentral heat,GB2 0,services urban decentral heat,-33552679.59603
Load,services urban decentral heat,GB3 0,services urban decentral heat,-383238.54127
Load,services urban decentral heat,GR0 0,services urban decentral heat,-2973168.79643
Load,services urban decentral heat,HR0 0,services urban decentral heat,-794755.05486
Load,services urban decentral heat,HU0 0,services urban decentral heat,-3913528.5574
Load,services urban decentral heat,IE3 0,services urban decentral heat,-2342378.74392
Load,services urban decentral heat,IT0 0,services urban decentral heat,-35588347.06196
Load,services urban decentral heat,IT4 0,services urban decentral heat,-276071.44403
Load,services urban decentral heat,LT0 0,services urban decentral heat,-806209.56265
Load,services urban decentral heat,LU0 0,services urban decentral heat,-905536.14237
Load,services urban decentral heat,LV0 0,services urban decentral heat,-952575.22033
Load,services urban decentral heat,ME0 0,services urban decentral heat,-40850.38896
Load,services urban decentral heat,MK0 0,services urban decentral heat,-259851.99333
Load,services urban decentral heat,NL0 0,services urban decentral heat,-17437407.98096
Load,services urban decentral heat,NO1 0,services urban decentral heat,-8506642.82925
Load,services urban decentral heat,PL0 0,services urban decentral heat,-10976434.39202
Load,services urban decentral heat,PT0 0,services urban decentral heat,-2796101.50669
Load,services urban decentral heat,RO0 0,services urban decentral heat,-2195572.44686
Load,services urban decentral heat,RS0 0,services urban decentral heat,-1065916.81376
Load,services urban decentral heat,SE1 0,services urban decentral heat,-8436451.75172
Load,services urban decentral heat,SI0 0,services urban decentral heat,-628473.32428
Load,services urban decentral heat,SK0 0,services urban decentral heat,-2624228.47193
Load,services urban decentral heat,XK0 0,services urban decentral heat,-175610.63814
Load,shipping methanol,EU,shipping methanol,-502969704.58576
Load,solid biomass for industry,EU,solid biomass for industry,-748220000.0
Load,urban central heat,AL0 0,urban central heat,-1541504.54699
Load,urban central heat,AT0 0,urban central heat,-28655663.45352
Load,urban central heat,BA0 0,urban central heat,-3548686.09899
Load,urban central heat,BE0 0,urban central heat,-62353243.57698
Load,urban central heat,BG0 0,urban central heat,-8722697.61933
Load,urban central heat,CH0 0,urban central heat,-36470628.36844
Load,urban central heat,CZ0 0,urban central heat,-37408573.74959
Load,urban central heat,DE0 0,urban central heat,-264785038.7965
Load,urban central heat,DE0 1,urban central heat,-110674644.52689
Load,urban central heat,DK0 0,urban central heat,-22237023.75193
Load,urban central heat,DK1 0,urban central heat,-13138626.46572
Load,urban central heat,EE0 0,urban central heat,-4515970.26725
Load,urban central heat,ES0 0,urban central heat,-59169312.39416
Load,urban central heat,ES6 0,urban central heat,-1120209.53061
Load,urban central heat,FI1 0,urban central heat,-43707120.45339
Load,urban central heat,FR0 0,urban central heat,-279269688.57314
Load,urban central heat,GB2 0,urban central heat,-223138124.73191
Load,urban central heat,GB3 0,urban central heat,-2548682.56285
Load,urban central heat,GR0 0,urban central heat,-15846860.41453
Load,urban central heat,HR0 0,urban central heat,-7487281.41303
Load,urban central heat,HU0 0,urban central heat,-27660449.17638
Load,urban central heat,IE3 0,urban central heat,-13854306.6811
Load,urban central heat,IT0 0,urban central heat,-177408727.28746
Load,urban central heat,IT4 0,urban central heat,-1376222.48766
Load,urban central heat,LT0 0,urban central heat,-6607276.55509
Load,urban central heat,LU0 0,urban central heat,-3901047.98182
Load,urban central heat,LV0 0,urban central heat,-5906620.94643
Load,urban central heat,ME0 0,urban central heat,-668036.21421
Load,urban central heat,MK0 0,urban central heat,-1786150.75471
Load,urban central heat,NL0 0,urban central heat,-85869871.69038
Load,urban central heat,NO1 0,urban central heat,-32916255.96735
Load,urban central heat,PL0 0,urban central heat,-86653252.56537
Load,urban central heat,PT0 0,urban central heat,-9831237.53779
Load,urban central heat,RO0 0,urban central heat,-22881014.79579
Load,urban central heat,RS0 0,urban central heat,-9141858.14722
Load,urban central heat,SE1 0,urban central heat,-63470970.52552
Load,urban central heat,SI0 0,urban central heat,-4702471.70276
Load,urban central heat,SK0 0,urban central heat,-12924763.60793
Load,urban central heat,XK0 0,urban central heat,-1459661.53433
StorageUnit,PHS,AT0 0,AC,-4304893.43734
StorageUnit,PHS,BA0 0,AC,-79189.77055
StorageUnit,PHS,BE0 0,AC,-353104.37053
StorageUnit,PHS,BG0 0,AC,-578241.79283
StorageUnit,PHS,CH0 0,AC,-3649561.20528
StorageUnit,PHS,CZ0 0,AC,-143500.82134
StorageUnit,PHS,DE0 0,AC,-887370.77274
StorageUnit,PHS,DE0 1,AC,-766335.03794
StorageUnit,PHS,ES0 0,AC,-6415549.37016
StorageUnit,PHS,ES6 0,AC,-917662.53123
StorageUnit,PHS,FR0 0,AC,-2242663.91307
StorageUnit,PHS,GB3 0,AC,-250985.45559
StorageUnit,PHS,GR0 0,AC,-369385.35227
StorageUnit,PHS,HR0 0,AC,-165352.5303
StorageUnit,PHS,IE3 0,AC,-191667.54469
StorageUnit,PHS,IT0 0,AC,-4948878.49432
StorageUnit,PHS,IT4 0,AC,-466792.61329
StorageUnit,PHS,LT0 0,AC,-256551.28001
StorageUnit,PHS,LU0 0,AC,-345570.56005
StorageUnit,PHS,ME0 0,AC,-145016.42694
StorageUnit,PHS,NO1 0,AC,-232373.07167
StorageUnit,PHS,PL0 0,AC,-520598.35848
StorageUnit,PHS,PT0 0,AC,-2928225.84939
StorageUnit,PHS,RS0 0,AC,-267000.68681
StorageUnit,PHS,SE1 0,AC,-79672.89304
StorageUnit,PHS,SI0 0,AC,-80576.17399
StorageUnit,PHS,SK0 0,AC,-267637.95835
StorageUnit,hydro,AL0 0,AC,5326516.22028
StorageUnit,hydro,AT0 0,AC,17769612.01602
StorageUnit,hydro,BA0 0,AC,6437279.63982
StorageUnit,hydro,BE0 0,AC,53927.12056
StorageUnit,hydro,BG0 0,AC,3397298.70486
StorageUnit,hydro,CH0 0,AC,23071936.93777
StorageUnit,hydro,CZ0 0,AC,2291260.92978
StorageUnit,hydro,ES0 0,AC,29316633.93392
StorageUnit,hydro,ES6 0,AC,2877798.25849
StorageUnit,hydro,FI1 0,AC,5041210.6307
StorageUnit,hydro,FR0 0,AC,25957767.26587
StorageUnit,hydro,FR5 0,AC,9535077.53957
StorageUnit,hydro,GB3 0,AC,240031.47944
StorageUnit,hydro,GR0 0,AC,5474214.60957
StorageUnit,hydro,HR0 0,AC,6431647.74814
StorageUnit,hydro,HU0 0,AC,105247.00154
StorageUnit,hydro,IE3 0,AC,1762.33461
StorageUnit,hydro,IT0 0,AC,15935503.72058
StorageUnit,hydro,IT4 0,AC,390033.35441
StorageUnit,hydro,ME0 0,AC,1655633.87849
StorageUnit,hydro,MK0 0,AC,870802.66478
StorageUnit,hydro,NO1 0,AC,110816342.71413
StorageUnit,hydro,PL0 0,AC,961536.90228
StorageUnit,hydro,PT0 0,AC,5049156.00843
StorageUnit,hydro,RO0 0,AC,7511075.02432
StorageUnit,hydro,RS0 0,AC,2790062.6962
StorageUnit,hydro,SE1 0,AC,48933978.69577
StorageUnit,hydro,SI0 0,AC,2181535.59203
StorageUnit,hydro,SK0 0,AC,729817.10118
StorageUnit,hydro,XK0 0,AC,60131.93856
Store,H2 Store,AT0 0,H2,-0.0
Store,H2 Store,BE0 0,H2,0.0
Store,H2 Store,BG0 0,H2,-0.0
Store,H2 Store,CH0 0,H2,0.0
Store,H2 Store,CZ0 0,H2,0.0
Store,H2 Store,EE0 0,H2,0.0
Store,H2 Store,ES6 0,H2,-0.0
Store,H2 Store,FI1 0,H2,0.0
Store,H2 Store,FR5 0,H2,0.0
Store,H2 Store,HR0 0,H2,0.0
Store,H2 Store,HU0 0,H2,0.0
Store,H2 Store,IE3 0,H2,-0.0
Store,H2 Store,IT0 0,H2,0.0
Store,H2 Store,IT4 0,H2,-0.0
Store,H2 Store,LT0 0,H2,-0.0
Store,H2 Store,LU0 0,H2,0.0
Store,H2 Store,LV0 0,H2,0.0
Store,H2 Store,ME0 0,H2,0.0
Store,H2 Store,MK0 0,H2,-0.0
Store,H2 Store,RS0 0,H2,-0.0
Store,H2 Store,SE1 0,H2,-0.0
Store,H2 Store,SI0 0,H2,0.0
Store,H2 Store,SK0 0,H2,0.0
Store,H2 Store,XK0 0,H2,-0.0
Store,battery,AL0 0,battery,-0.0
Store,battery,AT0 0,battery,-0.0
Store,battery,BA0 0,battery,-0.0
Store,battery,BE0 0,battery,-0.0
Store,battery,BG0 0,battery,0.0
Store,battery,CH0 0,battery,0.0
Store,battery,CZ0 0,battery,0.0
Store,battery,DE0 0,battery,-0.0
Store,battery,DE0 1,battery,0.0
Store,battery,DK0 0,battery,-0.0
Store,battery,DK1 0,battery,-0.0
Store,battery,EE0 0,battery,-0.0
Store,battery,ES0 0,battery,0.0
Store,battery,ES6 0,battery,0.0
Store,battery,FI1 0,battery,0.0
Store,battery,FR0 0,battery,0.0
Store,battery,FR5 0,battery,0.0
Store,battery,GB2 0,battery,-0.0
Store,battery,GB3 0,battery,-0.0
Store,battery,GR0 0,battery,-0.0
Store,battery,HR0 0,battery,0.0
Store,battery,HU0 0,battery,0.0
Store,battery,IE3 0,battery,0.0
Store,battery,IT0 0,battery,0.00288
Store,battery,IT4 0,battery,0.0
Store,battery,LT0 0,battery,0.00149
Store,battery,LU0 0,battery,-0.0
Store,battery,LV0 0,battery,0.0
Store,battery,ME0 0,battery,0.0
Store,battery,MK0 0,battery,0.0
Store,battery,NL0 0,battery,0.0
Store,battery,NO1 0,battery,0.0
Store,battery,PL0 0,battery,0.0
Store,battery,PT0 0,battery,0.0
Store,battery,RO0 0,battery,0.0
Store,battery,RS0 0,battery,-0.0
Store,battery,SE1 0,battery,0.0
Store,battery,SI0 0,battery,-0.0
Store,battery,SK0 0,battery,0.0
Store,battery,XK0 0,battery,0.0
Store,co2,EU,co2,-0.92071
Store,co2 sequestered,EU,co2 sequestered,-143821761.47007
Store,co2 stored,EU,co2 stored,0.0
Store,gas,EU,gas,0.0
Store,home battery,AL0 0,home battery,0.0
Store,home battery,AT0 0,home battery,0.0
Store,home battery,BA0 0,home battery,0.0
Store,home battery,BE0 0,home battery,0.0
Store,home battery,BG0 0,home battery,-0.0
Store,home battery,CH0 0,home battery,0.0
Store,home battery,CZ0 0,home battery,0.0
Store,home battery,DE0 0,home battery,0.0
Store,home battery,DE0 1,home battery,0.0
Store,home battery,DK0 0,home battery,0.0
Store,home battery,DK1 0,home battery,0.0
Store,home battery,EE0 0,home battery,-0.0
Store,home battery,ES0 0,home battery,0.0
Store,home battery,ES6 0,home battery,-0.0
Store,home battery,FI1 0,home battery,0.0
Store,home battery,FR0 0,home battery,0.0
Store,home battery,FR5 0,home battery,-0.0
Store,home battery,GB2 0,home battery,0.0
Store,home battery,GB3 0,home battery,-0.0
Store,home battery,GR0 0,home battery,-0.0
Store,home battery,HR0 0,home battery,0.0
Store,home battery,HU0 0,home battery,0.0
Store,home battery,IE3 0,home battery,0.0
Store,home battery,IT0 0,home battery,0.0
Store,home battery,IT4 0,home battery,-0.0
Store,home battery,LT0 0,home battery,-0.0
Store,home battery,LU0 0,home battery,-0.0
Store,home battery,LV0 0,home battery,0.0
Store,home battery,ME0 0,home battery,0.0
Store,home battery,MK0 0,home battery,-0.0
Store,home battery,NL0 0,home battery,0.0
Store,home battery,NO1 0,home battery,-0.0
Store,home battery,PL0 0,home battery,-0.0
Store,home battery,PT0 0,home battery,0.0
Store,home battery,RO0 0,home battery,0.0
Store,home battery,RS0 0,home battery,0.0
Store,home battery,SE1 0,home battery,0.0
Store,home battery,SI0 0,home battery,-0.0
Store,home battery,SK0 0,home battery,-0.0
Store,home battery,XK0 0,home battery,0.0
Store,methanol,EU,methanol,0.0
Store,non-sequestered HVC,EU,non-sequestered HVC,117504290.159
Store,oil,EU,oil,0.0
